#
# There is insufficient memory for the Java Runtime Environment to continue.
# Native memory allocation (mmap) failed to map 1048576 bytes. Error detail: G1 virtual space
# Possible reasons:
#   The system is out of physical RAM or swap space
#   This process is running with CompressedOops enabled, and the Java Heap may be blocking the growth of the native heap
# Possible solutions:
#   Reduce memory load on the system
#   Increase physical memory or swap space
#   Check if swap backing store is full
#   Decrease Java heap size (-Xmx/-Xms)
#   Decrease number of Java threads
#   Decrease Java thread stack sizes (-Xss)
#   Set larger code cache with -XX:ReservedCodeCacheSize=
#   JVM is running with Unscaled Compressed Oops mode in which the Java heap is
#     placed in the first 4GB address space. The Java Heap base address is the
#     maximum limit for the native heap growth. Please use -XX:HeapBaseMinAddress
#     to set the Java Heap base and to place the Java Heap above 4GB virtual address.
# This output file may be truncated or incomplete.
#
#  Out of Memory Error (os_windows.cpp:3898), pid=17656, tid=16056
#
# JRE version: OpenJDK Runtime Environment (21.0.6) (build 21.0.6+-13391695-b895.109)
# Java VM: OpenJDK 64-Bit Server VM (21.0.6+-13391695-b895.109, mixed mode, tiered, compressed oops, compressed class ptrs, g1 gc, windows-amd64)
# No core dump will be written. Minidumps are not enabled by default on client versions of Windows
#

---------------  S U M M A R Y ------------

Command Line: --add-opens=java.base/java.lang=ALL-UNNAMED --add-opens=java.base/java.lang.invoke=ALL-UNNAMED --add-opens=java.base/java.util=ALL-UNNAMED --add-opens=java.prefs/java.util.prefs=ALL-UNNAMED --add-exports=jdk.compiler/com.sun.tools.javac.api=ALL-UNNAMED --add-exports=jdk.compiler/com.sun.tools.javac.util=ALL-UNNAMED --add-opens=java.base/java.util=ALL-UNNAMED --add-opens=java.prefs/java.util.prefs=ALL-UNNAMED --add-opens=java.base/java.nio.charset=ALL-UNNAMED --add-opens=java.base/java.net=ALL-UNNAMED --add-opens=java.base/java.util.concurrent.atomic=ALL-UNNAMED --add-opens=java.xml/javax.xml.namespace=ALL-UNNAMED -Xmx2048m -Dfile.encoding=UTF-8 -Duser.country=US -Duser.language=en -Duser.variant -javaagent:C:\Users\gaurav\.gradle\wrapper\dists\gradle-8.13-bin\5xuhj0ry160q40clulazy9h7d\gradle-8.13\lib\agents\gradle-instrumentation-agent-8.13.jar org.gradle.launcher.daemon.bootstrap.GradleDaemon 8.13

Host: AMD Ryzen 5 5500U with Radeon Graphics         , 12 cores, 7G,  Windows 11 , 64 bit Build 22621 (10.0.22621.5415)
Time: Sat Oct 25 01:27:46 2025 India Standard Time elapsed time: 43.775559 seconds (0d 0h 0m 43s)

---------------  T H R E A D  ---------------

Current thread (0x000001494545cc40):  WorkerThread "GC Thread#4"    [id=16056, stack(0x0000001264a00000,0x0000001264b00000) (1024K)]

Stack: [0x0000001264a00000,0x0000001264b00000]
Native frames: (J=compiled Java code, j=interpreted, Vv=VM code, C=native code)
V  [jvm.dll+0x6d0639]
V  [jvm.dll+0x85eb03]
V  [jvm.dll+0x86105e]
V  [jvm.dll+0x861743]
V  [jvm.dll+0x27e6e6]
V  [jvm.dll+0x6ccfd5]
V  [jvm.dll+0x6c0a8a]
V  [jvm.dll+0x35537b]
V  [jvm.dll+0x35cfd6]
V  [jvm.dll+0x3aec8b]
V  [jvm.dll+0x3af344]
V  [jvm.dll+0x3af40d]
V  [jvm.dll+0x3291ec]
V  [jvm.dll+0x328f48]
V  [jvm.dll+0x317b26]
V  [jvm.dll+0x3189ba]
V  [jvm.dll+0x318e67]
V  [jvm.dll+0x31881e]
V  [jvm.dll+0x35720a]
V  [jvm.dll+0x357586]
V  [jvm.dll+0x3586ca]
V  [jvm.dll+0x358344]
V  [jvm.dll+0x36c8d9]
V  [jvm.dll+0x36cf9a]
V  [jvm.dll+0x36d097]
V  [jvm.dll+0x36df7b]
V  [jvm.dll+0x88c7e4]
V  [jvm.dll+0x806ed8]
V  [jvm.dll+0x6cef0d]
C  [ucrtbase.dll+0x29333]
C  [KERNEL32.DLL+0x1259d]
C  [ntdll.dll+0x5af78]


---------------  P R O C E S S  ---------------

Threads class SMR info:
_java_thread_list=0x0000014946ca3f90, length=172, elements={
0x00000149286efa40, 0x00000149403ae0e0, 0x00000149403e0050, 0x00000149403e3990,
0x00000149403f8320, 0x00000149403f8d70, 0x00000149403f97c0, 0x00000149404094d0,
0x0000014940409f60, 0x00000149401d79a0, 0x00000149406ea130, 0x0000014945f98ec0,
0x000001494617e210, 0x0000014940956b80, 0x0000014940d808c0, 0x0000014940d80f20,
0x0000014946294bb0, 0x0000014940cd6100, 0x00000149454998e0, 0x0000014945497810,
0x0000014945498bc0, 0x0000014945499250, 0x0000014945497ea0, 0x0000014945496460,
0x0000014945496af0, 0x0000014945497180, 0x0000014946742940, 0x0000014946740870,
0x0000014946743660, 0x0000014946743cf0, 0x0000014946741590, 0x00000149467422b0,
0x00000149456a0900, 0x000001494569cdf0, 0x00000149456a0f90, 0x000001494569e830,
0x000001494569fbe0, 0x000001494569ad20, 0x000001494569d480, 0x000001494569eec0,
0x00000149456a1cb0, 0x00000149456a2340, 0x000001494569b3b0, 0x000001494569ba40,
0x000001494569c0d0, 0x000001494569c760, 0x0000014947791210, 0x00000149477932e0,
0x0000014947792c50, 0x000001494778c350, 0x000001494778e420, 0x000001494778d700,
0x00000149477918a0, 0x000001494778c9e0, 0x000001494778eab0, 0x0000014947793970,
0x000001494778d070, 0x0000014947791f30, 0x000001494778fe60, 0x000001494778dd90,
0x000001494778f7d0, 0x00000149477904f0, 0x000001494778f140, 0x0000014947790b80,
0x00000149477925c0, 0x000001494b424bc0, 0x000001494b4258e0, 0x000001494b4279b0,
0x000001494b427320, 0x000001494aeee270, 0x000001494acf00d0, 0x000001494acf3550,
0x000001494acf4900, 0x000001494acf4f90, 0x000001494acf5620, 0x000001494acf1480,
0x000001494acf5cb0, 0x000001494acefa40, 0x000001494acf2830, 0x000001494acf1b10,
0x000001494aceed20, 0x000001494acf2ec0, 0x000001494acf6340, 0x000001494acf21a0,
0x000001494acef3b0, 0x000001494b4293f0, 0x000001494b42a7a0, 0x00000149487b9ad0,
0x00000149487b9440, 0x00000149487ba160, 0x0000014949a72580, 0x0000014949a71860,
0x0000014949a72c10, 0x0000014949a6f790, 0x0000014949a71ef0, 0x0000014949a6fe20,
0x000001494bfdf3c0, 0x000001494bfdb220, 0x000001494bfdd980, 0x000001494bfdb8b0,
0x000001494bfde6a0, 0x000001494bfded30, 0x000001494bfe00e0, 0x000001494bfd97e0,
0x000001494bfd9150, 0x0000014948d7c730, 0x0000014948d7c0a0, 0x0000014948d77f00,
0x0000014948d78590, 0x0000014948d78c20, 0x0000014948d7b380, 0x0000014948d79940,
0x0000014948d77870, 0x0000014948d757a0, 0x0000014948d7ba10, 0x0000014948d792b0,
0x0000014948d771e0, 0x0000014948d7cdc0, 0x0000014948d764c0, 0x0000014948d7a660,
0x0000014948d75e30, 0x0000014948d7acf0, 0x0000014948d76b50, 0x000001494bfd9e70,
0x000001494bfda500, 0x000001494bfdc5d0, 0x000001494bfdcc60, 0x000001494bfdfa50,
0x000001494bfde010, 0x000001494bfdab90, 0x000001494bfd8ac0, 0x000001494bfdd2f0,
0x000001494bfdbf40, 0x0000014949a711d0, 0x0000014949a70b40, 0x0000014946741c20,
0x000001494acf0df0, 0x0000014948f1b080, 0x0000014948f17570, 0x0000014948f1a360,
0x0000014948f18290, 0x0000014948f19640, 0x0000014948f19cd0, 0x0000014948f1a9f0,
0x0000014948f17c00, 0x0000014948f18fb0, 0x0000014948f161c0, 0x0000014948f1bda0,
0x0000014948f16850, 0x0000014948f15b30, 0x0000014948f1b710, 0x0000014948f1c430,
0x0000014948f16ee0, 0x0000014948f154a0, 0x0000014948f1cac0, 0x0000014948f1d150,
0x0000014948f1eb90, 0x0000014948f1f220, 0x0000014948f1d7e0, 0x0000014948f1de70,
0x0000014948f18920, 0x0000014948f22010, 0x0000014948f1f8b0, 0x0000014948f1ff40,
0x0000014948f1e500, 0x0000014948f22d30, 0x0000014948f205d0, 0x0000014948f20c60,
0x0000014948f24770, 0x0000014948f226a0, 0x0000014948f212f0, 0x0000014948f21980
}

Java Threads: ( => current thread )
  0x00000149286efa40 JavaThread "main"                              [_thread_blocked, id=3224, stack(0x0000001263400000,0x0000001263500000) (1024K)]
  0x00000149403ae0e0 JavaThread "Reference Handler"          daemon [_thread_blocked, id=26188, stack(0x0000001263c00000,0x0000001263d00000) (1024K)]
  0x00000149403e0050 JavaThread "Finalizer"                  daemon [_thread_blocked, id=24628, stack(0x0000001263d00000,0x0000001263e00000) (1024K)]
  0x00000149403e3990 JavaThread "Signal Dispatcher"          daemon [_thread_blocked, id=17276, stack(0x0000001263e00000,0x0000001263f00000) (1024K)]
  0x00000149403f8320 JavaThread "Attach Listener"            daemon [_thread_blocked, id=15888, stack(0x0000001263f00000,0x0000001264000000) (1024K)]
  0x00000149403f8d70 JavaThread "Service Thread"             daemon [_thread_blocked, id=24808, stack(0x0000001264000000,0x0000001264100000) (1024K)]
  0x00000149403f97c0 JavaThread "Monitor Deflation Thread"   daemon [_thread_blocked, id=4468, stack(0x0000001264100000,0x0000001264200000) (1024K)]
  0x00000149404094d0 JavaThread "C2 CompilerThread0"         daemon [_thread_blocked, id=23828, stack(0x0000001264200000,0x0000001264300000) (1024K)]
  0x0000014940409f60 JavaThread "C1 CompilerThread0"         daemon [_thread_blocked, id=14096, stack(0x0000001264300000,0x0000001264400000) (1024K)]
  0x00000149401d79a0 JavaThread "Common-Cleaner"             daemon [_thread_blocked, id=9620, stack(0x0000001264400000,0x0000001264500000) (1024K)]
  0x00000149406ea130 JavaThread "Notification Thread"        daemon [_thread_blocked, id=13452, stack(0x0000001264500000,0x0000001264600000) (1024K)]
  0x0000014945f98ec0 JavaThread "Daemon health stats"               [_thread_blocked, id=11360, stack(0x0000001264c00000,0x0000001264d00000) (1024K)]
  0x000001494617e210 JavaThread "Incoming local TCP Connector on port 57567"        [_thread_in_native, id=19228, stack(0x0000001264b00000,0x0000001264c00000) (1024K)]
  0x0000014940956b80 JavaThread "Daemon periodic checks"            [_thread_blocked, id=21820, stack(0x0000001264e00000,0x0000001264f00000) (1024K)]
  0x0000014940d808c0 JavaThread "Daemon"                            [_thread_blocked, id=16616, stack(0x0000001264f00000,0x0000001265000000) (1024K)]
  0x0000014940d80f20 JavaThread "Handler for socket connection from /127.0.0.1:57567 to /127.0.0.1:57568"        [_thread_in_native, id=3448, stack(0x0000001265000000,0x0000001265100000) (1024K)]
  0x0000014946294bb0 JavaThread "Cancel handler"                    [_thread_blocked, id=24004, stack(0x0000001264d00000,0x0000001264e00000) (1024K)]
  0x0000014940cd6100 JavaThread "Daemon worker"                     [_thread_blocked, id=15688, stack(0x0000001265100000,0x0000001265200000) (1024K)]
  0x00000149454998e0 JavaThread "Asynchronous log dispatcher for DefaultDaemonConnection: socket connection from /127.0.0.1:57567 to /127.0.0.1:57568"        [_thread_blocked, id=22036, stack(0x0000001265200000,0x0000001265300000) (1024K)]
  0x0000014945497810 JavaThread "Stdin handler"                     [_thread_blocked, id=6004, stack(0x0000001265300000,0x0000001265400000) (1024K)]
  0x0000014945498bc0 JavaThread "Daemon client event forwarder"        [_thread_blocked, id=17912, stack(0x0000001265400000,0x0000001265500000) (1024K)]
  0x0000014945499250 JavaThread "Cache worker for journal cache (C:\Users\gaurav\.gradle\caches\journal-1)"        [_thread_blocked, id=17832, stack(0x0000001265b00000,0x0000001265c00000) (1024K)]
  0x0000014945497ea0 JavaThread "File lock request listener"        [_thread_in_native, id=2116, stack(0x0000001265c00000,0x0000001265d00000) (1024K)]
  0x0000014945496460 JavaThread "Cache worker for file hash cache (C:\Users\gaurav\.gradle\caches\8.13\fileHashes)"        [_thread_blocked, id=10228, stack(0x0000001265d00000,0x0000001265e00000) (1024K)]
  0x0000014945496af0 JavaThread "Cache worker for file hash cache (D:\Gaurav\MindMingle\.gradle\8.13\fileHashes)"        [_thread_blocked, id=5956, stack(0x0000001265f00000,0x0000001266000000) (1024K)]
  0x0000014945497180 JavaThread "Cache worker for Build Output Cleanup Cache (D:\Gaurav\MindMingle\.gradle\buildOutputCleanup)"        [_thread_blocked, id=20708, stack(0x0000001266000000,0x0000001266100000) (1024K)]
  0x0000014946742940 JavaThread "File watcher server"        daemon [_thread_blocked, id=10128, stack(0x0000001266100000,0x0000001266200000) (1024K)]
  0x0000014946740870 JavaThread "File watcher consumer"      daemon [_thread_blocked, id=2792, stack(0x0000001266200000,0x0000001266300000) (1024K)]
  0x0000014946743660 JavaThread "Cache worker for checksums cache (D:\Gaurav\MindMingle\.gradle\8.13\checksums)"        [_thread_blocked, id=20860, stack(0x0000001266400000,0x0000001266500000) (1024K)]
  0x0000014946743cf0 JavaThread "Cache worker for file content cache (C:\Users\gaurav\.gradle\caches\8.13\fileContent)"        [_thread_blocked, id=16640, stack(0x0000001266500000,0x0000001266600000) (1024K)]
  0x0000014946741590 JavaThread "Cache worker for cache directory md-supplier (C:\Users\gaurav\.gradle\caches\8.13\md-supplier)"        [_thread_blocked, id=9696, stack(0x0000001266600000,0x0000001266700000) (1024K)]
  0x00000149467422b0 JavaThread "Cache worker for cache directory md-rule (C:\Users\gaurav\.gradle\caches\8.13\md-rule)"        [_thread_blocked, id=10928, stack(0x0000001266700000,0x0000001266800000) (1024K)]
  0x00000149456a0900 JavaThread "Unconstrained build operations"        [_thread_blocked, id=23212, stack(0x0000001265e00000,0x0000001265f00000) (1024K)]
  0x000001494569cdf0 JavaThread "Unconstrained build operations Thread 2"        [_thread_blocked, id=18960, stack(0x0000001266300000,0x0000001266400000) (1024K)]
  0x00000149456a0f90 JavaThread "Unconstrained build operations Thread 3"        [_thread_blocked, id=19920, stack(0x0000001266800000,0x0000001266900000) (1024K)]
  0x000001494569e830 JavaThread "Unconstrained build operations Thread 4"        [_thread_blocked, id=5072, stack(0x0000001266900000,0x0000001266a00000) (1024K)]
  0x000001494569fbe0 JavaThread "Unconstrained build operations Thread 5"        [_thread_blocked, id=22452, stack(0x0000001266a00000,0x0000001266b00000) (1024K)]
  0x000001494569ad20 JavaThread "Unconstrained build operations Thread 6"        [_thread_blocked, id=23660, stack(0x0000001266b00000,0x0000001266c00000) (1024K)]
  0x000001494569d480 JavaThread "Unconstrained build operations Thread 7"        [_thread_blocked, id=22000, stack(0x0000001266c00000,0x0000001266d00000) (1024K)]
  0x000001494569eec0 JavaThread "Unconstrained build operations Thread 8"        [_thread_blocked, id=20664, stack(0x0000001266d00000,0x0000001266e00000) (1024K)]
  0x00000149456a1cb0 JavaThread "Unconstrained build operations Thread 9"        [_thread_blocked, id=20940, stack(0x0000001266e00000,0x0000001266f00000) (1024K)]
  0x00000149456a2340 JavaThread "Unconstrained build operations Thread 10"        [_thread_blocked, id=1244, stack(0x0000001266f00000,0x0000001267000000) (1024K)]
  0x000001494569b3b0 JavaThread "Unconstrained build operations Thread 11"        [_thread_blocked, id=8888, stack(0x0000001267000000,0x0000001267100000) (1024K)]
  0x000001494569ba40 JavaThread "Unconstrained build operations Thread 12"        [_thread_blocked, id=21064, stack(0x0000001267200000,0x0000001267300000) (1024K)]
  0x000001494569c0d0 JavaThread "Unconstrained build operations Thread 13"        [_thread_blocked, id=3400, stack(0x0000001267300000,0x0000001267400000) (1024K)]
  0x000001494569c760 JavaThread "Unconstrained build operations Thread 14"        [_thread_blocked, id=22148, stack(0x0000001267400000,0x0000001267500000) (1024K)]
  0x0000014947791210 JavaThread "Unconstrained build operations Thread 15"        [_thread_blocked, id=17208, stack(0x0000001267500000,0x0000001267600000) (1024K)]
  0x00000149477932e0 JavaThread "Unconstrained build operations Thread 16"        [_thread_blocked, id=22536, stack(0x0000001267600000,0x0000001267700000) (1024K)]
  0x0000014947792c50 JavaThread "Unconstrained build operations Thread 17"        [_thread_blocked, id=9356, stack(0x0000001267700000,0x0000001267800000) (1024K)]
  0x000001494778c350 JavaThread "Unconstrained build operations Thread 18"        [_thread_blocked, id=7500, stack(0x0000001267800000,0x0000001267900000) (1024K)]
  0x000001494778e420 JavaThread "Unconstrained build operations Thread 19"        [_thread_blocked, id=22100, stack(0x0000001267900000,0x0000001267a00000) (1024K)]
  0x000001494778d700 JavaThread "Unconstrained build operations Thread 20"        [_thread_blocked, id=12888, stack(0x0000001267a00000,0x0000001267b00000) (1024K)]
  0x00000149477918a0 JavaThread "Unconstrained build operations Thread 21"        [_thread_blocked, id=23928, stack(0x0000001267b00000,0x0000001267c00000) (1024K)]
  0x000001494778c9e0 JavaThread "Unconstrained build operations Thread 22"        [_thread_blocked, id=4696, stack(0x0000001267c00000,0x0000001267d00000) (1024K)]
  0x000001494778eab0 JavaThread "Unconstrained build operations Thread 23"        [_thread_blocked, id=15204, stack(0x0000001267e00000,0x0000001267f00000) (1024K)]
  0x0000014947793970 JavaThread "Unconstrained build operations Thread 24"        [_thread_blocked, id=9996, stack(0x0000001267f00000,0x0000001268000000) (1024K)]
  0x000001494778d070 JavaThread "Unconstrained build operations Thread 25"        [_thread_blocked, id=22480, stack(0x0000001268000000,0x0000001268100000) (1024K)]
  0x0000014947791f30 JavaThread "Unconstrained build operations Thread 26"        [_thread_blocked, id=16676, stack(0x0000001268100000,0x0000001268200000) (1024K)]
  0x000001494778fe60 JavaThread "Unconstrained build operations Thread 27"        [_thread_blocked, id=19364, stack(0x0000001268200000,0x0000001268300000) (1024K)]
  0x000001494778dd90 JavaThread "Unconstrained build operations Thread 28"        [_thread_blocked, id=84, stack(0x0000001268300000,0x0000001268400000) (1024K)]
  0x000001494778f7d0 JavaThread "Unconstrained build operations Thread 29"        [_thread_blocked, id=23984, stack(0x0000001268400000,0x0000001268500000) (1024K)]
  0x00000149477904f0 JavaThread "Unconstrained build operations Thread 30"        [_thread_blocked, id=25008, stack(0x0000001268500000,0x0000001268600000) (1024K)]
  0x000001494778f140 JavaThread "Unconstrained build operations Thread 31"        [_thread_blocked, id=3440, stack(0x0000001268600000,0x0000001268700000) (1024K)]
  0x0000014947790b80 JavaThread "Unconstrained build operations Thread 32"        [_thread_blocked, id=12644, stack(0x0000001268700000,0x0000001268800000) (1024K)]
  0x00000149477925c0 JavaThread "Unconstrained build operations Thread 33"        [_thread_blocked, id=3648, stack(0x0000001268800000,0x0000001268900000) (1024K)]
  0x000001494b424bc0 JavaThread "build event listener"              [_thread_blocked, id=11688, stack(0x0000001267100000,0x0000001267200000) (1024K)]
  0x000001494b4258e0 JavaThread "Memory manager"                    [_thread_blocked, id=13960, stack(0x0000001268900000,0x0000001268a00000) (1024K)]
  0x000001494b4279b0 JavaThread "Problems report writer"            [_thread_blocked, id=776, stack(0x0000001268a00000,0x0000001268b00000) (1024K)]
  0x000001494b427320 JavaThread "build event listener"              [_thread_blocked, id=24532, stack(0x0000001268b00000,0x0000001268c00000) (1024K)]
  0x000001494aeee270 JavaThread "C2 CompilerThread1"         daemon [_thread_blocked, id=15640, stack(0x0000001263300000,0x0000001263400000) (1024K)]
  0x000001494acf00d0 JavaThread "pool-3-thread-1"                   [_thread_blocked, id=16168, stack(0x0000001267d00000,0x0000001267e00000) (1024K)]
  0x000001494acf3550 JavaThread "build event listener"              [_thread_blocked, id=24176, stack(0x0000001268c00000,0x0000001268d00000) (1024K)]
  0x000001494acf4900 JavaThread "included builds"                   [_thread_blocked, id=4752, stack(0x0000001268d00000,0x0000001268e00000) (1024K)]
  0x000001494acf4f90 JavaThread "Execution worker"                  [_thread_blocked, id=18744, stack(0x0000001268e00000,0x0000001268f00000) (1024K)]
  0x000001494acf5620 JavaThread "Execution worker Thread 2"         [_thread_blocked, id=18492, stack(0x0000001268f00000,0x0000001269000000) (1024K)]
  0x000001494acf1480 JavaThread "Execution worker Thread 3"         [_thread_blocked, id=14152, stack(0x0000001269000000,0x0000001269100000) (1024K)]
  0x000001494acf5cb0 JavaThread "Execution worker Thread 4"         [_thread_blocked, id=26500, stack(0x0000001269100000,0x0000001269200000) (1024K)]
  0x000001494acefa40 JavaThread "Execution worker Thread 5"         [_thread_blocked, id=9388, stack(0x0000001269200000,0x0000001269300000) (1024K)]
  0x000001494acf2830 JavaThread "Execution worker Thread 6"         [_thread_blocked, id=6544, stack(0x0000001269300000,0x0000001269400000) (1024K)]
  0x000001494acf1b10 JavaThread "Execution worker Thread 7"         [_thread_blocked, id=19836, stack(0x0000001269400000,0x0000001269500000) (1024K)]
  0x000001494aceed20 JavaThread "Execution worker Thread 8"         [_thread_blocked, id=25968, stack(0x0000001269500000,0x0000001269600000) (1024K)]
  0x000001494acf2ec0 JavaThread "Execution worker Thread 9"         [_thread_blocked, id=15136, stack(0x0000001269600000,0x0000001269700000) (1024K)]
  0x000001494acf6340 JavaThread "Execution worker Thread 10"        [_thread_blocked, id=2872, stack(0x0000001269700000,0x0000001269800000) (1024K)]
  0x000001494acf21a0 JavaThread "Execution worker Thread 11"        [_thread_blocked, id=3004, stack(0x0000001269800000,0x0000001269900000) (1024K)]
  0x000001494acef3b0 JavaThread "Cache worker for execution history cache (D:\Gaurav\MindMingle\.gradle\8.13\executionHistory)"        [_thread_blocked, id=17272, stack(0x0000001269900000,0x0000001269a00000) (1024K)]
  0x000001494b4293f0 JavaThread "Unconstrained build operations Thread 34"        [_thread_blocked, id=26012, stack(0x0000001269a00000,0x0000001269b00000) (1024K)]
  0x000001494b42a7a0 JavaThread "Unconstrained build operations Thread 35"        [_thread_blocked, id=26528, stack(0x0000001269b00000,0x0000001269c00000) (1024K)]
  0x00000149487b9ad0 JavaThread "Unconstrained build operations Thread 36"        [_thread_blocked, id=15940, stack(0x0000001269c00000,0x0000001269d00000) (1024K)]
  0x00000149487b9440 JavaThread "Unconstrained build operations Thread 37"        [_thread_blocked, id=24964, stack(0x0000001269d00000,0x0000001269e00000) (1024K)]
  0x00000149487ba160 JavaThread "Unconstrained build operations Thread 38"        [_thread_blocked, id=16076, stack(0x0000001269e00000,0x0000001269f00000) (1024K)]
  0x0000014949a72580 JavaThread "Unconstrained build operations Thread 39"        [_thread_blocked, id=1516, stack(0x0000001269f00000,0x000000126a000000) (1024K)]
  0x0000014949a71860 JavaThread "Unconstrained build operations Thread 40"        [_thread_blocked, id=17560, stack(0x000000126a000000,0x000000126a100000) (1024K)]
  0x0000014949a72c10 JavaThread "Unconstrained build operations Thread 41"        [_thread_blocked, id=15760, stack(0x000000126a100000,0x000000126a200000) (1024K)]
  0x0000014949a6f790 JavaThread "Unconstrained build operations Thread 42"        [_thread_blocked, id=23352, stack(0x000000126a200000,0x000000126a300000) (1024K)]
  0x0000014949a71ef0 JavaThread "Unconstrained build operations Thread 43"        [_thread_blocked, id=2316, stack(0x000000126a300000,0x000000126a400000) (1024K)]
  0x0000014949a6fe20 JavaThread "Unconstrained build operations Thread 44"        [_thread_blocked, id=4824, stack(0x000000126a400000,0x000000126a500000) (1024K)]
  0x000001494bfdf3c0 JavaThread "Unconstrained build operations Thread 45"        [_thread_blocked, id=22800, stack(0x000000126a500000,0x000000126a600000) (1024K)]
  0x000001494bfdb220 JavaThread "Unconstrained build operations Thread 46"        [_thread_blocked, id=1872, stack(0x000000126a600000,0x000000126a700000) (1024K)]
  0x000001494bfdd980 JavaThread "Unconstrained build operations Thread 47"        [_thread_blocked, id=7076, stack(0x000000126a700000,0x000000126a800000) (1024K)]
  0x000001494bfdb8b0 JavaThread "Unconstrained build operations Thread 48"        [_thread_blocked, id=24676, stack(0x000000126a800000,0x000000126a900000) (1024K)]
  0x000001494bfde6a0 JavaThread "Unconstrained build operations Thread 49"        [_thread_blocked, id=8856, stack(0x000000126a900000,0x000000126aa00000) (1024K)]
  0x000001494bfded30 JavaThread "Unconstrained build operations Thread 50"        [_thread_blocked, id=10748, stack(0x000000126aa00000,0x000000126ab00000) (1024K)]
  0x000001494bfe00e0 JavaThread "Unconstrained build operations Thread 51"        [_thread_blocked, id=5780, stack(0x000000126ab00000,0x000000126ac00000) (1024K)]
  0x000001494bfd97e0 JavaThread "Unconstrained build operations Thread 52"        [_thread_blocked, id=21840, stack(0x000000126ac00000,0x000000126ad00000) (1024K)]
  0x000001494bfd9150 JavaThread "Unconstrained build operations Thread 53"        [_thread_blocked, id=13484, stack(0x000000126ad00000,0x000000126ae00000) (1024K)]
  0x0000014948d7c730 JavaThread "Unconstrained build operations Thread 54"        [_thread_blocked, id=15304, stack(0x000000126ae00000,0x000000126af00000) (1024K)]
  0x0000014948d7c0a0 JavaThread "Unconstrained build operations Thread 55"        [_thread_blocked, id=22940, stack(0x000000126af00000,0x000000126b000000) (1024K)]
  0x0000014948d77f00 JavaThread "Unconstrained build operations Thread 56"        [_thread_blocked, id=4444, stack(0x000000126b000000,0x000000126b100000) (1024K)]
  0x0000014948d78590 JavaThread "Unconstrained build operations Thread 57"        [_thread_blocked, id=7424, stack(0x000000126b100000,0x000000126b200000) (1024K)]
  0x0000014948d78c20 JavaThread "Unconstrained build operations Thread 58"        [_thread_blocked, id=6280, stack(0x000000126b200000,0x000000126b300000) (1024K)]
  0x0000014948d7b380 JavaThread "Unconstrained build operations Thread 59"        [_thread_blocked, id=19604, stack(0x000000126b300000,0x000000126b400000) (1024K)]
  0x0000014948d79940 JavaThread "Unconstrained build operations Thread 60"        [_thread_blocked, id=3808, stack(0x000000126b400000,0x000000126b500000) (1024K)]
  0x0000014948d77870 JavaThread "Unconstrained build operations Thread 61"        [_thread_blocked, id=9744, stack(0x000000126b500000,0x000000126b600000) (1024K)]
  0x0000014948d757a0 JavaThread "Unconstrained build operations Thread 62"        [_thread_blocked, id=21848, stack(0x000000126b600000,0x000000126b700000) (1024K)]
  0x0000014948d7ba10 JavaThread "Unconstrained build operations Thread 63"        [_thread_blocked, id=15088, stack(0x000000126b700000,0x000000126b800000) (1024K)]
  0x0000014948d792b0 JavaThread "Unconstrained build operations Thread 64"        [_thread_blocked, id=11640, stack(0x000000126b800000,0x000000126b900000) (1024K)]
  0x0000014948d771e0 JavaThread "Unconstrained build operations Thread 65"        [_thread_blocked, id=12440, stack(0x000000126b900000,0x000000126ba00000) (1024K)]
  0x0000014948d7cdc0 JavaThread "Unconstrained build operations Thread 66"        [_thread_blocked, id=14580, stack(0x000000126ba00000,0x000000126bb00000) (1024K)]
  0x0000014948d764c0 JavaThread "Unconstrained build operations Thread 67"        [_thread_blocked, id=17304, stack(0x000000126bb00000,0x000000126bc00000) (1024K)]
  0x0000014948d7a660 JavaThread "Unconstrained build operations Thread 68"        [_thread_blocked, id=11604, stack(0x000000126bc00000,0x000000126bd00000) (1024K)]
  0x0000014948d75e30 JavaThread "Unconstrained build operations Thread 69"        [_thread_blocked, id=1208, stack(0x000000126bd00000,0x000000126be00000) (1024K)]
  0x0000014948d7acf0 JavaThread "Unconstrained build operations Thread 70"        [_thread_blocked, id=23968, stack(0x000000126be00000,0x000000126bf00000) (1024K)]
  0x0000014948d76b50 JavaThread "Unconstrained build operations Thread 71"        [_thread_blocked, id=16904, stack(0x000000126bf00000,0x000000126c000000) (1024K)]
  0x000001494bfd9e70 JavaThread "Unconstrained build operations Thread 72"        [_thread_blocked, id=20704, stack(0x000000126c000000,0x000000126c100000) (1024K)]
  0x000001494bfda500 JavaThread "Unconstrained build operations Thread 73"        [_thread_blocked, id=14496, stack(0x000000126c100000,0x000000126c200000) (1024K)]
  0x000001494bfdc5d0 JavaThread "Unconstrained build operations Thread 74"        [_thread_blocked, id=10964, stack(0x000000126c200000,0x000000126c300000) (1024K)]
  0x000001494bfdcc60 JavaThread "Unconstrained build operations Thread 75"        [_thread_blocked, id=11200, stack(0x000000126c300000,0x000000126c400000) (1024K)]
  0x000001494bfdfa50 JavaThread "Unconstrained build operations Thread 76"        [_thread_blocked, id=22776, stack(0x000000126c400000,0x000000126c500000) (1024K)]
  0x000001494bfde010 JavaThread "Unconstrained build operations Thread 77"        [_thread_blocked, id=9556, stack(0x000000126c500000,0x000000126c600000) (1024K)]
  0x000001494bfdab90 JavaThread "Unconstrained build operations Thread 78"        [_thread_blocked, id=9868, stack(0x000000126c600000,0x000000126c700000) (1024K)]
  0x000001494bfd8ac0 JavaThread "Unconstrained build operations Thread 79"        [_thread_blocked, id=15224, stack(0x000000126c700000,0x000000126c800000) (1024K)]
  0x000001494bfdd2f0 JavaThread "Unconstrained build operations Thread 80"        [_thread_blocked, id=18220, stack(0x000000126c800000,0x000000126c900000) (1024K)]
  0x000001494bfdbf40 JavaThread "Unconstrained build operations Thread 81"        [_thread_blocked, id=10492, stack(0x000000126c900000,0x000000126ca00000) (1024K)]
  0x0000014949a711d0 JavaThread "Unconstrained build operations Thread 82"        [_thread_blocked, id=6732, stack(0x000000126ca00000,0x000000126cb00000) (1024K)]
  0x0000014949a70b40 JavaThread "Unconstrained build operations Thread 83"        [_thread_blocked, id=20128, stack(0x000000126cb00000,0x000000126cc00000) (1024K)]
  0x0000014946741c20 JavaThread "Unconstrained build operations Thread 84"        [_thread_blocked, id=18448, stack(0x000000126cc00000,0x000000126cd00000) (1024K)]
  0x000001494acf0df0 JavaThread "Unconstrained build operations Thread 85"        [_thread_blocked, id=11356, stack(0x000000126cd00000,0x000000126ce00000) (1024K)]
  0x0000014948f1b080 JavaThread "Unconstrained build operations Thread 86"        [_thread_blocked, id=20648, stack(0x000000126ce00000,0x000000126cf00000) (1024K)]
  0x0000014948f17570 JavaThread "Unconstrained build operations Thread 87"        [_thread_blocked, id=16940, stack(0x000000126cf00000,0x000000126d000000) (1024K)]
  0x0000014948f1a360 JavaThread "Unconstrained build operations Thread 88"        [_thread_blocked, id=17880, stack(0x000000126d000000,0x000000126d100000) (1024K)]
  0x0000014948f18290 JavaThread "Unconstrained build operations Thread 89"        [_thread_blocked, id=20832, stack(0x000000126d100000,0x000000126d200000) (1024K)]
  0x0000014948f19640 JavaThread "Unconstrained build operations Thread 90"        [_thread_blocked, id=19468, stack(0x000000126d200000,0x000000126d300000) (1024K)]
  0x0000014948f19cd0 JavaThread "Unconstrained build operations Thread 91"        [_thread_blocked, id=7692, stack(0x000000126d300000,0x000000126d400000) (1024K)]
  0x0000014948f1a9f0 JavaThread "Unconstrained build operations Thread 92"        [_thread_blocked, id=24536, stack(0x000000126d400000,0x000000126d500000) (1024K)]
  0x0000014948f17c00 JavaThread "Unconstrained build operations Thread 93"        [_thread_blocked, id=21944, stack(0x000000126d500000,0x000000126d600000) (1024K)]
  0x0000014948f18fb0 JavaThread "Unconstrained build operations Thread 94"        [_thread_blocked, id=16548, stack(0x000000126d600000,0x000000126d700000) (1024K)]
  0x0000014948f161c0 JavaThread "Unconstrained build operations Thread 95"        [_thread_blocked, id=12920, stack(0x000000126d700000,0x000000126d800000) (1024K)]
  0x0000014948f1bda0 JavaThread "Unconstrained build operations Thread 96"        [_thread_blocked, id=19680, stack(0x000000126d800000,0x000000126d900000) (1024K)]
  0x0000014948f16850 JavaThread "Unconstrained build operations Thread 97"        [_thread_blocked, id=13548, stack(0x000000126d900000,0x000000126da00000) (1024K)]
  0x0000014948f15b30 JavaThread "Unconstrained build operations Thread 98"        [_thread_blocked, id=23356, stack(0x000000126da00000,0x000000126db00000) (1024K)]
  0x0000014948f1b710 JavaThread "Unconstrained build operations Thread 99"        [_thread_blocked, id=25440, stack(0x000000126db00000,0x000000126dc00000) (1024K)]
  0x0000014948f1c430 JavaThread "Unconstrained build operations Thread 100"        [_thread_blocked, id=21348, stack(0x000000126dc00000,0x000000126dd00000) (1024K)]
  0x0000014948f16ee0 JavaThread "Unconstrained build operations Thread 101"        [_thread_blocked, id=12684, stack(0x000000126dd00000,0x000000126de00000) (1024K)]
  0x0000014948f154a0 JavaThread "Unconstrained build operations Thread 102"        [_thread_blocked, id=3232, stack(0x000000126de00000,0x000000126df00000) (1024K)]
  0x0000014948f1cac0 JavaThread "Unconstrained build operations Thread 103"        [_thread_blocked, id=16036, stack(0x000000126df00000,0x000000126e000000) (1024K)]
  0x0000014948f1d150 JavaThread "Unconstrained build operations Thread 104"        [_thread_blocked, id=11128, stack(0x000000126e000000,0x000000126e100000) (1024K)]
  0x0000014948f1eb90 JavaThread "Unconstrained build operations Thread 105"        [_thread_blocked, id=26448, stack(0x000000126e100000,0x000000126e200000) (1024K)]
  0x0000014948f1f220 JavaThread "Unconstrained build operations Thread 106"        [_thread_blocked, id=19904, stack(0x000000126e200000,0x000000126e300000) (1024K)]
  0x0000014948f1d7e0 JavaThread "Unconstrained build operations Thread 107"        [_thread_blocked, id=14272, stack(0x000000126e300000,0x000000126e400000) (1024K)]
  0x0000014948f1de70 JavaThread "Unconstrained build operations Thread 108"        [_thread_blocked, id=24640, stack(0x000000126e400000,0x000000126e500000) (1024K)]
  0x0000014948f18920 JavaThread "Unconstrained build operations Thread 109"        [_thread_blocked, id=12492, stack(0x000000126e500000,0x000000126e600000) (1024K)]
  0x0000014948f22010 JavaThread "Unconstrained build operations Thread 110"        [_thread_blocked, id=5868, stack(0x000000126e600000,0x000000126e700000) (1024K)]
  0x0000014948f1f8b0 JavaThread "Unconstrained build operations Thread 111"        [_thread_blocked, id=1764, stack(0x000000126e700000,0x000000126e800000) (1024K)]
  0x0000014948f1ff40 JavaThread "Unconstrained build operations Thread 112"        [_thread_blocked, id=23656, stack(0x000000126e800000,0x000000126e900000) (1024K)]
  0x0000014948f1e500 JavaThread "Unconstrained build operations Thread 113"        [_thread_blocked, id=12692, stack(0x000000126e900000,0x000000126ea00000) (1024K)]
  0x0000014948f22d30 JavaThread "Unconstrained build operations Thread 114"        [_thread_blocked, id=24896, stack(0x000000126ea00000,0x000000126eb00000) (1024K)]
  0x0000014948f205d0 JavaThread "Unconstrained build operations Thread 115"        [_thread_blocked, id=8612, stack(0x000000126eb00000,0x000000126ec00000) (1024K)]
  0x0000014948f20c60 JavaThread "Unconstrained build operations Thread 116"        [_thread_blocked, id=13936, stack(0x000000126ec00000,0x000000126ed00000) (1024K)]
  0x0000014948f24770 JavaThread "Unconstrained build operations Thread 117"        [_thread_blocked, id=24332, stack(0x000000126ed00000,0x000000126ee00000) (1024K)]
  0x0000014948f226a0 JavaThread "Unconstrained build operations Thread 118"        [_thread_blocked, id=5452, stack(0x000000126ee00000,0x000000126ef00000) (1024K)]
  0x0000014948f212f0 JavaThread "Unconstrained build operations Thread 119"        [_thread_blocked, id=17220, stack(0x000000126ef00000,0x000000126f000000) (1024K)]
  0x0000014948f21980 JavaThread "Unconstrained build operations Thread 120"        [_thread_blocked, id=9752, stack(0x000000126f000000,0x000000126f100000) (1024K)]
Total: 172

Other Threads:
  0x000001494023e570 VMThread "VM Thread"                           [id=14784, stack(0x0000001263b00000,0x0000001263c00000) (1024K)]
  0x00000149401d6570 WatcherThread "VM Periodic Task Thread"        [id=23160, stack(0x0000001263a00000,0x0000001263b00000) (1024K)]
  0x000001492643e030 WorkerThread "GC Thread#0"                     [id=14616, stack(0x0000001263500000,0x0000001263600000) (1024K)]
  0x0000014940bd6310 WorkerThread "GC Thread#1"                     [id=4184, stack(0x0000001264700000,0x0000001264800000) (1024K)]
  0x0000014940a31010 WorkerThread "GC Thread#2"                     [id=11032, stack(0x0000001264800000,0x0000001264900000) (1024K)]
  0x0000014945458570 WorkerThread "GC Thread#3"                     [id=22516, stack(0x0000001264900000,0x0000001264a00000) (1024K)]
=>0x000001494545cc40 WorkerThread "GC Thread#4"                     [id=16056, stack(0x0000001264a00000,0x0000001264b00000) (1024K)]
  0x0000014946048280 WorkerThread "GC Thread#5"                     [id=11784, stack(0x0000001264600000,0x0000001264700000) (1024K)]
  0x0000014940cbab20 WorkerThread "GC Thread#6"                     [id=4556, stack(0x0000001265500000,0x0000001265600000) (1024K)]
  0x0000014940cba3e0 WorkerThread "GC Thread#7"                     [id=14456, stack(0x0000001265600000,0x0000001265700000) (1024K)]
  0x0000014940cb91c0 WorkerThread "GC Thread#8"                     [id=15612, stack(0x0000001265700000,0x0000001265800000) (1024K)]
  0x0000014940cba780 WorkerThread "GC Thread#9"                     [id=10268, stack(0x0000001265800000,0x0000001265900000) (1024K)]
  0x00000149287545b0 ConcurrentGCThread "G1 Main Marker"            [id=5688, stack(0x0000001263600000,0x0000001263700000) (1024K)]
  0x0000014928754d60 WorkerThread "G1 Conc#0"                       [id=17916, stack(0x0000001263700000,0x0000001263800000) (1024K)]
  0x0000014940cb9560 WorkerThread "G1 Conc#1"                       [id=19936, stack(0x0000001265900000,0x0000001265a00000) (1024K)]
  0x0000014940cb9900 WorkerThread "G1 Conc#2"                       [id=26596, stack(0x0000001265a00000,0x0000001265b00000) (1024K)]
  0x00000149287ae560 ConcurrentGCThread "G1 Refine#0"               [id=3704, stack(0x0000001263800000,0x0000001263900000) (1024K)]
  0x000001494008b140 ConcurrentGCThread "G1 Service"                [id=16912, stack(0x0000001263900000,0x0000001263a00000) (1024K)]
Total: 18

Threads with active compile tasks:
C2 CompilerThread0  43829 14999       4       java.util.ComparableTimSort::sort (219 bytes)
C2 CompilerThread1  43829 14910 %     4       org.jetbrains.kotlin.gradle.internal.kapt.incremental.ClasspathSnapshot::findAllImpacted @ 225 (481 bytes)
Total: 2

VM state: at safepoint (normal execution)

VM Mutex/Monitor currently owned by a thread:  ([mutex/lock_event])
[0x00007ffd8467bca0] FreeList_lock - owner thread: 0x000001494545cc40
[0x00007ffd8467e3a0] Threads_lock - owner thread: 0x000001494023e570
[0x00007ffd8467e4a0] Heap_lock - owner thread: 0x000001494aceed20

Heap address: 0x0000000080000000, size: 2048 MB, Compressed Oops mode: 32-bit

CDS archive(s) not mapped
Compressed class space mapped at: 0x0000000100000000-0x0000000140000000, reserved size: 1073741824
Narrow klass base: 0x0000000000000000, Narrow klass shift: 3, Narrow klass range: 0x140000000

GC Precious Log:
 CardTable entry size: 512
 Card Set container configuration: InlinePtr #cards 5 size 8 Array Of Cards #cards 12 size 40 Howl #buckets 4 coarsen threshold 1843 Howl Bitmap #cards 512 size 80 coarsen threshold 460 Card regions per heap region 1 cards per card region 2048
 CPUs: 12 total, 12 available
 Memory: 7501M
 Large Page Support: Disabled
 NUMA Support: Disabled
 Compressed Oops: Enabled (32-bit)
 Heap Region Size: 1M
 Heap Min Capacity: 8M
 Heap Initial Capacity: 118M
 Heap Max Capacity: 2G
 Pre-touch: Disabled
 Parallel Workers: 10
 Concurrent Workers: 3
 Concurrent Refinement Workers: 10
 Periodic GC: Disabled

Heap:
 garbage-first heap   total 233472K, used 197672K [0x0000000080000000, 0x0000000100000000)
  region size 1024K, 71 young (72704K), 9 survivors (9216K)
 Metaspace       used 120454K, committed 122752K, reserved 1179648K
  class space    used 16242K, committed 17408K, reserved 1048576K

Heap Regions: E=young(eden), S=young(survivor), O=old, HS=humongous(starts), HC=humongous(continues), CS=collection set, F=free, TAMS=top-at-mark-start, PB=parsable bottom
|   0|0x0000000080000000, 0x0000000080100000, 0x0000000080100000|100%|HS|  |TAMS 0x0000000080000000| PB 0x0000000080000000| Complete 
|   1|0x0000000080100000, 0x0000000080200000, 0x0000000080200000|100%|HC|  |TAMS 0x0000000080100000| PB 0x0000000080100000| Complete 
|   2|0x0000000080200000, 0x0000000080300000, 0x0000000080300000|100%|HC|  |TAMS 0x0000000080200000| PB 0x0000000080200000| Complete 
|   3|0x0000000080300000, 0x0000000080400000, 0x0000000080400000|100%| O|  |TAMS 0x0000000080300000| PB 0x0000000080300000| Untracked 
|   4|0x0000000080400000, 0x0000000080500000, 0x0000000080500000|100%| O|  |TAMS 0x0000000080400000| PB 0x0000000080400000| Untracked 
|   5|0x0000000080500000, 0x0000000080600000, 0x0000000080600000|100%| O|  |TAMS 0x0000000080500000| PB 0x0000000080500000| Untracked 
|   6|0x0000000080600000, 0x0000000080700000, 0x0000000080700000|100%|HS|  |TAMS 0x0000000080600000| PB 0x0000000080600000| Complete 
|   7|0x0000000080700000, 0x0000000080800000, 0x0000000080800000|100%| O|  |TAMS 0x0000000080700000| PB 0x0000000080700000| Untracked 
|   8|0x0000000080800000, 0x0000000080900000, 0x0000000080900000|100%| O|  |TAMS 0x0000000080800000| PB 0x0000000080800000| Untracked 
|   9|0x0000000080900000, 0x0000000080a00000, 0x0000000080a00000|100%| O|  |TAMS 0x0000000080900000| PB 0x0000000080900000| Untracked 
|  10|0x0000000080a00000, 0x0000000080b00000, 0x0000000080b00000|100%| O|  |TAMS 0x0000000080a00000| PB 0x0000000080a00000| Untracked 
|  11|0x0000000080b00000, 0x0000000080c00000, 0x0000000080c00000|100%| O|  |TAMS 0x0000000080b00000| PB 0x0000000080b00000| Untracked 
|  12|0x0000000080c00000, 0x0000000080d00000, 0x0000000080d00000|100%| O|  |TAMS 0x0000000080c00000| PB 0x0000000080c00000| Untracked 
|  13|0x0000000080d00000, 0x0000000080e00000, 0x0000000080e00000|100%| O|  |TAMS 0x0000000080d00000| PB 0x0000000080d00000| Untracked 
|  14|0x0000000080e00000, 0x0000000080f00000, 0x0000000080f00000|100%| O|  |TAMS 0x0000000080e00000| PB 0x0000000080e00000| Untracked 
|  15|0x0000000080f00000, 0x0000000081000000, 0x0000000081000000|100%| O|  |TAMS 0x0000000080f00000| PB 0x0000000080f00000| Untracked 
|  16|0x0000000081000000, 0x0000000081100000, 0x0000000081100000|100%| O|  |TAMS 0x0000000081000000| PB 0x0000000081000000| Untracked 
|  17|0x0000000081100000, 0x0000000081200000, 0x0000000081200000|100%| O|  |TAMS 0x0000000081100000| PB 0x0000000081100000| Untracked 
|  18|0x0000000081200000, 0x0000000081300000, 0x0000000081300000|100%| O|  |TAMS 0x0000000081200000| PB 0x0000000081200000| Untracked 
|  19|0x0000000081300000, 0x0000000081400000, 0x0000000081400000|100%| O|  |TAMS 0x0000000081300000| PB 0x0000000081300000| Untracked 
|  20|0x0000000081400000, 0x0000000081500000, 0x0000000081500000|100%| O|  |TAMS 0x0000000081400000| PB 0x0000000081400000| Untracked 
|  21|0x0000000081500000, 0x0000000081600000, 0x0000000081600000|100%| O|  |TAMS 0x0000000081500000| PB 0x0000000081500000| Untracked 
|  22|0x0000000081600000, 0x0000000081700000, 0x0000000081700000|100%| O|  |TAMS 0x0000000081600000| PB 0x0000000081600000| Untracked 
|  23|0x0000000081700000, 0x0000000081800000, 0x0000000081800000|100%| O|  |TAMS 0x0000000081700000| PB 0x0000000081700000| Untracked 
|  24|0x0000000081800000, 0x0000000081900000, 0x0000000081900000|100%| O|  |TAMS 0x0000000081800000| PB 0x0000000081800000| Untracked 
|  25|0x0000000081900000, 0x0000000081a00000, 0x0000000081a00000|100%| O|  |TAMS 0x0000000081900000| PB 0x0000000081900000| Untracked 
|  26|0x0000000081a00000, 0x0000000081b00000, 0x0000000081b00000|100%| O|  |TAMS 0x0000000081a00000| PB 0x0000000081a00000| Untracked 
|  27|0x0000000081b00000, 0x0000000081c00000, 0x0000000081c00000|100%| O|  |TAMS 0x0000000081b00000| PB 0x0000000081b00000| Untracked 
|  28|0x0000000081c00000, 0x0000000081d00000, 0x0000000081d00000|100%| O|  |TAMS 0x0000000081c00000| PB 0x0000000081c00000| Untracked 
|  29|0x0000000081d00000, 0x0000000081e00000, 0x0000000081e00000|100%| O|  |TAMS 0x0000000081d00000| PB 0x0000000081d00000| Untracked 
|  30|0x0000000081e00000, 0x0000000081f00000, 0x0000000081f00000|100%| O|  |TAMS 0x0000000081e00000| PB 0x0000000081e00000| Untracked 
|  31|0x0000000081f00000, 0x0000000082000000, 0x0000000082000000|100%| O|  |TAMS 0x0000000081f00000| PB 0x0000000081f00000| Untracked 
|  32|0x0000000082000000, 0x0000000082100000, 0x0000000082100000|100%| O|  |TAMS 0x0000000082000000| PB 0x0000000082000000| Untracked 
|  33|0x0000000082100000, 0x0000000082200000, 0x0000000082200000|100%| O|  |TAMS 0x0000000082100000| PB 0x0000000082100000| Untracked 
|  34|0x0000000082200000, 0x0000000082300000, 0x0000000082300000|100%| O|  |TAMS 0x0000000082200000| PB 0x0000000082200000| Untracked 
|  35|0x0000000082300000, 0x0000000082400000, 0x0000000082400000|100%| O|  |TAMS 0x0000000082300000| PB 0x0000000082300000| Untracked 
|  36|0x0000000082400000, 0x0000000082500000, 0x0000000082500000|100%| O|  |TAMS 0x0000000082400000| PB 0x0000000082400000| Untracked 
|  37|0x0000000082500000, 0x0000000082600000, 0x0000000082600000|100%| O|  |TAMS 0x0000000082500000| PB 0x0000000082500000| Untracked 
|  38|0x0000000082600000, 0x0000000082700000, 0x0000000082700000|100%| O|  |TAMS 0x0000000082600000| PB 0x0000000082600000| Untracked 
|  39|0x0000000082700000, 0x0000000082800000, 0x0000000082800000|100%| O|  |TAMS 0x0000000082700000| PB 0x0000000082700000| Untracked 
|  40|0x0000000082800000, 0x0000000082900000, 0x0000000082900000|100%| O|  |TAMS 0x0000000082800000| PB 0x0000000082800000| Untracked 
|  41|0x0000000082900000, 0x0000000082a00000, 0x0000000082a00000|100%| O|  |TAMS 0x0000000082900000| PB 0x0000000082900000| Untracked 
|  42|0x0000000082a00000, 0x0000000082b00000, 0x0000000082b00000|100%| O|  |TAMS 0x0000000082a00000| PB 0x0000000082a00000| Untracked 
|  43|0x0000000082b00000, 0x0000000082c00000, 0x0000000082c00000|100%| O|  |TAMS 0x0000000082b00000| PB 0x0000000082b00000| Untracked 
|  44|0x0000000082c00000, 0x0000000082d00000, 0x0000000082d00000|100%| O|  |TAMS 0x0000000082c00000| PB 0x0000000082c00000| Untracked 
|  45|0x0000000082d00000, 0x0000000082e00000, 0x0000000082e00000|100%| O|  |TAMS 0x0000000082d00000| PB 0x0000000082d00000| Untracked 
|  46|0x0000000082e00000, 0x0000000082f00000, 0x0000000082f00000|100%|HS|  |TAMS 0x0000000082e00000| PB 0x0000000082e00000| Complete 
|  47|0x0000000082f00000, 0x0000000083000000, 0x0000000083000000|100%|HS|  |TAMS 0x0000000082f00000| PB 0x0000000082f00000| Complete 
|  48|0x0000000083000000, 0x0000000083100000, 0x0000000083100000|100%|HS|  |TAMS 0x0000000083000000| PB 0x0000000083000000| Complete 
|  49|0x0000000083100000, 0x0000000083200000, 0x0000000083200000|100%|HC|  |TAMS 0x0000000083100000| PB 0x0000000083100000| Complete 
|  50|0x0000000083200000, 0x0000000083300000, 0x0000000083300000|100%|HS|  |TAMS 0x0000000083200000| PB 0x0000000083200000| Complete 
|  51|0x0000000083300000, 0x0000000083400000, 0x0000000083400000|100%|HC|  |TAMS 0x0000000083300000| PB 0x0000000083300000| Complete 
|  52|0x0000000083400000, 0x0000000083500000, 0x0000000083500000|100%| O|  |TAMS 0x0000000083400000| PB 0x0000000083400000| Untracked 
|  53|0x0000000083500000, 0x0000000083600000, 0x0000000083600000|100%|HS|  |TAMS 0x0000000083500000| PB 0x0000000083500000| Complete 
|  54|0x0000000083600000, 0x0000000083700000, 0x0000000083700000|100%|HS|  |TAMS 0x0000000083600000| PB 0x0000000083600000| Complete 
|  55|0x0000000083700000, 0x0000000083800000, 0x0000000083800000|100%|HC|  |TAMS 0x0000000083700000| PB 0x0000000083700000| Complete 
|  56|0x0000000083800000, 0x0000000083900000, 0x0000000083900000|100%|HC|  |TAMS 0x0000000083800000| PB 0x0000000083800000| Complete 
|  57|0x0000000083900000, 0x0000000083a00000, 0x0000000083a00000|100%|HS|  |TAMS 0x0000000083900000| PB 0x0000000083900000| Complete 
|  58|0x0000000083a00000, 0x0000000083b00000, 0x0000000083b00000|100%| O|  |TAMS 0x0000000083a00000| PB 0x0000000083a00000| Untracked 
|  59|0x0000000083b00000, 0x0000000083c00000, 0x0000000083c00000|100%|HS|  |TAMS 0x0000000083b00000| PB 0x0000000083b00000| Complete 
|  60|0x0000000083c00000, 0x0000000083d00000, 0x0000000083d00000|100%|HS|  |TAMS 0x0000000083c00000| PB 0x0000000083c00000| Complete 
|  61|0x0000000083d00000, 0x0000000083e00000, 0x0000000083e00000|100%| O|  |TAMS 0x0000000083d00000| PB 0x0000000083d00000| Untracked 
|  62|0x0000000083e00000, 0x0000000083f00000, 0x0000000083f00000|100%| O|  |TAMS 0x0000000083e00000| PB 0x0000000083e00000| Untracked 
|  63|0x0000000083f00000, 0x0000000084000000, 0x0000000084000000|100%| O|  |TAMS 0x0000000083f00000| PB 0x0000000083f00000| Untracked 
|  64|0x0000000084000000, 0x0000000084100000, 0x0000000084100000|100%| O|  |TAMS 0x0000000084000000| PB 0x0000000084000000| Untracked 
|  65|0x0000000084100000, 0x0000000084200000, 0x0000000084200000|100%|HS|  |TAMS 0x0000000084100000| PB 0x0000000084100000| Complete 
|  66|0x0000000084200000, 0x0000000084300000, 0x0000000084300000|100%|HC|  |TAMS 0x0000000084200000| PB 0x0000000084200000| Complete 
|  67|0x0000000084300000, 0x0000000084400000, 0x0000000084400000|100%|HC|  |TAMS 0x0000000084300000| PB 0x0000000084300000| Complete 
|  68|0x0000000084400000, 0x0000000084500000, 0x0000000084500000|100%| O|  |TAMS 0x0000000084400000| PB 0x0000000084400000| Untracked 
|  69|0x0000000084500000, 0x0000000084600000, 0x0000000084600000|100%| O|  |TAMS 0x0000000084500000| PB 0x0000000084500000| Untracked 
|  70|0x0000000084600000, 0x0000000084700000, 0x0000000084700000|100%| O|  |TAMS 0x0000000084600000| PB 0x0000000084600000| Untracked 
|  71|0x0000000084700000, 0x0000000084800000, 0x0000000084800000|100%| O|  |TAMS 0x0000000084700000| PB 0x0000000084700000| Untracked 
|  72|0x0000000084800000, 0x0000000084900000, 0x0000000084900000|100%| O|  |TAMS 0x0000000084800000| PB 0x0000000084800000| Untracked 
|  73|0x0000000084900000, 0x0000000084a00000, 0x0000000084a00000|100%|HS|  |TAMS 0x0000000084900000| PB 0x0000000084900000| Complete 
|  74|0x0000000084a00000, 0x0000000084b00000, 0x0000000084b00000|100%| O|  |TAMS 0x0000000084a00000| PB 0x0000000084a00000| Untracked 
|  75|0x0000000084b00000, 0x0000000084c00000, 0x0000000084c00000|100%| O|  |TAMS 0x0000000084b00000| PB 0x0000000084b00000| Untracked 
|  76|0x0000000084c00000, 0x0000000084d00000, 0x0000000084d00000|100%| O|  |TAMS 0x0000000084c00000| PB 0x0000000084c00000| Untracked 
|  77|0x0000000084d00000, 0x0000000084e00000, 0x0000000084e00000|100%| O|  |TAMS 0x0000000084d00000| PB 0x0000000084d00000| Untracked 
|  78|0x0000000084e00000, 0x0000000084f00000, 0x0000000084f00000|100%| O|  |TAMS 0x0000000084e00000| PB 0x0000000084e00000| Untracked 
|  79|0x0000000084f00000, 0x0000000085000000, 0x0000000085000000|100%| O|  |TAMS 0x0000000084f00000| PB 0x0000000084f00000| Untracked 
|  80|0x0000000085000000, 0x0000000085100000, 0x0000000085100000|100%| O|  |TAMS 0x0000000085000000| PB 0x0000000085000000| Untracked 
|  81|0x0000000085100000, 0x0000000085200000, 0x0000000085200000|100%| O|  |TAMS 0x0000000085100000| PB 0x0000000085100000| Untracked 
|  82|0x0000000085200000, 0x0000000085300000, 0x0000000085300000|100%| O|  |TAMS 0x0000000085200000| PB 0x0000000085200000| Untracked 
|  83|0x0000000085300000, 0x0000000085400000, 0x0000000085400000|100%| O|  |TAMS 0x0000000085300000| PB 0x0000000085300000| Untracked 
|  84|0x0000000085400000, 0x0000000085500000, 0x0000000085500000|100%| O|  |TAMS 0x0000000085400000| PB 0x0000000085400000| Untracked 
|  85|0x0000000085500000, 0x0000000085600000, 0x0000000085600000|100%| O|  |TAMS 0x0000000085500000| PB 0x0000000085500000| Untracked 
|  86|0x0000000085600000, 0x0000000085700000, 0x0000000085700000|100%| O|  |TAMS 0x0000000085600000| PB 0x0000000085600000| Untracked 
|  87|0x0000000085700000, 0x0000000085800000, 0x0000000085800000|100%| O|  |TAMS 0x0000000085700000| PB 0x0000000085700000| Untracked 
|  88|0x0000000085800000, 0x0000000085900000, 0x0000000085900000|100%| O|  |TAMS 0x0000000085800000| PB 0x0000000085800000| Untracked 
|  89|0x0000000085900000, 0x0000000085a00000, 0x0000000085a00000|100%| O|  |TAMS 0x0000000085900000| PB 0x0000000085900000| Untracked 
|  90|0x0000000085a00000, 0x0000000085b00000, 0x0000000085b00000|100%| O|  |TAMS 0x0000000085a00000| PB 0x0000000085a00000| Untracked 
|  91|0x0000000085b00000, 0x0000000085c00000, 0x0000000085c00000|100%| O|  |TAMS 0x0000000085b00000| PB 0x0000000085b00000| Untracked 
|  92|0x0000000085c00000, 0x0000000085d00000, 0x0000000085d00000|100%| O|  |TAMS 0x0000000085c00000| PB 0x0000000085c00000| Untracked 
|  93|0x0000000085d00000, 0x0000000085e00000, 0x0000000085e00000|100%| O|  |TAMS 0x0000000085d00000| PB 0x0000000085d00000| Untracked 
|  94|0x0000000085e00000, 0x0000000085f00000, 0x0000000085f00000|100%| O|  |TAMS 0x0000000085e00000| PB 0x0000000085e00000| Untracked 
|  95|0x0000000085f00000, 0x0000000086000000, 0x0000000086000000|100%| O|  |TAMS 0x0000000085f00000| PB 0x0000000085f00000| Untracked 
|  96|0x0000000086000000, 0x0000000086100000, 0x0000000086100000|100%| O|  |TAMS 0x0000000086000000| PB 0x0000000086000000| Untracked 
|  97|0x0000000086100000, 0x0000000086200000, 0x0000000086200000|100%| O|  |TAMS 0x0000000086100000| PB 0x0000000086100000| Untracked 
|  98|0x0000000086200000, 0x0000000086300000, 0x0000000086300000|100%| O|  |TAMS 0x0000000086200000| PB 0x0000000086200000| Untracked 
|  99|0x0000000086300000, 0x0000000086400000, 0x0000000086400000|100%| O|  |TAMS 0x0000000086300000| PB 0x0000000086300000| Untracked 
| 100|0x0000000086400000, 0x0000000086500000, 0x0000000086500000|100%| O|  |TAMS 0x0000000086400000| PB 0x0000000086400000| Untracked 
| 101|0x0000000086500000, 0x0000000086600000, 0x0000000086600000|100%| O|  |TAMS 0x0000000086500000| PB 0x0000000086500000| Untracked 
| 102|0x0000000086600000, 0x0000000086700000, 0x0000000086700000|100%| O|  |TAMS 0x0000000086600000| PB 0x0000000086600000| Untracked 
| 103|0x0000000086700000, 0x0000000086800000, 0x0000000086800000|100%| O|  |TAMS 0x0000000086700000| PB 0x0000000086700000| Untracked 
| 104|0x0000000086800000, 0x0000000086900000, 0x0000000086900000|100%| O|  |TAMS 0x0000000086800000| PB 0x0000000086800000| Untracked 
| 105|0x0000000086900000, 0x0000000086a00000, 0x0000000086a00000|100%| O|  |TAMS 0x0000000086900000| PB 0x0000000086900000| Untracked 
| 106|0x0000000086a00000, 0x0000000086b00000, 0x0000000086b00000|100%| O|CS|TAMS 0x0000000086a00000| PB 0x0000000086a00000| Complete 
| 107|0x0000000086b00000, 0x0000000086c00000, 0x0000000086c00000|100%| O|  |TAMS 0x0000000086b00000| PB 0x0000000086b00000| Untracked 
| 108|0x0000000086c00000, 0x0000000086d00000, 0x0000000086d00000|100%| O|  |TAMS 0x0000000086c00000| PB 0x0000000086c00000| Untracked 
| 109|0x0000000086d00000, 0x0000000086e00000, 0x0000000086e00000|100%| O|  |TAMS 0x0000000086d00000| PB 0x0000000086d00000| Untracked 
| 110|0x0000000086e00000, 0x0000000086f00000, 0x0000000086f00000|100%| O|CS|TAMS 0x0000000086e00000| PB 0x0000000086e00000| Complete 
| 111|0x0000000086f00000, 0x0000000087000000, 0x0000000087000000|100%| O|  |TAMS 0x0000000086f00000| PB 0x0000000086f00000| Untracked 
| 112|0x0000000087000000, 0x0000000087100000, 0x0000000087100000|100%| O|  |TAMS 0x0000000087000000| PB 0x0000000087000000| Untracked 
| 113|0x0000000087100000, 0x0000000087200000, 0x0000000087200000|100%| O|  |TAMS 0x0000000087100000| PB 0x0000000087100000| Untracked 
| 114|0x0000000087200000, 0x0000000087300000, 0x0000000087300000|100%| O|  |TAMS 0x0000000087200000| PB 0x0000000087200000| Untracked 
| 115|0x0000000087300000, 0x0000000087400000, 0x0000000087400000|100%| O|CS|TAMS 0x0000000087300000| PB 0x0000000087300000| Complete 
| 116|0x0000000087400000, 0x0000000087500000, 0x0000000087500000|100%| O|  |TAMS 0x0000000087400000| PB 0x0000000087400000| Untracked 
| 117|0x0000000087500000, 0x0000000087600000, 0x0000000087600000|100%| O|  |TAMS 0x0000000087500000| PB 0x0000000087500000| Untracked 
| 118|0x0000000087600000, 0x0000000087700000, 0x0000000087700000|100%| O|  |TAMS 0x0000000087600000| PB 0x0000000087600000| Untracked 
| 119|0x0000000087700000, 0x0000000087800000, 0x0000000087800000|100%| O|  |TAMS 0x0000000087700000| PB 0x0000000087700000| Untracked 
| 120|0x0000000087800000, 0x0000000087900000, 0x0000000087900000|100%| O|  |TAMS 0x0000000087800000| PB 0x0000000087800000| Untracked 
| 121|0x0000000087900000, 0x0000000087a00000, 0x0000000087a00000|100%| O|  |TAMS 0x0000000087900000| PB 0x0000000087900000| Untracked 
| 122|0x0000000087a00000, 0x0000000087b00000, 0x0000000087b00000|100%| O|  |TAMS 0x0000000087a00000| PB 0x0000000087a00000| Untracked 
| 123|0x0000000087b00000, 0x0000000087c00000, 0x0000000087c00000|100%| O|  |TAMS 0x0000000087b00000| PB 0x0000000087b00000| Untracked 
| 124|0x0000000087c00000, 0x0000000087d00000, 0x0000000087d00000|100%|HS|  |TAMS 0x0000000087c00000| PB 0x0000000087c00000| Complete 
| 125|0x0000000087d00000, 0x0000000087e00000, 0x0000000087e00000|100%| O|  |TAMS 0x0000000087d00000| PB 0x0000000087d00000| Untracked 
| 126|0x0000000087e00000, 0x0000000087f00000, 0x0000000087f00000|100%| O|  |TAMS 0x0000000087e00000| PB 0x0000000087e00000| Untracked 
| 127|0x0000000087f00000, 0x0000000088000000, 0x0000000088000000|100%| O|  |TAMS 0x0000000087f00000| PB 0x0000000087f00000| Untracked 
| 128|0x0000000088000000, 0x0000000088100000, 0x0000000088100000|100%| O|  |TAMS 0x0000000088000000| PB 0x0000000088000000| Untracked 
| 129|0x0000000088100000, 0x0000000088200000, 0x0000000088200000|100%| O|  |TAMS 0x0000000088100000| PB 0x0000000088100000| Untracked 
| 130|0x0000000088200000, 0x0000000088300000, 0x0000000088300000|100%| O|  |TAMS 0x0000000088200000| PB 0x0000000088200000| Untracked 
| 131|0x0000000088300000, 0x0000000088400000, 0x0000000088400000|100%| O|  |TAMS 0x0000000088300000| PB 0x0000000088300000| Untracked 
| 132|0x0000000088400000, 0x0000000088500000, 0x0000000088500000|100%| S|  |TAMS 0x0000000088400000| PB 0x0000000088400000| Complete 
| 133|0x0000000088500000, 0x0000000088600000, 0x0000000088600000|100%| S|  |TAMS 0x0000000088500000| PB 0x0000000088500000| Complete 
| 134|0x0000000088600000, 0x0000000088700000, 0x0000000088700000|100%| S|  |TAMS 0x0000000088600000| PB 0x0000000088600000| Complete 
| 135|0x0000000088700000, 0x0000000088800000, 0x0000000088800000|100%| S|  |TAMS 0x0000000088700000| PB 0x0000000088700000| Complete 
| 136|0x0000000088800000, 0x0000000088900000, 0x0000000088900000|100%| S|  |TAMS 0x0000000088800000| PB 0x0000000088800000| Complete 
| 137|0x0000000088900000, 0x0000000088a00000, 0x0000000088a00000|100%| S|  |TAMS 0x0000000088900000| PB 0x0000000088900000| Complete 
| 138|0x0000000088a00000, 0x0000000088b00000, 0x0000000088b00000|100%| S|  |TAMS 0x0000000088a00000| PB 0x0000000088a00000| Complete 
| 139|0x0000000088b00000, 0x0000000088c00000, 0x0000000088c00000|100%| S|  |TAMS 0x0000000088b00000| PB 0x0000000088b00000| Complete 
| 140|0x0000000088c00000, 0x0000000088d00000, 0x0000000088d00000|100%| S|  |TAMS 0x0000000088c00000| PB 0x0000000088c00000| Complete 
| 141|0x0000000088d00000, 0x0000000088e00000, 0x0000000088e00000|100%| E|CS|TAMS 0x0000000088d00000| PB 0x0000000088d00000| Complete 
| 142|0x0000000088e00000, 0x0000000088f00000, 0x0000000088f00000|100%| E|CS|TAMS 0x0000000088e00000| PB 0x0000000088e00000| Complete 
| 143|0x0000000088f00000, 0x0000000089000000, 0x0000000089000000|100%| E|CS|TAMS 0x0000000088f00000| PB 0x0000000088f00000| Complete 
| 144|0x0000000089000000, 0x0000000089100000, 0x0000000089100000|100%| E|CS|TAMS 0x0000000089000000| PB 0x0000000089000000| Complete 
| 145|0x0000000089100000, 0x0000000089200000, 0x0000000089200000|100%| E|CS|TAMS 0x0000000089100000| PB 0x0000000089100000| Complete 
| 146|0x0000000089200000, 0x0000000089300000, 0x0000000089300000|100%| E|CS|TAMS 0x0000000089200000| PB 0x0000000089200000| Complete 
| 147|0x0000000089300000, 0x0000000089400000, 0x0000000089400000|100%| E|CS|TAMS 0x0000000089300000| PB 0x0000000089300000| Complete 
| 148|0x0000000089400000, 0x0000000089500000, 0x0000000089500000|100%| E|CS|TAMS 0x0000000089400000| PB 0x0000000089400000| Complete 
| 149|0x0000000089500000, 0x0000000089600000, 0x0000000089600000|100%| E|CS|TAMS 0x0000000089500000| PB 0x0000000089500000| Complete 
| 150|0x0000000089600000, 0x0000000089700000, 0x0000000089700000|100%| E|CS|TAMS 0x0000000089600000| PB 0x0000000089600000| Complete 
| 151|0x0000000089700000, 0x0000000089800000, 0x0000000089800000|100%| E|CS|TAMS 0x0000000089700000| PB 0x0000000089700000| Complete 
| 152|0x0000000089800000, 0x0000000089900000, 0x0000000089900000|100%| E|CS|TAMS 0x0000000089800000| PB 0x0000000089800000| Complete 
| 153|0x0000000089900000, 0x0000000089a00000, 0x0000000089a00000|100%| E|CS|TAMS 0x0000000089900000| PB 0x0000000089900000| Complete 
| 154|0x0000000089a00000, 0x0000000089b00000, 0x0000000089b00000|100%| E|CS|TAMS 0x0000000089a00000| PB 0x0000000089a00000| Complete 
| 155|0x0000000089b00000, 0x0000000089c00000, 0x0000000089c00000|100%| E|CS|TAMS 0x0000000089b00000| PB 0x0000000089b00000| Complete 
| 156|0x0000000089c00000, 0x0000000089d00000, 0x0000000089d00000|100%| E|CS|TAMS 0x0000000089c00000| PB 0x0000000089c00000| Complete 
| 157|0x0000000089d00000, 0x0000000089e00000, 0x0000000089e00000|100%| E|CS|TAMS 0x0000000089d00000| PB 0x0000000089d00000| Complete 
| 158|0x0000000089e00000, 0x0000000089eed468, 0x0000000089f00000| 92%| E|CS|TAMS 0x0000000089e00000| PB 0x0000000089e00000| Complete 
| 159|0x0000000089f00000, 0x000000008a000000, 0x000000008a000000|100%| E|CS|TAMS 0x0000000089f00000| PB 0x0000000089f00000| Complete 
| 160|0x000000008a000000, 0x000000008a100000, 0x000000008a100000|100%| E|CS|TAMS 0x000000008a000000| PB 0x000000008a000000| Complete 
| 161|0x000000008a100000, 0x000000008a200000, 0x000000008a200000|100%| E|CS|TAMS 0x000000008a100000| PB 0x000000008a100000| Complete 
| 162|0x000000008a200000, 0x000000008a300000, 0x000000008a300000|100%| E|CS|TAMS 0x000000008a200000| PB 0x000000008a200000| Complete 
| 163|0x000000008a300000, 0x000000008a400000, 0x000000008a400000|100%| E|CS|TAMS 0x000000008a300000| PB 0x000000008a300000| Complete 
| 164|0x000000008a400000, 0x000000008a500000, 0x000000008a500000|100%| E|CS|TAMS 0x000000008a400000| PB 0x000000008a400000| Complete 
| 165|0x000000008a500000, 0x000000008a600000, 0x000000008a600000|100%| E|CS|TAMS 0x000000008a500000| PB 0x000000008a500000| Complete 
| 166|0x000000008a600000, 0x000000008a700000, 0x000000008a700000|100%| E|CS|TAMS 0x000000008a600000| PB 0x000000008a600000| Complete 
| 167|0x000000008a700000, 0x000000008a800000, 0x000000008a800000|100%| E|CS|TAMS 0x000000008a700000| PB 0x000000008a700000| Complete 
| 168|0x000000008a800000, 0x000000008a900000, 0x000000008a900000|100%| E|CS|TAMS 0x000000008a800000| PB 0x000000008a800000| Complete 
| 169|0x000000008a900000, 0x000000008aa00000, 0x000000008aa00000|100%| E|CS|TAMS 0x000000008a900000| PB 0x000000008a900000| Complete 
| 170|0x000000008aa00000, 0x000000008ab00000, 0x000000008ab00000|100%| E|CS|TAMS 0x000000008aa00000| PB 0x000000008aa00000| Complete 
| 171|0x000000008ab00000, 0x000000008ac00000, 0x000000008ac00000|100%| E|CS|TAMS 0x000000008ab00000| PB 0x000000008ab00000| Complete 
| 172|0x000000008ac00000, 0x000000008ad00000, 0x000000008ad00000|100%| E|CS|TAMS 0x000000008ac00000| PB 0x000000008ac00000| Complete 
| 173|0x000000008ad00000, 0x000000008ae00000, 0x000000008ae00000|100%| E|CS|TAMS 0x000000008ad00000| PB 0x000000008ad00000| Complete 
| 174|0x000000008ae00000, 0x000000008af00000, 0x000000008af00000|100%| E|CS|TAMS 0x000000008ae00000| PB 0x000000008ae00000| Complete 
| 175|0x000000008af00000, 0x000000008b000000, 0x000000008b000000|100%| E|CS|TAMS 0x000000008af00000| PB 0x000000008af00000| Complete 
| 176|0x000000008b000000, 0x000000008b100000, 0x000000008b100000|100%| E|CS|TAMS 0x000000008b000000| PB 0x000000008b000000| Complete 
| 177|0x000000008b100000, 0x000000008b200000, 0x000000008b200000|100%| E|CS|TAMS 0x000000008b100000| PB 0x000000008b100000| Complete 
| 178|0x000000008b200000, 0x000000008b300000, 0x000000008b300000|100%| E|CS|TAMS 0x000000008b200000| PB 0x000000008b200000| Complete 
| 179|0x000000008b300000, 0x000000008b400000, 0x000000008b400000|100%| E|CS|TAMS 0x000000008b300000| PB 0x000000008b300000| Complete 
| 180|0x000000008b400000, 0x000000008b500000, 0x000000008b500000|100%| E|CS|TAMS 0x000000008b400000| PB 0x000000008b400000| Complete 
| 181|0x000000008b500000, 0x000000008b600000, 0x000000008b600000|100%| E|CS|TAMS 0x000000008b500000| PB 0x000000008b500000| Complete 
| 182|0x000000008b600000, 0x000000008b700000, 0x000000008b700000|100%| E|CS|TAMS 0x000000008b600000| PB 0x000000008b600000| Complete 
| 183|0x000000008b700000, 0x000000008b800000, 0x000000008b800000|100%| E|CS|TAMS 0x000000008b700000| PB 0x000000008b700000| Complete 
| 184|0x000000008b800000, 0x000000008b900000, 0x000000008b900000|100%| E|CS|TAMS 0x000000008b800000| PB 0x000000008b800000| Complete 
| 185|0x000000008b900000, 0x000000008ba00000, 0x000000008ba00000|100%| E|CS|TAMS 0x000000008b900000| PB 0x000000008b900000| Complete 
| 186|0x000000008ba00000, 0x000000008bb00000, 0x000000008bb00000|100%| E|CS|TAMS 0x000000008ba00000| PB 0x000000008ba00000| Complete 
| 187|0x000000008bb00000, 0x000000008bc00000, 0x000000008bc00000|100%| E|CS|TAMS 0x000000008bb00000| PB 0x000000008bb00000| Complete 
| 188|0x000000008bc00000, 0x000000008bd00000, 0x000000008bd00000|100%| E|CS|TAMS 0x000000008bc00000| PB 0x000000008bc00000| Complete 
| 189|0x000000008bd00000, 0x000000008be00000, 0x000000008be00000|100%| E|CS|TAMS 0x000000008bd00000| PB 0x000000008bd00000| Complete 
| 190|0x000000008be00000, 0x000000008bf00000, 0x000000008bf00000|100%| E|CS|TAMS 0x000000008be00000| PB 0x000000008be00000| Complete 
| 191|0x000000008bf00000, 0x000000008c000000, 0x000000008c000000|100%| E|CS|TAMS 0x000000008bf00000| PB 0x000000008bf00000| Complete 
| 192|0x000000008c000000, 0x000000008c100000, 0x000000008c100000|100%| E|CS|TAMS 0x000000008c000000| PB 0x000000008c000000| Complete 
| 193|0x000000008c100000, 0x000000008c200000, 0x000000008c200000|100%| E|CS|TAMS 0x000000008c100000| PB 0x000000008c100000| Complete 
| 194|0x000000008c200000, 0x000000008c300000, 0x000000008c300000|100%| E|CS|TAMS 0x000000008c200000| PB 0x000000008c200000| Complete 
| 195|0x000000008c300000, 0x000000008c400000, 0x000000008c400000|100%| E|CS|TAMS 0x000000008c300000| PB 0x000000008c300000| Complete 
| 196|0x000000008c400000, 0x000000008c500000, 0x000000008c500000|100%| E|CS|TAMS 0x000000008c400000| PB 0x000000008c400000| Complete 
| 197|0x000000008c500000, 0x000000008c600000, 0x000000008c600000|100%| E|CS|TAMS 0x000000008c500000| PB 0x000000008c500000| Complete 
| 198|0x000000008c600000, 0x000000008c700000, 0x000000008c700000|100%| E|CS|TAMS 0x000000008c600000| PB 0x000000008c600000| Complete 
| 199|0x000000008c700000, 0x000000008c800000, 0x000000008c800000|100%| E|CS|TAMS 0x000000008c700000| PB 0x000000008c700000| Complete 
| 200|0x000000008c800000, 0x000000008c900000, 0x000000008c900000|100%| E|CS|TAMS 0x000000008c800000| PB 0x000000008c800000| Complete 
| 201|0x000000008c900000, 0x000000008ca00000, 0x000000008ca00000|100%| E|CS|TAMS 0x000000008c900000| PB 0x000000008c900000| Complete 
| 202|0x000000008ca00000, 0x000000008cb00000, 0x000000008cb00000|100%| E|CS|TAMS 0x000000008ca00000| PB 0x000000008ca00000| Complete 
| 203|0x000000008cb00000, 0x000000008cc00000, 0x000000008cc00000|100%| E|CS|TAMS 0x000000008cb00000| PB 0x000000008cb00000| Complete 
| 204|0x000000008cc00000, 0x000000008cd00000, 0x000000008cd00000|100%| E|CS|TAMS 0x000000008cc00000| PB 0x000000008cc00000| Complete 
| 205|0x000000008cd00000, 0x000000008ce00000, 0x000000008ce00000|100%| E|CS|TAMS 0x000000008cd00000| PB 0x000000008cd00000| Complete 
| 302|0x0000000092e00000, 0x0000000092f00000, 0x0000000092f00000|100%| E|CS|TAMS 0x0000000092e00000| PB 0x0000000092e00000| Complete 
|2027|0x00000000feb00000, 0x00000000fec00000, 0x00000000fec00000|100%| O|  |TAMS 0x00000000feb00000| PB 0x00000000feb00000| Untracked 
|2028|0x00000000fec00000, 0x00000000fed00000, 0x00000000fed00000|100%| O|  |TAMS 0x00000000fec00000| PB 0x00000000fec00000| Untracked 
|2029|0x00000000fed00000, 0x00000000fee00000, 0x00000000fee00000|100%| O|  |TAMS 0x00000000fed00000| PB 0x00000000fed00000| Untracked 
|2030|0x00000000fee00000, 0x00000000fef00000, 0x00000000fef00000|100%| O|  |TAMS 0x00000000fee00000| PB 0x00000000fee00000| Untracked 
|2031|0x00000000fef00000, 0x00000000ff000000, 0x00000000ff000000|100%| O|  |TAMS 0x00000000fef00000| PB 0x00000000fef00000| Untracked 
|2032|0x00000000ff000000, 0x00000000ff100000, 0x00000000ff100000|100%| O|  |TAMS 0x00000000ff000000| PB 0x00000000ff000000| Untracked 
|2033|0x00000000ff100000, 0x00000000ff200000, 0x00000000ff200000|100%| O|  |TAMS 0x00000000ff100000| PB 0x00000000ff100000| Untracked 
|2034|0x00000000ff200000, 0x00000000ff300000, 0x00000000ff300000|100%| O|  |TAMS 0x00000000ff200000| PB 0x00000000ff200000| Untracked 
|2035|0x00000000ff300000, 0x00000000ff400000, 0x00000000ff400000|100%| O|  |TAMS 0x00000000ff300000| PB 0x00000000ff300000| Untracked 
|2036|0x00000000ff400000, 0x00000000ff500000, 0x00000000ff500000|100%| O|  |TAMS 0x00000000ff400000| PB 0x00000000ff400000| Untracked 
|2037|0x00000000ff500000, 0x00000000ff600000, 0x00000000ff600000|100%| O|  |TAMS 0x00000000ff500000| PB 0x00000000ff500000| Untracked 
|2038|0x00000000ff600000, 0x00000000ff700000, 0x00000000ff700000|100%| O|  |TAMS 0x00000000ff600000| PB 0x00000000ff600000| Untracked 
|2039|0x00000000ff700000, 0x00000000ff800000, 0x00000000ff800000|100%| O|  |TAMS 0x00000000ff700000| PB 0x00000000ff700000| Untracked 
|2040|0x00000000ff800000, 0x00000000ff900000, 0x00000000ff900000|100%| O|  |TAMS 0x00000000ff800000| PB 0x00000000ff800000| Untracked 
|2041|0x00000000ff900000, 0x00000000ffa00000, 0x00000000ffa00000|100%| O|  |TAMS 0x00000000ff900000| PB 0x00000000ff900000| Untracked 
|2042|0x00000000ffa00000, 0x00000000ffb00000, 0x00000000ffb00000|100%| O|  |TAMS 0x00000000ffa00000| PB 0x00000000ffa00000| Untracked 
|2043|0x00000000ffb00000, 0x00000000ffc00000, 0x00000000ffc00000|100%| O|  |TAMS 0x00000000ffb00000| PB 0x00000000ffb00000| Untracked 
|2044|0x00000000ffc00000, 0x00000000ffd00000, 0x00000000ffd00000|100%| O|  |TAMS 0x00000000ffc00000| PB 0x00000000ffc00000| Untracked 
|2045|0x00000000ffd00000, 0x00000000ffe00000, 0x00000000ffe00000|100%| O|  |TAMS 0x00000000ffd00000| PB 0x00000000ffd00000| Untracked 
|2046|0x00000000ffe00000, 0x00000000fff00000, 0x00000000fff00000|100%| E|CS|TAMS 0x00000000ffe00000| PB 0x00000000ffe00000| Complete 
|2047|0x00000000fff00000, 0x0000000100000000, 0x0000000100000000|100%| E|CS|TAMS 0x00000000fff00000| PB 0x00000000fff00000| Complete 

Card table byte_map: [0x000001493b190000,0x000001493b590000] _byte_map_base: 0x000001493ad90000

Marking Bits: (CMBitMap*) 0x000001492643e5d0
 Bits: [0x000001493b590000, 0x000001493d590000)

Polling page: 0x00000149266e0000

Metaspace:

Usage:
  Non-class:    101.77 MB used.
      Class:     15.86 MB used.
       Both:    117.63 MB used.

Virtual space:
  Non-class space:      128.00 MB reserved,     102.88 MB ( 80%) committed,  2 nodes.
      Class space:        1.00 GB reserved,      17.00 MB (  2%) committed,  1 nodes.
             Both:        1.12 GB reserved,     119.88 MB ( 10%) committed. 

Chunk freelists:
   Non-Class:  9.11 MB
       Class:  15.04 MB
        Both:  24.16 MB

MaxMetaspaceSize: unlimited
CompressedClassSpaceSize: 1.00 GB
Initial GC threshold: 21.00 MB
Current GC threshold: 198.75 MB
CDS: off
 - commit_granule_bytes: 65536.
 - commit_granule_words: 8192.
 - virtual_space_node_default_size: 8388608.
 - enlarge_chunks_in_place: 1.
 - use_allocation_guard: 0.


Internal statistics:

num_allocs_failed_limit: 9.
num_arena_births: 4414.
num_arena_deaths: 0.
num_vsnodes_births: 3.
num_vsnodes_deaths: 0.
num_space_committed: 1917.
num_space_uncommitted: 0.
num_chunks_returned_to_freelist: 9.
num_chunks_taken_from_freelist: 9615.
num_chunk_merges: 9.
num_chunk_splits: 6279.
num_chunks_enlarged: 3931.
num_inconsistent_stats: 0.

CodeHeap 'non-profiled nmethods': size=120000Kb used=7983Kb max_used=7983Kb free=112016Kb
 bounds [0x0000014933310000, 0x0000014933ae0000, 0x000001493a840000]
CodeHeap 'profiled nmethods': size=120000Kb used=23285Kb max_used=23523Kb free=96714Kb
 bounds [0x000001492b840000, 0x000001492cfa0000, 0x0000014932d70000]
CodeHeap 'non-nmethods': size=5760Kb used=2139Kb max_used=2202Kb free=3620Kb
 bounds [0x0000014932d70000, 0x0000014932fe0000, 0x0000014933310000]
 total_blobs=13400 nmethods=12524 adapters=777
 compilation: enabled
              stopped_count=0, restarted_count=0
 full_count=0

Compilation events (20 events):
Event: 43.622 Thread 0x00000149404094d0 14980       4       java.util.HashMap::keysToArray (81 bytes)
Event: 43.627 Thread 0x0000014940409f60 nmethod 14984% 0x000001492cf67e90 code [0x000001492cf68e80, 0x000001492cf738e8]
Event: 43.634 Thread 0x00000149404094d0 nmethod 14980 0x0000014933944410 code [0x00000149339445c0, 0x0000014933944bf8]
Event: 43.634 Thread 0x00000149404094d0 14985       4       java.util.ComparableTimSort::binarySort (223 bytes)
Event: 43.637 Thread 0x0000014940409f60 14987 %     3       org.jetbrains.kotlin.gradle.internal.kapt.incremental.ClasspathEntryData::writeObject @ 65 (1063 bytes)
Event: 43.646 Thread 0x0000014940409f60 nmethod 14987% 0x000001492cf77010 code [0x000001492cf77fe0, 0x000001492cf829c0]
Event: 43.646 Thread 0x0000014940409f60 14988       3       org.jetbrains.kotlin.gradle.internal.kapt.incremental.ClasspathEntryData::writeObject (1063 bytes)
Event: 43.650 Thread 0x00000149404094d0 nmethod 14985 0x0000014933ad7910 code [0x0000014933ad7b00, 0x0000014933ad8658]
Event: 43.650 Thread 0x00000149404094d0 14967       4       java.io.ObjectOutputStream$BlockDataOutputStream::write (152 bytes)
Event: 43.655 Thread 0x0000014940409f60 nmethod 14988 0x000001492cf85e90 code [0x000001492cf86e00, 0x000001492cf90fe0]
Event: 43.655 Thread 0x00000149404094d0 nmethod 14967 0x0000014933943b90 code [0x0000014933943d40, 0x00000149339440b0]
Event: 43.655 Thread 0x00000149404094d0 14991       4       java.util.ComparableTimSort::sort (219 bytes)
Event: 43.683 Thread 0x00000149404094d0 nmethod 14991 0x0000014933ad8a10 code [0x0000014933ad8cc0, 0x0000014933ada1d8]
Event: 43.683 Thread 0x00000149404094d0 14995       4       java.io.ObjectOutputStream$BlockDataOutputStream::writeShort (47 bytes)
Event: 43.683 Thread 0x0000014940409f60 14997       2       java.util.ComparableTimSort::sort (219 bytes)
Event: 43.684 Thread 0x0000014940409f60 nmethod 14997 0x000001492c7ce310 code [0x000001492c7ce540, 0x000001492c7ce9d8]
Event: 43.686 Thread 0x00000149404094d0 nmethod 14995 0x0000014933adac90 code [0x0000014933adae40, 0x0000014933adafb8]
Event: 43.686 Thread 0x00000149404094d0 14994       4       java.io.ObjectOutputStream$BlockDataOutputStream::writeUTF (46 bytes)
Event: 43.702 Thread 0x00000149404094d0 nmethod 14994 0x0000014933adb190 code [0x0000014933adb380, 0x0000014933adbc20]
Event: 43.702 Thread 0x00000149404094d0 14999       4       java.util.ComparableTimSort::sort (219 bytes)

GC Heap History (20 events):
Event: 31.479 GC heap after
{Heap after GC invocations=26 (full 0):
 garbage-first heap   total 185344K, used 92335K [0x0000000080000000, 0x0000000100000000)
  region size 1024K, 9 young (9216K), 9 survivors (9216K)
 Metaspace       used 96104K, committed 98112K, reserved 1179648K
  class space    used 12786K, committed 13824K, reserved 1048576K
}
Event: 33.271 GC heap before
{Heap before GC invocations=26 (full 0):
 garbage-first heap   total 185344K, used 165039K [0x0000000080000000, 0x0000000100000000)
  region size 1024K, 80 young (81920K), 9 survivors (9216K)
 Metaspace       used 101845K, committed 103872K, reserved 1179648K
  class space    used 13762K, committed 14784K, reserved 1048576K
}
Event: 33.285 GC heap after
{Heap after GC invocations=27 (full 0):
 garbage-first heap   total 185344K, used 94733K [0x0000000080000000, 0x0000000100000000)
  region size 1024K, 4 young (4096K), 4 survivors (4096K)
 Metaspace       used 101845K, committed 103872K, reserved 1179648K
  class space    used 13762K, committed 14784K, reserved 1048576K
}
Event: 35.040 GC heap before
{Heap before GC invocations=27 (full 0):
 garbage-first heap   total 185344K, used 169485K [0x0000000080000000, 0x0000000100000000)
  region size 1024K, 77 young (78848K), 4 survivors (4096K)
 Metaspace       used 106706K, committed 108928K, reserved 1179648K
  class space    used 14466K, committed 15552K, reserved 1048576K
}
Event: 35.050 GC heap after
{Heap after GC invocations=28 (full 0):
 garbage-first heap   total 185344K, used 98183K [0x0000000080000000, 0x0000000100000000)
  region size 1024K, 7 young (7168K), 7 survivors (7168K)
 Metaspace       used 106706K, committed 108928K, reserved 1179648K
  class space    used 14466K, committed 15552K, reserved 1048576K
}
Event: 36.808 GC heap before
{Heap before GC invocations=29 (full 0):
 garbage-first heap   total 185344K, used 166791K [0x0000000080000000, 0x0000000100000000)
  region size 1024K, 74 young (75776K), 7 survivors (7168K)
 Metaspace       used 111514K, committed 113664K, reserved 1179648K
  class space    used 15163K, committed 16256K, reserved 1048576K
}
Event: 36.828 GC heap after
{Heap after GC invocations=30 (full 0):
 garbage-first heap   total 185344K, used 102012K [0x0000000080000000, 0x0000000100000000)
  region size 1024K, 8 young (8192K), 8 survivors (8192K)
 Metaspace       used 111514K, committed 113664K, reserved 1179648K
  class space    used 15163K, committed 16256K, reserved 1048576K
}
Event: 38.322 GC heap before
{Heap before GC invocations=30 (full 0):
 garbage-first heap   total 185344K, used 170620K [0x0000000080000000, 0x0000000100000000)
  region size 1024K, 71 young (72704K), 8 survivors (8192K)
 Metaspace       used 117081K, committed 119360K, reserved 1179648K
  class space    used 15763K, committed 16896K, reserved 1048576K
}
Event: 38.343 GC heap after
{Heap after GC invocations=31 (full 0):
 garbage-first heap   total 188416K, used 107565K [0x0000000080000000, 0x0000000100000000)
  region size 1024K, 9 young (9216K), 9 survivors (9216K)
 Metaspace       used 117081K, committed 119360K, reserved 1179648K
  class space    used 15763K, committed 16896K, reserved 1048576K
}
Event: 40.117 GC heap before
{Heap before GC invocations=31 (full 0):
 garbage-first heap   total 188416K, used 166957K [0x0000000080000000, 0x0000000100000000)
  region size 1024K, 68 young (69632K), 9 survivors (9216K)
 Metaspace       used 118894K, committed 121152K, reserved 1179648K
  class space    used 15991K, committed 17152K, reserved 1048576K
}
Event: 40.142 GC heap after
{Heap after GC invocations=32 (full 0):
 garbage-first heap   total 188416K, used 116431K [0x0000000080000000, 0x0000000100000000)
  region size 1024K, 8 young (8192K), 8 survivors (8192K)
 Metaspace       used 118894K, committed 121152K, reserved 1179648K
  class space    used 15991K, committed 17152K, reserved 1048576K
}
Event: 40.913 GC heap before
{Heap before GC invocations=33 (full 0):
 garbage-first heap   total 194560K, used 168655K [0x0000000080000000, 0x0000000100000000)
  region size 1024K, 60 young (61440K), 8 survivors (8192K)
 Metaspace       used 119230K, committed 121536K, reserved 1179648K
  class space    used 16056K, committed 17216K, reserved 1048576K
}
Event: 40.927 GC heap after
{Heap after GC invocations=34 (full 0):
 garbage-first heap   total 194560K, used 119858K [0x0000000080000000, 0x0000000100000000)
  region size 1024K, 4 young (4096K), 4 survivors (4096K)
 Metaspace       used 119230K, committed 121536K, reserved 1179648K
  class space    used 16056K, committed 17216K, reserved 1048576K
}
Event: 41.653 GC heap before
{Heap before GC invocations=34 (full 0):
 garbage-first heap   total 194560K, used 178226K [0x0000000080000000, 0x0000000100000000)
  region size 1024K, 62 young (63488K), 4 survivors (4096K)
 Metaspace       used 119531K, committed 121728K, reserved 1179648K
  class space    used 16099K, committed 17216K, reserved 1048576K
}
Event: 41.665 GC heap after
{Heap after GC invocations=35 (full 0):
 garbage-first heap   total 194560K, used 123093K [0x0000000080000000, 0x0000000100000000)
  region size 1024K, 7 young (7168K), 7 survivors (7168K)
 Metaspace       used 119531K, committed 121728K, reserved 1179648K
  class space    used 16099K, committed 17216K, reserved 1048576K
}
Event: 42.354 GC heap before
{Heap before GC invocations=35 (full 0):
 garbage-first heap   total 194560K, used 175317K [0x0000000080000000, 0x0000000100000000)
  region size 1024K, 59 young (60416K), 7 survivors (7168K)
 Metaspace       used 119852K, committed 122112K, reserved 1179648K
  class space    used 16144K, committed 17280K, reserved 1048576K
}
Event: 42.365 GC heap after
{Heap after GC invocations=36 (full 0):
 garbage-first heap   total 194560K, used 127736K [0x0000000080000000, 0x0000000100000000)
  region size 1024K, 8 young (8192K), 8 survivors (8192K)
 Metaspace       used 119852K, committed 122112K, reserved 1179648K
  class space    used 16144K, committed 17280K, reserved 1048576K
}
Event: 42.933 GC heap before
{Heap before GC invocations=37 (full 0):
 garbage-first heap   total 215040K, used 172792K [0x0000000080000000, 0x0000000100000000)
  region size 1024K, 53 young (54272K), 8 survivors (8192K)
 Metaspace       used 120379K, committed 122688K, reserved 1179648K
  class space    used 16237K, committed 17408K, reserved 1048576K
}
Event: 42.945 GC heap after
{Heap after GC invocations=38 (full 0):
 garbage-first heap   total 215040K, used 133160K [0x0000000080000000, 0x0000000100000000)
  region size 1024K, 6 young (6144K), 6 survivors (6144K)
 Metaspace       used 120379K, committed 122688K, reserved 1179648K
  class space    used 16237K, committed 17408K, reserved 1048576K
}
Event: 43.705 GC heap before
{Heap before GC invocations=38 (full 0):
 garbage-first heap   total 215040K, used 196648K [0x0000000080000000, 0x0000000100000000)
  region size 1024K, 68 young (69632K), 6 survivors (6144K)
 Metaspace       used 120454K, committed 122752K, reserved 1179648K
  class space    used 16242K, committed 17408K, reserved 1048576K
}

Dll operation events (3 events):
Event: 0.013 Loaded shared library C:\Program Files\Android\Android Studio\jbr\bin\java.dll
Event: 0.028 Loaded shared library C:\Program Files\Android\Android Studio\jbr\bin\zip.dll
Event: 1.504 Loaded shared library C:\Program Files\Android\Android Studio\jbr\bin\verify.dll

Deoptimization events (20 events):
Event: 43.612 Thread 0x000001494aceed20 Uncommon trap: trap_request=0xffffffd6 fr.pc=0x00000149339465b4 relative=0x0000000000000474
Event: 43.612 Thread 0x000001494aceed20 Uncommon trap: reason=array_check action=maybe_recompile pc=0x00000149339465b4 method=java.util.HashMap.keysToArray([Ljava/lang/Object;)[Ljava/lang/Object; @ 62 c2
Event: 43.612 Thread 0x000001494aceed20 DEOPT PACKING pc=0x00000149339465b4 sp=0x00000012695fa5d0
Event: 43.612 Thread 0x000001494aceed20 DEOPT UNPACKING pc=0x0000014932dc46a2 sp=0x00000012695fa558 mode 2
Event: 43.612 Thread 0x000001494aceed20 Uncommon trap: trap_request=0xffffffd6 fr.pc=0x00000149339465b4 relative=0x0000000000000474
Event: 43.612 Thread 0x000001494aceed20 Uncommon trap: reason=array_check action=maybe_recompile pc=0x00000149339465b4 method=java.util.HashMap.keysToArray([Ljava/lang/Object;)[Ljava/lang/Object; @ 62 c2
Event: 43.612 Thread 0x000001494aceed20 DEOPT PACKING pc=0x00000149339465b4 sp=0x00000012695fa5d0
Event: 43.612 Thread 0x000001494aceed20 DEOPT UNPACKING pc=0x0000014932dc46a2 sp=0x00000012695fa558 mode 2
Event: 43.623 Thread 0x000001494aceed20 Uncommon trap: trap_request=0xffffffd6 fr.pc=0x0000014933945a18 relative=0x0000000000000a18
Event: 43.623 Thread 0x000001494aceed20 Uncommon trap: reason=array_check action=maybe_recompile pc=0x0000014933945a18 method=java.util.ComparableTimSort.binarySort([Ljava/lang/Object;III)V @ 183 c2
Event: 43.623 Thread 0x000001494aceed20 DEOPT PACKING pc=0x0000014933945a18 sp=0x00000012695fa500
Event: 43.623 Thread 0x000001494aceed20 DEOPT UNPACKING pc=0x0000014932dc46a2 sp=0x00000012695fa4b0 mode 2
Event: 43.623 Thread 0x000001494aceed20 Uncommon trap: trap_request=0xffffffd6 fr.pc=0x0000014933945a18 relative=0x0000000000000a18
Event: 43.623 Thread 0x000001494aceed20 Uncommon trap: reason=array_check action=maybe_recompile pc=0x0000014933945a18 method=java.util.ComparableTimSort.binarySort([Ljava/lang/Object;III)V @ 183 c2
Event: 43.623 Thread 0x000001494aceed20 DEOPT PACKING pc=0x0000014933945a18 sp=0x00000012695fa500
Event: 43.623 Thread 0x000001494aceed20 DEOPT UNPACKING pc=0x0000014932dc46a2 sp=0x00000012695fa4b0 mode 2
Event: 43.683 Thread 0x000001494aceed20 Uncommon trap: trap_request=0xffffff76 fr.pc=0x0000014933ad9f00 relative=0x0000000000001240
Event: 43.683 Thread 0x000001494aceed20 Uncommon trap: reason=predicate action=maybe_recompile pc=0x0000014933ad9f00 method=java.util.ComparableTimSort.reverseRange([Ljava/lang/Object;II)V @ 5 c2
Event: 43.683 Thread 0x000001494aceed20 DEOPT PACKING pc=0x0000014933ad9f00 sp=0x00000012695fa470
Event: 43.683 Thread 0x000001494aceed20 DEOPT UNPACKING pc=0x0000014932dc46a2 sp=0x00000012695fa320 mode 2

Classes loaded (20 events):
Event: 38.453 Loading class java/time/Instant$1
Event: 38.453 Loading class java/time/Instant$1 done
Event: 38.616 Loading class java/io/CharArrayWriter
Event: 38.617 Loading class java/io/CharArrayWriter done
Event: 38.625 Loading class java/io/SequenceInputStream
Event: 38.626 Loading class java/io/SequenceInputStream done
Event: 38.638 Loading class java/util/function/IntUnaryOperator
Event: 38.638 Loading class java/util/function/IntUnaryOperator done
Event: 40.983 Loading class java/util/stream/ReferencePipeline$4
Event: 40.983 Loading class java/util/stream/IntPipeline$StatelessOp
Event: 40.984 Loading class java/util/stream/IntPipeline$StatelessOp done
Event: 40.984 Loading class java/util/stream/ReferencePipeline$4 done
Event: 40.985 Loading class java/util/stream/ReduceOps$6
Event: 40.985 Loading class java/util/stream/ReduceOps$6 done
Event: 40.986 Loading class java/util/stream/ReduceOps$5ReducingSink
Event: 40.986 Loading class java/util/stream/ReduceOps$5ReducingSink done
Event: 40.986 Loading class java/util/stream/ReferencePipeline$4$1
Event: 40.986 Loading class java/util/stream/ReferencePipeline$4$1 done
Event: 41.902 Loading class java/nio/file/FileTreeWalker$1
Event: 41.902 Loading class java/nio/file/FileTreeWalker$1 done

Classes unloaded (0 events):
No events

Classes redefined (0 events):
No events

Internal exceptions (20 events):
Event: 38.412 Thread 0x000001494b424bc0 Exception <a 'java/lang/NoSuchMethodError'{0x000000008b1dcc50}: static Lcom/android/buildanalyzer/common/AndroidGradlePluginAttributionData$JavaInfo;.<clinit>()V> (0x000000008b1dcc50) 
thrown [s\src\hotspot\share\prims\jni.cpp, line 1139]
Event: 38.419 Thread 0x000001494b424bc0 Exception <a 'java/lang/NoSuchMethodError'{0x000000008b06fab0}: static [Ljava/lang/String;.<clinit>()V> (0x000000008b06fab0) 
thrown [s\src\hotspot\share\prims\jni.cpp, line 1139]
Event: 38.421 Thread 0x000001494b424bc0 Exception <a 'java/lang/NoSuchMethodError'{0x000000008b08acd0}: static Lcom/android/buildanalyzer/common/AndroidGradlePluginAttributionData$TaskInfo;.<clinit>()V> (0x000000008b08acd0) 
thrown [s\src\hotspot\share\prims\jni.cpp, line 1139]
Event: 38.423 Thread 0x000001494b424bc0 Exception <a 'java/lang/NoSuchMethodError'{0x000000008b098090}: static Lcom/android/buildanalyzer/common/AndroidGradlePluginAttributionData$TaskCategoryInfo;.<clinit>()V> (0x000000008b098090) 
thrown [s\src\hotspot\share\prims\jni.cpp, line 1139]
Event: 38.441 Thread 0x000001494acf1480 Exception <a 'sun/nio/fs/WindowsException'{0x000000008afc9208}> (0x000000008afc9208) 
thrown [s\src\hotspot\share\prims\jni.cpp, line 535]
Event: 38.443 Thread 0x000001494b427320 Exception <a 'java/lang/NoSuchMethodError'{0x000000008aea2f30}: static Lorg/jetbrains/kotlin/gradle/plugin/statistics/MetricContainer;.<clinit>()V> (0x000000008aea2f30) 
thrown [s\src\hotspot\share\prims\jni.cpp, line 1139]
Event: 38.476 Thread 0x0000014945498bc0 Exception <a 'java/lang/NoSuchMethodError'{0x000000008ac7a3c8}: static Lorg/gradle/internal/build/event/types/DefaultTaskSkippedResult;.<clinit>()V> (0x000000008ac7a3c8) 
thrown [s\src\hotspot\share\prims\jni.cpp, line 1139]
Event: 38.520 Thread 0x000001494acf4900 Exception <a 'java/lang/IncompatibleClassChangeError'{0x000000008ab4a570}: Found class java.lang.Object, but interface was expected> (0x000000008ab4a570) 
thrown [s\src\hotspot\share\interpreter\linkResolver.cpp, line 851]
Event: 38.639 Thread 0x000001494acf4900 Exception <a 'java/lang/NoSuchMethodError'{0x000000008a72ce40}: 'int java.lang.invoke.DirectMethodHandle$Holder.invokeSpecial(java.lang.Object, java.lang.Object, int)'> (0x000000008a72ce40) 
thrown [s\src\hotspot\share\interpreter\linkResolver.cpp, line 784]
Event: 40.708 Thread 0x000001494acf4900 Exception <a 'java/lang/NoSuchMethodError'{0x00000000898e90d0}: 'int java.lang.invoke.DirectMethodHandle$Holder.invokeStaticInit(java.lang.Object, java.lang.Object, java.lang.Object, java.lang.Object, java.lang.Object)'> (0x00000000898e90d0) 
thrown [s\src\hotspot\share\interpreter\linkResolver.cpp, line 784]
Event: 40.824 Thread 0x000001494bfded30 Implicit null exception at 0x000001493359993d to 0x00000149335999ad
Event: 41.451 Thread 0x000001494aceed20 Exception <a 'java/lang/NoSuchMethodError'{0x00000000897d8c90}: static Lcom/android/build/gradle/internal/scope/InternalArtifactType;.<clinit>()V> (0x00000000897d8c90) 
thrown [s\src\hotspot\share\prims\jni.cpp, line 1139]
Event: 41.451 Thread 0x000001494aceed20 Exception <a 'java/lang/NoSuchMethodError'{0x00000000897da530}: static Lcom/android/build/gradle/internal/scope/InternalArtifactType;.<clinit>()V> (0x00000000897da530) 
thrown [s\src\hotspot\share\prims\jni.cpp, line 1139]
Event: 41.451 Thread 0x000001494aceed20 Exception <a 'java/lang/NoSuchMethodError'{0x00000000897ddd18}: static Lcom/android/build/api/artifact/Artifact$Single;.<clinit>()V> (0x00000000897ddd18) 
thrown [s\src\hotspot\share\prims\jni.cpp, line 1139]
Event: 41.451 Thread 0x000001494aceed20 Exception <a 'java/lang/NoSuchMethodError'{0x00000000897dfeb0}: static Ljava/lang/Object;.<clinit>()V> (0x00000000897dfeb0) 
thrown [s\src\hotspot\share\prims\jni.cpp, line 1139]
Event: 41.454 Thread 0x000001494aceed20 Exception <a 'java/lang/NoSuchMethodError'{0x00000000897f9b78}: static Lcom/android/build/api/artifact/ArtifactKind;.<clinit>()V> (0x00000000897f9b78) 
thrown [s\src\hotspot\share\prims\jni.cpp, line 1139]
Event: 41.455 Thread 0x000001494aceed20 Exception <a 'java/lang/NoSuchMethodError'{0x00000000897fad80}: static Lcom/android/build/api/artifact/ArtifactKind;.<clinit>()V> (0x00000000897fad80) 
thrown [s\src\hotspot\share\prims\jni.cpp, line 1139]
Event: 41.973 Thread 0x000001494aceed20 Exception <a 'java/lang/NoSuchMethodError'{0x000000008a8d9ad0}: 'int java.lang.invoke.DirectMethodHandle$Holder.invokeSpecial(java.lang.Object, java.lang.Object, java.lang.Object, java.lang.Object, java.lang.Object)'> (0x000000008a8d9ad0) 
thrown [s\src\hotspot\share\interpreter\linkResolver.cpp, line 784]
Event: 42.335 Thread 0x000001494aceed20 Exception <a 'java/lang/NoSuchMethodError'{0x0000000088cca500}: static Ljava/lang/Object;.<clinit>()V> (0x0000000088cca500) 
thrown [s\src\hotspot\share\prims\jni.cpp, line 1139]
Event: 42.887 Thread 0x000001494aceed20 Exception <a 'java/lang/NoSuchMethodError'{0x000000008aae57f0}: static Lorg/jetbrains/kotlin/gradle/internal/kapt/incremental/ClasspathEntryData;.<clinit>()V> (0x000000008aae57f0) 
thrown [s\src\hotspot\share\prims\jni.cpp, line 1139]

ZGC Phase Switch (0 events):
No events

VM Operations (20 events):
Event: 41.199 Executing VM operation: HandshakeAllThreads (Deoptimize) done
Event: 41.246 Executing VM operation: ICBufferFull
Event: 41.246 Executing VM operation: ICBufferFull done
Event: 41.653 Executing VM operation: G1CollectForAllocation (G1 Evacuation Pause)
Event: 41.665 Executing VM operation: G1CollectForAllocation (G1 Evacuation Pause) done
Event: 41.969 Executing VM operation: HandshakeAllThreads (Deoptimize)
Event: 41.970 Executing VM operation: HandshakeAllThreads (Deoptimize) done
Event: 41.979 Executing VM operation: HandshakeAllThreads (Deoptimize)
Event: 41.980 Executing VM operation: HandshakeAllThreads (Deoptimize) done
Event: 42.202 Executing VM operation: ICBufferFull
Event: 42.202 Executing VM operation: ICBufferFull done
Event: 42.354 Executing VM operation: G1CollectForAllocation (G1 Evacuation Pause)
Event: 42.365 Executing VM operation: G1CollectForAllocation (G1 Evacuation Pause) done
Event: 42.485 Executing VM operation: G1PauseRemark
Event: 42.495 Executing VM operation: G1PauseRemark done
Event: 42.539 Executing VM operation: G1PauseCleanup
Event: 42.539 Executing VM operation: G1PauseCleanup done
Event: 42.932 Executing VM operation: G1CollectForAllocation (G1 Evacuation Pause)
Event: 42.946 Executing VM operation: G1CollectForAllocation (G1 Evacuation Pause) done
Event: 43.705 Executing VM operation: G1CollectForAllocation (G1 Evacuation Pause)

Memory protections (0 events):
No events

Nmethod flushes (20 events):
Event: 42.493 Thread 0x000001494023e570 flushing  nmethod 0x000001492c21bd10
Event: 42.493 Thread 0x000001494023e570 flushing  nmethod 0x000001492c220590
Event: 42.493 Thread 0x000001494023e570 flushing  nmethod 0x000001492c220e90
Event: 42.493 Thread 0x000001494023e570 flushing  nmethod 0x000001492c298110
Event: 42.493 Thread 0x000001494023e570 flushing  nmethod 0x000001492c2bf290
Event: 42.493 Thread 0x000001494023e570 flushing  nmethod 0x000001492c2c1890
Event: 42.493 Thread 0x000001494023e570 flushing  nmethod 0x000001492c2c2a90
Event: 42.493 Thread 0x000001494023e570 flushing  nmethod 0x000001492c2fa290
Event: 42.493 Thread 0x000001494023e570 flushing  nmethod 0x000001492c2ff190
Event: 42.493 Thread 0x000001494023e570 flushing  nmethod 0x000001492c2ffb10
Event: 42.493 Thread 0x000001494023e570 flushing  nmethod 0x000001492c301990
Event: 42.493 Thread 0x000001494023e570 flushing  nmethod 0x000001492c302690
Event: 42.493 Thread 0x000001494023e570 flushing  nmethod 0x000001492c305490
Event: 42.493 Thread 0x000001494023e570 flushing  nmethod 0x000001492c43c010
Event: 42.493 Thread 0x000001494023e570 flushing  nmethod 0x000001492c7ce310
Event: 42.493 Thread 0x000001494023e570 flushing  nmethod 0x000001492c956410
Event: 42.493 Thread 0x000001494023e570 flushing  nmethod 0x000001492c9ee210
Event: 42.493 Thread 0x000001494023e570 flushing  nmethod 0x000001492c9eed10
Event: 42.493 Thread 0x000001494023e570 flushing  nmethod 0x000001492c9ef810
Event: 42.493 Thread 0x000001494023e570 flushing  nmethod 0x000001492cc37610

Events (20 events):
Event: 41.648 Thread 0x000001494aceed20 Thread added: 0x0000014948f16ee0
Event: 42.095 Thread 0x000001494aceed20 Thread added: 0x0000014948f154a0
Event: 42.100 Thread 0x000001494aceed20 Thread added: 0x0000014948f1cac0
Event: 42.100 Thread 0x000001494aceed20 Thread added: 0x0000014948f1d150
Event: 42.101 Thread 0x000001494aceed20 Thread added: 0x0000014948f1eb90
Event: 42.101 Thread 0x000001494aceed20 Thread added: 0x0000014948f1f220
Event: 42.102 Thread 0x000001494aceed20 Thread added: 0x0000014948f1d7e0
Event: 42.103 Thread 0x000001494aceed20 Thread added: 0x0000014948f1de70
Event: 42.104 Thread 0x000001494aceed20 Thread added: 0x0000014948f18920
Event: 42.105 Thread 0x000001494aceed20 Thread added: 0x0000014948f22010
Event: 42.105 Thread 0x000001494aceed20 Thread added: 0x0000014948f1f8b0
Event: 42.106 Thread 0x000001494aceed20 Thread added: 0x0000014948f1ff40
Event: 42.259 Thread 0x000001494aceed20 Thread added: 0x0000014948f1e500
Event: 42.260 Thread 0x000001494aceed20 Thread added: 0x0000014948f22d30
Event: 42.260 Thread 0x000001494aceed20 Thread added: 0x0000014948f205d0
Event: 42.260 Thread 0x000001494aceed20 Thread added: 0x0000014948f20c60
Event: 42.260 Thread 0x000001494aceed20 Thread added: 0x0000014948f24770
Event: 42.260 Thread 0x000001494aceed20 Thread added: 0x0000014948f226a0
Event: 42.260 Thread 0x000001494aceed20 Thread added: 0x0000014948f212f0
Event: 42.260 Thread 0x000001494aceed20 Thread added: 0x0000014948f21980


Dynamic libraries:
0x00007ff77a410000 - 0x00007ff77a41a000 	C:\Program Files\Android\Android Studio\jbr\bin\java.exe
0x00007ffe09cf0000 - 0x00007ffe09f08000 	C:\WINDOWS\SYSTEM32\ntdll.dll
0x00007ffe07c10000 - 0x00007ffe07cd4000 	C:\WINDOWS\System32\KERNEL32.DLL
0x00007ffe07010000 - 0x00007ffe073e3000 	C:\WINDOWS\System32\KERNELBASE.dll
0x00007ffe07740000 - 0x00007ffe07851000 	C:\WINDOWS\System32\ucrtbase.dll
0x00007ffdd2860000 - 0x00007ffdd2878000 	C:\Program Files\Android\Android Studio\jbr\bin\jli.dll
0x00007ffe08730000 - 0x00007ffe088e2000 	C:\WINDOWS\System32\USER32.dll
0x00007ffd83ab0000 - 0x00007ffd83acb000 	C:\Program Files\Android\Android Studio\jbr\bin\VCRUNTIME140.dll
0x00007ffdee6f0000 - 0x00007ffdee98c000 	C:\WINDOWS\WinSxS\amd64_microsoft.windows.common-controls_6595b64144ccf1df_6.0.22621.6060_none_2712eda17382d24b\COMCTL32.dll
0x00007ffe06fe0000 - 0x00007ffe07006000 	C:\WINDOWS\System32\win32u.dll
0x00007ffe08d80000 - 0x00007ffe08e27000 	C:\WINDOWS\System32\msvcrt.dll
0x00007ffe09be0000 - 0x00007ffe09c09000 	C:\WINDOWS\System32\GDI32.dll
0x00007ffe07860000 - 0x00007ffe07983000 	C:\WINDOWS\System32\gdi32full.dll
0x00007ffe073f0000 - 0x00007ffe0748a000 	C:\WINDOWS\System32\msvcp_win.dll
0x00007ffe07ab0000 - 0x00007ffe07ae1000 	C:\WINDOWS\System32\IMM32.DLL
0x00007ffde4300000 - 0x00007ffde430c000 	C:\Program Files\Android\Android Studio\jbr\bin\vcruntime140_1.dll
0x00007ffdc6d80000 - 0x00007ffdc6e0d000 	C:\Program Files\Android\Android Studio\jbr\bin\msvcp140.dll
0x00007ffd83ad0000 - 0x00007ffd8475b000 	C:\Program Files\Android\Android Studio\jbr\bin\server\jvm.dll
0x00007ffe079e0000 - 0x00007ffe07a91000 	C:\WINDOWS\System32\ADVAPI32.dll
0x00007ffe08a30000 - 0x00007ffe08ad8000 	C:\WINDOWS\System32\sechost.dll
0x00007ffe06df0000 - 0x00007ffe06e18000 	C:\WINDOWS\System32\bcrypt.dll
0x00007ffe07af0000 - 0x00007ffe07c08000 	C:\WINDOWS\System32\RPCRT4.dll
0x00007ffe08fd0000 - 0x00007ffe09041000 	C:\WINDOWS\System32\WS2_32.dll
0x00007ffe06a60000 - 0x00007ffe06aad000 	C:\WINDOWS\SYSTEM32\POWRPROF.dll
0x00007ffe021b0000 - 0x00007ffe021e4000 	C:\WINDOWS\SYSTEM32\WINMM.dll
0x00007ffdff630000 - 0x00007ffdff63a000 	C:\WINDOWS\SYSTEM32\VERSION.dll
0x00007ffe06a40000 - 0x00007ffe06a53000 	C:\WINDOWS\SYSTEM32\UMPDC.dll
0x00007ffe05dc0000 - 0x00007ffe05dd8000 	C:\WINDOWS\SYSTEM32\kernel.appcore.dll
0x00007ffd83aa0000 - 0x00007ffd83aaa000 	C:\Program Files\Android\Android Studio\jbr\bin\jimage.dll
0x00007ffdfdf90000 - 0x00007ffdfe1c3000 	C:\WINDOWS\SYSTEM32\DBGHELP.DLL
0x00007ffe09840000 - 0x00007ffe09bd2000 	C:\WINDOWS\System32\combase.dll
0x00007ffe08650000 - 0x00007ffe08728000 	C:\WINDOWS\System32\OLEAUT32.dll
0x00007ffdede60000 - 0x00007ffdede92000 	C:\WINDOWS\SYSTEM32\dbgcore.DLL
0x00007ffe06f60000 - 0x00007ffe06fdb000 	C:\WINDOWS\System32\bcryptPrimitives.dll
0x00007ffe01710000 - 0x00007ffe0171e000 	C:\Program Files\Android\Android Studio\jbr\bin\instrument.dll
0x00007ffd83a80000 - 0x00007ffd83aa0000 	C:\Program Files\Android\Android Studio\jbr\bin\java.dll
0x00007ffd83a60000 - 0x00007ffd83a78000 	C:\Program Files\Android\Android Studio\jbr\bin\zip.dll
0x00007ffe07d40000 - 0x00007ffe085de000 	C:\WINDOWS\System32\SHELL32.dll
0x00007ffe07490000 - 0x00007ffe075cf000 	C:\WINDOWS\System32\wintypes.dll
0x00007ffe04c90000 - 0x00007ffe055a8000 	C:\WINDOWS\SYSTEM32\windows.storage.dll
0x00007ffe08c70000 - 0x00007ffe08d74000 	C:\WINDOWS\System32\SHCORE.dll
0x00007ffe09070000 - 0x00007ffe090d9000 	C:\WINDOWS\System32\shlwapi.dll
0x00007ffe06d20000 - 0x00007ffe06d45000 	C:\WINDOWS\SYSTEM32\profapi.dll
0x00007ffd83a50000 - 0x00007ffd83a60000 	C:\Program Files\Android\Android Studio\jbr\bin\net.dll
0x00007ffe03b60000 - 0x00007ffe03c8c000 	C:\WINDOWS\SYSTEM32\WINHTTP.dll
0x00007ffe062a0000 - 0x00007ffe06309000 	C:\WINDOWS\system32\mswsock.dll
0x00007ffd83a30000 - 0x00007ffd83a46000 	C:\Program Files\Android\Android Studio\jbr\bin\nio.dll
0x00007ffd83a20000 - 0x00007ffd83a30000 	C:\Program Files\Android\Android Studio\jbr\bin\verify.dll
0x00007ffdf1f10000 - 0x00007ffdf1f37000 	C:\Users\gaurav\.gradle\native\1def1411415f61bf3af743bc5b6707747c0891f09f0c88961ee8f79bc544acac\windows-amd64\native-platform.dll
0x00007ffdc5d20000 - 0x00007ffdc5d98000 	C:\Users\gaurav\.gradle\native\0.2.7\x86_64-windows-gnu\gradle-fileevents.dll
0x00007ffd835c0000 - 0x00007ffd835c9000 	C:\Program Files\Android\Android Studio\jbr\bin\management.dll
0x00007ffd835b0000 - 0x00007ffd835bb000 	C:\Program Files\Android\Android Studio\jbr\bin\management_ext.dll
0x00007ffe08970000 - 0x00007ffe08978000 	C:\WINDOWS\System32\PSAPI.DLL
0x00007ffe05800000 - 0x00007ffe0582d000 	C:\WINDOWS\SYSTEM32\IPHLPAPI.DLL
0x00007ffe08c40000 - 0x00007ffe08c49000 	C:\WINDOWS\System32\NSI.dll
0x00007ffd83620000 - 0x00007ffd83629000 	C:\Program Files\Android\Android Studio\jbr\bin\extnet.dll
0x00007ffe064f0000 - 0x00007ffe0650b000 	C:\WINDOWS\SYSTEM32\CRYPTSP.dll
0x00007ffe05d20000 - 0x00007ffe05d57000 	C:\WINDOWS\system32\rsaenh.dll
0x00007ffe06390000 - 0x00007ffe063b8000 	C:\WINDOWS\SYSTEM32\USERENV.dll
0x00007ffe06510000 - 0x00007ffe0651c000 	C:\WINDOWS\SYSTEM32\CRYPTBASE.dll
0x00007ffd85290000 - 0x00007ffd85298000 	C:\WINDOWS\system32\wshunix.dll
0x00007ffd851a0000 - 0x00007ffd851b7000 	C:\WINDOWS\system32\napinsp.dll
0x00007ffd851e0000 - 0x00007ffd851fb000 	C:\WINDOWS\system32\pnrpnsp.dll
0x00007ffe05830000 - 0x00007ffe05928000 	C:\WINDOWS\SYSTEM32\DNSAPI.dll
0x00007ffd851c0000 - 0x00007ffd851d1000 	C:\WINDOWS\System32\winrnr.dll
0x00007ffddbcb0000 - 0x00007ffddbcc5000 	C:\WINDOWS\system32\wshbth.dll
0x00007ffdc86d0000 - 0x00007ffdc86f1000 	C:\WINDOWS\system32\nlansp_c.dll
0x00007ffe02a50000 - 0x00007ffe02a5a000 	C:\Windows\System32\rasadhlp.dll
0x00007ffe02870000 - 0x00007ffe028f4000 	C:\WINDOWS\System32\fwpuclnt.dll

dbghelp: loaded successfully - version: 4.0.5 - missing functions: none
symbol engine: initialized successfully - sym options: 0x614 - pdb path: .;C:\Program Files\Android\Android Studio\jbr\bin;C:\WINDOWS\SYSTEM32;C:\WINDOWS\WinSxS\amd64_microsoft.windows.common-controls_6595b64144ccf1df_6.0.22621.6060_none_2712eda17382d24b;C:\Program Files\Android\Android Studio\jbr\bin\server;C:\Users\gaurav\.gradle\native\1def1411415f61bf3af743bc5b6707747c0891f09f0c88961ee8f79bc544acac\windows-amd64;C:\Users\gaurav\.gradle\native\0.2.7\x86_64-windows-gnu

VM Arguments:
jvm_args: --add-opens=java.base/java.lang=ALL-UNNAMED --add-opens=java.base/java.lang.invoke=ALL-UNNAMED --add-opens=java.base/java.util=ALL-UNNAMED --add-opens=java.prefs/java.util.prefs=ALL-UNNAMED --add-exports=jdk.compiler/com.sun.tools.javac.api=ALL-UNNAMED --add-exports=jdk.compiler/com.sun.tools.javac.util=ALL-UNNAMED --add-opens=java.base/java.util=ALL-UNNAMED --add-opens=java.prefs/java.util.prefs=ALL-UNNAMED --add-opens=java.base/java.nio.charset=ALL-UNNAMED --add-opens=java.base/java.net=ALL-UNNAMED --add-opens=java.base/java.util.concurrent.atomic=ALL-UNNAMED --add-opens=java.xml/javax.xml.namespace=ALL-UNNAMED -Xmx2048m -Dfile.encoding=UTF-8 -Duser.country=US -Duser.language=en -Duser.variant -javaagent:C:\Users\gaurav\.gradle\wrapper\dists\gradle-8.13-bin\5xuhj0ry160q40clulazy9h7d\gradle-8.13\lib\agents\gradle-instrumentation-agent-8.13.jar 
java_command: org.gradle.launcher.daemon.bootstrap.GradleDaemon 8.13
java_class_path (initial): C:\Users\gaurav\.gradle\wrapper\dists\gradle-8.13-bin\5xuhj0ry160q40clulazy9h7d\gradle-8.13\lib\gradle-daemon-main-8.13.jar
Launcher Type: SUN_STANDARD

[Global flags]
     intx CICompilerCount                          = 4                                         {product} {ergonomic}
     uint ConcGCThreads                            = 3                                         {product} {ergonomic}
     uint G1ConcRefinementThreads                  = 10                                        {product} {ergonomic}
   size_t G1HeapRegionSize                         = 1048576                                   {product} {ergonomic}
    uintx GCDrainStackTargetSize                   = 64                                        {product} {ergonomic}
   size_t InitialHeapSize                          = 123731968                                 {product} {ergonomic}
   size_t MarkStackSize                            = 4194304                                   {product} {ergonomic}
   size_t MaxHeapSize                              = 2147483648                                {product} {command line}
   size_t MaxNewSize                               = 1287651328                                {product} {ergonomic}
   size_t MinHeapDeltaBytes                        = 1048576                                   {product} {ergonomic}
   size_t MinHeapSize                              = 8388608                                   {product} {ergonomic}
    uintx NonNMethodCodeHeapSize                   = 5839372                                {pd product} {ergonomic}
    uintx NonProfiledCodeHeapSize                  = 122909434                              {pd product} {ergonomic}
    uintx ProfiledCodeHeapSize                     = 122909434                              {pd product} {ergonomic}
    uintx ReservedCodeCacheSize                    = 251658240                              {pd product} {ergonomic}
     bool SegmentedCodeCache                       = true                                      {product} {ergonomic}
   size_t SoftMaxHeapSize                          = 2147483648                             {manageable} {ergonomic}
     bool UseCompressedOops                        = true                           {product lp64_product} {ergonomic}
     bool UseG1GC                                  = true                                      {product} {ergonomic}
     bool UseLargePagesIndividualAllocation        = false                                  {pd product} {ergonomic}

Logging:
Log output configuration:
 #0: stdout all=warning uptime,level,tags foldmultilines=false
 #1: stderr all=off uptime,level,tags foldmultilines=false

Environment Variables:
JAVA_HOME=D:\amazon\jdk11.0.28_6
PATH=D:\amazon\jdk11.0.28_6\bin;C:\Users\gaurav\.jdks\openjdk-21.0.1\bin;C:\Program Files\HP\HP One Agent;C:\Program Files\Git\cmd;C:\Users\gaurav\Downloads\kobweb-0.9.21\kobweb-0.9.21\bin;C:\Users\gaurav\AppData\Local\Microsoft\WindowsApps;C:\Users\gaurav\Downloads\flutter_windows_3.13.0-stable\flutter\bin;C:\Users\gaurav\AppData\Local\Programs\Microsoft VS Code\bin;C:\Program Files\JetBrains\IntelliJ IDEA Community Edition 2023.2.3\bin;C:\Users\gaurav\AppData\Local\JetBrains\Toolbox\scripts;
USERNAME=gaurav
OS=Windows_NT
PROCESSOR_IDENTIFIER=AMD64 Family 23 Model 104 Stepping 1, AuthenticAMD
TMP=C:\Users\gaurav\AppData\Local\Temp
TEMP=C:\Users\gaurav\AppData\Local\Temp




Periodic native trim disabled

JNI global refs:
JNI global refs: 28, weak refs: 5

JNI global refs memory usage: 835, weak refs: 833

Process memory usage:
Resident Set Size: 518004K (6% of 7681732K total physical memory with 321856K free physical memory)

OOME stack traces (most recent first):
Classloader memory used:
Loader org.gradle.internal.classloader.VisitableURLClassLoader                         : 43859K
Loader org.gradle.internal.classloader.VisitableURLClassLoader$InstrumentingVisitableURLClassLoader: 33911K
Loader bootstrap                                                                       : 29300K
Loader org.gradle.initialization.MixInLegacyTypesClassLoader                           : 11890K
Loader jdk.internal.loader.ClassLoaders$PlatformClassLoader                            : 508K
Loader jdk.internal.reflect.DelegatingClassLoader                                      : 431K
Loader org.gradle.internal.classloader.VisitableURLClassLoader                         : 316K
Loader jdk.internal.loader.ClassLoaders$AppClassLoader                                 : 235K

Classes loaded by more than one classloader:
Class Program                                                                         : loaded 5 times (x 68B)
Class Build_gradle                                                                    : loaded 3 times (x 126B)
Class Build_gradle$1                                                                  : loaded 3 times (x 70B)
Class org.gradle.internal.classloader.FilteringClassLoader                            : loaded 2 times (x 101B)
Class [Lcom.google.common.base.AbstractIterator$State;                                : loaded 2 times (x 65B)
Class com.google.common.base.CharMatcher$IsEither                                     : loaded 2 times (x 107B)
Class org.gradle.internal.classloader.ClassLoaderHierarchy                            : loaded 2 times (x 66B)
Class com.google.common.collect.ImmutableEnumSet                                      : loaded 2 times (x 142B)
Class com.google.common.util.concurrent.ExecutionError                                : loaded 2 times (x 78B)
Class com.google.common.collect.ImmutableList$1                                       : loaded 2 times (x 93B)
Class org.gradle.api.internal.classpath.ManifestUtil                                  : loaded 2 times (x 67B)
Class com.google.common.collect.RegularImmutableMap                                   : loaded 2 times (x 117B)
Class com.google.common.collect.ImmutableMap$MapViewOfValuesAsSingletonSets           : loaded 2 times (x 121B)
Class [Lorg.objectweb.asm.Symbol;                                                     : loaded 2 times (x 65B)
Class org.objectweb.asm.ClassVisitor                                                  : loaded 2 times (x 84B)
Class com.google.common.collect.UnmodifiableListIterator                              : loaded 2 times (x 91B)
Class org.objectweb.asm.MethodTooLargeException                                       : loaded 2 times (x 79B)
Class [Lcom.google.common.cache.CacheBuilder$OneWeigher;                              : loaded 2 times (x 65B)
Class com.google.common.base.Suppliers                                                : loaded 2 times (x 67B)
Class com.google.common.base.Platform$JdkPatternCompiler                              : loaded 2 times (x 71B)
Class org.gradle.internal.classloader.DefaultClassLoaderFactory                       : loaded 2 times (x 78B)
Class com.google.common.base.CharMatcher$None                                         : loaded 2 times (x 108B)
Class org.gradle.internal.classloader.ClassLoaderVisitor                              : loaded 2 times (x 72B)
Class [Lcom.google.common.collect.ImmutableMapEntry;                                  : loaded 2 times (x 65B)
Class org.gradle.api.internal.classpath.EffectiveClassPath                            : loaded 2 times (x 86B)
Class com.google.common.collect.ImmutableRangeSet                                     : loaded 2 times (x 111B)
Class com.google.common.collect.ImmutableEnumMap                                      : loaded 2 times (x 121B)
Class com.google.common.collect.ListMultimap                                          : loaded 2 times (x 66B)
Class com.google.common.collect.Sets$1                                                : loaded 2 times (x 135B)
Class org.objectweb.asm.AnnotationVisitor                                             : loaded 2 times (x 74B)
Class com.google.common.base.Splitter                                                 : loaded 2 times (x 68B)
Class org.gradle.api.internal.DefaultClassPathProvider                                : loaded 2 times (x 72B)
Class com.google.common.collect.Sets$2                                                : loaded 2 times (x 135B)
Class [Lorg.gradle.api.internal.ClassPathProvider;                                    : loaded 2 times (x 65B)
Class org.gradle.api.internal.ClassPathProvider                                       : loaded 2 times (x 66B)
Class [Lorg.objectweb.asm.AnnotationVisitor;                                          : loaded 2 times (x 65B)
Class com.google.common.collect.Sets$3                                                : loaded 2 times (x 135B)
Class com.google.common.util.concurrent.AbstractFuture$SafeAtomicHelper               : loaded 2 times (x 75B)
Class com.google.common.cache.LocalCache$LocalLoadingCache                            : loaded 2 times (x 130B)
Class com.google.common.base.AbstractIterator$State                                   : loaded 2 times (x 75B)
Class org.gradle.internal.service.UnknownServiceException                             : loaded 2 times (x 79B)
Class com.google.common.collect.Sets$4                                                : loaded 2 times (x 135B)
Class org.objectweb.asm.ModuleVisitor                                                 : loaded 2 times (x 77B)
Class com.google.common.cache.LocalCache$Strength$1                                   : loaded 2 times (x 77B)
Class com.google.common.util.concurrent.SettableFuture                                : loaded 2 times (x 110B)
Class com.google.common.cache.LocalCache$Strength$2                                   : loaded 2 times (x 77B)
Class com.google.common.cache.LocalCache$Strength$3                                   : loaded 2 times (x 77B)
Class com.google.common.collect.MapDifference                                         : loaded 2 times (x 66B)
Class com.google.common.base.Splitter$1                                               : loaded 2 times (x 73B)
Class org.objectweb.asm.FieldWriter                                                   : loaded 2 times (x 74B)
Class com.google.common.cache.CacheBuilder$NullListener                               : loaded 2 times (x 78B)
Class org.gradle.internal.classpath.TransformedClassPath                              : loaded 2 times (x 92B)
Class org.gradle.internal.classloader.InstrumentingClassLoader                        : loaded 2 times (x 66B)
Class com.google.common.collect.ImmutableRangeSet$AsSet                               : loaded 2 times (x 295B)
Class com.google.common.cache.CacheLoader$FunctionToCacheLoader                       : loaded 2 times (x 71B)
Class com.google.common.collect.Iterators$ArrayItr                                    : loaded 2 times (x 93B)
Class com.google.common.collect.ImmutableCollection$Builder                           : loaded 2 times (x 72B)
Class com.google.common.base.Joiner                                                   : loaded 2 times (x 75B)
Class com.google.common.base.MoreObjects                                              : loaded 2 times (x 67B)
Class [Lorg.objectweb.asm.Type;                                                       : loaded 2 times (x 65B)
Class com.google.common.collect.Platform                                              : loaded 2 times (x 67B)
Class com.google.common.collect.UnmodifiableIterator                                  : loaded 2 times (x 76B)
Class org.gradle.internal.service.ServiceLocator                                      : loaded 2 times (x 66B)
Class com.google.common.base.Ascii                                                    : loaded 2 times (x 67B)
Class com.google.common.collect.SingletonImmutableBiMap                               : loaded 2 times (x 139B)
Class com.google.common.cache.LocalCache$1                                            : loaded 2 times (x 85B)
Class com.google.common.collect.AbstractMapEntry                                      : loaded 2 times (x 77B)
Class com.google.common.collect.Sets$ImprovedAbstractSet                              : loaded 2 times (x 131B)
Class com.google.common.collect.ImmutableList$Builder                                 : loaded 2 times (x 73B)
Class com.google.common.cache.LocalCache$2                                            : loaded 2 times (x 138B)
Class com.google.common.collect.AbstractMultimap                                      : loaded 2 times (x 119B)
Class com.google.common.collect.ImmutableRangeSet$1                                   : loaded 2 times (x 205B)
Class com.google.common.util.concurrent.AbstractFuture$UnsafeAtomicHelper$1           : loaded 2 times (x 72B)
Class com.google.common.collect.RegularImmutableAsList                                : loaded 2 times (x 212B)
Class com.google.common.collect.Range                                                 : loaded 2 times (x 83B)
Class com.google.common.util.concurrent.AbstractFuture$Trusted                        : loaded 2 times (x 66B)
Class com.google.common.collect.Iterators                                             : loaded 2 times (x 67B)
Class com.google.common.base.CharMatcher$RangesMatcher                                : loaded 2 times (x 108B)
Class com.google.common.util.concurrent.UncheckedExecutionException                   : loaded 2 times (x 78B)
Class com.google.common.collect.Lists$StringAsImmutableList                           : loaded 2 times (x 203B)
Class org.gradle.kotlin.dsl.VersionCatalogAccessorsKt                                 : loaded 2 times (x 67B)
Class com.google.common.collect.ImmutableSortedSetFauxverideShim                      : loaded 2 times (x 143B)
Class com.google.common.base.CharMatcher$JavaLetterOrDigit                            : loaded 2 times (x 107B)
Class org.gradle.internal.InternalTransformer                                         : loaded 2 times (x 66B)
Class com.google.common.collect.AbstractMapBasedMultimap$KeySet$1                     : loaded 2 times (x 78B)
Class org.objectweb.asm.ClassWriter                                                   : loaded 2 times (x 102B)
Class com.google.common.cache.CacheLoader$UnsupportedLoadingOperationException        : loaded 2 times (x 78B)
Class com.google.common.base.CharMatcher$And                                          : loaded 2 times (x 108B)
Class org.gradle.internal.classloader.ClasspathUtil$1                                 : loaded 2 times (x 72B)
Class com.google.common.base.Objects                                                  : loaded 2 times (x 67B)
Class org.objectweb.asm.FieldVisitor                                                  : loaded 2 times (x 73B)
Class com.google.common.collect.IndexedImmutableSet                                   : loaded 2 times (x 146B)
Class com.google.common.collect.ImmutableMap$1                                        : loaded 2 times (x 77B)
Class com.google.common.collect.BiMap                                                 : loaded 2 times (x 66B)
Class org.gradle.api.internal.classpath.DefaultModuleRegistry$DefaultModule           : loaded 2 times (x 82B)
Class com.google.common.primitives.Ints                                               : loaded 2 times (x 67B)
Class com.google.common.collect.AbstractIterator                                      : loaded 2 times (x 78B)
Class com.google.common.math.MathPreconditions                                        : loaded 2 times (x 67B)
Class com.google.common.collect.Multiset                                              : loaded 2 times (x 66B)
Class com.google.common.collect.RegularImmutableMap$KeySet                            : loaded 2 times (x 146B)
Class com.google.common.collect.ObjectArrays                                          : loaded 2 times (x 67B)
Class com.google.common.collect.AbstractIndexedListIterator                           : loaded 2 times (x 92B)
Class com.google.common.collect.ImmutableMapEntrySet                                  : loaded 2 times (x 147B)
Class org.gradle.api.internal.classpath.Module                                        : loaded 2 times (x 66B)
Class com.google.common.cache.Weigher                                                 : loaded 2 times (x 66B)
Class org.gradle.api.internal.classpath.UnknownModuleException                        : loaded 2 times (x 78B)
Class com.google.common.base.Stopwatch                                                : loaded 2 times (x 68B)
Class com.google.common.cache.LocalCache$Strength                                     : loaded 2 times (x 77B)
Class com.google.common.cache.Cache                                                   : loaded 2 times (x 66B)
Class com.google.common.util.concurrent.AbstractFuture$Cancellation                   : loaded 2 times (x 68B)
Class com.google.common.collect.ImmutableMap$Builder                                  : loaded 2 times (x 78B)
Class com.google.common.base.NullnessCasts                                            : loaded 2 times (x 67B)
Class com.google.common.cache.RemovalListener                                         : loaded 2 times (x 66B)
Class org.gradle.api.internal.DefaultClassPathRegistry                                : loaded 2 times (x 72B)
Class com.google.common.primitives.IntsMethodsForWeb                                  : loaded 2 times (x 67B)
Class com.google.common.collect.Multimap                                              : loaded 2 times (x 66B)
Class org.gradle.api.internal.ClassPathRegistry                                       : loaded 2 times (x 66B)
Class org.gradle.internal.classpath.DefaultClassPath$ImmutableUniqueList              : loaded 2 times (x 195B)
Class com.google.common.base.ExtraObjectsMethodsForWeb                                : loaded 2 times (x 67B)
Class com.google.common.base.Equivalence$Identity                                     : loaded 2 times (x 78B)
Class com.google.common.cache.CacheBuilder                                            : loaded 2 times (x 68B)
Class com.google.common.collect.SingletonImmutableList                                : loaded 2 times (x 203B)
Class Settings_gradle$1                                                               : loaded 2 times (x 70B)
Class org.gradle.internal.classpath.ClassPath                                         : loaded 2 times (x 66B)
Class org.gradle.api.UncheckedIOException                                             : loaded 2 times (x 78B)
Class com.google.common.collect.ImmutableList$ReverseImmutableList                    : loaded 2 times (x 204B)
Class com.google.common.base.JdkPattern                                               : loaded 2 times (x 71B)
Class org.objectweb.asm.SymbolTable$Entry                                             : loaded 2 times (x 70B)
Class com.google.common.util.concurrent.AbstractFuture$AtomicHelper                   : loaded 2 times (x 74B)
Class org.objectweb.asm.Edge                                                          : loaded 2 times (x 68B)
Class com.google.common.base.Suppliers$SupplierOfInstance                             : loaded 2 times (x 75B)
Class com.google.common.collect.Iterators$1                                           : loaded 2 times (x 77B)
Class com.google.common.cache.LocalCache$ComputingValueReference                      : loaded 2 times (x 92B)
Class com.google.common.collect.SingletonImmutableSet                                 : loaded 2 times (x 142B)
Class com.google.common.collect.ImmutableMap$IteratorBasedImmutableMap                : loaded 2 times (x 121B)
Class com.google.common.cache.LocalCache$Segment                                      : loaded 2 times (x 150B)
Class com.google.common.collect.SortedIterable                                        : loaded 2 times (x 66B)
Class [Lorg.objectweb.asm.SymbolTable$Entry;                                          : loaded 2 times (x 65B)
Class com.google.common.cache.CacheLoader                                             : loaded 2 times (x 70B)
Class com.google.common.collect.Iterators$4                                           : loaded 2 times (x 78B)
Class com.google.common.collect.ImmutableBiMap                                        : loaded 2 times (x 139B)
Class com.google.common.collect.AbstractListMultimap                                  : loaded 2 times (x 168B)
Class org.gradle.internal.installation.GradleInstallation$1                           : loaded 2 times (x 71B)
Class org.gradle.api.internal.classpath.ModuleRegistry                                : loaded 2 times (x 66B)
Class com.google.common.util.concurrent.internal.InternalFutureFailureAccess          : loaded 2 times (x 68B)
Class com.google.common.collect.Iterators$5                                           : loaded 2 times (x 78B)
Class com.google.common.collect.ImmutableSet$JdkBackedSetBuilderImpl                  : loaded 2 times (x 72B)
Class com.google.common.base.Splitter$SplittingIterator                               : loaded 2 times (x 80B)
Class com.google.common.util.concurrent.AbstractFuture$UnsafeAtomicHelper             : loaded 2 times (x 74B)
Class com.google.common.cache.LocalCache$LocalManualCache$1                           : loaded 2 times (x 71B)
Class com.google.common.base.CharMatcher$ForPredicate                                 : loaded 2 times (x 108B)
Class com.google.common.collect.ImmutableCollection                                   : loaded 2 times (x 121B)
Class com.google.common.base.CharMatcher$AnyOf                                        : loaded 2 times (x 108B)
Class org.gradle.api.internal.classpath.DefaultModuleRegistry                         : loaded 2 times (x 82B)
Class com.google.common.util.concurrent.ListenableFuture                              : loaded 2 times (x 66B)
Class com.google.common.cache.ReferenceEntry                                          : loaded 2 times (x 66B)
Class com.google.common.collect.ImmutableSet$CachingAsList                            : loaded 2 times (x 143B)
Class com.google.common.base.Converter                                                : loaded 2 times (x 86B)
Class com.google.common.collect.Lists                                                 : loaded 2 times (x 67B)
Class com.google.common.base.CharMatcher$Any                                          : loaded 2 times (x 108B)
Class com.google.common.util.concurrent.AbstractFuture                                : loaded 2 times (x 102B)
Class com.google.common.base.FunctionalEquivalence                                    : loaded 2 times (x 79B)
Class com.google.common.collect.Iterators$9                                           : loaded 2 times (x 77B)
Class com.google.common.collect.AbstractMapBasedMultimap                              : loaded 2 times (x 135B)
Class com.google.common.collect.ImmutableAsList                                       : loaded 2 times (x 205B)
Class org.objectweb.asm.RecordComponentVisitor                                        : loaded 2 times (x 73B)
Class com.google.common.cache.CacheLoader$SupplierToCacheLoader                       : loaded 2 times (x 71B)
Class com.google.common.collect.Maps$EntryTransformer                                 : loaded 2 times (x 66B)
Class org.gradle.internal.service.ServiceLookupException                              : loaded 2 times (x 78B)
Class com.google.common.collect.ImmutableSortedSet                                    : loaded 2 times (x 295B)
Class [Lcom.google.common.cache.LocalCache$EntryFactory;                              : loaded 2 times (x 65B)
Class com.google.common.base.CharMatcher$JavaLetter                                   : loaded 2 times (x 107B)
Class org.gradle.internal.classloader.ClassLoaderFactory                              : loaded 2 times (x 66B)
Class com.google.common.cache.LocalCache$LocalManualCache                             : loaded 2 times (x 95B)
Class com.google.common.base.CharMatcher$IsNot                                        : loaded 2 times (x 107B)
Class com.google.common.base.CommonPattern                                            : loaded 2 times (x 70B)
Class org.gradle.internal.service.CachingServiceLocator                               : loaded 2 times (x 78B)
Class com.google.common.collect.AbstractMapBasedMultimap$KeySet                       : loaded 2 times (x 133B)
Class com.google.common.collect.RegularImmutableSortedSet                             : loaded 2 times (x 295B)
Class com.google.common.math.IntMath                                                  : loaded 2 times (x 67B)
Class com.google.common.collect.Iterators$10                                          : loaded 2 times (x 77B)
Class com.google.common.collect.ImmutableMapEntry                                     : loaded 2 times (x 81B)
Class com.google.common.base.CharMatcher$JavaDigit                                    : loaded 2 times (x 107B)
Class com.google.common.base.Equivalence                                              : loaded 2 times (x 78B)
Class com.google.common.collect.ImmutableMapEntry$NonTerminalImmutableMapEntry        : loaded 2 times (x 81B)
Class com.google.common.base.Function                                                 : loaded 2 times (x 66B)
Class com.google.common.collect.IndexedImmutableSet$1                                 : loaded 2 times (x 208B)
Class com.google.common.cache.CacheBuilder$OneWeigher                                 : loaded 2 times (x 78B)
Class com.google.common.collect.RegularImmutableList                                  : loaded 2 times (x 208B)
Class com.google.common.collect.ImmutableBiMapFauxverideShim                          : loaded 2 times (x 116B)
Class org.gradle.internal.classloader.ClasspathUtil                                   : loaded 2 times (x 67B)
Class com.google.common.base.Charsets                                                 : loaded 2 times (x 67B)
Class com.google.common.util.concurrent.Uninterruptibles                              : loaded 2 times (x 67B)
Class com.google.common.collect.Maps                                                  : loaded 2 times (x 67B)
Class com.google.common.base.CharMatcher$JavaUpperCase                                : loaded 2 times (x 107B)
Class org.gradle.api.specs.Spec                                                       : loaded 2 times (x 66B)
Class [Lcom.google.common.collect.ImmutableEntry;                                     : loaded 2 times (x 65B)
Class com.google.common.cache.LocalCache$LoadingValueReference                        : loaded 2 times (x 92B)
Class com.google.common.collect.ArrayListMultimapGwtSerializationDependencies         : loaded 2 times (x 168B)
Class com.google.common.base.Platform                                                 : loaded 2 times (x 67B)
Class [Lorg.objectweb.asm.AnnotationWriter;                                           : loaded 2 times (x 65B)
Class com.google.common.primitives.Ints$IntConverter                                  : loaded 2 times (x 86B)
Class com.google.common.collect.Maps$8                                                : loaded 2 times (x 78B)
Class com.google.common.collect.ImmutableRangeSet$Builder                             : loaded 2 times (x 73B)
Class com.google.common.collect.Sets$SetView                                          : loaded 2 times (x 134B)
Class com.google.common.cache.LocalCache$StrongValueReference                         : loaded 2 times (x 86B)
Class com.google.common.util.concurrent.AbstractFuture$SynchronizedHelper             : loaded 2 times (x 74B)
Class com.google.common.base.CharMatcher$Invisible                                    : loaded 2 times (x 108B)
Class org.objectweb.asm.Type                                                          : loaded 2 times (x 68B)
Class org.gradle.internal.classloader.VisitableURLClassLoader$InstrumentingVisitableURLClassLoader: loaded 2 times (x 119B)
Class org.objectweb.asm.ByteVector                                                    : loaded 2 times (x 75B)
Class [Lcom.google.common.cache.CacheBuilder$NullListener;                            : loaded 2 times (x 65B)
Class com.google.common.math.IntMath$1                                                : loaded 2 times (x 67B)
Class org.gradle.internal.classloader.VisitableURLClassLoader$Spec                    : loaded 2 times (x 70B)
Class org.gradle.internal.classpath.DefaultClassPath                                  : loaded 2 times (x 86B)
Class org.objectweb.asm.Symbol                                                        : loaded 2 times (x 69B)
Class com.google.common.base.AbstractIterator                                         : loaded 2 times (x 76B)
Class com.google.common.collect.RegularImmutableMap$Values                            : loaded 2 times (x 203B)
Class com.google.common.collect.ImmutableSet                                          : loaded 2 times (x 141B)
Class com.google.common.base.CharMatcher$BitSetMatcher                                : loaded 2 times (x 108B)
Class com.google.common.base.CharMatcher$Ascii                                        : loaded 2 times (x 108B)
Class org.gradle.internal.classloader.ClassLoaderSpec                                 : loaded 2 times (x 67B)
Class org.objectweb.asm.AnnotationWriter                                              : loaded 2 times (x 75B)
Class com.google.common.cache.CacheStats                                              : loaded 2 times (x 67B)
Class org.objectweb.asm.RecordComponentWriter                                         : loaded 2 times (x 74B)
Class com.google.common.util.concurrent.AbstractFuture$Listener                       : loaded 2 times (x 68B)
Class com.google.common.base.CharMatcher$Or                                           : loaded 2 times (x 108B)
Class Settings_gradle$1$1                                                             : loaded 2 times (x 70B)
Class org.objectweb.asm.Attribute                                                     : loaded 2 times (x 73B)
Class com.google.common.base.Supplier                                                 : loaded 2 times (x 66B)
Class org.gradle.internal.classloader.VisitableURLClassLoader                         : loaded 2 times (x 113B)
Class com.google.common.util.concurrent.AbstractFuture$Waiter                         : loaded 2 times (x 68B)
Class Settings_gradle                                                                 : loaded 2 times (x 124B)
Class org.gradle.internal.Cast                                                        : loaded 2 times (x 67B)
Class org.gradle.api.Action                                                           : loaded 2 times (x 66B)
Class com.google.common.collect.Sets                                                  : loaded 2 times (x 67B)
Class org.objectweb.asm.Handler                                                       : loaded 2 times (x 68B)
Class com.google.common.base.Ticker                                                   : loaded 2 times (x 68B)
Class com.google.common.base.Strings                                                  : loaded 2 times (x 67B)
Class com.google.common.base.CharMatcher$FastMatcher                                  : loaded 2 times (x 107B)
Class [Lcom.google.common.cache.LocalCache$Segment;                                   : loaded 2 times (x 65B)
Class [Lcom.google.common.cache.LocalCache$Strength;                                  : loaded 2 times (x 65B)
Class com.google.common.cache.CacheBuilder$1                                          : loaded 2 times (x 81B)
Class com.google.common.collect.ImmutableMap                                          : loaded 2 times (x 116B)
Class com.google.common.base.Predicate                                                : loaded 2 times (x 66B)
Class org.gradle.internal.classpath.DefaultClassPath$ImmutableUniqueList$Builder      : loaded 2 times (x 71B)
Class com.google.common.collect.AbstractRangeSet                                      : loaded 2 times (x 110B)
Class com.google.common.cache.LocalCache                                              : loaded 2 times (x 183B)
Class com.google.common.cache.CacheBuilder$2                                          : loaded 2 times (x 68B)
Class com.google.common.base.CharMatcher$NegatedFastMatcher                           : loaded 2 times (x 109B)
Class [Lcom.google.common.collect.AbstractMapEntry;                                   : loaded 2 times (x 65B)
Class com.google.common.collect.ImmutableEntry                                        : loaded 2 times (x 78B)
Class com.google.common.collect.ArrayListMultimap                                     : loaded 2 times (x 168B)
Class com.google.common.base.AbstractIterator$1                                       : loaded 2 times (x 67B)
Class com.google.common.base.CharMatcher$Digit                                        : loaded 2 times (x 108B)
Class org.gradle.api.GradleException                                                  : loaded 2 times (x 78B)
Class com.google.common.collect.CollectPreconditions                                  : loaded 2 times (x 67B)
Class com.google.common.base.CharMatcher$JavaIsoControl                               : loaded 2 times (x 108B)
Class com.google.common.collect.SortedMapDifference                                   : loaded 2 times (x 66B)
Class com.google.common.base.CharMatcher$JavaLowerCase                                : loaded 2 times (x 107B)
Class com.google.common.cache.LocalCache$EntryFactory                                 : loaded 2 times (x 79B)
Class com.google.common.cache.LocalCache$AbstractReferenceEntry                       : loaded 2 times (x 103B)
Class com.google.common.base.Splitter$1$1                                             : loaded 2 times (x 82B)
Class com.google.common.base.CharMatcher$Whitespace                                   : loaded 2 times (x 108B)
Class org.gradle.internal.IoActions                                                   : loaded 2 times (x 67B)
Class com.google.common.collect.ImmutableRangeSet$ComplementRanges                    : loaded 2 times (x 203B)
Class org.objectweb.asm.SymbolTable                                                   : loaded 2 times (x 68B)
Class com.google.common.cache.CacheLoader$InvalidCacheLoadException                   : loaded 2 times (x 78B)
Class com.google.common.collect.ImmutableSet$RegularSetBuilderImpl                    : loaded 2 times (x 73B)
Class com.google.common.base.CharMatcher$SingleWidth                                  : loaded 2 times (x 108B)
Class org.gradle.internal.classloader.SystemClassLoaderSpec                           : loaded 2 times (x 67B)
Class com.google.common.cache.LocalCache$StrongEntry                                  : loaded 2 times (x 104B)
Class com.google.common.util.concurrent.AbstractFuture$TrustedFuture                  : loaded 2 times (x 110B)
Class com.google.common.cache.LoadingCache                                            : loaded 2 times (x 66B)
Class org.objectweb.asm.MethodWriter                                                  : loaded 2 times (x 102B)
Class [Lcom.google.common.cache.Weigher;                                              : loaded 2 times (x 65B)
Class com.google.common.collect.RegularImmutableMap$BucketOverflowException           : loaded 2 times (x 78B)
Class com.google.common.collect.RegularImmutableBiMap                                 : loaded 2 times (x 144B)
Class com.google.common.cache.LocalCache$ValueReference                               : loaded 2 times (x 66B)
Class com.google.common.base.CharMatcher$Negated                                      : loaded 2 times (x 109B)
Class com.google.common.base.CharMatcher$Is                                           : loaded 2 times (x 107B)
Class com.google.common.util.concurrent.AbstractFuture$Failure                        : loaded 2 times (x 68B)
Class com.google.common.base.Equivalence$Equals                                       : loaded 2 times (x 78B)
Class com.google.common.collect.Hashing                                               : loaded 2 times (x 67B)
Class com.google.common.base.PatternCompiler                                          : loaded 2 times (x 66B)
Class com.google.common.base.Preconditions                                            : loaded 2 times (x 67B)
Class com.google.common.base.Joiner$1                                                 : loaded 2 times (x 76B)
Class org.objectweb.asm.Label                                                         : loaded 2 times (x 69B)
Class org.objectweb.asm.CurrentFrame                                                  : loaded 2 times (x 69B)
Class org.objectweb.asm.ClassTooLargeException                                        : loaded 2 times (x 79B)
Class com.google.common.collect.PeekingIterator                                       : loaded 2 times (x 66B)
Class com.google.common.base.CharMatcher                                              : loaded 2 times (x 107B)
Class com.google.common.collect.Maps$IteratorBasedAbstractMap                         : loaded 2 times (x 121B)
Class com.google.common.collect.RangeGwtSerializationDependencies                     : loaded 2 times (x 67B)
Class com.google.common.base.Joiner$2                                                 : loaded 2 times (x 75B)
Class org.objectweb.asm.Frame                                                         : loaded 2 times (x 69B)
Class org.objectweb.asm.MethodVisitor                                                 : loaded 2 times (x 101B)
Class com.google.common.cache.LocalCache$EntryFactory$1                               : loaded 2 times (x 79B)
Class [Lcom.google.common.cache.RemovalListener;                                      : loaded 2 times (x 65B)
Class com.google.common.base.CharMatcher$1                                            : loaded 2 times (x 109B)
Class com.google.common.base.CharMatcher$NamedFastMatcher                             : loaded 2 times (x 108B)
Class com.google.common.collect.RangeSet                                              : loaded 2 times (x 66B)
Class com.google.common.cache.LocalCache$EntryFactory$2                               : loaded 2 times (x 79B)
Class org.gradle.api.internal.classpath.GlobalCacheRootsProvider                      : loaded 2 times (x 66B)
Class com.google.common.collect.CollectCollectors                                     : loaded 2 times (x 67B)
Class org.objectweb.asm.ModuleWriter                                                  : loaded 2 times (x 78B)
Class com.google.common.cache.LocalCache$EntryFactory$3                               : loaded 2 times (x 79B)
Class com.google.common.base.Ticker$1                                                 : loaded 2 times (x 68B)
Class com.google.common.collect.ImmutableMapEntrySet$RegularEntrySet                  : loaded 2 times (x 147B)
Class com.google.common.collect.Maps$BiMapConverter                                   : loaded 2 times (x 86B)
Class com.google.common.cache.LocalCache$EntryFactory$4                               : loaded 2 times (x 79B)
Class com.google.common.collect.ImmutableSet$Builder                                  : loaded 2 times (x 81B)
Class com.google.common.base.CharMatcher$InRange                                      : loaded 2 times (x 107B)
Class com.google.common.cache.LocalCache$EntryFactory$5                               : loaded 2 times (x 79B)
Class com.google.common.base.PairwiseEquivalence                                      : loaded 2 times (x 79B)
Class com.google.common.cache.LocalCache$EntryFactory$6                               : loaded 2 times (x 79B)
Class org.gradle.internal.installation.CurrentGradleInstallationLocator               : loaded 2 times (x 67B)
Class com.google.common.collect.Maps$KeySet                                           : loaded 2 times (x 133B)
Class com.google.common.cache.LocalCache$EntryFactory$7                               : loaded 2 times (x 79B)
Class com.google.common.collect.ImmutableSet$EmptySetBuilderImpl                      : loaded 2 times (x 72B)
Class com.google.common.collect.ImmutableList                                         : loaded 2 times (x 202B)
Class org.gradle.internal.service.DefaultServiceLocator                               : loaded 2 times (x 79B)
Class com.google.common.cache.LocalCache$EntryFactory$8                               : loaded 2 times (x 79B)
Class com.google.common.collect.ImmutableSet$SetBuilderImpl                           : loaded 2 times (x 72B)
Class org.gradle.internal.installation.CurrentGradleInstallation                      : loaded 2 times (x 69B)
Class com.google.common.cache.CacheLoader$1                                           : loaded 2 times (x 71B)
Class com.google.common.collect.ForwardingObject                                      : loaded 2 times (x 68B)
Class com.google.common.collect.ImmutableList$SubList                                 : loaded 2 times (x 204B)
Class org.gradle.util.internal.GUtil                                                  : loaded 2 times (x 67B)
Class com.google.common.util.concurrent.AbstractFuture$SetFuture                      : loaded 2 times (x 71B)
Class com.google.common.cache.AbstractCache$StatsCounter                              : loaded 2 times (x 66B)
Class com.google.common.collect.Iterators$MergingIterator                             : loaded 2 times (x 77B)
Class com.google.common.collect.RegularImmutableSet                                   : loaded 2 times (x 144B)
Class org.gradle.internal.installation.GradleInstallation                             : loaded 2 times (x 71B)
Class com.google.common.collect.Iterables                                             : loaded 2 times (x 67B)
Class com.google.common.base.Splitter$Strategy                                        : loaded 2 times (x 66B)

---------------  S Y S T E M  ---------------

OS:
 Windows 11 , 64 bit Build 22621 (10.0.22621.5415)
OS uptime: 2 days 15:21 hours
Hyper-V role detected

CPU: total 12 (initial active 12) (12 cores per cpu, 2 threads per core) family 23 model 104 stepping 1 microcode 0x0, cx8, cmov, fxsr, ht, mmx, 3dnowpref, sse, sse2, sse3, ssse3, sse4a, sse4.1, sse4.2, popcnt, lzcnt, tsc, tscinvbit, avx, avx2, aes, clmul, bmi1, bmi2, adx, sha, fma, vzeroupper, clflush, clflushopt, hv, rdtscp, rdpid, f16c
Processor Information for processor 0
  Max Mhz: 2100, Current Mhz: 1893, Mhz Limit: 2100
Processor Information for processor 1
  Max Mhz: 2100, Current Mhz: 1893, Mhz Limit: 2100
Processor Information for processor 2
  Max Mhz: 2100, Current Mhz: 1893, Mhz Limit: 2100
Processor Information for processor 3
  Max Mhz: 2100, Current Mhz: 1813, Mhz Limit: 2100
Processor Information for processor 4
  Max Mhz: 2100, Current Mhz: 1813, Mhz Limit: 2100
Processor Information for processor 5
  Max Mhz: 2100, Current Mhz: 1813, Mhz Limit: 2100
Processor Information for processor 6
  Max Mhz: 2100, Current Mhz: 1813, Mhz Limit: 2100
Processor Information for processor 7
  Max Mhz: 2100, Current Mhz: 1813, Mhz Limit: 2100
Processor Information for processor 8
  Max Mhz: 2100, Current Mhz: 1813, Mhz Limit: 2100
Processor Information for processor 9
  Max Mhz: 2100, Current Mhz: 1813, Mhz Limit: 2100
Processor Information for processor 10
  Max Mhz: 2100, Current Mhz: 1813, Mhz Limit: 2100
Processor Information for processor 11
  Max Mhz: 2100, Current Mhz: 1813, Mhz Limit: 2100

Memory: 4k page, system-wide physical 7501M (314M free)
TotalPageFile size 22683M (AvailPageFile size 7M)
current process WorkingSet (physical memory assigned to process): 505M, peak: 530M
current process commit charge ("private bytes"): 596M, peak: 598M

vm_info: OpenJDK 64-Bit Server VM (21.0.6+-13391695-b895.109) for windows-amd64 JRE (21.0.6+-13391695-b895.109), built on 2025-04-22T21:19:17Z by "builder" with MS VC++ 16.10 / 16.11 (VS2019)

END.
