#
# There is insufficient memory for the Java Runtime Environment to continue.
# Native memory allocation (mmap) failed to map 165675008 bytes. Error detail: G1 virtual space
# Possible reasons:
#   The system is out of physical RAM or swap space
#   This process is running with CompressedOops enabled, and the Java Heap may be blocking the growth of the native heap
# Possible solutions:
#   Reduce memory load on the system
#   Increase physical memory or swap space
#   Check if swap backing store is full
#   Decrease Java heap size (-Xmx/-Xms)
#   Decrease number of Java threads
#   Decrease Java thread stack sizes (-Xss)
#   Set larger code cache with -XX:ReservedCodeCacheSize=
#   JVM is running with Unscaled Compressed Oops mode in which the Java heap is
#     placed in the first 4GB address space. The Java Heap base address is the
#     maximum limit for the native heap growth. Please use -XX:HeapBaseMinAddress
#     to set the Java Heap base and to place the Java Heap above 4GB virtual address.
# This output file may be truncated or incomplete.
#
#  Out of Memory Error (os_windows.cpp:3898), pid=6516, tid=19380
#
# JRE version: OpenJDK Runtime Environment (21.0.6) (build 21.0.6+-13391695-b895.109)
# Java VM: OpenJDK 64-Bit Server VM (21.0.6+-13391695-b895.109, mixed mode, tiered, compressed oops, compressed class ptrs, g1 gc, windows-amd64)
# No core dump will be written. Minidumps are not enabled by default on client versions of Windows
#

---------------  S U M M A R Y ------------

Command Line: --add-opens=java.base/java.lang=ALL-UNNAMED --add-opens=java.base/java.lang.invoke=ALL-UNNAMED --add-opens=java.base/java.util=ALL-UNNAMED --add-opens=java.prefs/java.util.prefs=ALL-UNNAMED --add-exports=jdk.compiler/com.sun.tools.javac.api=ALL-UNNAMED --add-exports=jdk.compiler/com.sun.tools.javac.util=ALL-UNNAMED --add-opens=java.base/java.util=ALL-UNNAMED --add-opens=java.prefs/java.util.prefs=ALL-UNNAMED --add-opens=java.base/java.nio.charset=ALL-UNNAMED --add-opens=java.base/java.net=ALL-UNNAMED --add-opens=java.base/java.util.concurrent.atomic=ALL-UNNAMED --add-opens=java.xml/javax.xml.namespace=ALL-UNNAMED -Xmx2048m -Dfile.encoding=UTF-8 -Duser.country=US -Duser.language=en -Duser.variant -javaagent:C:\Users\gaurav\.gradle\wrapper\dists\gradle-8.13-bin\5xuhj0ry160q40clulazy9h7d\gradle-8.13\lib\agents\gradle-instrumentation-agent-8.13.jar org.gradle.launcher.daemon.bootstrap.GradleDaemon 8.13

Host: AMD Ryzen 5 5500U with Radeon Graphics         , 12 cores, 7G,  Windows 11 , 64 bit Build 22621 (10.0.22621.5415)
Time: Sat Oct 25 09:07:52 2025 India Standard Time elapsed time: 814.036389 seconds (0d 0h 13m 34s)

---------------  T H R E A D  ---------------

Current thread (0x0000016de9db1f90):  VMThread "VM Thread"          [id=19380, stack(0x000000040a500000,0x000000040a600000) (1024K)]

Stack: [0x000000040a500000,0x000000040a600000]
Native frames: (J=compiled Java code, j=interpreted, Vv=VM code, C=native code)
V  [jvm.dll+0x6d0639]
V  [jvm.dll+0x85eb03]
V  [jvm.dll+0x86105e]
V  [jvm.dll+0x861743]
V  [jvm.dll+0x27e6e6]
V  [jvm.dll+0x6ccfd5]
V  [jvm.dll+0x6c0a8a]
V  [jvm.dll+0x35537b]
V  [jvm.dll+0x35cfd6]
V  [jvm.dll+0x3aef86]
V  [jvm.dll+0x3af258]
V  [jvm.dll+0x327a2c]
V  [jvm.dll+0x32a436]
V  [jvm.dll+0x33438d]
V  [jvm.dll+0x36ba15]
V  [jvm.dll+0x8674c8]
V  [jvm.dll+0x868844]
V  [jvm.dll+0x868d80]
V  [jvm.dll+0x869013]
V  [jvm.dll+0x806ed8]
V  [jvm.dll+0x6cef0d]
C  [ucrtbase.dll+0x29333]
C  [KERNEL32.DLL+0x1259d]
C  [ntdll.dll+0x5af78]

VM_Operation (0x000000040a0ff4a0): G1PauseRemark, mode: safepoint, requested by thread 0x0000016dd2307460


---------------  P R O C E S S  ---------------

Threads class SMR info:
_java_thread_list=0x0000016dffad47a0, length=138, elements={
0x0000016dcff11e10, 0x0000016dee06a590, 0x0000016dee06b240, 0x0000016dee06ed30,
0x0000016dee08cf60, 0x0000016dee08d5c0, 0x0000016dee090a10, 0x0000016dee08ef50,
0x0000016dee091fa0, 0x0000016dee1fc140, 0x0000016dee397cb0, 0x0000016defd08f90,
0x0000016defd5c8f0, 0x0000016defd60140, 0x0000016deff32170, 0x0000016deff32800,
0x0000016deff32e90, 0x0000016df1846360, 0x0000016df1849150, 0x0000016df184a500,
0x0000016df3fd5b10, 0x0000016df94b0590, 0x0000016dfaa21d10, 0x0000016dfaa1d4e0,
0x0000016dfaa21680, 0x0000016dfaa1ad80, 0x0000016dfaa1b410, 0x0000016dfaa1c130,
0x0000016dfaa1e200, 0x0000016dfaa1c7c0, 0x0000016dfaa1ce50, 0x0000016dfaa1db70,
0x0000016dfaa27260, 0x0000016dfaa27f80, 0x0000016dfa44b3d0, 0x0000016dfa44ce10,
0x0000016dfa44ba60, 0x0000016dfa462350, 0x0000016d84dd94f0, 0x0000016d87733a20,
0x0000016d8482d260, 0x0000016d85cc1c50, 0x0000016df13f5cd0, 0x0000016d85cc3000,
0x0000016d85cc0210, 0x0000016d85cc08a0, 0x0000016df13f14a0, 0x0000016df13f2ee0,
0x0000016df13f21c0, 0x0000016df13f5640, 0x0000016df13f7080, 0x0000016df13f6360,
0x0000016df13f2850, 0x0000016df13f3c00, 0x0000016df13f4920, 0x0000016d87322130,
0x0000016d873227c0, 0x0000016d87321410, 0x0000016d87322e50, 0x0000016d873234e0,
0x0000016d87321aa0, 0x0000016d87320060, 0x0000016d873206f0, 0x0000016d85cc2970,
0x0000016d85cc0f30, 0x0000016d85347240, 0x0000016d85346520, 0x0000016d85345170,
0x0000016d85345800, 0x0000016d85343dc0, 0x0000016d85344450, 0x0000016d85e11c70,
0x0000016d85e12990, 0x0000016d85e13020, 0x0000016d85e136b0, 0x0000016d85e13d40,
0x0000016d85e10f50, 0x0000016d85e143d0, 0x0000016d85e115e0, 0x0000016d85e12300,
0x0000016d8482beb0, 0x0000016d8482cbd0, 0x0000016d8482e610, 0x0000016d8482b190,
0x0000016d8482b820, 0x0000016d8482df80, 0x0000016d8482c540, 0x0000016d8482d8f0,
0x0000016df3189880, 0x0000016d84609fc0, 0x0000016d8460a650, 0x0000016df13f8430,
0x0000016df13f7710, 0x0000016df13f4fb0, 0x0000016df13f69f0, 0x0000016df13f7da0,
0x0000016dfa4529f0, 0x0000016dfa44db30, 0x0000016dfa451640, 0x0000016dfa453080,
0x0000016dfa450920, 0x0000016dfa44e850, 0x0000016dfa451cd0, 0x0000016df318a5a0,
0x0000016df3187e40, 0x0000016df31884d0, 0x0000016df3188b60, 0x0000016d863ef100,
0x0000016d863ee3e0, 0x0000016d863ed6c0, 0x0000016d863eea70, 0x0000016d863ed030,
0x0000016d863ef790, 0x0000016d863efe20, 0x0000016d863f04b0, 0x0000016d863edd50,
0x0000016dfb256ee0, 0x0000016d84095730, 0x0000016d84096ae0, 0x0000016d84097170,
0x0000016d84095dc0, 0x0000016d84097800, 0x0000016d84097e90, 0x0000016d84098520,
0x0000016d85f94470, 0x0000016d871a11a0, 0x0000016d8719fdf0, 0x0000016d871a1830,
0x0000016df31891f0, 0x0000016d84a5aab0, 0x0000016d84a5df30, 0x0000016d86630c20,
0x0000016d8662ff00, 0x0000016d8662f870, 0x0000016dfb5ebb90, 0x0000016dfb5ec220,
0x0000016dfb5ec8b0, 0x0000016d85e0cf40
}

Java Threads: ( => current thread )
  0x0000016dcff11e10 JavaThread "main"                              [_thread_blocked, id=22328, stack(0x0000000409e00000,0x0000000409f00000) (1024K)]
  0x0000016dee06a590 JavaThread "Reference Handler"          daemon [_thread_blocked, id=17132, stack(0x000000040a600000,0x000000040a700000) (1024K)]
  0x0000016dee06b240 JavaThread "Finalizer"                  daemon [_thread_blocked, id=14584, stack(0x000000040a700000,0x000000040a800000) (1024K)]
  0x0000016dee06ed30 JavaThread "Signal Dispatcher"          daemon [_thread_blocked, id=1068, stack(0x000000040a800000,0x000000040a900000) (1024K)]
  0x0000016dee08cf60 JavaThread "Attach Listener"            daemon [_thread_blocked, id=23540, stack(0x000000040a900000,0x000000040aa00000) (1024K)]
  0x0000016dee08d5c0 JavaThread "Service Thread"             daemon [_thread_blocked, id=19020, stack(0x000000040aa00000,0x000000040ab00000) (1024K)]
  0x0000016dee090a10 JavaThread "Monitor Deflation Thread"   daemon [_thread_blocked, id=21716, stack(0x000000040ab00000,0x000000040ac00000) (1024K)]
  0x0000016dee08ef50 JavaThread "C2 CompilerThread0"         daemon [_thread_blocked, id=12084, stack(0x000000040ac00000,0x000000040ad00000) (1024K)]
  0x0000016dee091fa0 JavaThread "C1 CompilerThread0"         daemon [_thread_blocked, id=19520, stack(0x000000040ad00000,0x000000040ae00000) (1024K)]
  0x0000016dee1fc140 JavaThread "Common-Cleaner"             daemon [_thread_blocked, id=24988, stack(0x000000040ae00000,0x000000040af00000) (1024K)]
  0x0000016dee397cb0 JavaThread "Notification Thread"        daemon [_thread_blocked, id=2236, stack(0x000000040af00000,0x000000040b000000) (1024K)]
  0x0000016defd08f90 JavaThread "Daemon health stats"               [_thread_blocked, id=14196, stack(0x000000040b600000,0x000000040b700000) (1024K)]
  0x0000016defd5c8f0 JavaThread "Incoming local TCP Connector on port 53589"        [_thread_in_native, id=24648, stack(0x000000040b700000,0x000000040b800000) (1024K)]
  0x0000016defd60140 JavaThread "Daemon periodic checks"            [_thread_blocked, id=19348, stack(0x000000040b800000,0x000000040b900000) (1024K)]
  0x0000016deff32170 JavaThread "Cache worker for journal cache (C:\Users\gaurav\.gradle\caches\journal-1)"        [_thread_blocked, id=14292, stack(0x000000040c500000,0x000000040c600000) (1024K)]
  0x0000016deff32800 JavaThread "File lock request listener"        [_thread_in_native, id=14936, stack(0x000000040c600000,0x000000040c700000) (1024K)]
  0x0000016deff32e90 JavaThread "Cache worker for file hash cache (C:\Users\gaurav\.gradle\caches\8.13\fileHashes)"        [_thread_blocked, id=13508, stack(0x000000040c700000,0x000000040c800000) (1024K)]
  0x0000016df1846360 JavaThread "File watcher server"        daemon [_thread_blocked, id=13860, stack(0x000000040ca00000,0x000000040cb00000) (1024K)]
  0x0000016df1849150 JavaThread "File watcher consumer"      daemon [_thread_blocked, id=12888, stack(0x000000040cb00000,0x000000040cc00000) (1024K)]
  0x0000016df184a500 JavaThread "Cache worker for file content cache (C:\Users\gaurav\.gradle\caches\8.13\fileContent)"        [_thread_blocked, id=17900, stack(0x000000040cd00000,0x000000040ce00000) (1024K)]
  0x0000016df3fd5b10 JavaThread "Memory manager"                    [_thread_blocked, id=5528, stack(0x000000040f200000,0x000000040f300000) (1024K)]
  0x0000016df94b0590 JavaThread "pool-3-thread-1"                   [_thread_blocked, id=17220, stack(0x000000040f500000,0x000000040f600000) (1024K)]
  0x0000016dfaa21d10 JavaThread "jar transforms"                    [_thread_blocked, id=1948, stack(0x000000040c800000,0x000000040c900000) (1024K)]
  0x0000016dfaa1d4e0 JavaThread "jar transforms Thread 2"           [_thread_blocked, id=14896, stack(0x000000040c900000,0x000000040ca00000) (1024K)]
  0x0000016dfaa21680 JavaThread "jar transforms Thread 3"           [_thread_blocked, id=23336, stack(0x000000040cc00000,0x000000040cd00000) (1024K)]
  0x0000016dfaa1ad80 JavaThread "jar transforms Thread 4"           [_thread_blocked, id=19844, stack(0x000000040ce00000,0x000000040cf00000) (1024K)]
  0x0000016dfaa1b410 JavaThread "jar transforms Thread 5"           [_thread_blocked, id=20020, stack(0x000000040cf00000,0x000000040d000000) (1024K)]
  0x0000016dfaa1c130 JavaThread "jar transforms Thread 6"           [_thread_blocked, id=13364, stack(0x000000040d000000,0x000000040d100000) (1024K)]
  0x0000016dfaa1e200 JavaThread "jar transforms Thread 7"           [_thread_blocked, id=26608, stack(0x000000040d100000,0x000000040d200000) (1024K)]
  0x0000016dfaa1c7c0 JavaThread "jar transforms Thread 8"           [_thread_blocked, id=25224, stack(0x000000040d200000,0x000000040d300000) (1024K)]
  0x0000016dfaa1ce50 JavaThread "jar transforms Thread 9"           [_thread_blocked, id=21784, stack(0x000000040d300000,0x000000040d400000) (1024K)]
  0x0000016dfaa1db70 JavaThread "jar transforms Thread 10"          [_thread_blocked, id=14892, stack(0x000000040d400000,0x000000040d500000) (1024K)]
  0x0000016dfaa27260 JavaThread "jar transforms Thread 11"          [_thread_blocked, id=15432, stack(0x000000040d500000,0x000000040d600000) (1024K)]
  0x0000016dfaa27f80 JavaThread "jar transforms Thread 12"          [_thread_blocked, id=8580, stack(0x000000040d600000,0x000000040d700000) (1024K)]
  0x0000016dfa44b3d0 JavaThread "pool-6-thread-1"                   [_thread_blocked, id=26080, stack(0x0000000410600000,0x0000000410700000) (1024K)]
  0x0000016dfa44ce10 JavaThread "Daemon Thread 3"                   [_thread_blocked, id=22248, stack(0x0000000409b00000,0x0000000409c00000) (1024K)]
  0x0000016dfa44ba60 JavaThread "Daemon worker Thread 3"            [_thread_blocked, id=17756, stack(0x000000040b900000,0x000000040ba00000) (1024K)]
  0x0000016dfa462350 JavaThread "pool-9-thread-1"                   [_thread_blocked, id=19912, stack(0x000000040f400000,0x000000040f500000) (1024K)]
  0x0000016d84dd94f0 JavaThread "pool-13-thread-1"                  [_thread_blocked, id=16468, stack(0x000000040f800000,0x000000040f900000) (1024K)]
  0x0000016d87733a20 JavaThread "pool-16-thread-1"                  [_thread_blocked, id=6408, stack(0x000000040f900000,0x000000040fa00000) (1024K)]
  0x0000016d8482d260 JavaThread "pool-19-thread-1"                  [_thread_blocked, id=15896, stack(0x000000040f700000,0x000000040f800000) (1024K)]
  0x0000016d85cc1c50 JavaThread "pool-22-thread-1"                  [_thread_blocked, id=9744, stack(0x000000040f600000,0x000000040f700000) (1024K)]
  0x0000016df13f5cd0 JavaThread "Handler for socket connection from /127.0.0.1:53589 to /127.0.0.1:55243"        [_thread_in_native, id=24256, stack(0x0000000409d00000,0x0000000409e00000) (1024K)]
  0x0000016d85cc3000 JavaThread "Cancel handler"                    [_thread_blocked, id=10808, stack(0x000000040bb00000,0x000000040bc00000) (1024K)]
  0x0000016d85cc0210 JavaThread "Asynchronous log dispatcher for DefaultDaemonConnection: socket connection from /127.0.0.1:53589 to /127.0.0.1:55243"        [_thread_blocked, id=3620, stack(0x000000040bc00000,0x000000040bd00000) (1024K)]
  0x0000016d85cc08a0 JavaThread "Stdin handler"                     [_thread_blocked, id=12396, stack(0x000000040bd00000,0x000000040be00000) (1024K)]
  0x0000016df13f14a0 JavaThread "Daemon client event forwarder"        [_thread_blocked, id=3220, stack(0x000000040be00000,0x000000040bf00000) (1024K)]
  0x0000016df13f2ee0 JavaThread "Cache worker for file hash cache (D:\Gaurav\MindMingle\.gradle\8.13\fileHashes)"        [_thread_blocked, id=21916, stack(0x000000040bf00000,0x000000040c000000) (1024K)]
  0x0000016df13f21c0 JavaThread "Cache worker for Build Output Cleanup Cache (D:\Gaurav\MindMingle\.gradle\buildOutputCleanup)"        [_thread_blocked, id=23684, stack(0x000000040d700000,0x000000040d800000) (1024K)]
  0x0000016df13f5640 JavaThread "Cache worker for checksums cache (D:\Gaurav\MindMingle\.gradle\8.13\checksums)"        [_thread_blocked, id=14432, stack(0x000000040d800000,0x000000040d900000) (1024K)]
  0x0000016df13f7080 JavaThread "Cache worker for cache directory md-supplier (C:\Users\gaurav\.gradle\caches\8.13\md-supplier)"        [_thread_blocked, id=6012, stack(0x000000040d900000,0x000000040da00000) (1024K)]
  0x0000016df13f6360 JavaThread "Cache worker for cache directory md-rule (C:\Users\gaurav\.gradle\caches\8.13\md-rule)"        [_thread_blocked, id=17480, stack(0x000000040da00000,0x000000040db00000) (1024K)]
  0x0000016df13f2850 JavaThread "Unconstrained build operations"        [_thread_blocked, id=1148, stack(0x000000040db00000,0x000000040dc00000) (1024K)]
  0x0000016df13f3c00 JavaThread "Unconstrained build operations Thread 2"        [_thread_blocked, id=9960, stack(0x000000040dc00000,0x000000040dd00000) (1024K)]
  0x0000016df13f4920 JavaThread "Unconstrained build operations Thread 3"        [_thread_blocked, id=22856, stack(0x000000040dd00000,0x000000040de00000) (1024K)]
  0x0000016d87322130 JavaThread "Unconstrained build operations Thread 4"        [_thread_blocked, id=26428, stack(0x000000040de00000,0x000000040df00000) (1024K)]
  0x0000016d873227c0 JavaThread "Unconstrained build operations Thread 5"        [_thread_blocked, id=14756, stack(0x000000040df00000,0x000000040e000000) (1024K)]
  0x0000016d87321410 JavaThread "Unconstrained build operations Thread 6"        [_thread_blocked, id=17344, stack(0x000000040e000000,0x000000040e100000) (1024K)]
  0x0000016d87322e50 JavaThread "Unconstrained build operations Thread 7"        [_thread_blocked, id=18736, stack(0x000000040e100000,0x000000040e200000) (1024K)]
  0x0000016d873234e0 JavaThread "Unconstrained build operations Thread 8"        [_thread_blocked, id=2240, stack(0x000000040e200000,0x000000040e300000) (1024K)]
  0x0000016d87321aa0 JavaThread "Unconstrained build operations Thread 9"        [_thread_blocked, id=10568, stack(0x000000040e300000,0x000000040e400000) (1024K)]
  0x0000016d87320060 JavaThread "Unconstrained build operations Thread 10"        [_thread_blocked, id=25076, stack(0x000000040e400000,0x000000040e500000) (1024K)]
  0x0000016d873206f0 JavaThread "Unconstrained build operations Thread 11"        [_thread_blocked, id=18168, stack(0x000000040e500000,0x000000040e600000) (1024K)]
  0x0000016d85cc2970 JavaThread "Unconstrained build operations Thread 12"        [_thread_blocked, id=15720, stack(0x000000040e600000,0x000000040e700000) (1024K)]
  0x0000016d85cc0f30 JavaThread "Unconstrained build operations Thread 13"        [_thread_blocked, id=14148, stack(0x000000040e700000,0x000000040e800000) (1024K)]
  0x0000016d85347240 JavaThread "Unconstrained build operations Thread 14"        [_thread_blocked, id=4176, stack(0x000000040e800000,0x000000040e900000) (1024K)]
  0x0000016d85346520 JavaThread "Unconstrained build operations Thread 15"        [_thread_blocked, id=6896, stack(0x000000040e900000,0x000000040ea00000) (1024K)]
  0x0000016d85345170 JavaThread "Unconstrained build operations Thread 16"        [_thread_blocked, id=17052, stack(0x000000040ea00000,0x000000040eb00000) (1024K)]
  0x0000016d85345800 JavaThread "Unconstrained build operations Thread 17"        [_thread_blocked, id=15724, stack(0x000000040eb00000,0x000000040ec00000) (1024K)]
  0x0000016d85343dc0 JavaThread "Unconstrained build operations Thread 18"        [_thread_blocked, id=15396, stack(0x000000040ec00000,0x000000040ed00000) (1024K)]
  0x0000016d85344450 JavaThread "Unconstrained build operations Thread 19"        [_thread_blocked, id=3932, stack(0x000000040ed00000,0x000000040ee00000) (1024K)]
  0x0000016d85e11c70 JavaThread "Unconstrained build operations Thread 20"        [_thread_blocked, id=12524, stack(0x000000040ee00000,0x000000040ef00000) (1024K)]
  0x0000016d85e12990 JavaThread "Unconstrained build operations Thread 21"        [_thread_blocked, id=4072, stack(0x000000040ef00000,0x000000040f000000) (1024K)]
  0x0000016d85e13020 JavaThread "Unconstrained build operations Thread 22"        [_thread_blocked, id=17916, stack(0x000000040f000000,0x000000040f100000) (1024K)]
  0x0000016d85e136b0 JavaThread "build event listener"              [_thread_blocked, id=752, stack(0x000000040f100000,0x000000040f200000) (1024K)]
  0x0000016d85e13d40 JavaThread "build event listener"              [_thread_blocked, id=13096, stack(0x000000040fa00000,0x000000040fb00000) (1024K)]
  0x0000016d85e10f50 JavaThread "Problems report writer"            [_thread_blocked, id=15200, stack(0x000000040fc00000,0x000000040fd00000) (1024K)]
  0x0000016d85e143d0 JavaThread "pool-25-thread-1"                  [_thread_blocked, id=4156, stack(0x000000040fd00000,0x000000040fe00000) (1024K)]
  0x0000016d85e115e0 JavaThread "build event listener"              [_thread_blocked, id=26532, stack(0x000000040fe00000,0x000000040ff00000) (1024K)]
  0x0000016d85e12300 JavaThread "included builds"                   [_thread_blocked, id=25128, stack(0x000000040ff00000,0x0000000410000000) (1024K)]
  0x0000016d8482beb0 JavaThread "Execution worker"                  [_thread_blocked, id=22424, stack(0x0000000410000000,0x0000000410100000) (1024K)]
  0x0000016d8482cbd0 JavaThread "Execution worker Thread 2"         [_thread_blocked, id=9696, stack(0x0000000410100000,0x0000000410200000) (1024K)]
  0x0000016d8482e610 JavaThread "Execution worker Thread 3"         [_thread_blocked, id=25356, stack(0x0000000410200000,0x0000000410300000) (1024K)]
  0x0000016d8482b190 JavaThread "Execution worker Thread 4"         [_thread_blocked, id=18316, stack(0x0000000410300000,0x0000000410400000) (1024K)]
  0x0000016d8482b820 JavaThread "Execution worker Thread 5"         [_thread_blocked, id=12528, stack(0x0000000410400000,0x0000000410500000) (1024K)]
  0x0000016d8482df80 JavaThread "Execution worker Thread 6"         [_thread_blocked, id=16360, stack(0x0000000410500000,0x0000000410600000) (1024K)]
  0x0000016d8482c540 JavaThread "Execution worker Thread 7"         [_thread_blocked, id=15472, stack(0x0000000410700000,0x0000000410800000) (1024K)]
  0x0000016d8482d8f0 JavaThread "Execution worker Thread 8"         [_thread_blocked, id=22096, stack(0x0000000410800000,0x0000000410900000) (1024K)]
  0x0000016df3189880 JavaThread "Execution worker Thread 9"         [_thread_blocked, id=2120, stack(0x0000000410900000,0x0000000410a00000) (1024K)]
  0x0000016d84609fc0 JavaThread "Execution worker Thread 10"        [_thread_blocked, id=13868, stack(0x0000000410a00000,0x0000000410b00000) (1024K)]
  0x0000016d8460a650 JavaThread "Execution worker Thread 11"        [_thread_blocked, id=17472, stack(0x0000000410b00000,0x0000000410c00000) (1024K)]
  0x0000016df13f8430 JavaThread "Cache worker for execution history cache (D:\Gaurav\MindMingle\.gradle\8.13\executionHistory)"        [_thread_blocked, id=11252, stack(0x0000000410c00000,0x0000000410d00000) (1024K)]
  0x0000016df13f7710 JavaThread "Unconstrained build operations Thread 23"        [_thread_blocked, id=26576, stack(0x0000000410d00000,0x0000000410e00000) (1024K)]
  0x0000016df13f4fb0 JavaThread "Unconstrained build operations Thread 24"        [_thread_blocked, id=16200, stack(0x0000000410e00000,0x0000000410f00000) (1024K)]
  0x0000016df13f69f0 JavaThread "Unconstrained build operations Thread 25"        [_thread_blocked, id=5052, stack(0x0000000410f00000,0x0000000411000000) (1024K)]
  0x0000016df13f7da0 JavaThread "Unconstrained build operations Thread 26"        [_thread_blocked, id=8600, stack(0x0000000411000000,0x0000000411100000) (1024K)]
  0x0000016dfa4529f0 JavaThread "Unconstrained build operations Thread 27"        [_thread_blocked, id=24996, stack(0x0000000411100000,0x0000000411200000) (1024K)]
  0x0000016dfa44db30 JavaThread "Unconstrained build operations Thread 28"        [_thread_blocked, id=15292, stack(0x0000000411200000,0x0000000411300000) (1024K)]
  0x0000016dfa451640 JavaThread "Unconstrained build operations Thread 29"        [_thread_blocked, id=10128, stack(0x0000000411300000,0x0000000411400000) (1024K)]
  0x0000016dfa453080 JavaThread "Unconstrained build operations Thread 30"        [_thread_blocked, id=4424, stack(0x0000000411400000,0x0000000411500000) (1024K)]
  0x0000016dfa450920 JavaThread "Unconstrained build operations Thread 31"        [_thread_blocked, id=6348, stack(0x0000000411500000,0x0000000411600000) (1024K)]
  0x0000016dfa44e850 JavaThread "Unconstrained build operations Thread 32"        [_thread_blocked, id=18228, stack(0x0000000411600000,0x0000000411700000) (1024K)]
  0x0000016dfa451cd0 JavaThread "Unconstrained build operations Thread 33"        [_thread_blocked, id=26188, stack(0x0000000411700000,0x0000000411800000) (1024K)]
  0x0000016df318a5a0 JavaThread "Unconstrained build operations Thread 34"        [_thread_blocked, id=1700, stack(0x0000000411800000,0x0000000411900000) (1024K)]
  0x0000016df3187e40 JavaThread "Unconstrained build operations Thread 35"        [_thread_blocked, id=21012, stack(0x0000000411900000,0x0000000411a00000) (1024K)]
  0x0000016df31884d0 JavaThread "Unconstrained build operations Thread 36"        [_thread_blocked, id=9000, stack(0x0000000411a00000,0x0000000411b00000) (1024K)]
  0x0000016df3188b60 JavaThread "Unconstrained build operations Thread 37"        [_thread_blocked, id=10684, stack(0x0000000411b00000,0x0000000411c00000) (1024K)]
  0x0000016d863ef100 JavaThread "Unconstrained build operations Thread 38"        [_thread_blocked, id=1688, stack(0x0000000411c00000,0x0000000411d00000) (1024K)]
  0x0000016d863ee3e0 JavaThread "Unconstrained build operations Thread 39"        [_thread_blocked, id=15448, stack(0x0000000411d00000,0x0000000411e00000) (1024K)]
  0x0000016d863ed6c0 JavaThread "Unconstrained build operations Thread 40"        [_thread_blocked, id=5024, stack(0x0000000411e00000,0x0000000411f00000) (1024K)]
  0x0000016d863eea70 JavaThread "Unconstrained build operations Thread 41"        [_thread_blocked, id=16608, stack(0x0000000411f00000,0x0000000412000000) (1024K)]
  0x0000016d863ed030 JavaThread "Unconstrained build operations Thread 42"        [_thread_blocked, id=10084, stack(0x0000000412000000,0x0000000412100000) (1024K)]
  0x0000016d863ef790 JavaThread "Unconstrained build operations Thread 43"        [_thread_blocked, id=24392, stack(0x0000000412100000,0x0000000412200000) (1024K)]
  0x0000016d863efe20 JavaThread "Unconstrained build operations Thread 44"        [_thread_blocked, id=2728, stack(0x0000000412200000,0x0000000412300000) (1024K)]
  0x0000016d863f04b0 JavaThread "Unconstrained build operations Thread 45"        [_thread_blocked, id=15140, stack(0x0000000412300000,0x0000000412400000) (1024K)]
  0x0000016d863edd50 JavaThread "Unconstrained build operations Thread 46"        [_thread_blocked, id=21276, stack(0x0000000412400000,0x0000000412500000) (1024K)]
  0x0000016dfb256ee0 JavaThread "Unconstrained build operations Thread 47"        [_thread_blocked, id=8952, stack(0x0000000412500000,0x0000000412600000) (1024K)]
  0x0000016d84095730 JavaThread "Unconstrained build operations Thread 48"        [_thread_blocked, id=3648, stack(0x0000000412600000,0x0000000412700000) (1024K)]
  0x0000016d84096ae0 JavaThread "Unconstrained build operations Thread 49"        [_thread_blocked, id=22088, stack(0x0000000412700000,0x0000000412800000) (1024K)]
  0x0000016d84097170 JavaThread "Unconstrained build operations Thread 50"        [_thread_blocked, id=10148, stack(0x0000000412800000,0x0000000412900000) (1024K)]
  0x0000016d84095dc0 JavaThread "Unconstrained build operations Thread 51"        [_thread_blocked, id=14568, stack(0x0000000412900000,0x0000000412a00000) (1024K)]
  0x0000016d84097800 JavaThread "Unconstrained build operations Thread 52"        [_thread_blocked, id=17280, stack(0x0000000412a00000,0x0000000412b00000) (1024K)]
  0x0000016d84097e90 JavaThread "Unconstrained build operations Thread 53"        [_thread_blocked, id=26192, stack(0x0000000412b00000,0x0000000412c00000) (1024K)]
  0x0000016d84098520 JavaThread "Unconstrained build operations Thread 54"        [_thread_blocked, id=14232, stack(0x0000000412c00000,0x0000000412d00000) (1024K)]
  0x0000016d85f94470 JavaThread "Unconstrained build operations Thread 55"        [_thread_blocked, id=16560, stack(0x0000000412d00000,0x0000000412e00000) (1024K)]
  0x0000016d871a11a0 JavaThread "Unconstrained build operations Thread 56"        [_thread_blocked, id=6680, stack(0x0000000412e00000,0x0000000412f00000) (1024K)]
  0x0000016d8719fdf0 JavaThread "Unconstrained build operations Thread 57"        [_thread_blocked, id=15868, stack(0x0000000412f00000,0x0000000413000000) (1024K)]
  0x0000016d871a1830 JavaThread "Unconstrained build operations Thread 58"        [_thread_blocked, id=21980, stack(0x0000000413000000,0x0000000413100000) (1024K)]
  0x0000016df31891f0 JavaThread "WorkerExecutor Queue"              [_thread_blocked, id=24368, stack(0x0000000413100000,0x0000000413200000) (1024K)]
  0x0000016d84a5aab0 JavaThread "Unconstrained build operations Thread 59"        [_thread_blocked, id=13700, stack(0x0000000413200000,0x0000000413300000) (1024K)]
  0x0000016d84a5df30 JavaThread "Unconstrained build operations Thread 60"        [_thread_blocked, id=16408, stack(0x0000000413300000,0x0000000413400000) (1024K)]
  0x0000016d86630c20 JavaThread "Unconstrained build operations Thread 61"        [_thread_blocked, id=17908, stack(0x0000000413400000,0x0000000413500000) (1024K)]
  0x0000016d8662ff00 JavaThread "Unconstrained build operations Thread 62"        [_thread_blocked, id=14592, stack(0x0000000413500000,0x0000000413600000) (1024K)]
  0x0000016d8662f870 JavaThread "Unconstrained build operations Thread 63"        [_thread_blocked, id=8464, stack(0x0000000413600000,0x0000000413700000) (1024K)]
  0x0000016dfb5ebb90 JavaThread "Unconstrained build operations Thread 64"        [_thread_blocked, id=21864, stack(0x0000000413800000,0x0000000413900000) (1024K)]
  0x0000016dfb5ec220 JavaThread "Unconstrained build operations Thread 65"        [_thread_blocked, id=14788, stack(0x0000000413900000,0x0000000413a00000) (1024K)]
  0x0000016dfb5ec8b0 JavaThread "Unconstrained build operations Thread 66"        [_thread_blocked, id=18444, stack(0x0000000413a00000,0x0000000413b00000) (1024K)]
  0x0000016d85e0cf40 JavaThread "Unconstrained build operations Thread 67"        [_thread_blocked, id=6148, stack(0x0000000413b00000,0x0000000413c00000) (1024K)]
Total: 138

Other Threads:
=>0x0000016de9db1f90 VMThread "VM Thread"                           [id=19380, stack(0x000000040a500000,0x000000040a600000) (1024K)]
  0x0000016de9d6c280 WatcherThread "VM Periodic Task Thread"        [id=19316, stack(0x000000040a400000,0x000000040a500000) (1024K)]
  0x0000016dd22f5b00 WorkerThread "GC Thread#0"                     [id=26472, stack(0x0000000409f00000,0x000000040a000000) (1024K)]
  0x0000016dee76bb70 WorkerThread "GC Thread#1"                     [id=22944, stack(0x000000040b000000,0x000000040b100000) (1024K)]
  0x0000016dee7ab7a0 WorkerThread "GC Thread#2"                     [id=14020, stack(0x000000040b100000,0x000000040b200000) (1024K)]
  0x0000016deee93680 WorkerThread "GC Thread#3"                     [id=16684, stack(0x000000040b200000,0x000000040b300000) (1024K)]
  0x0000016deefbb580 WorkerThread "GC Thread#4"                     [id=6568, stack(0x000000040b300000,0x000000040b400000) (1024K)]
  0x0000016deefdba40 WorkerThread "GC Thread#5"                     [id=16964, stack(0x000000040b400000,0x000000040b500000) (1024K)]
  0x0000016defb3cfd0 WorkerThread "GC Thread#6"                     [id=4048, stack(0x000000040b500000,0x000000040b600000) (1024K)]
  0x0000016defe1d040 WorkerThread "GC Thread#7"                     [id=23768, stack(0x000000040c000000,0x000000040c100000) (1024K)]
  0x0000016defee99d0 WorkerThread "GC Thread#8"                     [id=10352, stack(0x000000040c100000,0x000000040c200000) (1024K)]
  0x0000016defee3290 WorkerThread "GC Thread#9"                     [id=17780, stack(0x000000040c200000,0x000000040c300000) (1024K)]
  0x0000016dd2307460 ConcurrentGCThread "G1 Main Marker"            [id=23096, stack(0x000000040a000000,0x000000040a100000) (1024K)]
  0x0000016dd2307f60 WorkerThread "G1 Conc#0"                       [id=20556, stack(0x000000040a100000,0x000000040a200000) (1024K)]
  0x0000016defee3630 WorkerThread "G1 Conc#1"                       [id=19100, stack(0x000000040c300000,0x000000040c400000) (1024K)]
  0x0000016defee2ef0 WorkerThread "G1 Conc#2"                       [id=17740, stack(0x000000040c400000,0x000000040c500000) (1024K)]
  0x0000016de9c401c0 ConcurrentGCThread "G1 Refine#0"               [id=25468, stack(0x000000040a200000,0x000000040a300000) (1024K)]
  0x0000016de9c409e0 ConcurrentGCThread "G1 Service"                [id=17640, stack(0x000000040a300000,0x000000040a400000) (1024K)]
Total: 18

Threads with active compile tasks:
Total: 0

VM state: at safepoint (normal execution)

VM Mutex/Monitor currently owned by a thread:  ([mutex/lock_event])
[0x00007ffdbf8ce3a0] Threads_lock - owner thread: 0x0000016de9db1f90
[0x00007ffdbf8ce4a0] Heap_lock - owner thread: 0x0000016dd2307460

Heap address: 0x0000000080000000, size: 2048 MB, Compressed Oops mode: 32-bit

CDS archive(s) not mapped
Compressed class space mapped at: 0x0000000100000000-0x0000000140000000, reserved size: 1073741824
Narrow klass base: 0x0000000000000000, Narrow klass shift: 3, Narrow klass range: 0x140000000

GC Precious Log:
 CardTable entry size: 512
 Card Set container configuration: InlinePtr #cards 5 size 8 Array Of Cards #cards 12 size 40 Howl #buckets 4 coarsen threshold 1843 Howl Bitmap #cards 512 size 80 coarsen threshold 460 Card regions per heap region 1 cards per card region 2048
 CPUs: 12 total, 12 available
 Memory: 7501M
 Large Page Support: Disabled
 NUMA Support: Disabled
 Compressed Oops: Enabled (32-bit)
 Heap Region Size: 1M
 Heap Min Capacity: 8M
 Heap Initial Capacity: 118M
 Heap Max Capacity: 2G
 Pre-touch: Disabled
 Parallel Workers: 10
 Concurrent Workers: 3
 Concurrent Refinement Workers: 10
 Periodic GC: Disabled

Heap:
 garbage-first heap   total 1345536K, used 1006502K [0x0000000080000000, 0x0000000100000000)
  region size 1024K, 125 young (128000K), 22 survivors (22528K)
 Metaspace       used 234170K, committed 237504K, reserved 1310720K
  class space    used 28704K, committed 30208K, reserved 1048576K

Heap Regions: E=young(eden), S=young(survivor), O=old, HS=humongous(starts), HC=humongous(continues), CS=collection set, F=free, TAMS=top-at-mark-start, PB=parsable bottom
|   0|0x0000000080000000, 0x0000000080100000, 0x0000000080100000|100%|HS|  |TAMS 0x0000000080100000| PB 0x0000000080000000| Complete 
|   1|0x0000000080100000, 0x0000000080200000, 0x0000000080200000|100%|HC|  |TAMS 0x0000000080200000| PB 0x0000000080100000| Complete 
|   2|0x0000000080200000, 0x0000000080300000, 0x0000000080300000|100%|HC|  |TAMS 0x0000000080300000| PB 0x0000000080200000| Complete 
|   3|0x0000000080300000, 0x0000000080400000, 0x0000000080400000|100%| O|  |TAMS 0x0000000080400000| PB 0x0000000080400000| Untracked 
|   4|0x0000000080400000, 0x0000000080500000, 0x0000000080500000|100%| O|  |TAMS 0x0000000080500000| PB 0x0000000080500000| Untracked 
|   5|0x0000000080500000, 0x0000000080600000, 0x0000000080600000|100%| O|  |TAMS 0x0000000080600000| PB 0x0000000080600000| Untracked 
|   6|0x0000000080600000, 0x0000000080700000, 0x0000000080700000|100%|HS|  |TAMS 0x0000000080700000| PB 0x0000000080600000| Complete 
|   7|0x0000000080700000, 0x0000000080800000, 0x0000000080800000|100%| O|  |TAMS 0x0000000080800000| PB 0x0000000080800000| Untracked 
|   8|0x0000000080800000, 0x0000000080900000, 0x0000000080900000|100%| O|  |TAMS 0x0000000080900000| PB 0x0000000080900000| Updating 
|   9|0x0000000080900000, 0x0000000080a00000, 0x0000000080a00000|100%| O|  |TAMS 0x0000000080a00000| PB 0x0000000080a00000| Untracked 
|  10|0x0000000080a00000, 0x0000000080b00000, 0x0000000080b00000|100%| O|  |TAMS 0x0000000080b00000| PB 0x0000000080b00000| Untracked 
|  11|0x0000000080b00000, 0x0000000080c00000, 0x0000000080c00000|100%| O|  |TAMS 0x0000000080c00000| PB 0x0000000080c00000| Untracked 
|  12|0x0000000080c00000, 0x0000000080d00000, 0x0000000080d00000|100%| O|  |TAMS 0x0000000080d00000| PB 0x0000000080d00000| Updating 
|  13|0x0000000080d00000, 0x0000000080e00000, 0x0000000080e00000|100%| O|  |TAMS 0x0000000080e00000| PB 0x0000000080e00000| Untracked 
|  14|0x0000000080e00000, 0x0000000080f00000, 0x0000000080f00000|100%| O|  |TAMS 0x0000000080f00000| PB 0x0000000080f00000| Untracked 
|  15|0x0000000080f00000, 0x0000000081000000, 0x0000000081000000|100%| O|  |TAMS 0x0000000081000000| PB 0x0000000081000000| Untracked 
|  16|0x0000000081000000, 0x0000000081100000, 0x0000000081100000|100%| O|  |TAMS 0x0000000081100000| PB 0x0000000081100000| Untracked 
|  17|0x0000000081100000, 0x0000000081200000, 0x0000000081200000|100%| O|  |TAMS 0x0000000081200000| PB 0x0000000081200000| Untracked 
|  18|0x0000000081200000, 0x0000000081300000, 0x0000000081300000|100%| O|  |TAMS 0x0000000081300000| PB 0x0000000081300000| Updating 
|  19|0x0000000081300000, 0x0000000081400000, 0x0000000081400000|100%| O|  |TAMS 0x0000000081400000| PB 0x0000000081400000| Untracked 
|  20|0x0000000081400000, 0x0000000081500000, 0x0000000081500000|100%| O|  |TAMS 0x0000000081500000| PB 0x0000000081500000| Untracked 
|  21|0x0000000081500000, 0x0000000081600000, 0x0000000081600000|100%| O|  |TAMS 0x0000000081600000| PB 0x0000000081600000| Updating 
|  22|0x0000000081600000, 0x0000000081700000, 0x0000000081700000|100%| O|  |TAMS 0x0000000081700000| PB 0x0000000081700000| Untracked 
|  23|0x0000000081700000, 0x0000000081800000, 0x0000000081800000|100%| O|  |TAMS 0x0000000081800000| PB 0x0000000081800000| Updating 
|  24|0x0000000081800000, 0x0000000081900000, 0x0000000081900000|100%| O|  |TAMS 0x0000000081900000| PB 0x0000000081900000| Updating 
|  25|0x0000000081900000, 0x0000000081a00000, 0x0000000081a00000|100%| O|  |TAMS 0x0000000081a00000| PB 0x0000000081a00000| Updating 
|  26|0x0000000081a00000, 0x0000000081b00000, 0x0000000081b00000|100%| O|  |TAMS 0x0000000081b00000| PB 0x0000000081b00000| Updating 
|  27|0x0000000081b00000, 0x0000000081c00000, 0x0000000081c00000|100%| O|  |TAMS 0x0000000081c00000| PB 0x0000000081c00000| Updating 
|  28|0x0000000081c00000, 0x0000000081d00000, 0x0000000081d00000|100%| O|  |TAMS 0x0000000081d00000| PB 0x0000000081d00000| Untracked 
|  29|0x0000000081d00000, 0x0000000081e00000, 0x0000000081e00000|100%| O|  |TAMS 0x0000000081e00000| PB 0x0000000081e00000| Updating 
|  30|0x0000000081e00000, 0x0000000081f00000, 0x0000000081f00000|100%| O|  |TAMS 0x0000000081f00000| PB 0x0000000081f00000| Untracked 
|  31|0x0000000081f00000, 0x0000000082000000, 0x0000000082000000|100%| O|  |TAMS 0x0000000082000000| PB 0x0000000082000000| Updating 
|  32|0x0000000082000000, 0x0000000082100000, 0x0000000082100000|100%| O|  |TAMS 0x0000000082100000| PB 0x0000000082100000| Untracked 
|  33|0x0000000082100000, 0x0000000082200000, 0x0000000082200000|100%|HS|  |TAMS 0x0000000082200000| PB 0x0000000082100000| Complete 
|  34|0x0000000082200000, 0x0000000082300000, 0x0000000082300000|100%| O|  |TAMS 0x0000000082300000| PB 0x0000000082300000| Untracked 
|  35|0x0000000082300000, 0x0000000082400000, 0x0000000082400000|100%| O|  |TAMS 0x0000000082400000| PB 0x0000000082400000| Untracked 
|  36|0x0000000082400000, 0x0000000082500000, 0x0000000082500000|100%| O|  |TAMS 0x0000000082500000| PB 0x0000000082500000| Untracked 
|  37|0x0000000082500000, 0x0000000082600000, 0x0000000082600000|100%| O|  |TAMS 0x0000000082600000| PB 0x0000000082600000| Updating 
|  38|0x0000000082600000, 0x0000000082700000, 0x0000000082700000|100%| O|  |TAMS 0x0000000082700000| PB 0x0000000082700000| Updating 
|  39|0x0000000082700000, 0x0000000082800000, 0x0000000082800000|100%| O|  |TAMS 0x0000000082800000| PB 0x0000000082800000| Untracked 
|  40|0x0000000082800000, 0x0000000082900000, 0x0000000082900000|100%| O|  |TAMS 0x0000000082900000| PB 0x0000000082900000| Updating 
|  41|0x0000000082900000, 0x0000000082a00000, 0x0000000082a00000|100%| O|  |TAMS 0x0000000082a00000| PB 0x0000000082a00000| Untracked 
|  42|0x0000000082a00000, 0x0000000082b00000, 0x0000000082b00000|100%| O|  |TAMS 0x0000000082b00000| PB 0x0000000082b00000| Updating 
|  43|0x0000000082b00000, 0x0000000082c00000, 0x0000000082c00000|100%|HS|  |TAMS 0x0000000082c00000| PB 0x0000000082b00000| Complete 
|  44|0x0000000082c00000, 0x0000000082d00000, 0x0000000082d00000|100%|HS|  |TAMS 0x0000000082d00000| PB 0x0000000082c00000| Complete 
|  45|0x0000000082d00000, 0x0000000082e00000, 0x0000000082e00000|100%|HS|  |TAMS 0x0000000082e00000| PB 0x0000000082d00000| Complete 
|  46|0x0000000082e00000, 0x0000000082f00000, 0x0000000082f00000|100%| O|  |TAMS 0x0000000082f00000| PB 0x0000000082f00000| Updating 
|  47|0x0000000082f00000, 0x0000000083000000, 0x0000000083000000|100%| O|  |TAMS 0x0000000083000000| PB 0x0000000083000000| Updating 
|  48|0x0000000083000000, 0x0000000083100000, 0x0000000083100000|100%| O|  |TAMS 0x0000000083100000| PB 0x0000000083100000| Untracked 
|  49|0x0000000083100000, 0x0000000083200000, 0x0000000083200000|100%|HS|  |TAMS 0x0000000083200000| PB 0x0000000083100000| Complete 
|  50|0x0000000083200000, 0x0000000083300000, 0x0000000083300000|100%|HC|  |TAMS 0x0000000083300000| PB 0x0000000083200000| Complete 
|  51|0x0000000083300000, 0x0000000083400000, 0x0000000083400000|100%|HS|  |TAMS 0x0000000083400000| PB 0x0000000083300000| Complete 
|  52|0x0000000083400000, 0x0000000083500000, 0x0000000083500000|100%|HC|  |TAMS 0x0000000083500000| PB 0x0000000083400000| Complete 
|  53|0x0000000083500000, 0x0000000083600000, 0x0000000083600000|100%|HS|  |TAMS 0x0000000083600000| PB 0x0000000083500000| Complete 
|  54|0x0000000083600000, 0x0000000083700000, 0x0000000083700000|100%|HC|  |TAMS 0x0000000083700000| PB 0x0000000083600000| Complete 
|  55|0x0000000083700000, 0x0000000083800000, 0x0000000083800000|100%|HC|  |TAMS 0x0000000083800000| PB 0x0000000083700000| Complete 
|  56|0x0000000083800000, 0x0000000083900000, 0x0000000083900000|100%|HS|  |TAMS 0x0000000083900000| PB 0x0000000083800000| Complete 
|  57|0x0000000083900000, 0x0000000083a00000, 0x0000000083a00000|100%| O|  |TAMS 0x0000000083a00000| PB 0x0000000083a00000| Updating 
|  58|0x0000000083a00000, 0x0000000083b00000, 0x0000000083b00000|100%|HS|  |TAMS 0x0000000083b00000| PB 0x0000000083a00000| Complete 
|  59|0x0000000083b00000, 0x0000000083c00000, 0x0000000083c00000|100%|HS|  |TAMS 0x0000000083c00000| PB 0x0000000083b00000| Complete 
|  60|0x0000000083c00000, 0x0000000083d00000, 0x0000000083d00000|100%| O|  |TAMS 0x0000000083d00000| PB 0x0000000083d00000| Untracked 
|  61|0x0000000083d00000, 0x0000000083e00000, 0x0000000083e00000|100%| O|  |TAMS 0x0000000083e00000| PB 0x0000000083e00000| Updating 
|  62|0x0000000083e00000, 0x0000000083f00000, 0x0000000083f00000|100%| O|  |TAMS 0x0000000083f00000| PB 0x0000000083f00000| Untracked 
|  63|0x0000000083f00000, 0x0000000084000000, 0x0000000084000000|100%| O|  |TAMS 0x0000000084000000| PB 0x0000000084000000| Untracked 
|  64|0x0000000084000000, 0x0000000084100000, 0x0000000084100000|100%| O|  |TAMS 0x0000000084100000| PB 0x0000000084100000| Untracked 
|  65|0x0000000084100000, 0x0000000084200000, 0x0000000084200000|100%| O|  |TAMS 0x0000000084200000| PB 0x0000000084200000| Updating 
|  66|0x0000000084200000, 0x0000000084300000, 0x0000000084300000|100%| O|  |TAMS 0x0000000084300000| PB 0x0000000084300000| Untracked 
|  67|0x0000000084300000, 0x0000000084400000, 0x0000000084400000|100%| O|  |TAMS 0x0000000084400000| PB 0x0000000084400000| Untracked 
|  68|0x0000000084400000, 0x0000000084500000, 0x0000000084500000|100%| O|  |TAMS 0x0000000084500000| PB 0x0000000084500000| Updating 
|  69|0x0000000084500000, 0x0000000084600000, 0x0000000084600000|100%|HS|  |TAMS 0x0000000084600000| PB 0x0000000084500000| Complete 
|  70|0x0000000084600000, 0x0000000084700000, 0x0000000084700000|100%| O|  |TAMS 0x0000000084700000| PB 0x0000000084700000| Updating 
|  71|0x0000000084700000, 0x0000000084800000, 0x0000000084800000|100%| O|  |TAMS 0x0000000084800000| PB 0x0000000084800000| Untracked 
|  72|0x0000000084800000, 0x0000000084900000, 0x0000000084900000|100%| O|  |TAMS 0x0000000084900000| PB 0x0000000084900000| Untracked 
|  73|0x0000000084900000, 0x0000000084a00000, 0x0000000084a00000|100%|HS|  |TAMS 0x0000000084a00000| PB 0x0000000084900000| Complete 
|  74|0x0000000084a00000, 0x0000000084b00000, 0x0000000084b00000|100%|HC|  |TAMS 0x0000000084b00000| PB 0x0000000084a00000| Complete 
|  75|0x0000000084b00000, 0x0000000084c00000, 0x0000000084c00000|100%|HC|  |TAMS 0x0000000084c00000| PB 0x0000000084b00000| Complete 
|  76|0x0000000084c00000, 0x0000000084d00000, 0x0000000084d00000|100%| O|  |TAMS 0x0000000084d00000| PB 0x0000000084d00000| Updating 
|  77|0x0000000084d00000, 0x0000000084e00000, 0x0000000084e00000|100%| O|  |TAMS 0x0000000084e00000| PB 0x0000000084e00000| Updating 
|  78|0x0000000084e00000, 0x0000000084f00000, 0x0000000084f00000|100%| O|  |TAMS 0x0000000084f00000| PB 0x0000000084f00000| Updating 
|  79|0x0000000084f00000, 0x0000000085000000, 0x0000000085000000|100%| O|  |TAMS 0x0000000085000000| PB 0x0000000085000000| Untracked 
|  80|0x0000000085000000, 0x0000000085100000, 0x0000000085100000|100%| O|  |TAMS 0x0000000085100000| PB 0x0000000085100000| Updating 
|  81|0x0000000085100000, 0x0000000085200000, 0x0000000085200000|100%| O|  |TAMS 0x0000000085200000| PB 0x0000000085200000| Untracked 
|  82|0x0000000085200000, 0x0000000085300000, 0x0000000085300000|100%| O|  |TAMS 0x0000000085300000| PB 0x0000000085300000| Updating 
|  83|0x0000000085300000, 0x0000000085400000, 0x0000000085400000|100%| O|  |TAMS 0x0000000085400000| PB 0x0000000085400000| Updating 
|  84|0x0000000085400000, 0x0000000085500000, 0x0000000085500000|100%| O|  |TAMS 0x0000000085500000| PB 0x0000000085500000| Updating 
|  85|0x0000000085500000, 0x0000000085600000, 0x0000000085600000|100%| O|  |TAMS 0x0000000085600000| PB 0x0000000085600000| Updating 
|  86|0x0000000085600000, 0x0000000085700000, 0x0000000085700000|100%| O|  |TAMS 0x0000000085700000| PB 0x0000000085700000| Updating 
|  87|0x0000000085700000, 0x0000000085800000, 0x0000000085800000|100%| O|  |TAMS 0x0000000085800000| PB 0x0000000085800000| Updating 
|  88|0x0000000085800000, 0x0000000085900000, 0x0000000085900000|100%| O|  |TAMS 0x0000000085900000| PB 0x0000000085900000| Updating 
|  89|0x0000000085900000, 0x0000000085a00000, 0x0000000085a00000|100%| O|  |TAMS 0x0000000085a00000| PB 0x0000000085a00000| Updating 
|  90|0x0000000085a00000, 0x0000000085b00000, 0x0000000085b00000|100%| O|  |TAMS 0x0000000085b00000| PB 0x0000000085b00000| Updating 
|  91|0x0000000085b00000, 0x0000000085c00000, 0x0000000085c00000|100%| O|  |TAMS 0x0000000085c00000| PB 0x0000000085c00000| Untracked 
|  92|0x0000000085c00000, 0x0000000085d00000, 0x0000000085d00000|100%| O|  |TAMS 0x0000000085d00000| PB 0x0000000085d00000| Updating 
|  93|0x0000000085d00000, 0x0000000085e00000, 0x0000000085e00000|100%| O|  |TAMS 0x0000000085e00000| PB 0x0000000085e00000| Updating 
|  94|0x0000000085e00000, 0x0000000085f00000, 0x0000000085f00000|100%| O|  |TAMS 0x0000000085f00000| PB 0x0000000085f00000| Untracked 
|  95|0x0000000085f00000, 0x0000000086000000, 0x0000000086000000|100%| O|  |TAMS 0x0000000086000000| PB 0x0000000086000000| Updating 
|  96|0x0000000086000000, 0x0000000086100000, 0x0000000086100000|100%| O|  |TAMS 0x0000000086100000| PB 0x0000000086100000| Updating 
|  97|0x0000000086100000, 0x0000000086200000, 0x0000000086200000|100%| O|  |TAMS 0x0000000086200000| PB 0x0000000086200000| Updating 
|  98|0x0000000086200000, 0x0000000086300000, 0x0000000086300000|100%| O|  |TAMS 0x0000000086300000| PB 0x0000000086300000| Updating 
|  99|0x0000000086300000, 0x0000000086400000, 0x0000000086400000|100%| O|  |TAMS 0x0000000086400000| PB 0x0000000086400000| Untracked 
| 100|0x0000000086400000, 0x0000000086500000, 0x0000000086500000|100%| O|  |TAMS 0x0000000086500000| PB 0x0000000086500000| Untracked 
| 101|0x0000000086500000, 0x0000000086600000, 0x0000000086600000|100%| O|  |TAMS 0x0000000086600000| PB 0x0000000086600000| Untracked 
| 102|0x0000000086600000, 0x0000000086700000, 0x0000000086700000|100%| O|  |TAMS 0x0000000086700000| PB 0x0000000086700000| Untracked 
| 103|0x0000000086700000, 0x0000000086800000, 0x0000000086800000|100%| O|  |TAMS 0x0000000086800000| PB 0x0000000086800000| Untracked 
| 104|0x0000000086800000, 0x0000000086900000, 0x0000000086900000|100%| O|  |TAMS 0x0000000086900000| PB 0x0000000086900000| Updating 
| 105|0x0000000086900000, 0x0000000086a00000, 0x0000000086a00000|100%| O|  |TAMS 0x0000000086a00000| PB 0x0000000086a00000| Updating 
| 106|0x0000000086a00000, 0x0000000086b00000, 0x0000000086b00000|100%| O|  |TAMS 0x0000000086b00000| PB 0x0000000086b00000| Updating 
| 107|0x0000000086b00000, 0x0000000086c00000, 0x0000000086c00000|100%| O|  |TAMS 0x0000000086c00000| PB 0x0000000086c00000| Untracked 
| 108|0x0000000086c00000, 0x0000000086d00000, 0x0000000086d00000|100%| O|  |TAMS 0x0000000086d00000| PB 0x0000000086d00000| Updating 
| 109|0x0000000086d00000, 0x0000000086d00000, 0x0000000086e00000|  0%| F|  |TAMS 0x0000000086d00000| PB 0x0000000086d00000| Untracked 
| 110|0x0000000086e00000, 0x0000000086f00000, 0x0000000086f00000|100%| O|  |TAMS 0x0000000086f00000| PB 0x0000000086f00000| Updating 
| 111|0x0000000086f00000, 0x0000000087000000, 0x0000000087000000|100%| O|  |TAMS 0x0000000087000000| PB 0x0000000087000000| Untracked 
| 112|0x0000000087000000, 0x0000000087100000, 0x0000000087100000|100%|HS|  |TAMS 0x0000000087100000| PB 0x0000000087000000| Complete 
| 113|0x0000000087100000, 0x0000000087200000, 0x0000000087200000|100%|HC|  |TAMS 0x0000000087200000| PB 0x0000000087100000| Complete 
| 114|0x0000000087200000, 0x0000000087300000, 0x0000000087300000|100%|HC|  |TAMS 0x0000000087300000| PB 0x0000000087200000| Complete 
| 115|0x0000000087300000, 0x0000000087400000, 0x0000000087400000|100%|HC|  |TAMS 0x0000000087400000| PB 0x0000000087300000| Complete 
| 116|0x0000000087400000, 0x0000000087500000, 0x0000000087500000|100%| O|  |TAMS 0x0000000087500000| PB 0x0000000087500000| Updating 
| 117|0x0000000087500000, 0x0000000087600000, 0x0000000087600000|100%| O|  |TAMS 0x0000000087600000| PB 0x0000000087600000| Updating 
| 118|0x0000000087600000, 0x0000000087700000, 0x0000000087700000|100%| O|  |TAMS 0x0000000087700000| PB 0x0000000087700000| Updating 
| 119|0x0000000087700000, 0x0000000087800000, 0x0000000087800000|100%|HS|  |TAMS 0x0000000087800000| PB 0x0000000087700000| Complete 
| 120|0x0000000087800000, 0x0000000087900000, 0x0000000087900000|100%| O|  |TAMS 0x0000000087900000| PB 0x0000000087900000| Updating 
| 121|0x0000000087900000, 0x0000000087a00000, 0x0000000087a00000|100%| O|  |TAMS 0x0000000087a00000| PB 0x0000000087a00000| Untracked 
| 122|0x0000000087a00000, 0x0000000087b00000, 0x0000000087b00000|100%| O|  |TAMS 0x0000000087b00000| PB 0x0000000087b00000| Updating 
| 123|0x0000000087b00000, 0x0000000087c00000, 0x0000000087c00000|100%| O|  |TAMS 0x0000000087c00000| PB 0x0000000087c00000| Untracked 
| 124|0x0000000087c00000, 0x0000000087d00000, 0x0000000087d00000|100%| O|  |TAMS 0x0000000087d00000| PB 0x0000000087d00000| Untracked 
| 125|0x0000000087d00000, 0x0000000087e00000, 0x0000000087e00000|100%| O|  |TAMS 0x0000000087e00000| PB 0x0000000087e00000| Updating 
| 126|0x0000000087e00000, 0x0000000087f00000, 0x0000000087f00000|100%| O|  |TAMS 0x0000000087f00000| PB 0x0000000087f00000| Untracked 
| 127|0x0000000087f00000, 0x0000000087f00000, 0x0000000088000000|  0%| F|  |TAMS 0x0000000087f00000| PB 0x0000000087f00000| Untracked 
| 128|0x0000000088000000, 0x0000000088100000, 0x0000000088100000|100%| O|  |TAMS 0x0000000088100000| PB 0x0000000088100000| Updating 
| 129|0x0000000088100000, 0x0000000088200000, 0x0000000088200000|100%| O|  |TAMS 0x0000000088200000| PB 0x0000000088200000| Updating 
| 130|0x0000000088200000, 0x0000000088300000, 0x0000000088300000|100%| O|  |TAMS 0x0000000088300000| PB 0x0000000088300000| Updating 
| 131|0x0000000088300000, 0x0000000088400000, 0x0000000088400000|100%| O|  |TAMS 0x0000000088400000| PB 0x0000000088400000| Updating 
| 132|0x0000000088400000, 0x0000000088500000, 0x0000000088500000|100%| O|  |TAMS 0x0000000088500000| PB 0x0000000088500000| Untracked 
| 133|0x0000000088500000, 0x0000000088600000, 0x0000000088600000|100%| O|  |TAMS 0x0000000088600000| PB 0x0000000088600000| Updating 
| 134|0x0000000088600000, 0x0000000088700000, 0x0000000088700000|100%| O|  |TAMS 0x0000000088700000| PB 0x0000000088700000| Updating 
| 135|0x0000000088700000, 0x0000000088800000, 0x0000000088800000|100%| O|  |TAMS 0x0000000088800000| PB 0x0000000088800000| Untracked 
| 136|0x0000000088800000, 0x0000000088900000, 0x0000000088900000|100%| O|  |TAMS 0x0000000088900000| PB 0x0000000088900000| Untracked 
| 137|0x0000000088900000, 0x0000000088a00000, 0x0000000088a00000|100%| O|  |TAMS 0x0000000088a00000| PB 0x0000000088a00000| Untracked 
| 138|0x0000000088a00000, 0x0000000088b00000, 0x0000000088b00000|100%| O|  |TAMS 0x0000000088b00000| PB 0x0000000088b00000| Untracked 
| 139|0x0000000088b00000, 0x0000000088c00000, 0x0000000088c00000|100%| O|  |TAMS 0x0000000088c00000| PB 0x0000000088c00000| Untracked 
| 140|0x0000000088c00000, 0x0000000088d00000, 0x0000000088d00000|100%| O|  |TAMS 0x0000000088d00000| PB 0x0000000088d00000| Untracked 
| 141|0x0000000088d00000, 0x0000000088e00000, 0x0000000088e00000|100%| O|  |TAMS 0x0000000088e00000| PB 0x0000000088e00000| Updating 
| 142|0x0000000088e00000, 0x0000000088f00000, 0x0000000088f00000|100%| O|  |TAMS 0x0000000088f00000| PB 0x0000000088f00000| Updating 
| 143|0x0000000088f00000, 0x0000000089000000, 0x0000000089000000|100%| O|  |TAMS 0x0000000089000000| PB 0x0000000089000000| Untracked 
| 144|0x0000000089000000, 0x0000000089100000, 0x0000000089100000|100%| O|  |TAMS 0x0000000089100000| PB 0x0000000089100000| Untracked 
| 145|0x0000000089100000, 0x0000000089200000, 0x0000000089200000|100%| O|  |TAMS 0x0000000089200000| PB 0x0000000089200000| Untracked 
| 146|0x0000000089200000, 0x0000000089300000, 0x0000000089300000|100%| O|  |TAMS 0x0000000089300000| PB 0x0000000089300000| Untracked 
| 147|0x0000000089300000, 0x0000000089400000, 0x0000000089400000|100%| O|  |TAMS 0x0000000089400000| PB 0x0000000089400000| Updating 
| 148|0x0000000089400000, 0x0000000089500000, 0x0000000089500000|100%|HS|  |TAMS 0x0000000089500000| PB 0x0000000089400000| Complete 
| 149|0x0000000089500000, 0x0000000089600000, 0x0000000089600000|100%|HC|  |TAMS 0x0000000089600000| PB 0x0000000089500000| Complete 
| 150|0x0000000089600000, 0x0000000089700000, 0x0000000089700000|100%| O|  |TAMS 0x0000000089700000| PB 0x0000000089700000| Untracked 
| 151|0x0000000089700000, 0x0000000089800000, 0x0000000089800000|100%| O|  |TAMS 0x0000000089800000| PB 0x0000000089800000| Untracked 
| 152|0x0000000089800000, 0x0000000089900000, 0x0000000089900000|100%| O|  |TAMS 0x0000000089900000| PB 0x0000000089900000| Untracked 
| 153|0x0000000089900000, 0x0000000089a00000, 0x0000000089a00000|100%| O|  |TAMS 0x0000000089a00000| PB 0x0000000089a00000| Untracked 
| 154|0x0000000089a00000, 0x0000000089b00000, 0x0000000089b00000|100%| O|  |TAMS 0x0000000089b00000| PB 0x0000000089b00000| Untracked 
| 155|0x0000000089b00000, 0x0000000089c00000, 0x0000000089c00000|100%| O|  |TAMS 0x0000000089c00000| PB 0x0000000089c00000| Untracked 
| 156|0x0000000089c00000, 0x0000000089d00000, 0x0000000089d00000|100%| O|  |TAMS 0x0000000089d00000| PB 0x0000000089d00000| Untracked 
| 157|0x0000000089d00000, 0x0000000089e00000, 0x0000000089e00000|100%| O|  |TAMS 0x0000000089e00000| PB 0x0000000089e00000| Untracked 
| 158|0x0000000089e00000, 0x0000000089f00000, 0x0000000089f00000|100%| O|  |TAMS 0x0000000089f00000| PB 0x0000000089f00000| Untracked 
| 159|0x0000000089f00000, 0x000000008a000000, 0x000000008a000000|100%| O|  |TAMS 0x000000008a000000| PB 0x000000008a000000| Untracked 
| 160|0x000000008a000000, 0x000000008a100000, 0x000000008a100000|100%| O|  |TAMS 0x000000008a100000| PB 0x000000008a100000| Untracked 
| 161|0x000000008a100000, 0x000000008a200000, 0x000000008a200000|100%| O|  |TAMS 0x000000008a200000| PB 0x000000008a200000| Untracked 
| 162|0x000000008a200000, 0x000000008a300000, 0x000000008a300000|100%| O|  |TAMS 0x000000008a300000| PB 0x000000008a300000| Updating 
| 163|0x000000008a300000, 0x000000008a300000, 0x000000008a400000|  0%| F|  |TAMS 0x000000008a300000| PB 0x000000008a300000| Untracked 
| 164|0x000000008a400000, 0x000000008a500000, 0x000000008a500000|100%| O|  |TAMS 0x000000008a500000| PB 0x000000008a500000| Untracked 
| 165|0x000000008a500000, 0x000000008a600000, 0x000000008a600000|100%| O|  |TAMS 0x000000008a600000| PB 0x000000008a600000| Untracked 
| 166|0x000000008a600000, 0x000000008a700000, 0x000000008a700000|100%| O|  |TAMS 0x000000008a700000| PB 0x000000008a700000| Updating 
| 167|0x000000008a700000, 0x000000008a800000, 0x000000008a800000|100%| O|  |TAMS 0x000000008a800000| PB 0x000000008a800000| Updating 
| 168|0x000000008a800000, 0x000000008a900000, 0x000000008a900000|100%| O|  |TAMS 0x000000008a900000| PB 0x000000008a900000| Updating 
| 169|0x000000008a900000, 0x000000008aa00000, 0x000000008aa00000|100%| O|  |TAMS 0x000000008aa00000| PB 0x000000008aa00000| Updating 
| 170|0x000000008aa00000, 0x000000008ab00000, 0x000000008ab00000|100%| O|  |TAMS 0x000000008ab00000| PB 0x000000008ab00000| Untracked 
| 171|0x000000008ab00000, 0x000000008ac00000, 0x000000008ac00000|100%| O|  |TAMS 0x000000008ac00000| PB 0x000000008ac00000| Untracked 
| 172|0x000000008ac00000, 0x000000008ad00000, 0x000000008ad00000|100%| O|  |TAMS 0x000000008ad00000| PB 0x000000008ad00000| Untracked 
| 173|0x000000008ad00000, 0x000000008ae00000, 0x000000008ae00000|100%| O|  |TAMS 0x000000008ae00000| PB 0x000000008ae00000| Untracked 
| 174|0x000000008ae00000, 0x000000008af00000, 0x000000008af00000|100%| O|  |TAMS 0x000000008af00000| PB 0x000000008af00000| Untracked 
| 175|0x000000008af00000, 0x000000008b000000, 0x000000008b000000|100%| O|  |TAMS 0x000000008b000000| PB 0x000000008b000000| Untracked 
| 176|0x000000008b000000, 0x000000008b100000, 0x000000008b100000|100%| O|  |TAMS 0x000000008b100000| PB 0x000000008b100000| Untracked 
| 177|0x000000008b100000, 0x000000008b200000, 0x000000008b200000|100%| O|  |TAMS 0x000000008b200000| PB 0x000000008b200000| Untracked 
| 178|0x000000008b200000, 0x000000008b300000, 0x000000008b300000|100%| O|  |TAMS 0x000000008b300000| PB 0x000000008b300000| Untracked 
| 179|0x000000008b300000, 0x000000008b400000, 0x000000008b400000|100%| O|  |TAMS 0x000000008b400000| PB 0x000000008b400000| Untracked 
| 180|0x000000008b400000, 0x000000008b500000, 0x000000008b500000|100%| O|  |TAMS 0x000000008b500000| PB 0x000000008b500000| Untracked 
| 181|0x000000008b500000, 0x000000008b600000, 0x000000008b600000|100%| O|  |TAMS 0x000000008b600000| PB 0x000000008b600000| Untracked 
| 182|0x000000008b600000, 0x000000008b700000, 0x000000008b700000|100%| O|  |TAMS 0x000000008b700000| PB 0x000000008b700000| Untracked 
| 183|0x000000008b700000, 0x000000008b800000, 0x000000008b800000|100%| O|  |TAMS 0x000000008b800000| PB 0x000000008b800000| Untracked 
| 184|0x000000008b800000, 0x000000008b900000, 0x000000008b900000|100%| O|  |TAMS 0x000000008b900000| PB 0x000000008b900000| Untracked 
| 185|0x000000008b900000, 0x000000008ba00000, 0x000000008ba00000|100%| O|  |TAMS 0x000000008ba00000| PB 0x000000008ba00000| Untracked 
| 186|0x000000008ba00000, 0x000000008bb00000, 0x000000008bb00000|100%| O|  |TAMS 0x000000008bb00000| PB 0x000000008bb00000| Untracked 
| 187|0x000000008bb00000, 0x000000008bc00000, 0x000000008bc00000|100%| O|  |TAMS 0x000000008bc00000| PB 0x000000008bc00000| Untracked 
| 188|0x000000008bc00000, 0x000000008bd00000, 0x000000008bd00000|100%| O|  |TAMS 0x000000008bd00000| PB 0x000000008bd00000| Updating 
| 189|0x000000008bd00000, 0x000000008be00000, 0x000000008be00000|100%| O|  |TAMS 0x000000008be00000| PB 0x000000008be00000| Updating 
| 190|0x000000008be00000, 0x000000008bf00000, 0x000000008bf00000|100%| O|  |TAMS 0x000000008bf00000| PB 0x000000008bf00000| Updating 
| 191|0x000000008bf00000, 0x000000008c000000, 0x000000008c000000|100%| O|  |TAMS 0x000000008c000000| PB 0x000000008c000000| Untracked 
| 192|0x000000008c000000, 0x000000008c100000, 0x000000008c100000|100%| O|  |TAMS 0x000000008c100000| PB 0x000000008c100000| Untracked 
| 193|0x000000008c100000, 0x000000008c200000, 0x000000008c200000|100%| O|  |TAMS 0x000000008c200000| PB 0x000000008c200000| Untracked 
| 194|0x000000008c200000, 0x000000008c300000, 0x000000008c300000|100%| O|  |TAMS 0x000000008c300000| PB 0x000000008c300000| Untracked 
| 195|0x000000008c300000, 0x000000008c400000, 0x000000008c400000|100%| O|  |TAMS 0x000000008c400000| PB 0x000000008c400000| Untracked 
| 196|0x000000008c400000, 0x000000008c500000, 0x000000008c500000|100%| O|  |TAMS 0x000000008c500000| PB 0x000000008c500000| Untracked 
| 197|0x000000008c500000, 0x000000008c600000, 0x000000008c600000|100%| O|  |TAMS 0x000000008c600000| PB 0x000000008c600000| Untracked 
| 198|0x000000008c600000, 0x000000008c700000, 0x000000008c700000|100%| O|  |TAMS 0x000000008c700000| PB 0x000000008c700000| Untracked 
| 199|0x000000008c700000, 0x000000008c800000, 0x000000008c800000|100%| O|  |TAMS 0x000000008c800000| PB 0x000000008c800000| Untracked 
| 200|0x000000008c800000, 0x000000008c900000, 0x000000008c900000|100%| O|  |TAMS 0x000000008c900000| PB 0x000000008c900000| Untracked 
| 201|0x000000008c900000, 0x000000008ca00000, 0x000000008ca00000|100%| O|  |TAMS 0x000000008ca00000| PB 0x000000008ca00000| Untracked 
| 202|0x000000008ca00000, 0x000000008cb00000, 0x000000008cb00000|100%| O|  |TAMS 0x000000008cb00000| PB 0x000000008cb00000| Updating 
| 203|0x000000008cb00000, 0x000000008cc00000, 0x000000008cc00000|100%| O|  |TAMS 0x000000008cc00000| PB 0x000000008cc00000| Updating 
| 204|0x000000008cc00000, 0x000000008cd00000, 0x000000008cd00000|100%| O|  |TAMS 0x000000008cd00000| PB 0x000000008cd00000| Untracked 
| 205|0x000000008cd00000, 0x000000008ce00000, 0x000000008ce00000|100%| O|  |TAMS 0x000000008ce00000| PB 0x000000008ce00000| Updating 
| 206|0x000000008ce00000, 0x000000008cf00000, 0x000000008cf00000|100%| O|  |TAMS 0x000000008cf00000| PB 0x000000008cf00000| Untracked 
| 207|0x000000008cf00000, 0x000000008d000000, 0x000000008d000000|100%| O|  |TAMS 0x000000008d000000| PB 0x000000008d000000| Untracked 
| 208|0x000000008d000000, 0x000000008d100000, 0x000000008d100000|100%| O|  |TAMS 0x000000008d100000| PB 0x000000008d100000| Updating 
| 209|0x000000008d100000, 0x000000008d200000, 0x000000008d200000|100%| O|  |TAMS 0x000000008d200000| PB 0x000000008d200000| Updating 
| 210|0x000000008d200000, 0x000000008d300000, 0x000000008d300000|100%| O|  |TAMS 0x000000008d300000| PB 0x000000008d300000| Untracked 
| 211|0x000000008d300000, 0x000000008d400000, 0x000000008d400000|100%| O|  |TAMS 0x000000008d400000| PB 0x000000008d400000| Updating 
| 212|0x000000008d400000, 0x000000008d500000, 0x000000008d500000|100%| O|  |TAMS 0x000000008d500000| PB 0x000000008d500000| Untracked 
| 213|0x000000008d500000, 0x000000008d500000, 0x000000008d600000|  0%| F|  |TAMS 0x000000008d500000| PB 0x000000008d500000| Untracked 
| 214|0x000000008d600000, 0x000000008d700000, 0x000000008d700000|100%| O|  |TAMS 0x000000008d700000| PB 0x000000008d700000| Updating 
| 215|0x000000008d700000, 0x000000008d800000, 0x000000008d800000|100%| O|  |TAMS 0x000000008d800000| PB 0x000000008d800000| Untracked 
| 216|0x000000008d800000, 0x000000008d900000, 0x000000008d900000|100%| O|  |TAMS 0x000000008d900000| PB 0x000000008d900000| Untracked 
| 217|0x000000008d900000, 0x000000008da00000, 0x000000008da00000|100%| O|  |TAMS 0x000000008da00000| PB 0x000000008da00000| Updating 
| 218|0x000000008da00000, 0x000000008db00000, 0x000000008db00000|100%| O|  |TAMS 0x000000008db00000| PB 0x000000008db00000| Updating 
| 219|0x000000008db00000, 0x000000008dc00000, 0x000000008dc00000|100%| O|  |TAMS 0x000000008dc00000| PB 0x000000008dc00000| Untracked 
| 220|0x000000008dc00000, 0x000000008dd00000, 0x000000008dd00000|100%| O|  |TAMS 0x000000008dd00000| PB 0x000000008dd00000| Untracked 
| 221|0x000000008dd00000, 0x000000008de00000, 0x000000008de00000|100%| O|  |TAMS 0x000000008de00000| PB 0x000000008de00000| Updating 
| 222|0x000000008de00000, 0x000000008df00000, 0x000000008df00000|100%| O|  |TAMS 0x000000008df00000| PB 0x000000008df00000| Updating 
| 223|0x000000008df00000, 0x000000008e000000, 0x000000008e000000|100%| O|  |TAMS 0x000000008e000000| PB 0x000000008e000000| Updating 
| 224|0x000000008e000000, 0x000000008e100000, 0x000000008e100000|100%| O|  |TAMS 0x000000008e100000| PB 0x000000008e100000| Untracked 
| 225|0x000000008e100000, 0x000000008e200000, 0x000000008e200000|100%| O|  |TAMS 0x000000008e200000| PB 0x000000008e200000| Untracked 
| 226|0x000000008e200000, 0x000000008e300000, 0x000000008e300000|100%| O|  |TAMS 0x000000008e300000| PB 0x000000008e300000| Untracked 
| 227|0x000000008e300000, 0x000000008e400000, 0x000000008e400000|100%| O|  |TAMS 0x000000008e400000| PB 0x000000008e400000| Updating 
| 228|0x000000008e400000, 0x000000008e500000, 0x000000008e500000|100%| O|  |TAMS 0x000000008e500000| PB 0x000000008e500000| Untracked 
| 229|0x000000008e500000, 0x000000008e600000, 0x000000008e600000|100%| O|  |TAMS 0x000000008e600000| PB 0x000000008e600000| Untracked 
| 230|0x000000008e600000, 0x000000008e700000, 0x000000008e700000|100%| O|  |TAMS 0x000000008e700000| PB 0x000000008e700000| Untracked 
| 231|0x000000008e700000, 0x000000008e800000, 0x000000008e800000|100%| O|  |TAMS 0x000000008e800000| PB 0x000000008e800000| Untracked 
| 232|0x000000008e800000, 0x000000008e900000, 0x000000008e900000|100%| O|  |TAMS 0x000000008e900000| PB 0x000000008e900000| Untracked 
| 233|0x000000008e900000, 0x000000008ea00000, 0x000000008ea00000|100%| O|  |TAMS 0x000000008ea00000| PB 0x000000008ea00000| Untracked 
| 234|0x000000008ea00000, 0x000000008eb00000, 0x000000008eb00000|100%| O|  |TAMS 0x000000008eb00000| PB 0x000000008eb00000| Untracked 
| 235|0x000000008eb00000, 0x000000008ec00000, 0x000000008ec00000|100%| O|  |TAMS 0x000000008ec00000| PB 0x000000008ec00000| Updating 
| 236|0x000000008ec00000, 0x000000008ed00000, 0x000000008ed00000|100%| O|  |TAMS 0x000000008ed00000| PB 0x000000008ed00000| Untracked 
| 237|0x000000008ed00000, 0x000000008ee00000, 0x000000008ee00000|100%| O|  |TAMS 0x000000008ee00000| PB 0x000000008ee00000| Untracked 
| 238|0x000000008ee00000, 0x000000008ef00000, 0x000000008ef00000|100%| O|  |TAMS 0x000000008ef00000| PB 0x000000008ef00000| Untracked 
| 239|0x000000008ef00000, 0x000000008f000000, 0x000000008f000000|100%| O|  |TAMS 0x000000008f000000| PB 0x000000008f000000| Updating 
| 240|0x000000008f000000, 0x000000008f100000, 0x000000008f100000|100%| O|  |TAMS 0x000000008f100000| PB 0x000000008f100000| Untracked 
| 241|0x000000008f100000, 0x000000008f200000, 0x000000008f200000|100%| O|  |TAMS 0x000000008f200000| PB 0x000000008f200000| Untracked 
| 242|0x000000008f200000, 0x000000008f300000, 0x000000008f300000|100%| O|  |TAMS 0x000000008f300000| PB 0x000000008f300000| Updating 
| 243|0x000000008f300000, 0x000000008f400000, 0x000000008f400000|100%| O|  |TAMS 0x000000008f400000| PB 0x000000008f400000| Untracked 
| 244|0x000000008f400000, 0x000000008f500000, 0x000000008f500000|100%| O|  |TAMS 0x000000008f500000| PB 0x000000008f500000| Untracked 
| 245|0x000000008f500000, 0x000000008f600000, 0x000000008f600000|100%| O|  |TAMS 0x000000008f600000| PB 0x000000008f600000| Updating 
| 246|0x000000008f600000, 0x000000008f700000, 0x000000008f700000|100%| O|  |TAMS 0x000000008f700000| PB 0x000000008f700000| Untracked 
| 247|0x000000008f700000, 0x000000008f800000, 0x000000008f800000|100%| O|  |TAMS 0x000000008f800000| PB 0x000000008f800000| Untracked 
| 248|0x000000008f800000, 0x000000008f900000, 0x000000008f900000|100%| O|  |TAMS 0x000000008f900000| PB 0x000000008f900000| Untracked 
| 249|0x000000008f900000, 0x000000008fa00000, 0x000000008fa00000|100%| O|  |TAMS 0x000000008fa00000| PB 0x000000008fa00000| Updating 
| 250|0x000000008fa00000, 0x000000008fb00000, 0x000000008fb00000|100%| O|  |TAMS 0x000000008fb00000| PB 0x000000008fb00000| Untracked 
| 251|0x000000008fb00000, 0x000000008fc00000, 0x000000008fc00000|100%| O|  |TAMS 0x000000008fc00000| PB 0x000000008fc00000| Updating 
| 252|0x000000008fc00000, 0x000000008fd00000, 0x000000008fd00000|100%|HS|  |TAMS 0x000000008fd00000| PB 0x000000008fc00000| Complete 
| 253|0x000000008fd00000, 0x000000008fe00000, 0x000000008fe00000|100%|HC|  |TAMS 0x000000008fe00000| PB 0x000000008fd00000| Complete 
| 254|0x000000008fe00000, 0x000000008ff00000, 0x000000008ff00000|100%|HC|  |TAMS 0x000000008ff00000| PB 0x000000008fe00000| Complete 
| 255|0x000000008ff00000, 0x0000000090000000, 0x0000000090000000|100%|HC|  |TAMS 0x0000000090000000| PB 0x000000008ff00000| Complete 
| 256|0x0000000090000000, 0x0000000090100000, 0x0000000090100000|100%|HC|  |TAMS 0x0000000090100000| PB 0x0000000090000000| Complete 
| 257|0x0000000090100000, 0x0000000090200000, 0x0000000090200000|100%|HC|  |TAMS 0x0000000090200000| PB 0x0000000090100000| Complete 
| 258|0x0000000090200000, 0x0000000090300000, 0x0000000090300000|100%|HS|  |TAMS 0x0000000090300000| PB 0x0000000090200000| Complete 
| 259|0x0000000090300000, 0x0000000090400000, 0x0000000090400000|100%|HS|  |TAMS 0x0000000090400000| PB 0x0000000090300000| Complete 
| 260|0x0000000090400000, 0x0000000090500000, 0x0000000090500000|100%|HC|  |TAMS 0x0000000090500000| PB 0x0000000090400000| Complete 
| 261|0x0000000090500000, 0x0000000090600000, 0x0000000090600000|100%|HC|  |TAMS 0x0000000090600000| PB 0x0000000090500000| Complete 
| 262|0x0000000090600000, 0x0000000090700000, 0x0000000090700000|100%|HC|  |TAMS 0x0000000090700000| PB 0x0000000090600000| Complete 
| 263|0x0000000090700000, 0x0000000090800000, 0x0000000090800000|100%|HS|  |TAMS 0x0000000090800000| PB 0x0000000090700000| Complete 
| 264|0x0000000090800000, 0x0000000090900000, 0x0000000090900000|100%|HC|  |TAMS 0x0000000090900000| PB 0x0000000090800000| Complete 
| 265|0x0000000090900000, 0x0000000090a00000, 0x0000000090a00000|100%|HS|  |TAMS 0x0000000090a00000| PB 0x0000000090900000| Complete 
| 266|0x0000000090a00000, 0x0000000090b00000, 0x0000000090b00000|100%|HC|  |TAMS 0x0000000090b00000| PB 0x0000000090a00000| Complete 
| 267|0x0000000090b00000, 0x0000000090c00000, 0x0000000090c00000|100%|HC|  |TAMS 0x0000000090c00000| PB 0x0000000090b00000| Complete 
| 268|0x0000000090c00000, 0x0000000090d00000, 0x0000000090d00000|100%|HC|  |TAMS 0x0000000090d00000| PB 0x0000000090c00000| Complete 
| 269|0x0000000090d00000, 0x0000000090e00000, 0x0000000090e00000|100%|HC|  |TAMS 0x0000000090e00000| PB 0x0000000090d00000| Complete 
| 270|0x0000000090e00000, 0x0000000090f00000, 0x0000000090f00000|100%|HC|  |TAMS 0x0000000090f00000| PB 0x0000000090e00000| Complete 
| 271|0x0000000090f00000, 0x0000000091000000, 0x0000000091000000|100%|HS|  |TAMS 0x0000000091000000| PB 0x0000000090f00000| Complete 
| 272|0x0000000091000000, 0x0000000091100000, 0x0000000091100000|100%|HS|  |TAMS 0x0000000091100000| PB 0x0000000091000000| Complete 
| 273|0x0000000091100000, 0x0000000091200000, 0x0000000091200000|100%|HC|  |TAMS 0x0000000091200000| PB 0x0000000091100000| Complete 
| 274|0x0000000091200000, 0x0000000091300000, 0x0000000091300000|100%|HC|  |TAMS 0x0000000091300000| PB 0x0000000091200000| Complete 
| 275|0x0000000091300000, 0x0000000091400000, 0x0000000091400000|100%|HC|  |TAMS 0x0000000091400000| PB 0x0000000091300000| Complete 
| 276|0x0000000091400000, 0x0000000091500000, 0x0000000091500000|100%|HS|  |TAMS 0x0000000091500000| PB 0x0000000091400000| Complete 
| 277|0x0000000091500000, 0x0000000091600000, 0x0000000091600000|100%|HC|  |TAMS 0x0000000091600000| PB 0x0000000091500000| Complete 
| 278|0x0000000091600000, 0x0000000091700000, 0x0000000091700000|100%| O|  |TAMS 0x0000000091700000| PB 0x0000000091700000| Untracked 
| 279|0x0000000091700000, 0x0000000091800000, 0x0000000091800000|100%| O|  |TAMS 0x0000000091800000| PB 0x0000000091800000| Updating 
| 280|0x0000000091800000, 0x0000000091900000, 0x0000000091900000|100%| O|  |TAMS 0x0000000091900000| PB 0x0000000091900000| Untracked 
| 281|0x0000000091900000, 0x0000000091a00000, 0x0000000091a00000|100%| O|  |TAMS 0x0000000091a00000| PB 0x0000000091a00000| Untracked 
| 282|0x0000000091a00000, 0x0000000091b00000, 0x0000000091b00000|100%| O|  |TAMS 0x0000000091b00000| PB 0x0000000091b00000| Updating 
| 283|0x0000000091b00000, 0x0000000091c00000, 0x0000000091c00000|100%| O|  |TAMS 0x0000000091c00000| PB 0x0000000091c00000| Updating 
| 284|0x0000000091c00000, 0x0000000091d00000, 0x0000000091d00000|100%|HS|  |TAMS 0x0000000091d00000| PB 0x0000000091c00000| Complete 
| 285|0x0000000091d00000, 0x0000000091e00000, 0x0000000091e00000|100%|HC|  |TAMS 0x0000000091e00000| PB 0x0000000091d00000| Complete 
| 286|0x0000000091e00000, 0x0000000091f00000, 0x0000000091f00000|100%| O|  |TAMS 0x0000000091f00000| PB 0x0000000091f00000| Updating 
| 287|0x0000000091f00000, 0x0000000092000000, 0x0000000092000000|100%| O|  |TAMS 0x0000000092000000| PB 0x0000000092000000| Updating 
| 288|0x0000000092000000, 0x0000000092100000, 0x0000000092100000|100%| O|  |TAMS 0x0000000092100000| PB 0x0000000092100000| Untracked 
| 289|0x0000000092100000, 0x0000000092200000, 0x0000000092200000|100%| O|  |TAMS 0x0000000092200000| PB 0x0000000092200000| Untracked 
| 290|0x0000000092200000, 0x0000000092300000, 0x0000000092300000|100%| O|  |TAMS 0x0000000092300000| PB 0x0000000092300000| Updating 
| 291|0x0000000092300000, 0x0000000092400000, 0x0000000092400000|100%| O|  |TAMS 0x0000000092400000| PB 0x0000000092400000| Updating 
| 292|0x0000000092400000, 0x0000000092500000, 0x0000000092500000|100%| O|  |TAMS 0x0000000092500000| PB 0x0000000092500000| Untracked 
| 293|0x0000000092500000, 0x0000000092600000, 0x0000000092600000|100%| O|  |TAMS 0x0000000092600000| PB 0x0000000092600000| Untracked 
| 294|0x0000000092600000, 0x0000000092700000, 0x0000000092700000|100%| O|  |TAMS 0x0000000092700000| PB 0x0000000092700000| Untracked 
| 295|0x0000000092700000, 0x0000000092800000, 0x0000000092800000|100%| O|  |TAMS 0x0000000092800000| PB 0x0000000092800000| Updating 
| 296|0x0000000092800000, 0x0000000092900000, 0x0000000092900000|100%| O|  |TAMS 0x0000000092900000| PB 0x0000000092900000| Updating 
| 297|0x0000000092900000, 0x0000000092a00000, 0x0000000092a00000|100%| O|  |TAMS 0x0000000092a00000| PB 0x0000000092a00000| Updating 
| 298|0x0000000092a00000, 0x0000000092b00000, 0x0000000092b00000|100%| O|  |TAMS 0x0000000092b00000| PB 0x0000000092b00000| Untracked 
| 299|0x0000000092b00000, 0x0000000092c00000, 0x0000000092c00000|100%| O|  |TAMS 0x0000000092c00000| PB 0x0000000092c00000| Untracked 
| 300|0x0000000092c00000, 0x0000000092d00000, 0x0000000092d00000|100%| O|  |TAMS 0x0000000092d00000| PB 0x0000000092d00000| Untracked 
| 301|0x0000000092d00000, 0x0000000092e00000, 0x0000000092e00000|100%| O|  |TAMS 0x0000000092e00000| PB 0x0000000092e00000| Updating 
| 302|0x0000000092e00000, 0x0000000092f00000, 0x0000000092f00000|100%| O|  |TAMS 0x0000000092f00000| PB 0x0000000092f00000| Updating 
| 303|0x0000000092f00000, 0x0000000093000000, 0x0000000093000000|100%| O|  |TAMS 0x0000000093000000| PB 0x0000000093000000| Updating 
| 304|0x0000000093000000, 0x0000000093100000, 0x0000000093100000|100%| O|  |TAMS 0x0000000093100000| PB 0x0000000093100000| Untracked 
| 305|0x0000000093100000, 0x0000000093200000, 0x0000000093200000|100%| O|  |TAMS 0x0000000093200000| PB 0x0000000093200000| Untracked 
| 306|0x0000000093200000, 0x0000000093300000, 0x0000000093300000|100%| O|  |TAMS 0x0000000093300000| PB 0x0000000093300000| Updating 
| 307|0x0000000093300000, 0x0000000093400000, 0x0000000093400000|100%| O|  |TAMS 0x0000000093400000| PB 0x0000000093400000| Updating 
| 308|0x0000000093400000, 0x0000000093500000, 0x0000000093500000|100%| O|  |TAMS 0x0000000093500000| PB 0x0000000093500000| Updating 
| 309|0x0000000093500000, 0x0000000093600000, 0x0000000093600000|100%| O|  |TAMS 0x0000000093600000| PB 0x0000000093600000| Untracked 
| 310|0x0000000093600000, 0x0000000093700000, 0x0000000093700000|100%| O|  |TAMS 0x0000000093700000| PB 0x0000000093700000| Untracked 
| 311|0x0000000093700000, 0x0000000093800000, 0x0000000093800000|100%| O|  |TAMS 0x0000000093800000| PB 0x0000000093800000| Updating 
| 312|0x0000000093800000, 0x0000000093900000, 0x0000000093900000|100%| O|  |TAMS 0x0000000093900000| PB 0x0000000093900000| Updating 
| 313|0x0000000093900000, 0x0000000093a00000, 0x0000000093a00000|100%| O|  |TAMS 0x0000000093a00000| PB 0x0000000093a00000| Updating 
| 314|0x0000000093a00000, 0x0000000093b00000, 0x0000000093b00000|100%| O|  |TAMS 0x0000000093b00000| PB 0x0000000093b00000| Untracked 
| 315|0x0000000093b00000, 0x0000000093c00000, 0x0000000093c00000|100%| O|  |TAMS 0x0000000093c00000| PB 0x0000000093c00000| Updating 
| 316|0x0000000093c00000, 0x0000000093d00000, 0x0000000093d00000|100%| O|  |TAMS 0x0000000093d00000| PB 0x0000000093d00000| Updating 
| 317|0x0000000093d00000, 0x0000000093e00000, 0x0000000093e00000|100%| O|  |TAMS 0x0000000093e00000| PB 0x0000000093e00000| Updating 
| 318|0x0000000093e00000, 0x0000000093f00000, 0x0000000093f00000|100%| O|  |TAMS 0x0000000093f00000| PB 0x0000000093f00000| Updating 
| 319|0x0000000093f00000, 0x0000000094000000, 0x0000000094000000|100%| O|  |TAMS 0x0000000094000000| PB 0x0000000094000000| Untracked 
| 320|0x0000000094000000, 0x0000000094100000, 0x0000000094100000|100%| O|  |TAMS 0x0000000094100000| PB 0x0000000094100000| Updating 
| 321|0x0000000094100000, 0x0000000094200000, 0x0000000094200000|100%| O|  |TAMS 0x0000000094200000| PB 0x0000000094200000| Untracked 
| 322|0x0000000094200000, 0x0000000094300000, 0x0000000094300000|100%| O|  |TAMS 0x0000000094300000| PB 0x0000000094300000| Untracked 
| 323|0x0000000094300000, 0x0000000094400000, 0x0000000094400000|100%| O|  |TAMS 0x0000000094400000| PB 0x0000000094400000| Updating 
| 324|0x0000000094400000, 0x0000000094500000, 0x0000000094500000|100%| O|  |TAMS 0x0000000094500000| PB 0x0000000094500000| Untracked 
| 325|0x0000000094500000, 0x0000000094600000, 0x0000000094600000|100%| O|  |TAMS 0x0000000094600000| PB 0x0000000094600000| Updating 
| 326|0x0000000094600000, 0x0000000094700000, 0x0000000094700000|100%| O|  |TAMS 0x0000000094700000| PB 0x0000000094700000| Untracked 
| 327|0x0000000094700000, 0x0000000094800000, 0x0000000094800000|100%| O|  |TAMS 0x0000000094800000| PB 0x0000000094800000| Updating 
| 328|0x0000000094800000, 0x0000000094900000, 0x0000000094900000|100%| O|  |TAMS 0x0000000094900000| PB 0x0000000094900000| Untracked 
| 329|0x0000000094900000, 0x0000000094a00000, 0x0000000094a00000|100%| O|  |TAMS 0x0000000094a00000| PB 0x0000000094a00000| Untracked 
| 330|0x0000000094a00000, 0x0000000094b00000, 0x0000000094b00000|100%| O|  |TAMS 0x0000000094b00000| PB 0x0000000094b00000| Updating 
| 331|0x0000000094b00000, 0x0000000094c00000, 0x0000000094c00000|100%| O|  |TAMS 0x0000000094c00000| PB 0x0000000094c00000| Updating 
| 332|0x0000000094c00000, 0x0000000094d00000, 0x0000000094d00000|100%| O|  |TAMS 0x0000000094d00000| PB 0x0000000094d00000| Updating 
| 333|0x0000000094d00000, 0x0000000094e00000, 0x0000000094e00000|100%| O|  |TAMS 0x0000000094e00000| PB 0x0000000094e00000| Untracked 
| 334|0x0000000094e00000, 0x0000000094f00000, 0x0000000094f00000|100%| O|  |TAMS 0x0000000094f00000| PB 0x0000000094f00000| Updating 
| 335|0x0000000094f00000, 0x0000000095000000, 0x0000000095000000|100%| O|  |TAMS 0x0000000095000000| PB 0x0000000095000000| Untracked 
| 336|0x0000000095000000, 0x0000000095100000, 0x0000000095100000|100%| O|  |TAMS 0x0000000095100000| PB 0x0000000095100000| Updating 
| 337|0x0000000095100000, 0x0000000095200000, 0x0000000095200000|100%| O|  |TAMS 0x0000000095200000| PB 0x0000000095200000| Updating 
| 338|0x0000000095200000, 0x0000000095300000, 0x0000000095300000|100%| O|  |TAMS 0x0000000095300000| PB 0x0000000095300000| Updating 
| 339|0x0000000095300000, 0x0000000095300000, 0x0000000095400000|  0%| F|  |TAMS 0x0000000095300000| PB 0x0000000095300000| Untracked 
| 340|0x0000000095400000, 0x0000000095500000, 0x0000000095500000|100%| O|  |TAMS 0x0000000095500000| PB 0x0000000095500000| Updating 
| 341|0x0000000095500000, 0x0000000095600000, 0x0000000095600000|100%| O|  |TAMS 0x0000000095600000| PB 0x0000000095600000| Updating 
| 342|0x0000000095600000, 0x0000000095700000, 0x0000000095700000|100%| O|  |TAMS 0x0000000095700000| PB 0x0000000095700000| Updating 
| 343|0x0000000095700000, 0x0000000095800000, 0x0000000095800000|100%| O|  |TAMS 0x0000000095800000| PB 0x0000000095800000| Updating 
| 344|0x0000000095800000, 0x0000000095900000, 0x0000000095900000|100%| O|  |TAMS 0x0000000095900000| PB 0x0000000095900000| Updating 
| 345|0x0000000095900000, 0x0000000095a00000, 0x0000000095a00000|100%| O|  |TAMS 0x0000000095a00000| PB 0x0000000095a00000| Untracked 
| 346|0x0000000095a00000, 0x0000000095b00000, 0x0000000095b00000|100%| O|  |TAMS 0x0000000095b00000| PB 0x0000000095b00000| Untracked 
| 347|0x0000000095b00000, 0x0000000095c00000, 0x0000000095c00000|100%| O|  |TAMS 0x0000000095c00000| PB 0x0000000095c00000| Untracked 
| 348|0x0000000095c00000, 0x0000000095d00000, 0x0000000095d00000|100%| O|  |TAMS 0x0000000095d00000| PB 0x0000000095d00000| Untracked 
| 349|0x0000000095d00000, 0x0000000095e00000, 0x0000000095e00000|100%| O|  |TAMS 0x0000000095e00000| PB 0x0000000095e00000| Untracked 
| 350|0x0000000095e00000, 0x0000000095f00000, 0x0000000095f00000|100%| O|  |TAMS 0x0000000095f00000| PB 0x0000000095f00000| Updating 
| 351|0x0000000095f00000, 0x0000000096000000, 0x0000000096000000|100%| O|  |TAMS 0x0000000096000000| PB 0x0000000096000000| Updating 
| 352|0x0000000096000000, 0x0000000096100000, 0x0000000096100000|100%| O|  |TAMS 0x0000000096100000| PB 0x0000000096100000| Untracked 
| 353|0x0000000096100000, 0x0000000096200000, 0x0000000096200000|100%| O|  |TAMS 0x0000000096200000| PB 0x0000000096200000| Untracked 
| 354|0x0000000096200000, 0x0000000096300000, 0x0000000096300000|100%| O|  |TAMS 0x0000000096300000| PB 0x0000000096300000| Untracked 
| 355|0x0000000096300000, 0x0000000096400000, 0x0000000096400000|100%| O|  |TAMS 0x0000000096400000| PB 0x0000000096400000| Untracked 
| 356|0x0000000096400000, 0x0000000096500000, 0x0000000096500000|100%| O|  |TAMS 0x0000000096500000| PB 0x0000000096500000| Untracked 
| 357|0x0000000096500000, 0x0000000096600000, 0x0000000096600000|100%| O|  |TAMS 0x0000000096600000| PB 0x0000000096600000| Untracked 
| 358|0x0000000096600000, 0x0000000096700000, 0x0000000096700000|100%| O|  |TAMS 0x0000000096700000| PB 0x0000000096700000| Untracked 
| 359|0x0000000096700000, 0x0000000096800000, 0x0000000096800000|100%| O|  |TAMS 0x0000000096800000| PB 0x0000000096800000| Untracked 
| 360|0x0000000096800000, 0x0000000096900000, 0x0000000096900000|100%| O|  |TAMS 0x0000000096900000| PB 0x0000000096900000| Untracked 
| 361|0x0000000096900000, 0x0000000096a00000, 0x0000000096a00000|100%| O|  |TAMS 0x0000000096a00000| PB 0x0000000096a00000| Untracked 
| 362|0x0000000096a00000, 0x0000000096b00000, 0x0000000096b00000|100%| O|  |TAMS 0x0000000096b00000| PB 0x0000000096b00000| Untracked 
| 363|0x0000000096b00000, 0x0000000096c00000, 0x0000000096c00000|100%| O|  |TAMS 0x0000000096c00000| PB 0x0000000096c00000| Untracked 
| 364|0x0000000096c00000, 0x0000000096d00000, 0x0000000096d00000|100%| O|  |TAMS 0x0000000096d00000| PB 0x0000000096d00000| Updating 
| 365|0x0000000096d00000, 0x0000000096e00000, 0x0000000096e00000|100%| O|  |TAMS 0x0000000096e00000| PB 0x0000000096e00000| Untracked 
| 366|0x0000000096e00000, 0x0000000096f00000, 0x0000000096f00000|100%| O|  |TAMS 0x0000000096f00000| PB 0x0000000096f00000| Untracked 
| 367|0x0000000096f00000, 0x0000000097000000, 0x0000000097000000|100%| O|  |TAMS 0x0000000097000000| PB 0x0000000097000000| Untracked 
| 368|0x0000000097000000, 0x0000000097100000, 0x0000000097100000|100%| O|  |TAMS 0x0000000097100000| PB 0x0000000097100000| Untracked 
| 369|0x0000000097100000, 0x0000000097200000, 0x0000000097200000|100%|HS|  |TAMS 0x0000000097200000| PB 0x0000000097100000| Complete 
| 370|0x0000000097200000, 0x0000000097300000, 0x0000000097300000|100%|HC|  |TAMS 0x0000000097300000| PB 0x0000000097200000| Complete 
| 371|0x0000000097300000, 0x0000000097400000, 0x0000000097400000|100%| O|  |TAMS 0x0000000097400000| PB 0x0000000097400000| Updating 
| 372|0x0000000097400000, 0x0000000097500000, 0x0000000097500000|100%| O|  |TAMS 0x0000000097500000| PB 0x0000000097500000| Updating 
| 373|0x0000000097500000, 0x0000000097600000, 0x0000000097600000|100%| O|  |TAMS 0x0000000097600000| PB 0x0000000097600000| Updating 
| 374|0x0000000097600000, 0x0000000097700000, 0x0000000097700000|100%| O|  |TAMS 0x0000000097700000| PB 0x0000000097700000| Untracked 
| 375|0x0000000097700000, 0x0000000097800000, 0x0000000097800000|100%| O|  |TAMS 0x0000000097800000| PB 0x0000000097800000| Untracked 
| 376|0x0000000097800000, 0x0000000097900000, 0x0000000097900000|100%| O|  |TAMS 0x0000000097900000| PB 0x0000000097900000| Untracked 
| 377|0x0000000097900000, 0x0000000097a00000, 0x0000000097a00000|100%| O|  |TAMS 0x0000000097a00000| PB 0x0000000097a00000| Untracked 
| 378|0x0000000097a00000, 0x0000000097b00000, 0x0000000097b00000|100%| O|  |TAMS 0x0000000097b00000| PB 0x0000000097b00000| Untracked 
| 379|0x0000000097b00000, 0x0000000097c00000, 0x0000000097c00000|100%| O|  |TAMS 0x0000000097c00000| PB 0x0000000097c00000| Updating 
| 380|0x0000000097c00000, 0x0000000097d00000, 0x0000000097d00000|100%| O|  |TAMS 0x0000000097d00000| PB 0x0000000097d00000| Untracked 
| 381|0x0000000097d00000, 0x0000000097e00000, 0x0000000097e00000|100%| O|  |TAMS 0x0000000097e00000| PB 0x0000000097e00000| Untracked 
| 382|0x0000000097e00000, 0x0000000097f00000, 0x0000000097f00000|100%| O|  |TAMS 0x0000000097f00000| PB 0x0000000097f00000| Untracked 
| 383|0x0000000097f00000, 0x0000000098000000, 0x0000000098000000|100%| O|  |TAMS 0x0000000098000000| PB 0x0000000098000000| Updating 
| 384|0x0000000098000000, 0x0000000098100000, 0x0000000098100000|100%| O|  |TAMS 0x0000000098100000| PB 0x0000000098100000| Updating 
| 385|0x0000000098100000, 0x0000000098200000, 0x0000000098200000|100%| O|  |TAMS 0x0000000098200000| PB 0x0000000098200000| Updating 
| 386|0x0000000098200000, 0x0000000098300000, 0x0000000098300000|100%| O|  |TAMS 0x0000000098300000| PB 0x0000000098300000| Untracked 
| 387|0x0000000098300000, 0x0000000098400000, 0x0000000098400000|100%|HS|  |TAMS 0x0000000098400000| PB 0x0000000098300000| Complete 
| 388|0x0000000098400000, 0x0000000098500000, 0x0000000098500000|100%|HC|  |TAMS 0x0000000098500000| PB 0x0000000098400000| Complete 
| 389|0x0000000098500000, 0x0000000098600000, 0x0000000098600000|100%|HC|  |TAMS 0x0000000098600000| PB 0x0000000098500000| Complete 
| 390|0x0000000098600000, 0x0000000098700000, 0x0000000098700000|100%|HC|  |TAMS 0x0000000098700000| PB 0x0000000098600000| Complete 
| 391|0x0000000098700000, 0x0000000098800000, 0x0000000098800000|100%|HC|  |TAMS 0x0000000098800000| PB 0x0000000098700000| Complete 
| 392|0x0000000098800000, 0x0000000098900000, 0x0000000098900000|100%|HC|  |TAMS 0x0000000098900000| PB 0x0000000098800000| Complete 
| 393|0x0000000098900000, 0x0000000098a00000, 0x0000000098a00000|100%| O|  |TAMS 0x0000000098a00000| PB 0x0000000098a00000| Updating 
| 394|0x0000000098a00000, 0x0000000098b00000, 0x0000000098b00000|100%| O|  |TAMS 0x0000000098b00000| PB 0x0000000098b00000| Untracked 
| 395|0x0000000098b00000, 0x0000000098c00000, 0x0000000098c00000|100%| O|  |TAMS 0x0000000098c00000| PB 0x0000000098c00000| Updating 
| 396|0x0000000098c00000, 0x0000000098d00000, 0x0000000098d00000|100%| O|  |TAMS 0x0000000098d00000| PB 0x0000000098d00000| Updating 
| 397|0x0000000098d00000, 0x0000000098e00000, 0x0000000098e00000|100%| O|  |TAMS 0x0000000098e00000| PB 0x0000000098e00000| Untracked 
| 398|0x0000000098e00000, 0x0000000098f00000, 0x0000000098f00000|100%| O|  |TAMS 0x0000000098f00000| PB 0x0000000098f00000| Updating 
| 399|0x0000000098f00000, 0x0000000099000000, 0x0000000099000000|100%| O|  |TAMS 0x0000000099000000| PB 0x0000000099000000| Untracked 
| 400|0x0000000099000000, 0x0000000099100000, 0x0000000099100000|100%| O|  |TAMS 0x0000000099100000| PB 0x0000000099100000| Updating 
| 401|0x0000000099100000, 0x0000000099100000, 0x0000000099200000|  0%| F|  |TAMS 0x0000000099100000| PB 0x0000000099100000| Untracked 
| 402|0x0000000099200000, 0x0000000099300000, 0x0000000099300000|100%| O|  |TAMS 0x0000000099300000| PB 0x0000000099300000| Untracked 
| 403|0x0000000099300000, 0x0000000099400000, 0x0000000099400000|100%| O|  |TAMS 0x0000000099400000| PB 0x0000000099400000| Untracked 
| 404|0x0000000099400000, 0x0000000099500000, 0x0000000099500000|100%| O|  |TAMS 0x0000000099500000| PB 0x0000000099500000| Updating 
| 405|0x0000000099500000, 0x0000000099600000, 0x0000000099600000|100%| O|  |TAMS 0x0000000099600000| PB 0x0000000099600000| Untracked 
| 406|0x0000000099600000, 0x0000000099700000, 0x0000000099700000|100%| O|  |TAMS 0x0000000099700000| PB 0x0000000099700000| Untracked 
| 407|0x0000000099700000, 0x0000000099800000, 0x0000000099800000|100%| O|  |TAMS 0x0000000099800000| PB 0x0000000099800000| Untracked 
| 408|0x0000000099800000, 0x0000000099900000, 0x0000000099900000|100%| O|  |TAMS 0x0000000099900000| PB 0x0000000099900000| Updating 
| 409|0x0000000099900000, 0x0000000099a00000, 0x0000000099a00000|100%| O|  |TAMS 0x0000000099a00000| PB 0x0000000099a00000| Untracked 
| 410|0x0000000099a00000, 0x0000000099b00000, 0x0000000099b00000|100%| O|  |TAMS 0x0000000099b00000| PB 0x0000000099b00000| Updating 
| 411|0x0000000099b00000, 0x0000000099c00000, 0x0000000099c00000|100%| O|  |TAMS 0x0000000099c00000| PB 0x0000000099c00000| Untracked 
| 412|0x0000000099c00000, 0x0000000099d00000, 0x0000000099d00000|100%| O|  |TAMS 0x0000000099d00000| PB 0x0000000099d00000| Untracked 
| 413|0x0000000099d00000, 0x0000000099e00000, 0x0000000099e00000|100%| O|  |TAMS 0x0000000099e00000| PB 0x0000000099e00000| Updating 
| 414|0x0000000099e00000, 0x0000000099f00000, 0x0000000099f00000|100%| O|  |TAMS 0x0000000099f00000| PB 0x0000000099f00000| Untracked 
| 415|0x0000000099f00000, 0x000000009a000000, 0x000000009a000000|100%| O|  |TAMS 0x000000009a000000| PB 0x000000009a000000| Untracked 
| 416|0x000000009a000000, 0x000000009a000000, 0x000000009a100000|  0%| F|  |TAMS 0x000000009a000000| PB 0x000000009a000000| Untracked 
| 417|0x000000009a100000, 0x000000009a200000, 0x000000009a200000|100%| O|  |TAMS 0x000000009a200000| PB 0x000000009a200000| Untracked 
| 418|0x000000009a200000, 0x000000009a300000, 0x000000009a300000|100%| O|  |TAMS 0x000000009a300000| PB 0x000000009a300000| Untracked 
| 419|0x000000009a300000, 0x000000009a400000, 0x000000009a400000|100%| O|  |TAMS 0x000000009a400000| PB 0x000000009a400000| Untracked 
| 420|0x000000009a400000, 0x000000009a500000, 0x000000009a500000|100%| O|  |TAMS 0x000000009a500000| PB 0x000000009a500000| Untracked 
| 421|0x000000009a500000, 0x000000009a600000, 0x000000009a600000|100%| O|  |TAMS 0x000000009a600000| PB 0x000000009a600000| Untracked 
| 422|0x000000009a600000, 0x000000009a700000, 0x000000009a700000|100%| O|  |TAMS 0x000000009a700000| PB 0x000000009a700000| Untracked 
| 423|0x000000009a700000, 0x000000009a800000, 0x000000009a800000|100%| O|  |TAMS 0x000000009a800000| PB 0x000000009a800000| Untracked 
| 424|0x000000009a800000, 0x000000009a900000, 0x000000009a900000|100%| O|  |TAMS 0x000000009a900000| PB 0x000000009a900000| Updating 
| 425|0x000000009a900000, 0x000000009aa00000, 0x000000009aa00000|100%|HS|  |TAMS 0x000000009aa00000| PB 0x000000009a900000| Complete 
| 426|0x000000009aa00000, 0x000000009ab00000, 0x000000009ab00000|100%|HC|  |TAMS 0x000000009ab00000| PB 0x000000009aa00000| Complete 
| 427|0x000000009ab00000, 0x000000009ac00000, 0x000000009ac00000|100%|HC|  |TAMS 0x000000009ac00000| PB 0x000000009ab00000| Complete 
| 428|0x000000009ac00000, 0x000000009ad00000, 0x000000009ad00000|100%|HC|  |TAMS 0x000000009ad00000| PB 0x000000009ac00000| Complete 
| 429|0x000000009ad00000, 0x000000009ae00000, 0x000000009ae00000|100%|HC|  |TAMS 0x000000009ae00000| PB 0x000000009ad00000| Complete 
| 430|0x000000009ae00000, 0x000000009af00000, 0x000000009af00000|100%|HC|  |TAMS 0x000000009af00000| PB 0x000000009ae00000| Complete 
| 431|0x000000009af00000, 0x000000009b000000, 0x000000009b000000|100%| O|  |TAMS 0x000000009b000000| PB 0x000000009b000000| Updating 
| 432|0x000000009b000000, 0x000000009b100000, 0x000000009b100000|100%| O|  |TAMS 0x000000009b100000| PB 0x000000009b100000| Untracked 
| 433|0x000000009b100000, 0x000000009b200000, 0x000000009b200000|100%| O|  |TAMS 0x000000009b200000| PB 0x000000009b200000| Untracked 
| 434|0x000000009b200000, 0x000000009b300000, 0x000000009b300000|100%| O|  |TAMS 0x000000009b300000| PB 0x000000009b300000| Updating 
| 435|0x000000009b300000, 0x000000009b400000, 0x000000009b400000|100%| O|  |TAMS 0x000000009b400000| PB 0x000000009b400000| Updating 
| 436|0x000000009b400000, 0x000000009b500000, 0x000000009b500000|100%| O|  |TAMS 0x000000009b500000| PB 0x000000009b500000| Updating 
| 437|0x000000009b500000, 0x000000009b600000, 0x000000009b600000|100%| O|  |TAMS 0x000000009b600000| PB 0x000000009b600000| Updating 
| 438|0x000000009b600000, 0x000000009b700000, 0x000000009b700000|100%| O|  |TAMS 0x000000009b700000| PB 0x000000009b700000| Updating 
| 439|0x000000009b700000, 0x000000009b800000, 0x000000009b800000|100%| O|  |TAMS 0x000000009b800000| PB 0x000000009b800000| Updating 
| 440|0x000000009b800000, 0x000000009b900000, 0x000000009b900000|100%| O|  |TAMS 0x000000009b900000| PB 0x000000009b900000| Updating 
| 441|0x000000009b900000, 0x000000009ba00000, 0x000000009ba00000|100%| O|  |TAMS 0x000000009ba00000| PB 0x000000009ba00000| Updating 
| 442|0x000000009ba00000, 0x000000009bb00000, 0x000000009bb00000|100%| O|  |TAMS 0x000000009bb00000| PB 0x000000009bb00000| Updating 
| 443|0x000000009bb00000, 0x000000009bc00000, 0x000000009bc00000|100%| O|  |TAMS 0x000000009bc00000| PB 0x000000009bc00000| Untracked 
| 444|0x000000009bc00000, 0x000000009bd00000, 0x000000009bd00000|100%| O|  |TAMS 0x000000009bd00000| PB 0x000000009bd00000| Updating 
| 445|0x000000009bd00000, 0x000000009be00000, 0x000000009be00000|100%| O|  |TAMS 0x000000009be00000| PB 0x000000009be00000| Updating 
| 446|0x000000009be00000, 0x000000009bf00000, 0x000000009bf00000|100%| O|  |TAMS 0x000000009bf00000| PB 0x000000009bf00000| Updating 
| 447|0x000000009bf00000, 0x000000009c000000, 0x000000009c000000|100%| O|  |TAMS 0x000000009c000000| PB 0x000000009c000000| Updating 
| 448|0x000000009c000000, 0x000000009c100000, 0x000000009c100000|100%| O|  |TAMS 0x000000009c100000| PB 0x000000009c100000| Updating 
| 449|0x000000009c100000, 0x000000009c200000, 0x000000009c200000|100%| O|  |TAMS 0x000000009c200000| PB 0x000000009c200000| Updating 
| 450|0x000000009c200000, 0x000000009c300000, 0x000000009c300000|100%| O|  |TAMS 0x000000009c300000| PB 0x000000009c300000| Updating 
| 451|0x000000009c300000, 0x000000009c400000, 0x000000009c400000|100%| O|  |TAMS 0x000000009c400000| PB 0x000000009c400000| Untracked 
| 452|0x000000009c400000, 0x000000009c500000, 0x000000009c500000|100%| O|  |TAMS 0x000000009c500000| PB 0x000000009c500000| Updating 
| 453|0x000000009c500000, 0x000000009c600000, 0x000000009c600000|100%| O|  |TAMS 0x000000009c600000| PB 0x000000009c600000| Untracked 
| 454|0x000000009c600000, 0x000000009c700000, 0x000000009c700000|100%| O|  |TAMS 0x000000009c700000| PB 0x000000009c700000| Untracked 
| 455|0x000000009c700000, 0x000000009c800000, 0x000000009c800000|100%| O|  |TAMS 0x000000009c800000| PB 0x000000009c800000| Updating 
| 456|0x000000009c800000, 0x000000009c900000, 0x000000009c900000|100%| O|  |TAMS 0x000000009c900000| PB 0x000000009c900000| Untracked 
| 457|0x000000009c900000, 0x000000009ca00000, 0x000000009ca00000|100%| O|  |TAMS 0x000000009ca00000| PB 0x000000009ca00000| Updating 
| 458|0x000000009ca00000, 0x000000009cb00000, 0x000000009cb00000|100%| O|  |TAMS 0x000000009cb00000| PB 0x000000009cb00000| Untracked 
| 459|0x000000009cb00000, 0x000000009cc00000, 0x000000009cc00000|100%| O|  |TAMS 0x000000009cc00000| PB 0x000000009cc00000| Updating 
| 460|0x000000009cc00000, 0x000000009cd00000, 0x000000009cd00000|100%| O|  |TAMS 0x000000009cd00000| PB 0x000000009cd00000| Updating 
| 461|0x000000009cd00000, 0x000000009ce00000, 0x000000009ce00000|100%| O|  |TAMS 0x000000009ce00000| PB 0x000000009ce00000| Untracked 
| 462|0x000000009ce00000, 0x000000009cf00000, 0x000000009cf00000|100%| O|  |TAMS 0x000000009cf00000| PB 0x000000009cf00000| Untracked 
| 463|0x000000009cf00000, 0x000000009d000000, 0x000000009d000000|100%| O|  |TAMS 0x000000009d000000| PB 0x000000009d000000| Updating 
| 464|0x000000009d000000, 0x000000009d100000, 0x000000009d100000|100%| O|  |TAMS 0x000000009d100000| PB 0x000000009d100000| Untracked 
| 465|0x000000009d100000, 0x000000009d200000, 0x000000009d200000|100%| O|  |TAMS 0x000000009d200000| PB 0x000000009d200000| Untracked 
| 466|0x000000009d200000, 0x000000009d200000, 0x000000009d300000|  0%| F|  |TAMS 0x000000009d200000| PB 0x000000009d200000| Untracked 
| 467|0x000000009d300000, 0x000000009d400000, 0x000000009d400000|100%| O|  |TAMS 0x000000009d400000| PB 0x000000009d400000| Untracked 
| 468|0x000000009d400000, 0x000000009d500000, 0x000000009d500000|100%| O|  |TAMS 0x000000009d500000| PB 0x000000009d500000| Untracked 
| 469|0x000000009d500000, 0x000000009d600000, 0x000000009d600000|100%| O|  |TAMS 0x000000009d600000| PB 0x000000009d600000| Untracked 
| 470|0x000000009d600000, 0x000000009d700000, 0x000000009d700000|100%| O|  |TAMS 0x000000009d700000| PB 0x000000009d700000| Untracked 
| 471|0x000000009d700000, 0x000000009d800000, 0x000000009d800000|100%| O|  |TAMS 0x000000009d800000| PB 0x000000009d800000| Untracked 
| 472|0x000000009d800000, 0x000000009d900000, 0x000000009d900000|100%| O|  |TAMS 0x000000009d900000| PB 0x000000009d900000| Untracked 
| 473|0x000000009d900000, 0x000000009da00000, 0x000000009da00000|100%| O|  |TAMS 0x000000009da00000| PB 0x000000009da00000| Untracked 
| 474|0x000000009da00000, 0x000000009db00000, 0x000000009db00000|100%| O|  |TAMS 0x000000009db00000| PB 0x000000009db00000| Updating 
| 475|0x000000009db00000, 0x000000009dc00000, 0x000000009dc00000|100%| O|  |TAMS 0x000000009dc00000| PB 0x000000009dc00000| Untracked 
| 476|0x000000009dc00000, 0x000000009dd00000, 0x000000009dd00000|100%| O|  |TAMS 0x000000009dd00000| PB 0x000000009dd00000| Updating 
| 477|0x000000009dd00000, 0x000000009dd00000, 0x000000009de00000|  0%| F|  |TAMS 0x000000009dd00000| PB 0x000000009dd00000| Untracked 
| 478|0x000000009de00000, 0x000000009df00000, 0x000000009df00000|100%| O|  |TAMS 0x000000009df00000| PB 0x000000009df00000| Untracked 
| 479|0x000000009df00000, 0x000000009e000000, 0x000000009e000000|100%| O|  |TAMS 0x000000009e000000| PB 0x000000009e000000| Untracked 
| 480|0x000000009e000000, 0x000000009e100000, 0x000000009e100000|100%| O|  |TAMS 0x000000009e100000| PB 0x000000009e100000| Untracked 
| 481|0x000000009e100000, 0x000000009e200000, 0x000000009e200000|100%| O|  |TAMS 0x000000009e200000| PB 0x000000009e200000| Untracked 
| 482|0x000000009e200000, 0x000000009e300000, 0x000000009e300000|100%| O|  |TAMS 0x000000009e300000| PB 0x000000009e300000| Untracked 
| 483|0x000000009e300000, 0x000000009e400000, 0x000000009e400000|100%| O|  |TAMS 0x000000009e400000| PB 0x000000009e400000| Untracked 
| 484|0x000000009e400000, 0x000000009e500000, 0x000000009e500000|100%| O|  |TAMS 0x000000009e500000| PB 0x000000009e500000| Untracked 
| 485|0x000000009e500000, 0x000000009e600000, 0x000000009e600000|100%| O|  |TAMS 0x000000009e600000| PB 0x000000009e600000| Untracked 
| 486|0x000000009e600000, 0x000000009e700000, 0x000000009e700000|100%| O|  |TAMS 0x000000009e700000| PB 0x000000009e700000| Untracked 
| 487|0x000000009e700000, 0x000000009e800000, 0x000000009e800000|100%| O|  |TAMS 0x000000009e800000| PB 0x000000009e800000| Untracked 
| 488|0x000000009e800000, 0x000000009e900000, 0x000000009e900000|100%| O|  |TAMS 0x000000009e900000| PB 0x000000009e900000| Untracked 
| 489|0x000000009e900000, 0x000000009ea00000, 0x000000009ea00000|100%| O|  |TAMS 0x000000009ea00000| PB 0x000000009ea00000| Untracked 
| 490|0x000000009ea00000, 0x000000009eb00000, 0x000000009eb00000|100%| O|  |TAMS 0x000000009eb00000| PB 0x000000009eb00000| Untracked 
| 491|0x000000009eb00000, 0x000000009ec00000, 0x000000009ec00000|100%| O|  |TAMS 0x000000009ec00000| PB 0x000000009ec00000| Untracked 
| 492|0x000000009ec00000, 0x000000009ed00000, 0x000000009ed00000|100%| O|  |TAMS 0x000000009ed00000| PB 0x000000009ed00000| Untracked 
| 493|0x000000009ed00000, 0x000000009ee00000, 0x000000009ee00000|100%| O|  |TAMS 0x000000009ee00000| PB 0x000000009ee00000| Updating 
| 494|0x000000009ee00000, 0x000000009ef00000, 0x000000009ef00000|100%| O|  |TAMS 0x000000009ef00000| PB 0x000000009ef00000| Updating 
| 495|0x000000009ef00000, 0x000000009f000000, 0x000000009f000000|100%| O|  |TAMS 0x000000009f000000| PB 0x000000009f000000| Untracked 
| 496|0x000000009f000000, 0x000000009f100000, 0x000000009f100000|100%| O|  |TAMS 0x000000009f100000| PB 0x000000009f100000| Updating 
| 497|0x000000009f100000, 0x000000009f200000, 0x000000009f200000|100%| O|  |TAMS 0x000000009f200000| PB 0x000000009f200000| Untracked 
| 498|0x000000009f200000, 0x000000009f300000, 0x000000009f300000|100%| O|  |TAMS 0x000000009f300000| PB 0x000000009f300000| Updating 
| 499|0x000000009f300000, 0x000000009f400000, 0x000000009f400000|100%| O|  |TAMS 0x000000009f400000| PB 0x000000009f400000| Updating 
| 500|0x000000009f400000, 0x000000009f500000, 0x000000009f500000|100%| O|  |TAMS 0x000000009f500000| PB 0x000000009f500000| Updating 
| 501|0x000000009f500000, 0x000000009f600000, 0x000000009f600000|100%| O|  |TAMS 0x000000009f600000| PB 0x000000009f600000| Untracked 
| 502|0x000000009f600000, 0x000000009f700000, 0x000000009f700000|100%| O|  |TAMS 0x000000009f700000| PB 0x000000009f700000| Updating 
| 503|0x000000009f700000, 0x000000009f800000, 0x000000009f800000|100%| O|  |TAMS 0x000000009f800000| PB 0x000000009f800000| Untracked 
| 504|0x000000009f800000, 0x000000009f900000, 0x000000009f900000|100%| O|  |TAMS 0x000000009f900000| PB 0x000000009f900000| Updating 
| 505|0x000000009f900000, 0x000000009fa00000, 0x000000009fa00000|100%| O|  |TAMS 0x000000009fa00000| PB 0x000000009fa00000| Updating 
| 506|0x000000009fa00000, 0x000000009fb00000, 0x000000009fb00000|100%| O|  |TAMS 0x000000009fb00000| PB 0x000000009fb00000| Updating 
| 507|0x000000009fb00000, 0x000000009fc00000, 0x000000009fc00000|100%| O|  |TAMS 0x000000009fc00000| PB 0x000000009fc00000| Updating 
| 508|0x000000009fc00000, 0x000000009fd00000, 0x000000009fd00000|100%| O|  |TAMS 0x000000009fd00000| PB 0x000000009fd00000| Untracked 
| 509|0x000000009fd00000, 0x000000009fe00000, 0x000000009fe00000|100%| O|  |TAMS 0x000000009fe00000| PB 0x000000009fe00000| Updating 
| 510|0x000000009fe00000, 0x000000009ff00000, 0x000000009ff00000|100%| O|  |TAMS 0x000000009ff00000| PB 0x000000009ff00000| Updating 
| 511|0x000000009ff00000, 0x00000000a0000000, 0x00000000a0000000|100%| O|  |TAMS 0x00000000a0000000| PB 0x00000000a0000000| Untracked 
| 512|0x00000000a0000000, 0x00000000a0100000, 0x00000000a0100000|100%| O|  |TAMS 0x00000000a0100000| PB 0x00000000a0100000| Untracked 
| 513|0x00000000a0100000, 0x00000000a0200000, 0x00000000a0200000|100%| O|  |TAMS 0x00000000a0200000| PB 0x00000000a0200000| Untracked 
| 514|0x00000000a0200000, 0x00000000a0300000, 0x00000000a0300000|100%| O|  |TAMS 0x00000000a0300000| PB 0x00000000a0300000| Untracked 
| 515|0x00000000a0300000, 0x00000000a0400000, 0x00000000a0400000|100%| O|  |TAMS 0x00000000a0400000| PB 0x00000000a0400000| Untracked 
| 516|0x00000000a0400000, 0x00000000a0500000, 0x00000000a0500000|100%| O|  |TAMS 0x00000000a0500000| PB 0x00000000a0500000| Updating 
| 517|0x00000000a0500000, 0x00000000a0600000, 0x00000000a0600000|100%| O|  |TAMS 0x00000000a0600000| PB 0x00000000a0600000| Updating 
| 518|0x00000000a0600000, 0x00000000a0700000, 0x00000000a0700000|100%| O|  |TAMS 0x00000000a0700000| PB 0x00000000a0700000| Updating 
| 519|0x00000000a0700000, 0x00000000a0800000, 0x00000000a0800000|100%| O|  |TAMS 0x00000000a0800000| PB 0x00000000a0800000| Untracked 
| 520|0x00000000a0800000, 0x00000000a0900000, 0x00000000a0900000|100%| O|  |TAMS 0x00000000a0900000| PB 0x00000000a0900000| Untracked 
| 521|0x00000000a0900000, 0x00000000a0a00000, 0x00000000a0a00000|100%| O|  |TAMS 0x00000000a0a00000| PB 0x00000000a0a00000| Updating 
| 522|0x00000000a0a00000, 0x00000000a0a00000, 0x00000000a0b00000|  0%| F|  |TAMS 0x00000000a0a00000| PB 0x00000000a0a00000| Untracked 
| 523|0x00000000a0b00000, 0x00000000a0c00000, 0x00000000a0c00000|100%| O|  |TAMS 0x00000000a0c00000| PB 0x00000000a0c00000| Updating 
| 524|0x00000000a0c00000, 0x00000000a0d00000, 0x00000000a0d00000|100%| O|  |TAMS 0x00000000a0d00000| PB 0x00000000a0d00000| Updating 
| 525|0x00000000a0d00000, 0x00000000a0e00000, 0x00000000a0e00000|100%| O|  |TAMS 0x00000000a0e00000| PB 0x00000000a0e00000| Updating 
| 526|0x00000000a0e00000, 0x00000000a0f00000, 0x00000000a0f00000|100%| O|  |TAMS 0x00000000a0f00000| PB 0x00000000a0f00000| Untracked 
| 527|0x00000000a0f00000, 0x00000000a1000000, 0x00000000a1000000|100%| O|  |TAMS 0x00000000a1000000| PB 0x00000000a1000000| Untracked 
| 528|0x00000000a1000000, 0x00000000a1100000, 0x00000000a1100000|100%| O|  |TAMS 0x00000000a1100000| PB 0x00000000a1100000| Untracked 
| 529|0x00000000a1100000, 0x00000000a1200000, 0x00000000a1200000|100%| O|  |TAMS 0x00000000a1200000| PB 0x00000000a1200000| Untracked 
| 530|0x00000000a1200000, 0x00000000a1300000, 0x00000000a1300000|100%| O|  |TAMS 0x00000000a1300000| PB 0x00000000a1300000| Untracked 
| 531|0x00000000a1300000, 0x00000000a1400000, 0x00000000a1400000|100%| O|  |TAMS 0x00000000a1400000| PB 0x00000000a1400000| Untracked 
| 532|0x00000000a1400000, 0x00000000a1500000, 0x00000000a1500000|100%| O|  |TAMS 0x00000000a1500000| PB 0x00000000a1500000| Updating 
| 533|0x00000000a1500000, 0x00000000a1600000, 0x00000000a1600000|100%| O|  |TAMS 0x00000000a1600000| PB 0x00000000a1600000| Untracked 
| 534|0x00000000a1600000, 0x00000000a1700000, 0x00000000a1700000|100%| O|  |TAMS 0x00000000a1700000| PB 0x00000000a1700000| Untracked 
| 535|0x00000000a1700000, 0x00000000a1800000, 0x00000000a1800000|100%| O|  |TAMS 0x00000000a1800000| PB 0x00000000a1800000| Untracked 
| 536|0x00000000a1800000, 0x00000000a1900000, 0x00000000a1900000|100%| O|  |TAMS 0x00000000a1900000| PB 0x00000000a1900000| Updating 
| 537|0x00000000a1900000, 0x00000000a1a00000, 0x00000000a1a00000|100%| O|  |TAMS 0x00000000a1a00000| PB 0x00000000a1a00000| Updating 
| 538|0x00000000a1a00000, 0x00000000a1b00000, 0x00000000a1b00000|100%| O|  |TAMS 0x00000000a1b00000| PB 0x00000000a1b00000| Untracked 
| 539|0x00000000a1b00000, 0x00000000a1c00000, 0x00000000a1c00000|100%| O|  |TAMS 0x00000000a1c00000| PB 0x00000000a1c00000| Untracked 
| 540|0x00000000a1c00000, 0x00000000a1d00000, 0x00000000a1d00000|100%| O|  |TAMS 0x00000000a1d00000| PB 0x00000000a1d00000| Untracked 
| 541|0x00000000a1d00000, 0x00000000a1e00000, 0x00000000a1e00000|100%| O|  |TAMS 0x00000000a1e00000| PB 0x00000000a1e00000| Untracked 
| 542|0x00000000a1e00000, 0x00000000a1f00000, 0x00000000a1f00000|100%| O|  |TAMS 0x00000000a1f00000| PB 0x00000000a1f00000| Untracked 
| 543|0x00000000a1f00000, 0x00000000a2000000, 0x00000000a2000000|100%| O|  |TAMS 0x00000000a2000000| PB 0x00000000a2000000| Untracked 
| 544|0x00000000a2000000, 0x00000000a2100000, 0x00000000a2100000|100%| O|  |TAMS 0x00000000a2100000| PB 0x00000000a2100000| Untracked 
| 545|0x00000000a2100000, 0x00000000a2200000, 0x00000000a2200000|100%| O|  |TAMS 0x00000000a2200000| PB 0x00000000a2200000| Untracked 
| 546|0x00000000a2200000, 0x00000000a2300000, 0x00000000a2300000|100%| O|  |TAMS 0x00000000a2300000| PB 0x00000000a2300000| Untracked 
| 547|0x00000000a2300000, 0x00000000a2400000, 0x00000000a2400000|100%| O|  |TAMS 0x00000000a2400000| PB 0x00000000a2400000| Untracked 
| 548|0x00000000a2400000, 0x00000000a2500000, 0x00000000a2500000|100%| O|  |TAMS 0x00000000a2500000| PB 0x00000000a2500000| Untracked 
| 549|0x00000000a2500000, 0x00000000a2600000, 0x00000000a2600000|100%| O|  |TAMS 0x00000000a2600000| PB 0x00000000a2600000| Untracked 
| 550|0x00000000a2600000, 0x00000000a2700000, 0x00000000a2700000|100%| O|  |TAMS 0x00000000a2700000| PB 0x00000000a2700000| Untracked 
| 551|0x00000000a2700000, 0x00000000a2800000, 0x00000000a2800000|100%| O|  |TAMS 0x00000000a2800000| PB 0x00000000a2800000| Updating 
| 552|0x00000000a2800000, 0x00000000a2900000, 0x00000000a2900000|100%| O|  |TAMS 0x00000000a2900000| PB 0x00000000a2900000| Updating 
| 553|0x00000000a2900000, 0x00000000a2a00000, 0x00000000a2a00000|100%| O|  |TAMS 0x00000000a2a00000| PB 0x00000000a2a00000| Untracked 
| 554|0x00000000a2a00000, 0x00000000a2b00000, 0x00000000a2b00000|100%| O|  |TAMS 0x00000000a2b00000| PB 0x00000000a2b00000| Updating 
| 555|0x00000000a2b00000, 0x00000000a2c00000, 0x00000000a2c00000|100%| O|  |TAMS 0x00000000a2c00000| PB 0x00000000a2c00000| Untracked 
| 556|0x00000000a2c00000, 0x00000000a2d00000, 0x00000000a2d00000|100%| O|  |TAMS 0x00000000a2d00000| PB 0x00000000a2d00000| Updating 
| 557|0x00000000a2d00000, 0x00000000a2e00000, 0x00000000a2e00000|100%| O|  |TAMS 0x00000000a2e00000| PB 0x00000000a2e00000| Untracked 
| 558|0x00000000a2e00000, 0x00000000a2f00000, 0x00000000a2f00000|100%| O|  |TAMS 0x00000000a2f00000| PB 0x00000000a2f00000| Untracked 
| 559|0x00000000a2f00000, 0x00000000a3000000, 0x00000000a3000000|100%| O|  |TAMS 0x00000000a3000000| PB 0x00000000a3000000| Untracked 
| 560|0x00000000a3000000, 0x00000000a3100000, 0x00000000a3100000|100%| O|  |TAMS 0x00000000a3100000| PB 0x00000000a3100000| Untracked 
| 561|0x00000000a3100000, 0x00000000a3100000, 0x00000000a3200000|  0%| F|  |TAMS 0x00000000a3100000| PB 0x00000000a3100000| Untracked 
| 562|0x00000000a3200000, 0x00000000a3300000, 0x00000000a3300000|100%| O|  |TAMS 0x00000000a3300000| PB 0x00000000a3300000| Updating 
| 563|0x00000000a3300000, 0x00000000a3400000, 0x00000000a3400000|100%| O|  |TAMS 0x00000000a3400000| PB 0x00000000a3400000| Updating 
| 564|0x00000000a3400000, 0x00000000a3500000, 0x00000000a3500000|100%| O|  |TAMS 0x00000000a3500000| PB 0x00000000a3500000| Updating 
| 565|0x00000000a3500000, 0x00000000a3600000, 0x00000000a3600000|100%| O|  |TAMS 0x00000000a3600000| PB 0x00000000a3600000| Updating 
| 566|0x00000000a3600000, 0x00000000a3700000, 0x00000000a3700000|100%| O|  |TAMS 0x00000000a3700000| PB 0x00000000a3700000| Updating 
| 567|0x00000000a3700000, 0x00000000a3800000, 0x00000000a3800000|100%| O|  |TAMS 0x00000000a3800000| PB 0x00000000a3800000| Untracked 
| 568|0x00000000a3800000, 0x00000000a3900000, 0x00000000a3900000|100%| O|  |TAMS 0x00000000a3900000| PB 0x00000000a3900000| Updating 
| 569|0x00000000a3900000, 0x00000000a3900000, 0x00000000a3a00000|  0%| F|  |TAMS 0x00000000a3900000| PB 0x00000000a3900000| Untracked 
| 570|0x00000000a3a00000, 0x00000000a3b00000, 0x00000000a3b00000|100%| O|  |TAMS 0x00000000a3b00000| PB 0x00000000a3b00000| Untracked 
| 571|0x00000000a3b00000, 0x00000000a3c00000, 0x00000000a3c00000|100%| O|  |TAMS 0x00000000a3c00000| PB 0x00000000a3c00000| Untracked 
| 572|0x00000000a3c00000, 0x00000000a3d00000, 0x00000000a3d00000|100%| O|  |TAMS 0x00000000a3d00000| PB 0x00000000a3d00000| Untracked 
| 573|0x00000000a3d00000, 0x00000000a3e00000, 0x00000000a3e00000|100%| O|  |TAMS 0x00000000a3e00000| PB 0x00000000a3e00000| Untracked 
| 574|0x00000000a3e00000, 0x00000000a3f00000, 0x00000000a3f00000|100%| O|  |TAMS 0x00000000a3f00000| PB 0x00000000a3f00000| Untracked 
| 575|0x00000000a3f00000, 0x00000000a4000000, 0x00000000a4000000|100%| O|  |TAMS 0x00000000a4000000| PB 0x00000000a4000000| Untracked 
| 576|0x00000000a4000000, 0x00000000a4100000, 0x00000000a4100000|100%| O|  |TAMS 0x00000000a4100000| PB 0x00000000a4100000| Untracked 
| 577|0x00000000a4100000, 0x00000000a4200000, 0x00000000a4200000|100%| O|  |TAMS 0x00000000a4200000| PB 0x00000000a4200000| Untracked 
| 578|0x00000000a4200000, 0x00000000a4300000, 0x00000000a4300000|100%| O|  |TAMS 0x00000000a4300000| PB 0x00000000a4300000| Untracked 
| 579|0x00000000a4300000, 0x00000000a4400000, 0x00000000a4400000|100%| O|  |TAMS 0x00000000a4400000| PB 0x00000000a4400000| Untracked 
| 580|0x00000000a4400000, 0x00000000a4500000, 0x00000000a4500000|100%| O|  |TAMS 0x00000000a4500000| PB 0x00000000a4500000| Updating 
| 581|0x00000000a4500000, 0x00000000a4600000, 0x00000000a4600000|100%| O|  |TAMS 0x00000000a4600000| PB 0x00000000a4600000| Updating 
| 582|0x00000000a4600000, 0x00000000a4700000, 0x00000000a4700000|100%| O|  |TAMS 0x00000000a4700000| PB 0x00000000a4700000| Untracked 
| 583|0x00000000a4700000, 0x00000000a4800000, 0x00000000a4800000|100%| O|  |TAMS 0x00000000a4800000| PB 0x00000000a4800000| Untracked 
| 584|0x00000000a4800000, 0x00000000a4900000, 0x00000000a4900000|100%| O|  |TAMS 0x00000000a4900000| PB 0x00000000a4900000| Untracked 
| 585|0x00000000a4900000, 0x00000000a4a00000, 0x00000000a4a00000|100%| O|  |TAMS 0x00000000a4a00000| PB 0x00000000a4a00000| Untracked 
| 586|0x00000000a4a00000, 0x00000000a4b00000, 0x00000000a4b00000|100%| O|  |TAMS 0x00000000a4b00000| PB 0x00000000a4b00000| Untracked 
| 587|0x00000000a4b00000, 0x00000000a4c00000, 0x00000000a4c00000|100%| O|  |TAMS 0x00000000a4c00000| PB 0x00000000a4c00000| Untracked 
| 588|0x00000000a4c00000, 0x00000000a4d00000, 0x00000000a4d00000|100%| O|  |TAMS 0x00000000a4d00000| PB 0x00000000a4d00000| Untracked 
| 589|0x00000000a4d00000, 0x00000000a4e00000, 0x00000000a4e00000|100%| O|  |TAMS 0x00000000a4e00000| PB 0x00000000a4e00000| Untracked 
| 590|0x00000000a4e00000, 0x00000000a4f00000, 0x00000000a4f00000|100%| O|  |TAMS 0x00000000a4f00000| PB 0x00000000a4f00000| Updating 
| 591|0x00000000a4f00000, 0x00000000a5000000, 0x00000000a5000000|100%| O|  |TAMS 0x00000000a5000000| PB 0x00000000a5000000| Untracked 
| 592|0x00000000a5000000, 0x00000000a5100000, 0x00000000a5100000|100%| O|  |TAMS 0x00000000a5100000| PB 0x00000000a5100000| Untracked 
| 593|0x00000000a5100000, 0x00000000a5200000, 0x00000000a5200000|100%| O|  |TAMS 0x00000000a5200000| PB 0x00000000a5200000| Untracked 
| 594|0x00000000a5200000, 0x00000000a5300000, 0x00000000a5300000|100%| O|  |TAMS 0x00000000a5300000| PB 0x00000000a5300000| Untracked 
| 595|0x00000000a5300000, 0x00000000a5400000, 0x00000000a5400000|100%| O|  |TAMS 0x00000000a5400000| PB 0x00000000a5400000| Untracked 
| 596|0x00000000a5400000, 0x00000000a5500000, 0x00000000a5500000|100%| O|  |TAMS 0x00000000a5500000| PB 0x00000000a5500000| Untracked 
| 597|0x00000000a5500000, 0x00000000a5600000, 0x00000000a5600000|100%| O|  |TAMS 0x00000000a5600000| PB 0x00000000a5600000| Untracked 
| 598|0x00000000a5600000, 0x00000000a5700000, 0x00000000a5700000|100%| O|  |TAMS 0x00000000a5700000| PB 0x00000000a5700000| Untracked 
| 599|0x00000000a5700000, 0x00000000a5800000, 0x00000000a5800000|100%| O|  |TAMS 0x00000000a5800000| PB 0x00000000a5800000| Untracked 
| 600|0x00000000a5800000, 0x00000000a5900000, 0x00000000a5900000|100%| O|  |TAMS 0x00000000a5900000| PB 0x00000000a5900000| Untracked 
| 601|0x00000000a5900000, 0x00000000a5a00000, 0x00000000a5a00000|100%| O|  |TAMS 0x00000000a5a00000| PB 0x00000000a5a00000| Untracked 
| 602|0x00000000a5a00000, 0x00000000a5b00000, 0x00000000a5b00000|100%| O|  |TAMS 0x00000000a5b00000| PB 0x00000000a5b00000| Updating 
| 603|0x00000000a5b00000, 0x00000000a5c00000, 0x00000000a5c00000|100%| O|  |TAMS 0x00000000a5c00000| PB 0x00000000a5c00000| Untracked 
| 604|0x00000000a5c00000, 0x00000000a5d00000, 0x00000000a5d00000|100%| O|  |TAMS 0x00000000a5d00000| PB 0x00000000a5d00000| Updating 
| 605|0x00000000a5d00000, 0x00000000a5e00000, 0x00000000a5e00000|100%| O|  |TAMS 0x00000000a5e00000| PB 0x00000000a5e00000| Untracked 
| 606|0x00000000a5e00000, 0x00000000a5f00000, 0x00000000a5f00000|100%| O|  |TAMS 0x00000000a5f00000| PB 0x00000000a5f00000| Untracked 
| 607|0x00000000a5f00000, 0x00000000a6000000, 0x00000000a6000000|100%| O|  |TAMS 0x00000000a6000000| PB 0x00000000a6000000| Untracked 
| 608|0x00000000a6000000, 0x00000000a6100000, 0x00000000a6100000|100%| O|  |TAMS 0x00000000a6100000| PB 0x00000000a6100000| Untracked 
| 609|0x00000000a6100000, 0x00000000a6200000, 0x00000000a6200000|100%| O|  |TAMS 0x00000000a6200000| PB 0x00000000a6200000| Untracked 
| 610|0x00000000a6200000, 0x00000000a6300000, 0x00000000a6300000|100%| O|  |TAMS 0x00000000a6300000| PB 0x00000000a6300000| Untracked 
| 611|0x00000000a6300000, 0x00000000a6400000, 0x00000000a6400000|100%| O|  |TAMS 0x00000000a6400000| PB 0x00000000a6400000| Untracked 
| 612|0x00000000a6400000, 0x00000000a6500000, 0x00000000a6500000|100%| O|  |TAMS 0x00000000a6500000| PB 0x00000000a6500000| Updating 
| 613|0x00000000a6500000, 0x00000000a6600000, 0x00000000a6600000|100%| O|  |TAMS 0x00000000a6600000| PB 0x00000000a6600000| Untracked 
| 614|0x00000000a6600000, 0x00000000a6700000, 0x00000000a6700000|100%| O|  |TAMS 0x00000000a6700000| PB 0x00000000a6700000| Untracked 
| 615|0x00000000a6700000, 0x00000000a6800000, 0x00000000a6800000|100%| O|  |TAMS 0x00000000a6800000| PB 0x00000000a6800000| Updating 
| 616|0x00000000a6800000, 0x00000000a6900000, 0x00000000a6900000|100%| O|  |TAMS 0x00000000a6900000| PB 0x00000000a6900000| Untracked 
| 617|0x00000000a6900000, 0x00000000a6a00000, 0x00000000a6a00000|100%| O|  |TAMS 0x00000000a6a00000| PB 0x00000000a6a00000| Untracked 
| 618|0x00000000a6a00000, 0x00000000a6b00000, 0x00000000a6b00000|100%| O|  |TAMS 0x00000000a6b00000| PB 0x00000000a6b00000| Updating 
| 619|0x00000000a6b00000, 0x00000000a6c00000, 0x00000000a6c00000|100%| O|  |TAMS 0x00000000a6c00000| PB 0x00000000a6c00000| Updating 
| 620|0x00000000a6c00000, 0x00000000a6c00000, 0x00000000a6d00000|  0%| F|  |TAMS 0x00000000a6c00000| PB 0x00000000a6c00000| Untracked 
| 621|0x00000000a6d00000, 0x00000000a6d00000, 0x00000000a6e00000|  0%| F|  |TAMS 0x00000000a6d00000| PB 0x00000000a6d00000| Untracked 
| 622|0x00000000a6e00000, 0x00000000a6e00000, 0x00000000a6f00000|  0%| F|  |TAMS 0x00000000a6e00000| PB 0x00000000a6e00000| Untracked 
| 623|0x00000000a6f00000, 0x00000000a7000000, 0x00000000a7000000|100%| O|  |TAMS 0x00000000a7000000| PB 0x00000000a7000000| Updating 
| 624|0x00000000a7000000, 0x00000000a7000000, 0x00000000a7100000|  0%| F|  |TAMS 0x00000000a7000000| PB 0x00000000a7000000| Untracked 
| 625|0x00000000a7100000, 0x00000000a7200000, 0x00000000a7200000|100%| O|  |TAMS 0x00000000a7200000| PB 0x00000000a7200000| Updating 
| 626|0x00000000a7200000, 0x00000000a7300000, 0x00000000a7300000|100%| O|  |TAMS 0x00000000a7300000| PB 0x00000000a7300000| Updating 
| 627|0x00000000a7300000, 0x00000000a7400000, 0x00000000a7400000|100%| O|  |TAMS 0x00000000a7400000| PB 0x00000000a7400000| Updating 
| 628|0x00000000a7400000, 0x00000000a7500000, 0x00000000a7500000|100%| O|  |TAMS 0x00000000a7500000| PB 0x00000000a7500000| Updating 
| 629|0x00000000a7500000, 0x00000000a7600000, 0x00000000a7600000|100%| O|  |TAMS 0x00000000a7600000| PB 0x00000000a7600000| Updating 
| 630|0x00000000a7600000, 0x00000000a7700000, 0x00000000a7700000|100%| O|  |TAMS 0x00000000a7700000| PB 0x00000000a7700000| Updating 
| 631|0x00000000a7700000, 0x00000000a7700000, 0x00000000a7800000|  0%| F|  |TAMS 0x00000000a7700000| PB 0x00000000a7700000| Untracked 
| 632|0x00000000a7800000, 0x00000000a7800000, 0x00000000a7900000|  0%| F|  |TAMS 0x00000000a7800000| PB 0x00000000a7800000| Untracked 
| 633|0x00000000a7900000, 0x00000000a7a00000, 0x00000000a7a00000|100%| O|  |TAMS 0x00000000a7a00000| PB 0x00000000a7a00000| Updating 
| 634|0x00000000a7a00000, 0x00000000a7b00000, 0x00000000a7b00000|100%| O|  |TAMS 0x00000000a7b00000| PB 0x00000000a7b00000| Untracked 
| 635|0x00000000a7b00000, 0x00000000a7c00000, 0x00000000a7c00000|100%| O|  |TAMS 0x00000000a7c00000| PB 0x00000000a7c00000| Updating 
| 636|0x00000000a7c00000, 0x00000000a7d00000, 0x00000000a7d00000|100%| O|  |TAMS 0x00000000a7d00000| PB 0x00000000a7d00000| Updating 
| 637|0x00000000a7d00000, 0x00000000a7e00000, 0x00000000a7e00000|100%| O|  |TAMS 0x00000000a7e00000| PB 0x00000000a7e00000| Updating 
| 638|0x00000000a7e00000, 0x00000000a7f00000, 0x00000000a7f00000|100%| O|  |TAMS 0x00000000a7f00000| PB 0x00000000a7f00000| Updating 
| 639|0x00000000a7f00000, 0x00000000a8000000, 0x00000000a8000000|100%| O|  |TAMS 0x00000000a8000000| PB 0x00000000a8000000| Updating 
| 640|0x00000000a8000000, 0x00000000a8100000, 0x00000000a8100000|100%| O|  |TAMS 0x00000000a8100000| PB 0x00000000a8100000| Updating 
| 641|0x00000000a8100000, 0x00000000a8200000, 0x00000000a8200000|100%| O|  |TAMS 0x00000000a8200000| PB 0x00000000a8200000| Untracked 
| 642|0x00000000a8200000, 0x00000000a8300000, 0x00000000a8300000|100%| O|  |TAMS 0x00000000a8300000| PB 0x00000000a8300000| Updating 
| 643|0x00000000a8300000, 0x00000000a8400000, 0x00000000a8400000|100%| O|  |TAMS 0x00000000a8400000| PB 0x00000000a8400000| Untracked 
| 644|0x00000000a8400000, 0x00000000a8500000, 0x00000000a8500000|100%| O|  |TAMS 0x00000000a8500000| PB 0x00000000a8500000| Updating 
| 645|0x00000000a8500000, 0x00000000a8600000, 0x00000000a8600000|100%| O|  |TAMS 0x00000000a8600000| PB 0x00000000a8600000| Untracked 
| 646|0x00000000a8600000, 0x00000000a8700000, 0x00000000a8700000|100%| O|  |TAMS 0x00000000a8700000| PB 0x00000000a8700000| Untracked 
| 647|0x00000000a8700000, 0x00000000a8800000, 0x00000000a8800000|100%| O|  |TAMS 0x00000000a8800000| PB 0x00000000a8800000| Untracked 
| 648|0x00000000a8800000, 0x00000000a8900000, 0x00000000a8900000|100%| O|  |TAMS 0x00000000a8900000| PB 0x00000000a8900000| Untracked 
| 649|0x00000000a8900000, 0x00000000a8a00000, 0x00000000a8a00000|100%| O|  |TAMS 0x00000000a8a00000| PB 0x00000000a8a00000| Updating 
| 650|0x00000000a8a00000, 0x00000000a8b00000, 0x00000000a8b00000|100%| O|  |TAMS 0x00000000a8b00000| PB 0x00000000a8b00000| Untracked 
| 651|0x00000000a8b00000, 0x00000000a8c00000, 0x00000000a8c00000|100%| O|  |TAMS 0x00000000a8c00000| PB 0x00000000a8c00000| Untracked 
| 652|0x00000000a8c00000, 0x00000000a8d00000, 0x00000000a8d00000|100%| O|  |TAMS 0x00000000a8d00000| PB 0x00000000a8d00000| Untracked 
| 653|0x00000000a8d00000, 0x00000000a8e00000, 0x00000000a8e00000|100%| O|  |TAMS 0x00000000a8e00000| PB 0x00000000a8e00000| Untracked 
| 654|0x00000000a8e00000, 0x00000000a8f00000, 0x00000000a8f00000|100%| O|  |TAMS 0x00000000a8f00000| PB 0x00000000a8f00000| Updating 
| 655|0x00000000a8f00000, 0x00000000a9000000, 0x00000000a9000000|100%| O|  |TAMS 0x00000000a9000000| PB 0x00000000a9000000| Updating 
| 656|0x00000000a9000000, 0x00000000a9100000, 0x00000000a9100000|100%| O|  |TAMS 0x00000000a9100000| PB 0x00000000a9100000| Untracked 
| 657|0x00000000a9100000, 0x00000000a9200000, 0x00000000a9200000|100%| O|  |TAMS 0x00000000a9200000| PB 0x00000000a9200000| Updating 
| 658|0x00000000a9200000, 0x00000000a9300000, 0x00000000a9300000|100%| O|  |TAMS 0x00000000a9300000| PB 0x00000000a9300000| Updating 
| 659|0x00000000a9300000, 0x00000000a9400000, 0x00000000a9400000|100%| O|  |TAMS 0x00000000a9400000| PB 0x00000000a9400000| Untracked 
| 660|0x00000000a9400000, 0x00000000a9500000, 0x00000000a9500000|100%| O|  |TAMS 0x00000000a9500000| PB 0x00000000a9500000| Updating 
| 661|0x00000000a9500000, 0x00000000a9600000, 0x00000000a9600000|100%| O|  |TAMS 0x00000000a9600000| PB 0x00000000a9600000| Updating 
| 662|0x00000000a9600000, 0x00000000a9700000, 0x00000000a9700000|100%| O|  |TAMS 0x00000000a9700000| PB 0x00000000a9700000| Updating 
| 663|0x00000000a9700000, 0x00000000a9800000, 0x00000000a9800000|100%| O|  |TAMS 0x00000000a9800000| PB 0x00000000a9800000| Untracked 
| 664|0x00000000a9800000, 0x00000000a9900000, 0x00000000a9900000|100%| O|  |TAMS 0x00000000a9900000| PB 0x00000000a9900000| Untracked 
| 665|0x00000000a9900000, 0x00000000a9a00000, 0x00000000a9a00000|100%| O|  |TAMS 0x00000000a9a00000| PB 0x00000000a9a00000| Untracked 
| 666|0x00000000a9a00000, 0x00000000a9b00000, 0x00000000a9b00000|100%| O|  |TAMS 0x00000000a9b00000| PB 0x00000000a9b00000| Untracked 
| 667|0x00000000a9b00000, 0x00000000a9c00000, 0x00000000a9c00000|100%| O|  |TAMS 0x00000000a9c00000| PB 0x00000000a9c00000| Untracked 
| 668|0x00000000a9c00000, 0x00000000a9d00000, 0x00000000a9d00000|100%| O|  |TAMS 0x00000000a9d00000| PB 0x00000000a9d00000| Untracked 
| 669|0x00000000a9d00000, 0x00000000a9e00000, 0x00000000a9e00000|100%| O|  |TAMS 0x00000000a9e00000| PB 0x00000000a9e00000| Updating 
| 670|0x00000000a9e00000, 0x00000000a9f00000, 0x00000000a9f00000|100%| O|  |TAMS 0x00000000a9f00000| PB 0x00000000a9f00000| Untracked 
| 671|0x00000000a9f00000, 0x00000000aa000000, 0x00000000aa000000|100%| O|  |TAMS 0x00000000aa000000| PB 0x00000000aa000000| Untracked 
| 672|0x00000000aa000000, 0x00000000aa100000, 0x00000000aa100000|100%| O|  |TAMS 0x00000000aa100000| PB 0x00000000aa100000| Untracked 
| 673|0x00000000aa100000, 0x00000000aa200000, 0x00000000aa200000|100%| O|  |TAMS 0x00000000aa200000| PB 0x00000000aa200000| Untracked 
| 674|0x00000000aa200000, 0x00000000aa300000, 0x00000000aa300000|100%| O|  |TAMS 0x00000000aa300000| PB 0x00000000aa300000| Untracked 
| 675|0x00000000aa300000, 0x00000000aa400000, 0x00000000aa400000|100%| O|  |TAMS 0x00000000aa400000| PB 0x00000000aa400000| Untracked 
| 676|0x00000000aa400000, 0x00000000aa500000, 0x00000000aa500000|100%| O|  |TAMS 0x00000000aa500000| PB 0x00000000aa500000| Untracked 
| 677|0x00000000aa500000, 0x00000000aa600000, 0x00000000aa600000|100%| O|  |TAMS 0x00000000aa600000| PB 0x00000000aa600000| Updating 
| 678|0x00000000aa600000, 0x00000000aa700000, 0x00000000aa700000|100%| O|  |TAMS 0x00000000aa700000| PB 0x00000000aa700000| Untracked 
| 679|0x00000000aa700000, 0x00000000aa800000, 0x00000000aa800000|100%| O|  |TAMS 0x00000000aa800000| PB 0x00000000aa800000| Untracked 
| 680|0x00000000aa800000, 0x00000000aa900000, 0x00000000aa900000|100%| O|  |TAMS 0x00000000aa900000| PB 0x00000000aa900000| Untracked 
| 681|0x00000000aa900000, 0x00000000aaa00000, 0x00000000aaa00000|100%| O|  |TAMS 0x00000000aaa00000| PB 0x00000000aaa00000| Untracked 
| 682|0x00000000aaa00000, 0x00000000aab00000, 0x00000000aab00000|100%| O|  |TAMS 0x00000000aab00000| PB 0x00000000aab00000| Untracked 
| 683|0x00000000aab00000, 0x00000000aac00000, 0x00000000aac00000|100%| O|  |TAMS 0x00000000aac00000| PB 0x00000000aac00000| Untracked 
| 684|0x00000000aac00000, 0x00000000aad00000, 0x00000000aad00000|100%| O|  |TAMS 0x00000000aad00000| PB 0x00000000aad00000| Updating 
| 685|0x00000000aad00000, 0x00000000aae00000, 0x00000000aae00000|100%| O|  |TAMS 0x00000000aae00000| PB 0x00000000aae00000| Untracked 
| 686|0x00000000aae00000, 0x00000000aaf00000, 0x00000000aaf00000|100%| O|  |TAMS 0x00000000aaf00000| PB 0x00000000aaf00000| Untracked 
| 687|0x00000000aaf00000, 0x00000000ab000000, 0x00000000ab000000|100%| O|  |TAMS 0x00000000ab000000| PB 0x00000000ab000000| Untracked 
| 688|0x00000000ab000000, 0x00000000ab100000, 0x00000000ab100000|100%| O|  |TAMS 0x00000000ab100000| PB 0x00000000ab100000| Updating 
| 689|0x00000000ab100000, 0x00000000ab200000, 0x00000000ab200000|100%| O|  |TAMS 0x00000000ab200000| PB 0x00000000ab200000| Untracked 
| 690|0x00000000ab200000, 0x00000000ab300000, 0x00000000ab300000|100%| O|  |TAMS 0x00000000ab300000| PB 0x00000000ab300000| Untracked 
| 691|0x00000000ab300000, 0x00000000ab400000, 0x00000000ab400000|100%| O|  |TAMS 0x00000000ab400000| PB 0x00000000ab400000| Updating 
| 692|0x00000000ab400000, 0x00000000ab500000, 0x00000000ab500000|100%| O|  |TAMS 0x00000000ab500000| PB 0x00000000ab500000| Updating 
| 693|0x00000000ab500000, 0x00000000ab500000, 0x00000000ab600000|  0%| F|  |TAMS 0x00000000ab500000| PB 0x00000000ab500000| Untracked 
| 694|0x00000000ab600000, 0x00000000ab700000, 0x00000000ab700000|100%| O|  |TAMS 0x00000000ab700000| PB 0x00000000ab700000| Updating 
| 695|0x00000000ab700000, 0x00000000ab700000, 0x00000000ab800000|  0%| F|  |TAMS 0x00000000ab700000| PB 0x00000000ab700000| Untracked 
| 696|0x00000000ab800000, 0x00000000ab800000, 0x00000000ab900000|  0%| F|  |TAMS 0x00000000ab800000| PB 0x00000000ab800000| Untracked 
| 697|0x00000000ab900000, 0x00000000ab900000, 0x00000000aba00000|  0%| F|  |TAMS 0x00000000ab900000| PB 0x00000000ab900000| Untracked 
| 698|0x00000000aba00000, 0x00000000abb00000, 0x00000000abb00000|100%| O|  |TAMS 0x00000000abb00000| PB 0x00000000abb00000| Updating 
| 699|0x00000000abb00000, 0x00000000abb00000, 0x00000000abc00000|  0%| F|  |TAMS 0x00000000abb00000| PB 0x00000000abb00000| Untracked 
| 700|0x00000000abc00000, 0x00000000abd00000, 0x00000000abd00000|100%| O|  |TAMS 0x00000000abd00000| PB 0x00000000abd00000| Updating 
| 701|0x00000000abd00000, 0x00000000abe00000, 0x00000000abe00000|100%| O|  |TAMS 0x00000000abe00000| PB 0x00000000abe00000| Untracked 
| 702|0x00000000abe00000, 0x00000000abf00000, 0x00000000abf00000|100%| O|  |TAMS 0x00000000abf00000| PB 0x00000000abf00000| Untracked 
| 703|0x00000000abf00000, 0x00000000ac000000, 0x00000000ac000000|100%| O|  |TAMS 0x00000000ac000000| PB 0x00000000ac000000| Untracked 
| 704|0x00000000ac000000, 0x00000000ac100000, 0x00000000ac100000|100%| O|  |TAMS 0x00000000ac100000| PB 0x00000000ac100000| Untracked 
| 705|0x00000000ac100000, 0x00000000ac200000, 0x00000000ac200000|100%| O|  |TAMS 0x00000000ac200000| PB 0x00000000ac200000| Untracked 
| 706|0x00000000ac200000, 0x00000000ac300000, 0x00000000ac300000|100%| O|  |TAMS 0x00000000ac300000| PB 0x00000000ac300000| Untracked 
| 707|0x00000000ac300000, 0x00000000ac400000, 0x00000000ac400000|100%| O|  |TAMS 0x00000000ac400000| PB 0x00000000ac400000| Untracked 
| 708|0x00000000ac400000, 0x00000000ac500000, 0x00000000ac500000|100%| O|  |TAMS 0x00000000ac500000| PB 0x00000000ac500000| Untracked 
| 709|0x00000000ac500000, 0x00000000ac600000, 0x00000000ac600000|100%| O|  |TAMS 0x00000000ac600000| PB 0x00000000ac600000| Updating 
| 710|0x00000000ac600000, 0x00000000ac700000, 0x00000000ac700000|100%| O|  |TAMS 0x00000000ac700000| PB 0x00000000ac700000| Updating 
| 711|0x00000000ac700000, 0x00000000ac800000, 0x00000000ac800000|100%| O|  |TAMS 0x00000000ac800000| PB 0x00000000ac800000| Updating 
| 712|0x00000000ac800000, 0x00000000ac900000, 0x00000000ac900000|100%| O|  |TAMS 0x00000000ac900000| PB 0x00000000ac900000| Updating 
| 713|0x00000000ac900000, 0x00000000aca00000, 0x00000000aca00000|100%| O|  |TAMS 0x00000000aca00000| PB 0x00000000aca00000| Untracked 
| 714|0x00000000aca00000, 0x00000000acb00000, 0x00000000acb00000|100%| O|  |TAMS 0x00000000acb00000| PB 0x00000000acb00000| Updating 
| 715|0x00000000acb00000, 0x00000000acc00000, 0x00000000acc00000|100%| O|  |TAMS 0x00000000acc00000| PB 0x00000000acc00000| Updating 
| 716|0x00000000acc00000, 0x00000000acd00000, 0x00000000acd00000|100%| O|  |TAMS 0x00000000acd00000| PB 0x00000000acd00000| Updating 
| 717|0x00000000acd00000, 0x00000000ace00000, 0x00000000ace00000|100%| O|  |TAMS 0x00000000ace00000| PB 0x00000000ace00000| Updating 
| 718|0x00000000ace00000, 0x00000000acf00000, 0x00000000acf00000|100%| O|  |TAMS 0x00000000acf00000| PB 0x00000000acf00000| Updating 
| 719|0x00000000acf00000, 0x00000000ad000000, 0x00000000ad000000|100%| O|  |TAMS 0x00000000ad000000| PB 0x00000000ad000000| Updating 
| 720|0x00000000ad000000, 0x00000000ad100000, 0x00000000ad100000|100%| O|  |TAMS 0x00000000ad100000| PB 0x00000000ad100000| Updating 
| 721|0x00000000ad100000, 0x00000000ad200000, 0x00000000ad200000|100%| O|  |TAMS 0x00000000ad200000| PB 0x00000000ad200000| Untracked 
| 722|0x00000000ad200000, 0x00000000ad300000, 0x00000000ad300000|100%| O|  |TAMS 0x00000000ad300000| PB 0x00000000ad300000| Untracked 
| 723|0x00000000ad300000, 0x00000000ad400000, 0x00000000ad400000|100%| O|  |TAMS 0x00000000ad400000| PB 0x00000000ad400000| Updating 
| 724|0x00000000ad400000, 0x00000000ad500000, 0x00000000ad500000|100%| O|  |TAMS 0x00000000ad500000| PB 0x00000000ad500000| Updating 
| 725|0x00000000ad500000, 0x00000000ad600000, 0x00000000ad600000|100%| O|  |TAMS 0x00000000ad600000| PB 0x00000000ad600000| Untracked 
| 726|0x00000000ad600000, 0x00000000ad700000, 0x00000000ad700000|100%| O|  |TAMS 0x00000000ad700000| PB 0x00000000ad700000| Updating 
| 727|0x00000000ad700000, 0x00000000ad800000, 0x00000000ad800000|100%| O|  |TAMS 0x00000000ad800000| PB 0x00000000ad800000| Updating 
| 728|0x00000000ad800000, 0x00000000ad900000, 0x00000000ad900000|100%| O|  |TAMS 0x00000000ad900000| PB 0x00000000ad900000| Untracked 
| 729|0x00000000ad900000, 0x00000000ada00000, 0x00000000ada00000|100%| O|  |TAMS 0x00000000ada00000| PB 0x00000000ada00000| Untracked 
| 730|0x00000000ada00000, 0x00000000adb00000, 0x00000000adb00000|100%| O|  |TAMS 0x00000000adb00000| PB 0x00000000adb00000| Untracked 
| 731|0x00000000adb00000, 0x00000000adc00000, 0x00000000adc00000|100%| O|  |TAMS 0x00000000adc00000| PB 0x00000000adc00000| Untracked 
| 732|0x00000000adc00000, 0x00000000add00000, 0x00000000add00000|100%| O|  |TAMS 0x00000000add00000| PB 0x00000000add00000| Untracked 
| 733|0x00000000add00000, 0x00000000ade00000, 0x00000000ade00000|100%| O|  |TAMS 0x00000000ade00000| PB 0x00000000ade00000| Untracked 
| 734|0x00000000ade00000, 0x00000000adf00000, 0x00000000adf00000|100%| O|  |TAMS 0x00000000adf00000| PB 0x00000000adf00000| Updating 
| 735|0x00000000adf00000, 0x00000000ae000000, 0x00000000ae000000|100%| O|  |TAMS 0x00000000ae000000| PB 0x00000000ae000000| Untracked 
| 736|0x00000000ae000000, 0x00000000ae100000, 0x00000000ae100000|100%| O|  |TAMS 0x00000000ae100000| PB 0x00000000ae100000| Untracked 
| 737|0x00000000ae100000, 0x00000000ae200000, 0x00000000ae200000|100%| O|  |TAMS 0x00000000ae200000| PB 0x00000000ae200000| Untracked 
| 738|0x00000000ae200000, 0x00000000ae300000, 0x00000000ae300000|100%| O|  |TAMS 0x00000000ae300000| PB 0x00000000ae300000| Untracked 
| 739|0x00000000ae300000, 0x00000000ae400000, 0x00000000ae400000|100%| O|  |TAMS 0x00000000ae400000| PB 0x00000000ae400000| Untracked 
| 740|0x00000000ae400000, 0x00000000ae500000, 0x00000000ae500000|100%| O|  |TAMS 0x00000000ae500000| PB 0x00000000ae500000| Untracked 
| 741|0x00000000ae500000, 0x00000000ae600000, 0x00000000ae600000|100%| O|  |TAMS 0x00000000ae600000| PB 0x00000000ae600000| Updating 
| 742|0x00000000ae600000, 0x00000000ae700000, 0x00000000ae700000|100%| O|  |TAMS 0x00000000ae700000| PB 0x00000000ae700000| Untracked 
| 743|0x00000000ae700000, 0x00000000ae800000, 0x00000000ae800000|100%| O|  |TAMS 0x00000000ae800000| PB 0x00000000ae800000| Untracked 
| 744|0x00000000ae800000, 0x00000000ae900000, 0x00000000ae900000|100%| O|  |TAMS 0x00000000ae900000| PB 0x00000000ae900000| Updating 
| 745|0x00000000ae900000, 0x00000000aea00000, 0x00000000aea00000|100%| O|  |TAMS 0x00000000aea00000| PB 0x00000000aea00000| Updating 
| 746|0x00000000aea00000, 0x00000000aeb00000, 0x00000000aeb00000|100%| O|  |TAMS 0x00000000aeb00000| PB 0x00000000aeb00000| Untracked 
| 747|0x00000000aeb00000, 0x00000000aec00000, 0x00000000aec00000|100%| O|  |TAMS 0x00000000aec00000| PB 0x00000000aec00000| Updating 
| 748|0x00000000aec00000, 0x00000000aed00000, 0x00000000aed00000|100%| O|  |TAMS 0x00000000aed00000| PB 0x00000000aed00000| Untracked 
| 749|0x00000000aed00000, 0x00000000aee00000, 0x00000000aee00000|100%| O|  |TAMS 0x00000000aee00000| PB 0x00000000aee00000| Updating 
| 750|0x00000000aee00000, 0x00000000aef00000, 0x00000000aef00000|100%| O|  |TAMS 0x00000000aef00000| PB 0x00000000aef00000| Untracked 
| 751|0x00000000aef00000, 0x00000000af000000, 0x00000000af000000|100%| O|  |TAMS 0x00000000af000000| PB 0x00000000af000000| Updating 
| 752|0x00000000af000000, 0x00000000af100000, 0x00000000af100000|100%| O|  |TAMS 0x00000000af100000| PB 0x00000000af100000| Updating 
| 753|0x00000000af100000, 0x00000000af200000, 0x00000000af200000|100%| O|  |TAMS 0x00000000af200000| PB 0x00000000af200000| Untracked 
| 754|0x00000000af200000, 0x00000000af300000, 0x00000000af300000|100%| O|  |TAMS 0x00000000af300000| PB 0x00000000af300000| Untracked 
| 755|0x00000000af300000, 0x00000000af400000, 0x00000000af400000|100%| O|  |TAMS 0x00000000af400000| PB 0x00000000af400000| Untracked 
| 756|0x00000000af400000, 0x00000000af500000, 0x00000000af500000|100%| O|  |TAMS 0x00000000af500000| PB 0x00000000af500000| Updating 
| 757|0x00000000af500000, 0x00000000af600000, 0x00000000af600000|100%| O|  |TAMS 0x00000000af600000| PB 0x00000000af600000| Untracked 
| 758|0x00000000af600000, 0x00000000af700000, 0x00000000af700000|100%| O|  |TAMS 0x00000000af700000| PB 0x00000000af700000| Untracked 
| 759|0x00000000af700000, 0x00000000af800000, 0x00000000af800000|100%| O|  |TAMS 0x00000000af800000| PB 0x00000000af800000| Untracked 
| 760|0x00000000af800000, 0x00000000af900000, 0x00000000af900000|100%| O|  |TAMS 0x00000000af900000| PB 0x00000000af900000| Untracked 
| 761|0x00000000af900000, 0x00000000afa00000, 0x00000000afa00000|100%| O|  |TAMS 0x00000000afa00000| PB 0x00000000afa00000| Untracked 
| 762|0x00000000afa00000, 0x00000000afb00000, 0x00000000afb00000|100%| O|  |TAMS 0x00000000afb00000| PB 0x00000000afb00000| Untracked 
| 763|0x00000000afb00000, 0x00000000afc00000, 0x00000000afc00000|100%| O|  |TAMS 0x00000000afc00000| PB 0x00000000afc00000| Updating 
| 764|0x00000000afc00000, 0x00000000afd00000, 0x00000000afd00000|100%| O|  |TAMS 0x00000000afd00000| PB 0x00000000afd00000| Updating 
| 765|0x00000000afd00000, 0x00000000afe00000, 0x00000000afe00000|100%| O|  |TAMS 0x00000000afe00000| PB 0x00000000afe00000| Untracked 
| 766|0x00000000afe00000, 0x00000000aff00000, 0x00000000aff00000|100%| O|  |TAMS 0x00000000aff00000| PB 0x00000000aff00000| Updating 
| 767|0x00000000aff00000, 0x00000000b0000000, 0x00000000b0000000|100%| O|  |TAMS 0x00000000b0000000| PB 0x00000000b0000000| Updating 
| 768|0x00000000b0000000, 0x00000000b0100000, 0x00000000b0100000|100%| O|  |TAMS 0x00000000b0100000| PB 0x00000000b0100000| Updating 
| 769|0x00000000b0100000, 0x00000000b0200000, 0x00000000b0200000|100%| O|  |TAMS 0x00000000b0200000| PB 0x00000000b0200000| Updating 
| 770|0x00000000b0200000, 0x00000000b0300000, 0x00000000b0300000|100%| O|  |TAMS 0x00000000b0300000| PB 0x00000000b0300000| Untracked 
| 771|0x00000000b0300000, 0x00000000b0400000, 0x00000000b0400000|100%| O|  |TAMS 0x00000000b0400000| PB 0x00000000b0400000| Updating 
| 772|0x00000000b0400000, 0x00000000b0500000, 0x00000000b0500000|100%| O|  |TAMS 0x00000000b0500000| PB 0x00000000b0500000| Untracked 
| 773|0x00000000b0500000, 0x00000000b0600000, 0x00000000b0600000|100%| O|  |TAMS 0x00000000b0600000| PB 0x00000000b0600000| Untracked 
| 774|0x00000000b0600000, 0x00000000b0700000, 0x00000000b0700000|100%| O|  |TAMS 0x00000000b0700000| PB 0x00000000b0700000| Untracked 
| 775|0x00000000b0700000, 0x00000000b0800000, 0x00000000b0800000|100%| O|  |TAMS 0x00000000b0800000| PB 0x00000000b0800000| Untracked 
| 776|0x00000000b0800000, 0x00000000b0900000, 0x00000000b0900000|100%| O|  |TAMS 0x00000000b0900000| PB 0x00000000b0900000| Updating 
| 777|0x00000000b0900000, 0x00000000b0a00000, 0x00000000b0a00000|100%| O|  |TAMS 0x00000000b0a00000| PB 0x00000000b0a00000| Updating 
| 778|0x00000000b0a00000, 0x00000000b0b00000, 0x00000000b0b00000|100%| O|  |TAMS 0x00000000b0b00000| PB 0x00000000b0b00000| Updating 
| 779|0x00000000b0b00000, 0x00000000b0c00000, 0x00000000b0c00000|100%| O|  |TAMS 0x00000000b0c00000| PB 0x00000000b0c00000| Untracked 
| 780|0x00000000b0c00000, 0x00000000b0d00000, 0x00000000b0d00000|100%| O|  |TAMS 0x00000000b0d00000| PB 0x00000000b0d00000| Updating 
| 781|0x00000000b0d00000, 0x00000000b0e00000, 0x00000000b0e00000|100%| O|  |TAMS 0x00000000b0e00000| PB 0x00000000b0e00000| Updating 
| 782|0x00000000b0e00000, 0x00000000b0f00000, 0x00000000b0f00000|100%| O|  |TAMS 0x00000000b0f00000| PB 0x00000000b0f00000| Untracked 
| 783|0x00000000b0f00000, 0x00000000b1000000, 0x00000000b1000000|100%| O|  |TAMS 0x00000000b1000000| PB 0x00000000b1000000| Updating 
| 784|0x00000000b1000000, 0x00000000b1100000, 0x00000000b1100000|100%| O|  |TAMS 0x00000000b1100000| PB 0x00000000b1100000| Updating 
| 785|0x00000000b1100000, 0x00000000b1200000, 0x00000000b1200000|100%| O|  |TAMS 0x00000000b1200000| PB 0x00000000b1200000| Updating 
| 786|0x00000000b1200000, 0x00000000b1300000, 0x00000000b1300000|100%| O|  |TAMS 0x00000000b1300000| PB 0x00000000b1300000| Updating 
| 787|0x00000000b1300000, 0x00000000b1400000, 0x00000000b1400000|100%| O|  |TAMS 0x00000000b1400000| PB 0x00000000b1400000| Updating 
| 788|0x00000000b1400000, 0x00000000b1500000, 0x00000000b1500000|100%| O|  |TAMS 0x00000000b1500000| PB 0x00000000b1500000| Untracked 
| 789|0x00000000b1500000, 0x00000000b1600000, 0x00000000b1600000|100%| O|  |TAMS 0x00000000b1600000| PB 0x00000000b1600000| Updating 
| 790|0x00000000b1600000, 0x00000000b1700000, 0x00000000b1700000|100%| O|  |TAMS 0x00000000b1700000| PB 0x00000000b1700000| Updating 
| 791|0x00000000b1700000, 0x00000000b1800000, 0x00000000b1800000|100%| O|  |TAMS 0x00000000b1800000| PB 0x00000000b1800000| Updating 
| 792|0x00000000b1800000, 0x00000000b1900000, 0x00000000b1900000|100%| O|  |TAMS 0x00000000b1900000| PB 0x00000000b1900000| Updating 
| 793|0x00000000b1900000, 0x00000000b1a00000, 0x00000000b1a00000|100%| O|  |TAMS 0x00000000b1a00000| PB 0x00000000b1a00000| Untracked 
| 794|0x00000000b1a00000, 0x00000000b1b00000, 0x00000000b1b00000|100%| O|  |TAMS 0x00000000b1b00000| PB 0x00000000b1b00000| Untracked 
| 795|0x00000000b1b00000, 0x00000000b1c00000, 0x00000000b1c00000|100%| O|  |TAMS 0x00000000b1c00000| PB 0x00000000b1c00000| Updating 
| 796|0x00000000b1c00000, 0x00000000b1d00000, 0x00000000b1d00000|100%| O|  |TAMS 0x00000000b1d00000| PB 0x00000000b1d00000| Updating 
| 797|0x00000000b1d00000, 0x00000000b1e00000, 0x00000000b1e00000|100%| O|  |TAMS 0x00000000b1e00000| PB 0x00000000b1e00000| Untracked 
| 798|0x00000000b1e00000, 0x00000000b1f00000, 0x00000000b1f00000|100%| O|  |TAMS 0x00000000b1f00000| PB 0x00000000b1f00000| Updating 
| 799|0x00000000b1f00000, 0x00000000b2000000, 0x00000000b2000000|100%| O|  |TAMS 0x00000000b2000000| PB 0x00000000b2000000| Untracked 
| 800|0x00000000b2000000, 0x00000000b2100000, 0x00000000b2100000|100%| O|  |TAMS 0x00000000b2100000| PB 0x00000000b2100000| Untracked 
| 801|0x00000000b2100000, 0x00000000b2200000, 0x00000000b2200000|100%| O|  |TAMS 0x00000000b2200000| PB 0x00000000b2200000| Untracked 
| 802|0x00000000b2200000, 0x00000000b2300000, 0x00000000b2300000|100%| O|  |TAMS 0x00000000b2300000| PB 0x00000000b2300000| Untracked 
| 803|0x00000000b2300000, 0x00000000b2400000, 0x00000000b2400000|100%| O|  |TAMS 0x00000000b2400000| PB 0x00000000b2400000| Untracked 
| 804|0x00000000b2400000, 0x00000000b2500000, 0x00000000b2500000|100%| O|  |TAMS 0x00000000b2500000| PB 0x00000000b2500000| Updating 
| 805|0x00000000b2500000, 0x00000000b2600000, 0x00000000b2600000|100%| O|  |TAMS 0x00000000b2600000| PB 0x00000000b2600000| Untracked 
| 806|0x00000000b2600000, 0x00000000b2700000, 0x00000000b2700000|100%| O|  |TAMS 0x00000000b2700000| PB 0x00000000b2700000| Untracked 
| 807|0x00000000b2700000, 0x00000000b2800000, 0x00000000b2800000|100%| O|  |TAMS 0x00000000b2800000| PB 0x00000000b2800000| Untracked 
| 808|0x00000000b2800000, 0x00000000b2900000, 0x00000000b2900000|100%| O|  |TAMS 0x00000000b2900000| PB 0x00000000b2900000| Untracked 
| 809|0x00000000b2900000, 0x00000000b2a00000, 0x00000000b2a00000|100%| O|  |TAMS 0x00000000b2a00000| PB 0x00000000b2a00000| Updating 
| 810|0x00000000b2a00000, 0x00000000b2b00000, 0x00000000b2b00000|100%| O|  |TAMS 0x00000000b2b00000| PB 0x00000000b2b00000| Untracked 
| 811|0x00000000b2b00000, 0x00000000b2c00000, 0x00000000b2c00000|100%| O|  |TAMS 0x00000000b2c00000| PB 0x00000000b2c00000| Updating 
| 812|0x00000000b2c00000, 0x00000000b2d00000, 0x00000000b2d00000|100%| O|  |TAMS 0x00000000b2d00000| PB 0x00000000b2d00000| Untracked 
| 813|0x00000000b2d00000, 0x00000000b2e00000, 0x00000000b2e00000|100%| O|  |TAMS 0x00000000b2e00000| PB 0x00000000b2e00000| Updating 
| 814|0x00000000b2e00000, 0x00000000b2f00000, 0x00000000b2f00000|100%| O|  |TAMS 0x00000000b2f00000| PB 0x00000000b2f00000| Updating 
| 815|0x00000000b2f00000, 0x00000000b3000000, 0x00000000b3000000|100%| O|  |TAMS 0x00000000b3000000| PB 0x00000000b3000000| Updating 
| 816|0x00000000b3000000, 0x00000000b3100000, 0x00000000b3100000|100%| O|  |TAMS 0x00000000b3100000| PB 0x00000000b3100000| Untracked 
| 817|0x00000000b3100000, 0x00000000b3200000, 0x00000000b3200000|100%| O|  |TAMS 0x00000000b3200000| PB 0x00000000b3200000| Untracked 
| 818|0x00000000b3200000, 0x00000000b3300000, 0x00000000b3300000|100%| O|  |TAMS 0x00000000b3300000| PB 0x00000000b3300000| Untracked 
| 819|0x00000000b3300000, 0x00000000b3400000, 0x00000000b3400000|100%| O|  |TAMS 0x00000000b3400000| PB 0x00000000b3400000| Untracked 
| 820|0x00000000b3400000, 0x00000000b3500000, 0x00000000b3500000|100%| O|  |TAMS 0x00000000b3500000| PB 0x00000000b3500000| Untracked 
| 821|0x00000000b3500000, 0x00000000b3600000, 0x00000000b3600000|100%| O|  |TAMS 0x00000000b3600000| PB 0x00000000b3600000| Untracked 
| 822|0x00000000b3600000, 0x00000000b3700000, 0x00000000b3700000|100%| O|  |TAMS 0x00000000b3700000| PB 0x00000000b3700000| Untracked 
| 823|0x00000000b3700000, 0x00000000b3800000, 0x00000000b3800000|100%| O|  |TAMS 0x00000000b3800000| PB 0x00000000b3800000| Untracked 
| 824|0x00000000b3800000, 0x00000000b3900000, 0x00000000b3900000|100%| O|  |TAMS 0x00000000b3900000| PB 0x00000000b3900000| Untracked 
| 825|0x00000000b3900000, 0x00000000b3a00000, 0x00000000b3a00000|100%| O|  |TAMS 0x00000000b3a00000| PB 0x00000000b3a00000| Updating 
| 826|0x00000000b3a00000, 0x00000000b3b00000, 0x00000000b3b00000|100%| O|  |TAMS 0x00000000b3b00000| PB 0x00000000b3b00000| Untracked 
| 827|0x00000000b3b00000, 0x00000000b3c00000, 0x00000000b3c00000|100%| O|  |TAMS 0x00000000b3c00000| PB 0x00000000b3c00000| Untracked 
| 828|0x00000000b3c00000, 0x00000000b3d00000, 0x00000000b3d00000|100%| O|  |TAMS 0x00000000b3d00000| PB 0x00000000b3d00000| Untracked 
| 829|0x00000000b3d00000, 0x00000000b3e00000, 0x00000000b3e00000|100%| O|  |TAMS 0x00000000b3e00000| PB 0x00000000b3e00000| Untracked 
| 830|0x00000000b3e00000, 0x00000000b3f00000, 0x00000000b3f00000|100%| O|  |TAMS 0x00000000b3f00000| PB 0x00000000b3f00000| Updating 
| 831|0x00000000b3f00000, 0x00000000b4000000, 0x00000000b4000000|100%| O|  |TAMS 0x00000000b4000000| PB 0x00000000b4000000| Updating 
| 832|0x00000000b4000000, 0x00000000b4100000, 0x00000000b4100000|100%| O|  |TAMS 0x00000000b4100000| PB 0x00000000b4100000| Updating 
| 833|0x00000000b4100000, 0x00000000b4200000, 0x00000000b4200000|100%| O|  |TAMS 0x00000000b4200000| PB 0x00000000b4200000| Updating 
| 834|0x00000000b4200000, 0x00000000b4300000, 0x00000000b4300000|100%| O|  |TAMS 0x00000000b4300000| PB 0x00000000b4300000| Untracked 
| 835|0x00000000b4300000, 0x00000000b4400000, 0x00000000b4400000|100%| O|  |TAMS 0x00000000b4400000| PB 0x00000000b4400000| Untracked 
| 836|0x00000000b4400000, 0x00000000b4500000, 0x00000000b4500000|100%| O|  |TAMS 0x00000000b4500000| PB 0x00000000b4500000| Untracked 
| 837|0x00000000b4500000, 0x00000000b4600000, 0x00000000b4600000|100%| O|  |TAMS 0x00000000b4600000| PB 0x00000000b4600000| Untracked 
| 838|0x00000000b4600000, 0x00000000b4700000, 0x00000000b4700000|100%| O|  |TAMS 0x00000000b4700000| PB 0x00000000b4700000| Untracked 
| 839|0x00000000b4700000, 0x00000000b4800000, 0x00000000b4800000|100%| O|  |TAMS 0x00000000b4800000| PB 0x00000000b4800000| Untracked 
| 840|0x00000000b4800000, 0x00000000b4900000, 0x00000000b4900000|100%| O|  |TAMS 0x00000000b4900000| PB 0x00000000b4900000| Untracked 
| 841|0x00000000b4900000, 0x00000000b4a00000, 0x00000000b4a00000|100%| O|  |TAMS 0x00000000b4a00000| PB 0x00000000b4a00000| Untracked 
| 842|0x00000000b4a00000, 0x00000000b4b00000, 0x00000000b4b00000|100%| O|  |TAMS 0x00000000b4b00000| PB 0x00000000b4b00000| Untracked 
| 843|0x00000000b4b00000, 0x00000000b4c00000, 0x00000000b4c00000|100%| O|  |TAMS 0x00000000b4c00000| PB 0x00000000b4c00000| Updating 
| 844|0x00000000b4c00000, 0x00000000b4d00000, 0x00000000b4d00000|100%| O|  |TAMS 0x00000000b4d00000| PB 0x00000000b4d00000| Updating 
| 845|0x00000000b4d00000, 0x00000000b4e00000, 0x00000000b4e00000|100%| O|  |TAMS 0x00000000b4e00000| PB 0x00000000b4e00000| Untracked 
| 846|0x00000000b4e00000, 0x00000000b4f00000, 0x00000000b4f00000|100%| O|  |TAMS 0x00000000b4f00000| PB 0x00000000b4f00000| Untracked 
| 847|0x00000000b4f00000, 0x00000000b5000000, 0x00000000b5000000|100%| O|  |TAMS 0x00000000b5000000| PB 0x00000000b5000000| Updating 
| 848|0x00000000b5000000, 0x00000000b5100000, 0x00000000b5100000|100%| O|  |TAMS 0x00000000b5100000| PB 0x00000000b5100000| Updating 
| 849|0x00000000b5100000, 0x00000000b5200000, 0x00000000b5200000|100%| O|  |TAMS 0x00000000b5200000| PB 0x00000000b5200000| Updating 
| 850|0x00000000b5200000, 0x00000000b5300000, 0x00000000b5300000|100%| O|  |TAMS 0x00000000b5300000| PB 0x00000000b5300000| Untracked 
| 851|0x00000000b5300000, 0x00000000b5400000, 0x00000000b5400000|100%| O|  |TAMS 0x00000000b5400000| PB 0x00000000b5400000| Untracked 
| 852|0x00000000b5400000, 0x00000000b5500000, 0x00000000b5500000|100%| O|  |TAMS 0x00000000b5500000| PB 0x00000000b5500000| Untracked 
| 853|0x00000000b5500000, 0x00000000b5600000, 0x00000000b5600000|100%| O|  |TAMS 0x00000000b5600000| PB 0x00000000b5600000| Untracked 
| 854|0x00000000b5600000, 0x00000000b5700000, 0x00000000b5700000|100%| O|  |TAMS 0x00000000b5700000| PB 0x00000000b5700000| Untracked 
| 855|0x00000000b5700000, 0x00000000b5800000, 0x00000000b5800000|100%| O|  |TAMS 0x00000000b5800000| PB 0x00000000b5800000| Untracked 
| 856|0x00000000b5800000, 0x00000000b5900000, 0x00000000b5900000|100%| O|  |TAMS 0x00000000b5900000| PB 0x00000000b5900000| Updating 
| 857|0x00000000b5900000, 0x00000000b5a00000, 0x00000000b5a00000|100%| O|  |TAMS 0x00000000b5a00000| PB 0x00000000b5a00000| Updating 
| 858|0x00000000b5a00000, 0x00000000b5b00000, 0x00000000b5b00000|100%| O|  |TAMS 0x00000000b5b00000| PB 0x00000000b5b00000| Untracked 
| 859|0x00000000b5b00000, 0x00000000b5c00000, 0x00000000b5c00000|100%| O|  |TAMS 0x00000000b5c00000| PB 0x00000000b5c00000| Untracked 
| 860|0x00000000b5c00000, 0x00000000b5d00000, 0x00000000b5d00000|100%| O|  |TAMS 0x00000000b5d00000| PB 0x00000000b5d00000| Untracked 
| 861|0x00000000b5d00000, 0x00000000b5e00000, 0x00000000b5e00000|100%| O|  |TAMS 0x00000000b5e00000| PB 0x00000000b5e00000| Untracked 
| 862|0x00000000b5e00000, 0x00000000b5f00000, 0x00000000b5f00000|100%| O|  |TAMS 0x00000000b5f00000| PB 0x00000000b5f00000| Untracked 
| 863|0x00000000b5f00000, 0x00000000b6000000, 0x00000000b6000000|100%| O|  |TAMS 0x00000000b6000000| PB 0x00000000b6000000| Untracked 
| 864|0x00000000b6000000, 0x00000000b6100000, 0x00000000b6100000|100%| O|  |TAMS 0x00000000b6100000| PB 0x00000000b6100000| Untracked 
| 865|0x00000000b6100000, 0x00000000b6200000, 0x00000000b6200000|100%| O|  |TAMS 0x00000000b6200000| PB 0x00000000b6200000| Updating 
| 866|0x00000000b6200000, 0x00000000b6300000, 0x00000000b6300000|100%| O|  |TAMS 0x00000000b6300000| PB 0x00000000b6300000| Updating 
| 867|0x00000000b6300000, 0x00000000b6400000, 0x00000000b6400000|100%| O|  |TAMS 0x00000000b6400000| PB 0x00000000b6400000| Updating 
| 868|0x00000000b6400000, 0x00000000b6500000, 0x00000000b6500000|100%| O|  |TAMS 0x00000000b6500000| PB 0x00000000b6500000| Untracked 
| 869|0x00000000b6500000, 0x00000000b6600000, 0x00000000b6600000|100%| O|  |TAMS 0x00000000b6600000| PB 0x00000000b6600000| Untracked 
| 870|0x00000000b6600000, 0x00000000b6700000, 0x00000000b6700000|100%| O|  |TAMS 0x00000000b6700000| PB 0x00000000b6700000| Untracked 
| 871|0x00000000b6700000, 0x00000000b6800000, 0x00000000b6800000|100%| O|  |TAMS 0x00000000b6800000| PB 0x00000000b6800000| Untracked 
| 872|0x00000000b6800000, 0x00000000b6900000, 0x00000000b6900000|100%| O|  |TAMS 0x00000000b6900000| PB 0x00000000b6900000| Untracked 
| 873|0x00000000b6900000, 0x00000000b6a00000, 0x00000000b6a00000|100%| O|  |TAMS 0x00000000b6a00000| PB 0x00000000b6a00000| Untracked 
| 874|0x00000000b6a00000, 0x00000000b6b00000, 0x00000000b6b00000|100%| O|  |TAMS 0x00000000b6b00000| PB 0x00000000b6b00000| Untracked 
| 875|0x00000000b6b00000, 0x00000000b6c00000, 0x00000000b6c00000|100%| O|  |TAMS 0x00000000b6c00000| PB 0x00000000b6c00000| Updating 
| 876|0x00000000b6c00000, 0x00000000b6d00000, 0x00000000b6d00000|100%| O|  |TAMS 0x00000000b6d00000| PB 0x00000000b6d00000| Updating 
| 877|0x00000000b6d00000, 0x00000000b6e00000, 0x00000000b6e00000|100%| O|  |TAMS 0x00000000b6e00000| PB 0x00000000b6e00000| Updating 
| 878|0x00000000b6e00000, 0x00000000b6e56960, 0x00000000b6f00000| 33%| O|  |TAMS 0x00000000b6e56960| PB 0x00000000b6e56960| Updating 
| 879|0x00000000b6f00000, 0x00000000b6f00000, 0x00000000b7000000|  0%| F|  |TAMS 0x00000000b6f00000| PB 0x00000000b6f00000| Untracked 
| 880|0x00000000b7000000, 0x00000000b7000000, 0x00000000b7100000|  0%| F|  |TAMS 0x00000000b7000000| PB 0x00000000b7000000| Untracked 
| 881|0x00000000b7100000, 0x00000000b7100000, 0x00000000b7200000|  0%| F|  |TAMS 0x00000000b7100000| PB 0x00000000b7100000| Untracked 
| 882|0x00000000b7200000, 0x00000000b7200000, 0x00000000b7300000|  0%| F|  |TAMS 0x00000000b7200000| PB 0x00000000b7200000| Untracked 
| 883|0x00000000b7300000, 0x00000000b7300000, 0x00000000b7400000|  0%| F|  |TAMS 0x00000000b7300000| PB 0x00000000b7300000| Untracked 
| 884|0x00000000b7400000, 0x00000000b7400000, 0x00000000b7500000|  0%| F|  |TAMS 0x00000000b7400000| PB 0x00000000b7400000| Untracked 
| 885|0x00000000b7500000, 0x00000000b7500000, 0x00000000b7600000|  0%| F|  |TAMS 0x00000000b7500000| PB 0x00000000b7500000| Untracked 
| 886|0x00000000b7600000, 0x00000000b7600000, 0x00000000b7700000|  0%| F|  |TAMS 0x00000000b7600000| PB 0x00000000b7600000| Untracked 
| 887|0x00000000b7700000, 0x00000000b7700000, 0x00000000b7800000|  0%| F|  |TAMS 0x00000000b7700000| PB 0x00000000b7700000| Untracked 
| 888|0x00000000b7800000, 0x00000000b7800000, 0x00000000b7900000|  0%| F|  |TAMS 0x00000000b7800000| PB 0x00000000b7800000| Untracked 
| 889|0x00000000b7900000, 0x00000000b7900000, 0x00000000b7a00000|  0%| F|  |TAMS 0x00000000b7900000| PB 0x00000000b7900000| Untracked 
| 890|0x00000000b7a00000, 0x00000000b7a00000, 0x00000000b7b00000|  0%| F|  |TAMS 0x00000000b7a00000| PB 0x00000000b7a00000| Untracked 
| 891|0x00000000b7b00000, 0x00000000b7b00000, 0x00000000b7c00000|  0%| F|  |TAMS 0x00000000b7b00000| PB 0x00000000b7b00000| Untracked 
| 892|0x00000000b7c00000, 0x00000000b7c00000, 0x00000000b7d00000|  0%| F|  |TAMS 0x00000000b7c00000| PB 0x00000000b7c00000| Untracked 
| 893|0x00000000b7d00000, 0x00000000b7d00000, 0x00000000b7e00000|  0%| F|  |TAMS 0x00000000b7d00000| PB 0x00000000b7d00000| Untracked 
| 894|0x00000000b7e00000, 0x00000000b7e00000, 0x00000000b7f00000|  0%| F|  |TAMS 0x00000000b7e00000| PB 0x00000000b7e00000| Untracked 
| 895|0x00000000b7f00000, 0x00000000b7f00000, 0x00000000b8000000|  0%| F|  |TAMS 0x00000000b7f00000| PB 0x00000000b7f00000| Untracked 
| 896|0x00000000b8000000, 0x00000000b8000000, 0x00000000b8100000|  0%| F|  |TAMS 0x00000000b8000000| PB 0x00000000b8000000| Untracked 
| 897|0x00000000b8100000, 0x00000000b8100000, 0x00000000b8200000|  0%| F|  |TAMS 0x00000000b8100000| PB 0x00000000b8100000| Untracked 
| 898|0x00000000b8200000, 0x00000000b8200000, 0x00000000b8300000|  0%| F|  |TAMS 0x00000000b8200000| PB 0x00000000b8200000| Untracked 
| 899|0x00000000b8300000, 0x00000000b8300000, 0x00000000b8400000|  0%| F|  |TAMS 0x00000000b8300000| PB 0x00000000b8300000| Untracked 
| 900|0x00000000b8400000, 0x00000000b8400000, 0x00000000b8500000|  0%| F|  |TAMS 0x00000000b8400000| PB 0x00000000b8400000| Untracked 
| 901|0x00000000b8500000, 0x00000000b8500000, 0x00000000b8600000|  0%| F|  |TAMS 0x00000000b8500000| PB 0x00000000b8500000| Untracked 
| 902|0x00000000b8600000, 0x00000000b8600000, 0x00000000b8700000|  0%| F|  |TAMS 0x00000000b8600000| PB 0x00000000b8600000| Untracked 
| 903|0x00000000b8700000, 0x00000000b8700000, 0x00000000b8800000|  0%| F|  |TAMS 0x00000000b8700000| PB 0x00000000b8700000| Untracked 
| 904|0x00000000b8800000, 0x00000000b8800000, 0x00000000b8900000|  0%| F|  |TAMS 0x00000000b8800000| PB 0x00000000b8800000| Untracked 
| 905|0x00000000b8900000, 0x00000000b8900000, 0x00000000b8a00000|  0%| F|  |TAMS 0x00000000b8900000| PB 0x00000000b8900000| Untracked 
| 906|0x00000000b8a00000, 0x00000000b8a00000, 0x00000000b8b00000|  0%| F|  |TAMS 0x00000000b8a00000| PB 0x00000000b8a00000| Untracked 
| 907|0x00000000b8b00000, 0x00000000b8b00000, 0x00000000b8c00000|  0%| F|  |TAMS 0x00000000b8b00000| PB 0x00000000b8b00000| Untracked 
| 908|0x00000000b8c00000, 0x00000000b8c00000, 0x00000000b8d00000|  0%| F|  |TAMS 0x00000000b8c00000| PB 0x00000000b8c00000| Untracked 
| 909|0x00000000b8d00000, 0x00000000b8d00000, 0x00000000b8e00000|  0%| F|  |TAMS 0x00000000b8d00000| PB 0x00000000b8d00000| Untracked 
| 910|0x00000000b8e00000, 0x00000000b8e00000, 0x00000000b8f00000|  0%| F|  |TAMS 0x00000000b8e00000| PB 0x00000000b8e00000| Untracked 
| 911|0x00000000b8f00000, 0x00000000b8f00000, 0x00000000b9000000|  0%| F|  |TAMS 0x00000000b8f00000| PB 0x00000000b8f00000| Untracked 
| 912|0x00000000b9000000, 0x00000000b9000000, 0x00000000b9100000|  0%| F|  |TAMS 0x00000000b9000000| PB 0x00000000b9000000| Untracked 
| 913|0x00000000b9100000, 0x00000000b9100000, 0x00000000b9200000|  0%| F|  |TAMS 0x00000000b9100000| PB 0x00000000b9100000| Untracked 
| 914|0x00000000b9200000, 0x00000000b9200000, 0x00000000b9300000|  0%| F|  |TAMS 0x00000000b9200000| PB 0x00000000b9200000| Untracked 
| 915|0x00000000b9300000, 0x00000000b9300000, 0x00000000b9400000|  0%| F|  |TAMS 0x00000000b9300000| PB 0x00000000b9300000| Untracked 
| 916|0x00000000b9400000, 0x00000000b9400000, 0x00000000b9500000|  0%| F|  |TAMS 0x00000000b9400000| PB 0x00000000b9400000| Untracked 
| 917|0x00000000b9500000, 0x00000000b9500000, 0x00000000b9600000|  0%| F|  |TAMS 0x00000000b9500000| PB 0x00000000b9500000| Untracked 
| 918|0x00000000b9600000, 0x00000000b9600000, 0x00000000b9700000|  0%| F|  |TAMS 0x00000000b9600000| PB 0x00000000b9600000| Untracked 
| 919|0x00000000b9700000, 0x00000000b9700000, 0x00000000b9800000|  0%| F|  |TAMS 0x00000000b9700000| PB 0x00000000b9700000| Untracked 
| 920|0x00000000b9800000, 0x00000000b9800000, 0x00000000b9900000|  0%| F|  |TAMS 0x00000000b9800000| PB 0x00000000b9800000| Untracked 
| 921|0x00000000b9900000, 0x00000000b9900000, 0x00000000b9a00000|  0%| F|  |TAMS 0x00000000b9900000| PB 0x00000000b9900000| Untracked 
| 922|0x00000000b9a00000, 0x00000000b9a00000, 0x00000000b9b00000|  0%| F|  |TAMS 0x00000000b9a00000| PB 0x00000000b9a00000| Untracked 
| 923|0x00000000b9b00000, 0x00000000b9b00000, 0x00000000b9c00000|  0%| F|  |TAMS 0x00000000b9b00000| PB 0x00000000b9b00000| Untracked 
| 924|0x00000000b9c00000, 0x00000000b9c00000, 0x00000000b9d00000|  0%| F|  |TAMS 0x00000000b9c00000| PB 0x00000000b9c00000| Untracked 
| 925|0x00000000b9d00000, 0x00000000b9d00000, 0x00000000b9e00000|  0%| F|  |TAMS 0x00000000b9d00000| PB 0x00000000b9d00000| Untracked 
| 926|0x00000000b9e00000, 0x00000000b9e00000, 0x00000000b9f00000|  0%| F|  |TAMS 0x00000000b9e00000| PB 0x00000000b9e00000| Untracked 
| 927|0x00000000b9f00000, 0x00000000b9f00000, 0x00000000ba000000|  0%| F|  |TAMS 0x00000000b9f00000| PB 0x00000000b9f00000| Untracked 
| 928|0x00000000ba000000, 0x00000000ba000000, 0x00000000ba100000|  0%| F|  |TAMS 0x00000000ba000000| PB 0x00000000ba000000| Untracked 
| 929|0x00000000ba100000, 0x00000000ba100000, 0x00000000ba200000|  0%| F|  |TAMS 0x00000000ba100000| PB 0x00000000ba100000| Untracked 
| 930|0x00000000ba200000, 0x00000000ba200000, 0x00000000ba300000|  0%| F|  |TAMS 0x00000000ba200000| PB 0x00000000ba200000| Untracked 
| 931|0x00000000ba300000, 0x00000000ba300000, 0x00000000ba400000|  0%| F|  |TAMS 0x00000000ba300000| PB 0x00000000ba300000| Untracked 
| 932|0x00000000ba400000, 0x00000000ba400000, 0x00000000ba500000|  0%| F|  |TAMS 0x00000000ba400000| PB 0x00000000ba400000| Untracked 
| 933|0x00000000ba500000, 0x00000000ba500000, 0x00000000ba600000|  0%| F|  |TAMS 0x00000000ba500000| PB 0x00000000ba500000| Untracked 
| 934|0x00000000ba600000, 0x00000000ba600000, 0x00000000ba700000|  0%| F|  |TAMS 0x00000000ba600000| PB 0x00000000ba600000| Untracked 
| 935|0x00000000ba700000, 0x00000000ba700000, 0x00000000ba800000|  0%| F|  |TAMS 0x00000000ba700000| PB 0x00000000ba700000| Untracked 
| 936|0x00000000ba800000, 0x00000000ba800000, 0x00000000ba900000|  0%| F|  |TAMS 0x00000000ba800000| PB 0x00000000ba800000| Untracked 
| 937|0x00000000ba900000, 0x00000000ba900000, 0x00000000baa00000|  0%| F|  |TAMS 0x00000000ba900000| PB 0x00000000ba900000| Untracked 
| 938|0x00000000baa00000, 0x00000000baa00000, 0x00000000bab00000|  0%| F|  |TAMS 0x00000000baa00000| PB 0x00000000baa00000| Untracked 
| 939|0x00000000bab00000, 0x00000000bab00000, 0x00000000bac00000|  0%| F|  |TAMS 0x00000000bab00000| PB 0x00000000bab00000| Untracked 
| 940|0x00000000bac00000, 0x00000000bac00000, 0x00000000bad00000|  0%| F|  |TAMS 0x00000000bac00000| PB 0x00000000bac00000| Untracked 
| 941|0x00000000bad00000, 0x00000000bad00000, 0x00000000bae00000|  0%| F|  |TAMS 0x00000000bad00000| PB 0x00000000bad00000| Untracked 
| 942|0x00000000bae00000, 0x00000000bae00000, 0x00000000baf00000|  0%| F|  |TAMS 0x00000000bae00000| PB 0x00000000bae00000| Untracked 
| 943|0x00000000baf00000, 0x00000000baf00000, 0x00000000bb000000|  0%| F|  |TAMS 0x00000000baf00000| PB 0x00000000baf00000| Untracked 
| 944|0x00000000bb000000, 0x00000000bb000000, 0x00000000bb100000|  0%| F|  |TAMS 0x00000000bb000000| PB 0x00000000bb000000| Untracked 
| 945|0x00000000bb100000, 0x00000000bb100000, 0x00000000bb200000|  0%| F|  |TAMS 0x00000000bb100000| PB 0x00000000bb100000| Untracked 
| 946|0x00000000bb200000, 0x00000000bb200000, 0x00000000bb300000|  0%| F|  |TAMS 0x00000000bb200000| PB 0x00000000bb200000| Untracked 
| 947|0x00000000bb300000, 0x00000000bb300000, 0x00000000bb400000|  0%| F|  |TAMS 0x00000000bb300000| PB 0x00000000bb300000| Untracked 
| 948|0x00000000bb400000, 0x00000000bb400000, 0x00000000bb500000|  0%| F|  |TAMS 0x00000000bb400000| PB 0x00000000bb400000| Untracked 
| 949|0x00000000bb500000, 0x00000000bb500000, 0x00000000bb600000|  0%| F|  |TAMS 0x00000000bb500000| PB 0x00000000bb500000| Untracked 
| 950|0x00000000bb600000, 0x00000000bb600000, 0x00000000bb700000|  0%| F|  |TAMS 0x00000000bb600000| PB 0x00000000bb600000| Untracked 
| 951|0x00000000bb700000, 0x00000000bb700000, 0x00000000bb800000|  0%| F|  |TAMS 0x00000000bb700000| PB 0x00000000bb700000| Untracked 
| 952|0x00000000bb800000, 0x00000000bb800000, 0x00000000bb900000|  0%| F|  |TAMS 0x00000000bb800000| PB 0x00000000bb800000| Untracked 
| 953|0x00000000bb900000, 0x00000000bb900000, 0x00000000bba00000|  0%| F|  |TAMS 0x00000000bb900000| PB 0x00000000bb900000| Untracked 
| 954|0x00000000bba00000, 0x00000000bba00000, 0x00000000bbb00000|  0%| F|  |TAMS 0x00000000bba00000| PB 0x00000000bba00000| Untracked 
| 955|0x00000000bbb00000, 0x00000000bbb00000, 0x00000000bbc00000|  0%| F|  |TAMS 0x00000000bbb00000| PB 0x00000000bbb00000| Untracked 
| 956|0x00000000bbc00000, 0x00000000bbc00000, 0x00000000bbd00000|  0%| F|  |TAMS 0x00000000bbc00000| PB 0x00000000bbc00000| Untracked 
| 957|0x00000000bbd00000, 0x00000000bbd00000, 0x00000000bbe00000|  0%| F|  |TAMS 0x00000000bbd00000| PB 0x00000000bbd00000| Untracked 
| 958|0x00000000bbe00000, 0x00000000bbe00000, 0x00000000bbf00000|  0%| F|  |TAMS 0x00000000bbe00000| PB 0x00000000bbe00000| Untracked 
| 959|0x00000000bbf00000, 0x00000000bbf00000, 0x00000000bc000000|  0%| F|  |TAMS 0x00000000bbf00000| PB 0x00000000bbf00000| Untracked 
| 960|0x00000000bc000000, 0x00000000bc000000, 0x00000000bc100000|  0%| F|  |TAMS 0x00000000bc000000| PB 0x00000000bc000000| Untracked 
| 961|0x00000000bc100000, 0x00000000bc100000, 0x00000000bc200000|  0%| F|  |TAMS 0x00000000bc100000| PB 0x00000000bc100000| Untracked 
| 962|0x00000000bc200000, 0x00000000bc200000, 0x00000000bc300000|  0%| F|  |TAMS 0x00000000bc200000| PB 0x00000000bc200000| Untracked 
| 963|0x00000000bc300000, 0x00000000bc300000, 0x00000000bc400000|  0%| F|  |TAMS 0x00000000bc300000| PB 0x00000000bc300000| Untracked 
| 964|0x00000000bc400000, 0x00000000bc400000, 0x00000000bc500000|  0%| F|  |TAMS 0x00000000bc400000| PB 0x00000000bc400000| Untracked 
| 965|0x00000000bc500000, 0x00000000bc500000, 0x00000000bc600000|  0%| F|  |TAMS 0x00000000bc500000| PB 0x00000000bc500000| Untracked 
| 966|0x00000000bc600000, 0x00000000bc600000, 0x00000000bc700000|  0%| F|  |TAMS 0x00000000bc600000| PB 0x00000000bc600000| Untracked 
| 967|0x00000000bc700000, 0x00000000bc700000, 0x00000000bc800000|  0%| F|  |TAMS 0x00000000bc700000| PB 0x00000000bc700000| Untracked 
| 968|0x00000000bc800000, 0x00000000bc800000, 0x00000000bc900000|  0%| F|  |TAMS 0x00000000bc800000| PB 0x00000000bc800000| Untracked 
| 969|0x00000000bc900000, 0x00000000bc900000, 0x00000000bca00000|  0%| F|  |TAMS 0x00000000bc900000| PB 0x00000000bc900000| Untracked 
| 970|0x00000000bca00000, 0x00000000bca00000, 0x00000000bcb00000|  0%| F|  |TAMS 0x00000000bca00000| PB 0x00000000bca00000| Untracked 
| 971|0x00000000bcb00000, 0x00000000bcb00000, 0x00000000bcc00000|  0%| F|  |TAMS 0x00000000bcb00000| PB 0x00000000bcb00000| Untracked 
| 972|0x00000000bcc00000, 0x00000000bcc00000, 0x00000000bcd00000|  0%| F|  |TAMS 0x00000000bcc00000| PB 0x00000000bcc00000| Untracked 
| 973|0x00000000bcd00000, 0x00000000bcd00000, 0x00000000bce00000|  0%| F|  |TAMS 0x00000000bcd00000| PB 0x00000000bcd00000| Untracked 
| 974|0x00000000bce00000, 0x00000000bce00000, 0x00000000bcf00000|  0%| F|  |TAMS 0x00000000bce00000| PB 0x00000000bce00000| Untracked 
| 975|0x00000000bcf00000, 0x00000000bcf00000, 0x00000000bd000000|  0%| F|  |TAMS 0x00000000bcf00000| PB 0x00000000bcf00000| Untracked 
| 976|0x00000000bd000000, 0x00000000bd000000, 0x00000000bd100000|  0%| F|  |TAMS 0x00000000bd000000| PB 0x00000000bd000000| Untracked 
| 977|0x00000000bd100000, 0x00000000bd100000, 0x00000000bd200000|  0%| F|  |TAMS 0x00000000bd100000| PB 0x00000000bd100000| Untracked 
| 978|0x00000000bd200000, 0x00000000bd200000, 0x00000000bd300000|  0%| F|  |TAMS 0x00000000bd200000| PB 0x00000000bd200000| Untracked 
| 979|0x00000000bd300000, 0x00000000bd300000, 0x00000000bd400000|  0%| F|  |TAMS 0x00000000bd300000| PB 0x00000000bd300000| Untracked 
| 980|0x00000000bd400000, 0x00000000bd400000, 0x00000000bd500000|  0%| F|  |TAMS 0x00000000bd400000| PB 0x00000000bd400000| Untracked 
| 981|0x00000000bd500000, 0x00000000bd500000, 0x00000000bd600000|  0%| F|  |TAMS 0x00000000bd500000| PB 0x00000000bd500000| Untracked 
| 982|0x00000000bd600000, 0x00000000bd600000, 0x00000000bd700000|  0%| F|  |TAMS 0x00000000bd600000| PB 0x00000000bd600000| Untracked 
| 983|0x00000000bd700000, 0x00000000bd700000, 0x00000000bd800000|  0%| F|  |TAMS 0x00000000bd700000| PB 0x00000000bd700000| Untracked 
| 984|0x00000000bd800000, 0x00000000bd800000, 0x00000000bd900000|  0%| F|  |TAMS 0x00000000bd800000| PB 0x00000000bd800000| Untracked 
| 985|0x00000000bd900000, 0x00000000bd900000, 0x00000000bda00000|  0%| F|  |TAMS 0x00000000bd900000| PB 0x00000000bd900000| Untracked 
| 986|0x00000000bda00000, 0x00000000bda00000, 0x00000000bdb00000|  0%| F|  |TAMS 0x00000000bda00000| PB 0x00000000bda00000| Untracked 
| 987|0x00000000bdb00000, 0x00000000bdb00000, 0x00000000bdc00000|  0%| F|  |TAMS 0x00000000bdb00000| PB 0x00000000bdb00000| Untracked 
| 988|0x00000000bdc00000, 0x00000000bdc00000, 0x00000000bdd00000|  0%| F|  |TAMS 0x00000000bdc00000| PB 0x00000000bdc00000| Untracked 
| 989|0x00000000bdd00000, 0x00000000bdd00000, 0x00000000bde00000|  0%| F|  |TAMS 0x00000000bdd00000| PB 0x00000000bdd00000| Untracked 
| 990|0x00000000bde00000, 0x00000000bde00000, 0x00000000bdf00000|  0%| F|  |TAMS 0x00000000bde00000| PB 0x00000000bde00000| Untracked 
| 991|0x00000000bdf00000, 0x00000000bdf00000, 0x00000000be000000|  0%| F|  |TAMS 0x00000000bdf00000| PB 0x00000000bdf00000| Untracked 
| 992|0x00000000be000000, 0x00000000be000000, 0x00000000be100000|  0%| F|  |TAMS 0x00000000be000000| PB 0x00000000be000000| Untracked 
| 993|0x00000000be100000, 0x00000000be100000, 0x00000000be200000|  0%| F|  |TAMS 0x00000000be100000| PB 0x00000000be100000| Untracked 
| 994|0x00000000be200000, 0x00000000be200000, 0x00000000be300000|  0%| F|  |TAMS 0x00000000be200000| PB 0x00000000be200000| Untracked 
| 995|0x00000000be300000, 0x00000000be300000, 0x00000000be400000|  0%| F|  |TAMS 0x00000000be300000| PB 0x00000000be300000| Untracked 
| 996|0x00000000be400000, 0x00000000be400000, 0x00000000be500000|  0%| F|  |TAMS 0x00000000be400000| PB 0x00000000be400000| Untracked 
| 997|0x00000000be500000, 0x00000000be500000, 0x00000000be600000|  0%| F|  |TAMS 0x00000000be500000| PB 0x00000000be500000| Untracked 
| 998|0x00000000be600000, 0x00000000be600000, 0x00000000be700000|  0%| F|  |TAMS 0x00000000be600000| PB 0x00000000be600000| Untracked 
| 999|0x00000000be700000, 0x00000000be700000, 0x00000000be800000|  0%| F|  |TAMS 0x00000000be700000| PB 0x00000000be700000| Untracked 
|1000|0x00000000be800000, 0x00000000be800000, 0x00000000be900000|  0%| F|  |TAMS 0x00000000be800000| PB 0x00000000be800000| Untracked 
|1001|0x00000000be900000, 0x00000000be900000, 0x00000000bea00000|  0%| F|  |TAMS 0x00000000be900000| PB 0x00000000be900000| Untracked 
|1002|0x00000000bea00000, 0x00000000bea00000, 0x00000000beb00000|  0%| F|  |TAMS 0x00000000bea00000| PB 0x00000000bea00000| Untracked 
|1003|0x00000000beb00000, 0x00000000beb00000, 0x00000000bec00000|  0%| F|  |TAMS 0x00000000beb00000| PB 0x00000000beb00000| Untracked 
|1004|0x00000000bec00000, 0x00000000bec00000, 0x00000000bed00000|  0%| F|  |TAMS 0x00000000bec00000| PB 0x00000000bec00000| Untracked 
|1005|0x00000000bed00000, 0x00000000bed00000, 0x00000000bee00000|  0%| F|  |TAMS 0x00000000bed00000| PB 0x00000000bed00000| Untracked 
|1006|0x00000000bee00000, 0x00000000bee00000, 0x00000000bef00000|  0%| F|  |TAMS 0x00000000bee00000| PB 0x00000000bee00000| Untracked 
|1007|0x00000000bef00000, 0x00000000bef00000, 0x00000000bf000000|  0%| F|  |TAMS 0x00000000bef00000| PB 0x00000000bef00000| Untracked 
|1008|0x00000000bf000000, 0x00000000bf000000, 0x00000000bf100000|  0%| F|  |TAMS 0x00000000bf000000| PB 0x00000000bf000000| Untracked 
|1009|0x00000000bf100000, 0x00000000bf100000, 0x00000000bf200000|  0%| F|  |TAMS 0x00000000bf100000| PB 0x00000000bf100000| Untracked 
|1010|0x00000000bf200000, 0x00000000bf200000, 0x00000000bf300000|  0%| F|  |TAMS 0x00000000bf200000| PB 0x00000000bf200000| Untracked 
|1011|0x00000000bf300000, 0x00000000bf300000, 0x00000000bf400000|  0%| F|  |TAMS 0x00000000bf300000| PB 0x00000000bf300000| Untracked 
|1012|0x00000000bf400000, 0x00000000bf400000, 0x00000000bf500000|  0%| F|  |TAMS 0x00000000bf400000| PB 0x00000000bf400000| Untracked 
|1013|0x00000000bf500000, 0x00000000bf500000, 0x00000000bf600000|  0%| F|  |TAMS 0x00000000bf500000| PB 0x00000000bf500000| Untracked 
|1014|0x00000000bf600000, 0x00000000bf600000, 0x00000000bf700000|  0%| F|  |TAMS 0x00000000bf600000| PB 0x00000000bf600000| Untracked 
|1015|0x00000000bf700000, 0x00000000bf700000, 0x00000000bf800000|  0%| F|  |TAMS 0x00000000bf700000| PB 0x00000000bf700000| Untracked 
|1016|0x00000000bf800000, 0x00000000bf800000, 0x00000000bf900000|  0%| F|  |TAMS 0x00000000bf800000| PB 0x00000000bf800000| Untracked 
|1017|0x00000000bf900000, 0x00000000bf900000, 0x00000000bfa00000|  0%| F|  |TAMS 0x00000000bf900000| PB 0x00000000bf900000| Untracked 
|1018|0x00000000bfa00000, 0x00000000bfa00000, 0x00000000bfb00000|  0%| F|  |TAMS 0x00000000bfa00000| PB 0x00000000bfa00000| Untracked 
|1019|0x00000000bfb00000, 0x00000000bfb00000, 0x00000000bfc00000|  0%| F|  |TAMS 0x00000000bfb00000| PB 0x00000000bfb00000| Untracked 
|1020|0x00000000bfc00000, 0x00000000bfc00000, 0x00000000bfd00000|  0%| F|  |TAMS 0x00000000bfc00000| PB 0x00000000bfc00000| Untracked 
|1021|0x00000000bfd00000, 0x00000000bfd00000, 0x00000000bfe00000|  0%| F|  |TAMS 0x00000000bfd00000| PB 0x00000000bfd00000| Untracked 
|1022|0x00000000bfe00000, 0x00000000bfe00000, 0x00000000bff00000|  0%| F|  |TAMS 0x00000000bfe00000| PB 0x00000000bfe00000| Untracked 
|1023|0x00000000bff00000, 0x00000000bff00000, 0x00000000c0000000|  0%| F|  |TAMS 0x00000000bff00000| PB 0x00000000bff00000| Untracked 
|1024|0x00000000c0000000, 0x00000000c0000000, 0x00000000c0100000|  0%| F|  |TAMS 0x00000000c0000000| PB 0x00000000c0000000| Untracked 
|1025|0x00000000c0100000, 0x00000000c0100000, 0x00000000c0200000|  0%| F|  |TAMS 0x00000000c0100000| PB 0x00000000c0100000| Untracked 
|1026|0x00000000c0200000, 0x00000000c0200000, 0x00000000c0300000|  0%| F|  |TAMS 0x00000000c0200000| PB 0x00000000c0200000| Untracked 
|1027|0x00000000c0300000, 0x00000000c0300000, 0x00000000c0400000|  0%| F|  |TAMS 0x00000000c0300000| PB 0x00000000c0300000| Untracked 
|1028|0x00000000c0400000, 0x00000000c0400000, 0x00000000c0500000|  0%| F|  |TAMS 0x00000000c0400000| PB 0x00000000c0400000| Untracked 
|1029|0x00000000c0500000, 0x00000000c0500000, 0x00000000c0600000|  0%| F|  |TAMS 0x00000000c0500000| PB 0x00000000c0500000| Untracked 
|1030|0x00000000c0600000, 0x00000000c0600000, 0x00000000c0700000|  0%| F|  |TAMS 0x00000000c0600000| PB 0x00000000c0600000| Untracked 
|1031|0x00000000c0700000, 0x00000000c0700000, 0x00000000c0800000|  0%| F|  |TAMS 0x00000000c0700000| PB 0x00000000c0700000| Untracked 
|1032|0x00000000c0800000, 0x00000000c0800000, 0x00000000c0900000|  0%| F|  |TAMS 0x00000000c0800000| PB 0x00000000c0800000| Untracked 
|1033|0x00000000c0900000, 0x00000000c0900000, 0x00000000c0a00000|  0%| F|  |TAMS 0x00000000c0900000| PB 0x00000000c0900000| Untracked 
|1034|0x00000000c0a00000, 0x00000000c0a00000, 0x00000000c0b00000|  0%| F|  |TAMS 0x00000000c0a00000| PB 0x00000000c0a00000| Untracked 
|1035|0x00000000c0b00000, 0x00000000c0b00000, 0x00000000c0c00000|  0%| F|  |TAMS 0x00000000c0b00000| PB 0x00000000c0b00000| Untracked 
|1036|0x00000000c0c00000, 0x00000000c0c00000, 0x00000000c0d00000|  0%| F|  |TAMS 0x00000000c0c00000| PB 0x00000000c0c00000| Untracked 
|1037|0x00000000c0d00000, 0x00000000c0d00000, 0x00000000c0e00000|  0%| F|  |TAMS 0x00000000c0d00000| PB 0x00000000c0d00000| Untracked 
|1038|0x00000000c0e00000, 0x00000000c0e00000, 0x00000000c0f00000|  0%| F|  |TAMS 0x00000000c0e00000| PB 0x00000000c0e00000| Untracked 
|1039|0x00000000c0f00000, 0x00000000c0f00000, 0x00000000c1000000|  0%| F|  |TAMS 0x00000000c0f00000| PB 0x00000000c0f00000| Untracked 
|1040|0x00000000c1000000, 0x00000000c1000000, 0x00000000c1100000|  0%| F|  |TAMS 0x00000000c1000000| PB 0x00000000c1000000| Untracked 
|1041|0x00000000c1100000, 0x00000000c1100000, 0x00000000c1200000|  0%| F|  |TAMS 0x00000000c1100000| PB 0x00000000c1100000| Untracked 
|1042|0x00000000c1200000, 0x00000000c1200000, 0x00000000c1300000|  0%| F|  |TAMS 0x00000000c1200000| PB 0x00000000c1200000| Untracked 
|1043|0x00000000c1300000, 0x00000000c1300000, 0x00000000c1400000|  0%| F|  |TAMS 0x00000000c1300000| PB 0x00000000c1300000| Untracked 
|1044|0x00000000c1400000, 0x00000000c1400000, 0x00000000c1500000|  0%| F|  |TAMS 0x00000000c1400000| PB 0x00000000c1400000| Untracked 
|1045|0x00000000c1500000, 0x00000000c1500000, 0x00000000c1600000|  0%| F|  |TAMS 0x00000000c1500000| PB 0x00000000c1500000| Untracked 
|1046|0x00000000c1600000, 0x00000000c1600000, 0x00000000c1700000|  0%| F|  |TAMS 0x00000000c1600000| PB 0x00000000c1600000| Untracked 
|1047|0x00000000c1700000, 0x00000000c1700000, 0x00000000c1800000|  0%| F|  |TAMS 0x00000000c1700000| PB 0x00000000c1700000| Untracked 
|1048|0x00000000c1800000, 0x00000000c1800000, 0x00000000c1900000|  0%| F|  |TAMS 0x00000000c1800000| PB 0x00000000c1800000| Untracked 
|1049|0x00000000c1900000, 0x00000000c1900000, 0x00000000c1a00000|  0%| F|  |TAMS 0x00000000c1900000| PB 0x00000000c1900000| Untracked 
|1050|0x00000000c1a00000, 0x00000000c1a00000, 0x00000000c1b00000|  0%| F|  |TAMS 0x00000000c1a00000| PB 0x00000000c1a00000| Untracked 
|1051|0x00000000c1b00000, 0x00000000c1b00000, 0x00000000c1c00000|  0%| F|  |TAMS 0x00000000c1b00000| PB 0x00000000c1b00000| Untracked 
|1052|0x00000000c1c00000, 0x00000000c1c00000, 0x00000000c1d00000|  0%| F|  |TAMS 0x00000000c1c00000| PB 0x00000000c1c00000| Untracked 
|1053|0x00000000c1d00000, 0x00000000c1d00000, 0x00000000c1e00000|  0%| F|  |TAMS 0x00000000c1d00000| PB 0x00000000c1d00000| Untracked 
|1054|0x00000000c1e00000, 0x00000000c1e00000, 0x00000000c1f00000|  0%| F|  |TAMS 0x00000000c1e00000| PB 0x00000000c1e00000| Untracked 
|1055|0x00000000c1f00000, 0x00000000c1f00000, 0x00000000c2000000|  0%| F|  |TAMS 0x00000000c1f00000| PB 0x00000000c1f00000| Untracked 
|1056|0x00000000c2000000, 0x00000000c2000000, 0x00000000c2100000|  0%| F|  |TAMS 0x00000000c2000000| PB 0x00000000c2000000| Untracked 
|1057|0x00000000c2100000, 0x00000000c2100000, 0x00000000c2200000|  0%| F|  |TAMS 0x00000000c2100000| PB 0x00000000c2100000| Untracked 
|1058|0x00000000c2200000, 0x00000000c2200000, 0x00000000c2300000|  0%| F|  |TAMS 0x00000000c2200000| PB 0x00000000c2200000| Untracked 
|1059|0x00000000c2300000, 0x00000000c2300000, 0x00000000c2400000|  0%| F|  |TAMS 0x00000000c2300000| PB 0x00000000c2300000| Untracked 
|1060|0x00000000c2400000, 0x00000000c2400000, 0x00000000c2500000|  0%| F|  |TAMS 0x00000000c2400000| PB 0x00000000c2400000| Untracked 
|1061|0x00000000c2500000, 0x00000000c2500000, 0x00000000c2600000|  0%| F|  |TAMS 0x00000000c2500000| PB 0x00000000c2500000| Untracked 
|1062|0x00000000c2600000, 0x00000000c2600000, 0x00000000c2700000|  0%| F|  |TAMS 0x00000000c2600000| PB 0x00000000c2600000| Untracked 
|1063|0x00000000c2700000, 0x00000000c2700000, 0x00000000c2800000|  0%| F|  |TAMS 0x00000000c2700000| PB 0x00000000c2700000| Untracked 
|1064|0x00000000c2800000, 0x00000000c2800000, 0x00000000c2900000|  0%| F|  |TAMS 0x00000000c2800000| PB 0x00000000c2800000| Untracked 
|1065|0x00000000c2900000, 0x00000000c2900000, 0x00000000c2a00000|  0%| F|  |TAMS 0x00000000c2900000| PB 0x00000000c2900000| Untracked 
|1066|0x00000000c2a00000, 0x00000000c2a00000, 0x00000000c2b00000|  0%| F|  |TAMS 0x00000000c2a00000| PB 0x00000000c2a00000| Untracked 
|1067|0x00000000c2b00000, 0x00000000c2b00000, 0x00000000c2c00000|  0%| F|  |TAMS 0x00000000c2b00000| PB 0x00000000c2b00000| Untracked 
|1068|0x00000000c2c00000, 0x00000000c2c00000, 0x00000000c2d00000|  0%| F|  |TAMS 0x00000000c2c00000| PB 0x00000000c2c00000| Untracked 
|1069|0x00000000c2d00000, 0x00000000c2d00000, 0x00000000c2e00000|  0%| F|  |TAMS 0x00000000c2d00000| PB 0x00000000c2d00000| Untracked 
|1070|0x00000000c2e00000, 0x00000000c2e00000, 0x00000000c2f00000|  0%| F|  |TAMS 0x00000000c2e00000| PB 0x00000000c2e00000| Untracked 
|1071|0x00000000c2f00000, 0x00000000c2f00000, 0x00000000c3000000|  0%| F|  |TAMS 0x00000000c2f00000| PB 0x00000000c2f00000| Untracked 
|1072|0x00000000c3000000, 0x00000000c3000000, 0x00000000c3100000|  0%| F|  |TAMS 0x00000000c3000000| PB 0x00000000c3000000| Untracked 
|1073|0x00000000c3100000, 0x00000000c3100000, 0x00000000c3200000|  0%| F|  |TAMS 0x00000000c3100000| PB 0x00000000c3100000| Untracked 
|1074|0x00000000c3200000, 0x00000000c3200000, 0x00000000c3300000|  0%| F|  |TAMS 0x00000000c3200000| PB 0x00000000c3200000| Untracked 
|1075|0x00000000c3300000, 0x00000000c3300000, 0x00000000c3400000|  0%| F|  |TAMS 0x00000000c3300000| PB 0x00000000c3300000| Untracked 
|1076|0x00000000c3400000, 0x00000000c3400000, 0x00000000c3500000|  0%| F|  |TAMS 0x00000000c3400000| PB 0x00000000c3400000| Untracked 
|1077|0x00000000c3500000, 0x00000000c3500000, 0x00000000c3600000|  0%| F|  |TAMS 0x00000000c3500000| PB 0x00000000c3500000| Untracked 
|1078|0x00000000c3600000, 0x00000000c3600000, 0x00000000c3700000|  0%| F|  |TAMS 0x00000000c3600000| PB 0x00000000c3600000| Untracked 
|1079|0x00000000c3700000, 0x00000000c3700000, 0x00000000c3800000|  0%| F|  |TAMS 0x00000000c3700000| PB 0x00000000c3700000| Untracked 
|1080|0x00000000c3800000, 0x00000000c3800000, 0x00000000c3900000|  0%| F|  |TAMS 0x00000000c3800000| PB 0x00000000c3800000| Untracked 
|1081|0x00000000c3900000, 0x00000000c3900000, 0x00000000c3a00000|  0%| F|  |TAMS 0x00000000c3900000| PB 0x00000000c3900000| Untracked 
|1082|0x00000000c3a00000, 0x00000000c3a00000, 0x00000000c3b00000|  0%| F|  |TAMS 0x00000000c3a00000| PB 0x00000000c3a00000| Untracked 
|1083|0x00000000c3b00000, 0x00000000c3b00000, 0x00000000c3c00000|  0%| F|  |TAMS 0x00000000c3b00000| PB 0x00000000c3b00000| Untracked 
|1084|0x00000000c3c00000, 0x00000000c3c00000, 0x00000000c3d00000|  0%| F|  |TAMS 0x00000000c3c00000| PB 0x00000000c3c00000| Untracked 
|1085|0x00000000c3d00000, 0x00000000c3d00000, 0x00000000c3e00000|  0%| F|  |TAMS 0x00000000c3d00000| PB 0x00000000c3d00000| Untracked 
|1086|0x00000000c3e00000, 0x00000000c3e00000, 0x00000000c3f00000|  0%| F|  |TAMS 0x00000000c3e00000| PB 0x00000000c3e00000| Untracked 
|1087|0x00000000c3f00000, 0x00000000c3f00000, 0x00000000c4000000|  0%| F|  |TAMS 0x00000000c3f00000| PB 0x00000000c3f00000| Untracked 
|1088|0x00000000c4000000, 0x00000000c4000000, 0x00000000c4100000|  0%| F|  |TAMS 0x00000000c4000000| PB 0x00000000c4000000| Untracked 
|1089|0x00000000c4100000, 0x00000000c4100000, 0x00000000c4200000|  0%| F|  |TAMS 0x00000000c4100000| PB 0x00000000c4100000| Untracked 
|1090|0x00000000c4200000, 0x00000000c4200000, 0x00000000c4300000|  0%| F|  |TAMS 0x00000000c4200000| PB 0x00000000c4200000| Untracked 
|1091|0x00000000c4300000, 0x00000000c4300000, 0x00000000c4400000|  0%| F|  |TAMS 0x00000000c4300000| PB 0x00000000c4300000| Untracked 
|1092|0x00000000c4400000, 0x00000000c4400000, 0x00000000c4500000|  0%| F|  |TAMS 0x00000000c4400000| PB 0x00000000c4400000| Untracked 
|1093|0x00000000c4500000, 0x00000000c4500000, 0x00000000c4600000|  0%| F|  |TAMS 0x00000000c4500000| PB 0x00000000c4500000| Untracked 
|1094|0x00000000c4600000, 0x00000000c4600000, 0x00000000c4700000|  0%| F|  |TAMS 0x00000000c4600000| PB 0x00000000c4600000| Untracked 
|1095|0x00000000c4700000, 0x00000000c4700000, 0x00000000c4800000|  0%| F|  |TAMS 0x00000000c4700000| PB 0x00000000c4700000| Untracked 
|1096|0x00000000c4800000, 0x00000000c4800000, 0x00000000c4900000|  0%| F|  |TAMS 0x00000000c4800000| PB 0x00000000c4800000| Untracked 
|1097|0x00000000c4900000, 0x00000000c4900000, 0x00000000c4a00000|  0%| F|  |TAMS 0x00000000c4900000| PB 0x00000000c4900000| Untracked 
|1098|0x00000000c4a00000, 0x00000000c4a00000, 0x00000000c4b00000|  0%| F|  |TAMS 0x00000000c4a00000| PB 0x00000000c4a00000| Untracked 
|1099|0x00000000c4b00000, 0x00000000c4b93000, 0x00000000c4c00000| 57%| S|CS|TAMS 0x00000000c4b00000| PB 0x00000000c4b00000| Complete 
|1100|0x00000000c4c00000, 0x00000000c4d00000, 0x00000000c4d00000|100%| S|CS|TAMS 0x00000000c4c00000| PB 0x00000000c4c00000| Complete 
|1101|0x00000000c4d00000, 0x00000000c4e00000, 0x00000000c4e00000|100%| S|CS|TAMS 0x00000000c4d00000| PB 0x00000000c4d00000| Complete 
|1102|0x00000000c4e00000, 0x00000000c4f00000, 0x00000000c4f00000|100%| S|CS|TAMS 0x00000000c4e00000| PB 0x00000000c4e00000| Complete 
|1103|0x00000000c4f00000, 0x00000000c5000000, 0x00000000c5000000|100%| S|CS|TAMS 0x00000000c4f00000| PB 0x00000000c4f00000| Complete 
|1104|0x00000000c5000000, 0x00000000c5100000, 0x00000000c5100000|100%| S|CS|TAMS 0x00000000c5000000| PB 0x00000000c5000000| Complete 
|1105|0x00000000c5100000, 0x00000000c5200000, 0x00000000c5200000|100%| S|CS|TAMS 0x00000000c5100000| PB 0x00000000c5100000| Complete 
|1106|0x00000000c5200000, 0x00000000c5300000, 0x00000000c5300000|100%| S|CS|TAMS 0x00000000c5200000| PB 0x00000000c5200000| Complete 
|1107|0x00000000c5300000, 0x00000000c5400000, 0x00000000c5400000|100%| S|CS|TAMS 0x00000000c5300000| PB 0x00000000c5300000| Complete 
|1108|0x00000000c5400000, 0x00000000c5500000, 0x00000000c5500000|100%| S|CS|TAMS 0x00000000c5400000| PB 0x00000000c5400000| Complete 
|1109|0x00000000c5500000, 0x00000000c5600000, 0x00000000c5600000|100%| S|CS|TAMS 0x00000000c5500000| PB 0x00000000c5500000| Complete 
|1110|0x00000000c5600000, 0x00000000c5700000, 0x00000000c5700000|100%| S|CS|TAMS 0x00000000c5600000| PB 0x00000000c5600000| Complete 
|1111|0x00000000c5700000, 0x00000000c5800000, 0x00000000c5800000|100%| S|CS|TAMS 0x00000000c5700000| PB 0x00000000c5700000| Complete 
|1112|0x00000000c5800000, 0x00000000c5900000, 0x00000000c5900000|100%| S|CS|TAMS 0x00000000c5800000| PB 0x00000000c5800000| Complete 
|1113|0x00000000c5900000, 0x00000000c5a00000, 0x00000000c5a00000|100%| S|CS|TAMS 0x00000000c5900000| PB 0x00000000c5900000| Complete 
|1114|0x00000000c5a00000, 0x00000000c5b00000, 0x00000000c5b00000|100%| S|CS|TAMS 0x00000000c5a00000| PB 0x00000000c5a00000| Complete 
|1115|0x00000000c5b00000, 0x00000000c5c00000, 0x00000000c5c00000|100%| S|CS|TAMS 0x00000000c5b00000| PB 0x00000000c5b00000| Complete 
|1116|0x00000000c5c00000, 0x00000000c5d00000, 0x00000000c5d00000|100%| S|CS|TAMS 0x00000000c5c00000| PB 0x00000000c5c00000| Complete 
|1117|0x00000000c5d00000, 0x00000000c5e00000, 0x00000000c5e00000|100%| S|CS|TAMS 0x00000000c5d00000| PB 0x00000000c5d00000| Complete 
|1118|0x00000000c5e00000, 0x00000000c5f00000, 0x00000000c5f00000|100%| S|CS|TAMS 0x00000000c5e00000| PB 0x00000000c5e00000| Complete 
|1119|0x00000000c5f00000, 0x00000000c6000000, 0x00000000c6000000|100%| S|CS|TAMS 0x00000000c5f00000| PB 0x00000000c5f00000| Complete 
|1120|0x00000000c6000000, 0x00000000c6100000, 0x00000000c6100000|100%| S|CS|TAMS 0x00000000c6000000| PB 0x00000000c6000000| Complete 
|1121|0x00000000c6100000, 0x00000000c6100000, 0x00000000c6200000|  0%| F|  |TAMS 0x00000000c6100000| PB 0x00000000c6100000| Untracked 
|1122|0x00000000c6200000, 0x00000000c6200000, 0x00000000c6300000|  0%| F|  |TAMS 0x00000000c6200000| PB 0x00000000c6200000| Untracked 
|1123|0x00000000c6300000, 0x00000000c6300000, 0x00000000c6400000|  0%| F|  |TAMS 0x00000000c6300000| PB 0x00000000c6300000| Untracked 
|1124|0x00000000c6400000, 0x00000000c6400000, 0x00000000c6500000|  0%| F|  |TAMS 0x00000000c6400000| PB 0x00000000c6400000| Untracked 
|1125|0x00000000c6500000, 0x00000000c6500000, 0x00000000c6600000|  0%| F|  |TAMS 0x00000000c6500000| PB 0x00000000c6500000| Untracked 
|1126|0x00000000c6600000, 0x00000000c6600000, 0x00000000c6700000|  0%| F|  |TAMS 0x00000000c6600000| PB 0x00000000c6600000| Untracked 
|1127|0x00000000c6700000, 0x00000000c6700000, 0x00000000c6800000|  0%| F|  |TAMS 0x00000000c6700000| PB 0x00000000c6700000| Untracked 
|1128|0x00000000c6800000, 0x00000000c6800000, 0x00000000c6900000|  0%| F|  |TAMS 0x00000000c6800000| PB 0x00000000c6800000| Untracked 
|1129|0x00000000c6900000, 0x00000000c6900000, 0x00000000c6a00000|  0%| F|  |TAMS 0x00000000c6900000| PB 0x00000000c6900000| Untracked 
|1130|0x00000000c6a00000, 0x00000000c6a00000, 0x00000000c6b00000|  0%| F|  |TAMS 0x00000000c6a00000| PB 0x00000000c6a00000| Untracked 
|1131|0x00000000c6b00000, 0x00000000c6b00000, 0x00000000c6c00000|  0%| F|  |TAMS 0x00000000c6b00000| PB 0x00000000c6b00000| Untracked 
|1132|0x00000000c6c00000, 0x00000000c6c00000, 0x00000000c6d00000|  0%| F|  |TAMS 0x00000000c6c00000| PB 0x00000000c6c00000| Untracked 
|1133|0x00000000c6d00000, 0x00000000c6d00000, 0x00000000c6e00000|  0%| F|  |TAMS 0x00000000c6d00000| PB 0x00000000c6d00000| Untracked 
|1134|0x00000000c6e00000, 0x00000000c6e00000, 0x00000000c6f00000|  0%| F|  |TAMS 0x00000000c6e00000| PB 0x00000000c6e00000| Untracked 
|1135|0x00000000c6f00000, 0x00000000c6f00000, 0x00000000c7000000|  0%| F|  |TAMS 0x00000000c6f00000| PB 0x00000000c6f00000| Untracked 
|1136|0x00000000c7000000, 0x00000000c7000000, 0x00000000c7100000|  0%| F|  |TAMS 0x00000000c7000000| PB 0x00000000c7000000| Untracked 
|1137|0x00000000c7100000, 0x00000000c7100000, 0x00000000c7200000|  0%| F|  |TAMS 0x00000000c7100000| PB 0x00000000c7100000| Untracked 
|1138|0x00000000c7200000, 0x00000000c7200000, 0x00000000c7300000|  0%| F|  |TAMS 0x00000000c7200000| PB 0x00000000c7200000| Untracked 
|1139|0x00000000c7300000, 0x00000000c7300000, 0x00000000c7400000|  0%| F|  |TAMS 0x00000000c7300000| PB 0x00000000c7300000| Untracked 
|1140|0x00000000c7400000, 0x00000000c7400000, 0x00000000c7500000|  0%| F|  |TAMS 0x00000000c7400000| PB 0x00000000c7400000| Untracked 
|1141|0x00000000c7500000, 0x00000000c7500000, 0x00000000c7600000|  0%| F|  |TAMS 0x00000000c7500000| PB 0x00000000c7500000| Untracked 
|1142|0x00000000c7600000, 0x00000000c7600000, 0x00000000c7700000|  0%| F|  |TAMS 0x00000000c7600000| PB 0x00000000c7600000| Untracked 
|1143|0x00000000c7700000, 0x00000000c7700000, 0x00000000c7800000|  0%| F|  |TAMS 0x00000000c7700000| PB 0x00000000c7700000| Untracked 
|1144|0x00000000c7800000, 0x00000000c7800000, 0x00000000c7900000|  0%| F|  |TAMS 0x00000000c7800000| PB 0x00000000c7800000| Untracked 
|1145|0x00000000c7900000, 0x00000000c7900000, 0x00000000c7a00000|  0%| F|  |TAMS 0x00000000c7900000| PB 0x00000000c7900000| Untracked 
|1146|0x00000000c7a00000, 0x00000000c7a00000, 0x00000000c7b00000|  0%| F|  |TAMS 0x00000000c7a00000| PB 0x00000000c7a00000| Untracked 
|1147|0x00000000c7b00000, 0x00000000c7b00000, 0x00000000c7c00000|  0%| F|  |TAMS 0x00000000c7b00000| PB 0x00000000c7b00000| Untracked 
|1148|0x00000000c7c00000, 0x00000000c7c00000, 0x00000000c7d00000|  0%| F|  |TAMS 0x00000000c7c00000| PB 0x00000000c7c00000| Untracked 
|1149|0x00000000c7d00000, 0x00000000c7d00000, 0x00000000c7e00000|  0%| F|  |TAMS 0x00000000c7d00000| PB 0x00000000c7d00000| Untracked 
|1150|0x00000000c7e00000, 0x00000000c7e00000, 0x00000000c7f00000|  0%| F|  |TAMS 0x00000000c7e00000| PB 0x00000000c7e00000| Untracked 
|1151|0x00000000c7f00000, 0x00000000c7f00000, 0x00000000c8000000|  0%| F|  |TAMS 0x00000000c7f00000| PB 0x00000000c7f00000| Untracked 
|1152|0x00000000c8000000, 0x00000000c8000000, 0x00000000c8100000|  0%| F|  |TAMS 0x00000000c8000000| PB 0x00000000c8000000| Untracked 
|1153|0x00000000c8100000, 0x00000000c8100000, 0x00000000c8200000|  0%| F|  |TAMS 0x00000000c8100000| PB 0x00000000c8100000| Untracked 
|1154|0x00000000c8200000, 0x00000000c8200000, 0x00000000c8300000|  0%| F|  |TAMS 0x00000000c8200000| PB 0x00000000c8200000| Untracked 
|1155|0x00000000c8300000, 0x00000000c8300000, 0x00000000c8400000|  0%| F|  |TAMS 0x00000000c8300000| PB 0x00000000c8300000| Untracked 
|1156|0x00000000c8400000, 0x00000000c8400000, 0x00000000c8500000|  0%| F|  |TAMS 0x00000000c8400000| PB 0x00000000c8400000| Untracked 
|1157|0x00000000c8500000, 0x00000000c8500000, 0x00000000c8600000|  0%| F|  |TAMS 0x00000000c8500000| PB 0x00000000c8500000| Untracked 
|1158|0x00000000c8600000, 0x00000000c8600000, 0x00000000c8700000|  0%| F|  |TAMS 0x00000000c8600000| PB 0x00000000c8600000| Untracked 
|1159|0x00000000c8700000, 0x00000000c8700000, 0x00000000c8800000|  0%| F|  |TAMS 0x00000000c8700000| PB 0x00000000c8700000| Untracked 
|1160|0x00000000c8800000, 0x00000000c8800000, 0x00000000c8900000|  0%| F|  |TAMS 0x00000000c8800000| PB 0x00000000c8800000| Untracked 
|1161|0x00000000c8900000, 0x00000000c8900000, 0x00000000c8a00000|  0%| F|  |TAMS 0x00000000c8900000| PB 0x00000000c8900000| Untracked 
|1162|0x00000000c8a00000, 0x00000000c8a00000, 0x00000000c8b00000|  0%| F|  |TAMS 0x00000000c8a00000| PB 0x00000000c8a00000| Untracked 
|1163|0x00000000c8b00000, 0x00000000c8b00000, 0x00000000c8c00000|  0%| F|  |TAMS 0x00000000c8b00000| PB 0x00000000c8b00000| Untracked 
|1164|0x00000000c8c00000, 0x00000000c8c00000, 0x00000000c8d00000|  0%| F|  |TAMS 0x00000000c8c00000| PB 0x00000000c8c00000| Untracked 
|1165|0x00000000c8d00000, 0x00000000c8d00000, 0x00000000c8e00000|  0%| F|  |TAMS 0x00000000c8d00000| PB 0x00000000c8d00000| Untracked 
|1166|0x00000000c8e00000, 0x00000000c8e00000, 0x00000000c8f00000|  0%| F|  |TAMS 0x00000000c8e00000| PB 0x00000000c8e00000| Untracked 
|1167|0x00000000c8f00000, 0x00000000c8f00000, 0x00000000c9000000|  0%| F|  |TAMS 0x00000000c8f00000| PB 0x00000000c8f00000| Untracked 
|1168|0x00000000c9000000, 0x00000000c9000000, 0x00000000c9100000|  0%| F|  |TAMS 0x00000000c9000000| PB 0x00000000c9000000| Untracked 
|1169|0x00000000c9100000, 0x00000000c9100000, 0x00000000c9200000|  0%| F|  |TAMS 0x00000000c9100000| PB 0x00000000c9100000| Untracked 
|1170|0x00000000c9200000, 0x00000000c9200000, 0x00000000c9300000|  0%| F|  |TAMS 0x00000000c9200000| PB 0x00000000c9200000| Untracked 
|1171|0x00000000c9300000, 0x00000000c9300000, 0x00000000c9400000|  0%| F|  |TAMS 0x00000000c9300000| PB 0x00000000c9300000| Untracked 
|1172|0x00000000c9400000, 0x00000000c9400000, 0x00000000c9500000|  0%| F|  |TAMS 0x00000000c9400000| PB 0x00000000c9400000| Untracked 
|1173|0x00000000c9500000, 0x00000000c9500000, 0x00000000c9600000|  0%| F|  |TAMS 0x00000000c9500000| PB 0x00000000c9500000| Untracked 
|1174|0x00000000c9600000, 0x00000000c9600000, 0x00000000c9700000|  0%| F|  |TAMS 0x00000000c9600000| PB 0x00000000c9600000| Untracked 
|1175|0x00000000c9700000, 0x00000000c9700000, 0x00000000c9800000|  0%| F|  |TAMS 0x00000000c9700000| PB 0x00000000c9700000| Untracked 
|1176|0x00000000c9800000, 0x00000000c9800000, 0x00000000c9900000|  0%| F|  |TAMS 0x00000000c9800000| PB 0x00000000c9800000| Untracked 
|1177|0x00000000c9900000, 0x00000000c9900000, 0x00000000c9a00000|  0%| F|  |TAMS 0x00000000c9900000| PB 0x00000000c9900000| Untracked 
|1178|0x00000000c9a00000, 0x00000000c9a00000, 0x00000000c9b00000|  0%| F|  |TAMS 0x00000000c9a00000| PB 0x00000000c9a00000| Untracked 
|1179|0x00000000c9b00000, 0x00000000c9b00000, 0x00000000c9c00000|  0%| F|  |TAMS 0x00000000c9b00000| PB 0x00000000c9b00000| Untracked 
|1180|0x00000000c9c00000, 0x00000000c9c00000, 0x00000000c9d00000|  0%| F|  |TAMS 0x00000000c9c00000| PB 0x00000000c9c00000| Untracked 
|1181|0x00000000c9d00000, 0x00000000c9d00000, 0x00000000c9e00000|  0%| F|  |TAMS 0x00000000c9d00000| PB 0x00000000c9d00000| Untracked 
|1182|0x00000000c9e00000, 0x00000000c9e00000, 0x00000000c9f00000|  0%| F|  |TAMS 0x00000000c9e00000| PB 0x00000000c9e00000| Untracked 
|1183|0x00000000c9f00000, 0x00000000c9f00000, 0x00000000ca000000|  0%| F|  |TAMS 0x00000000c9f00000| PB 0x00000000c9f00000| Untracked 
|1184|0x00000000ca000000, 0x00000000ca000000, 0x00000000ca100000|  0%| F|  |TAMS 0x00000000ca000000| PB 0x00000000ca000000| Untracked 
|1185|0x00000000ca100000, 0x00000000ca100000, 0x00000000ca200000|  0%| F|  |TAMS 0x00000000ca100000| PB 0x00000000ca100000| Untracked 
|1186|0x00000000ca200000, 0x00000000ca200000, 0x00000000ca300000|  0%| F|  |TAMS 0x00000000ca200000| PB 0x00000000ca200000| Untracked 
|1187|0x00000000ca300000, 0x00000000ca300000, 0x00000000ca400000|  0%| F|  |TAMS 0x00000000ca300000| PB 0x00000000ca300000| Untracked 
|1188|0x00000000ca400000, 0x00000000ca400000, 0x00000000ca500000|  0%| F|  |TAMS 0x00000000ca400000| PB 0x00000000ca400000| Untracked 
|1189|0x00000000ca500000, 0x00000000ca500000, 0x00000000ca600000|  0%| F|  |TAMS 0x00000000ca500000| PB 0x00000000ca500000| Untracked 
|1190|0x00000000ca600000, 0x00000000ca600000, 0x00000000ca700000|  0%| F|  |TAMS 0x00000000ca600000| PB 0x00000000ca600000| Untracked 
|1191|0x00000000ca700000, 0x00000000ca700000, 0x00000000ca800000|  0%| F|  |TAMS 0x00000000ca700000| PB 0x00000000ca700000| Untracked 
|1192|0x00000000ca800000, 0x00000000ca800000, 0x00000000ca900000|  0%| F|  |TAMS 0x00000000ca800000| PB 0x00000000ca800000| Untracked 
|1193|0x00000000ca900000, 0x00000000ca900000, 0x00000000caa00000|  0%| F|  |TAMS 0x00000000ca900000| PB 0x00000000ca900000| Untracked 
|1194|0x00000000caa00000, 0x00000000caa00000, 0x00000000cab00000|  0%| F|  |TAMS 0x00000000caa00000| PB 0x00000000caa00000| Untracked 
|1195|0x00000000cab00000, 0x00000000cab00000, 0x00000000cac00000|  0%| F|  |TAMS 0x00000000cab00000| PB 0x00000000cab00000| Untracked 
|1196|0x00000000cac00000, 0x00000000cac00000, 0x00000000cad00000|  0%| F|  |TAMS 0x00000000cac00000| PB 0x00000000cac00000| Untracked 
|1197|0x00000000cad00000, 0x00000000cad00000, 0x00000000cae00000|  0%| F|  |TAMS 0x00000000cad00000| PB 0x00000000cad00000| Untracked 
|1198|0x00000000cae00000, 0x00000000cae00000, 0x00000000caf00000|  0%| F|  |TAMS 0x00000000cae00000| PB 0x00000000cae00000| Untracked 
|1199|0x00000000caf00000, 0x00000000caf00000, 0x00000000cb000000|  0%| F|  |TAMS 0x00000000caf00000| PB 0x00000000caf00000| Untracked 
|1200|0x00000000cb000000, 0x00000000cb000000, 0x00000000cb100000|  0%| F|  |TAMS 0x00000000cb000000| PB 0x00000000cb000000| Untracked 
|1201|0x00000000cb100000, 0x00000000cb100000, 0x00000000cb200000|  0%| F|  |TAMS 0x00000000cb100000| PB 0x00000000cb100000| Untracked 
|1202|0x00000000cb200000, 0x00000000cb200000, 0x00000000cb300000|  0%| F|  |TAMS 0x00000000cb200000| PB 0x00000000cb200000| Untracked 
|1203|0x00000000cb300000, 0x00000000cb300000, 0x00000000cb400000|  0%| F|  |TAMS 0x00000000cb300000| PB 0x00000000cb300000| Untracked 
|1204|0x00000000cb400000, 0x00000000cb400000, 0x00000000cb500000|  0%| F|  |TAMS 0x00000000cb400000| PB 0x00000000cb400000| Untracked 
|1205|0x00000000cb500000, 0x00000000cb500000, 0x00000000cb600000|  0%| F|  |TAMS 0x00000000cb500000| PB 0x00000000cb500000| Untracked 
|1206|0x00000000cb600000, 0x00000000cb6a34e0, 0x00000000cb700000| 63%| E|  |TAMS 0x00000000cb600000| PB 0x00000000cb600000| Complete 
|1207|0x00000000cb700000, 0x00000000cb800000, 0x00000000cb800000|100%| E|CS|TAMS 0x00000000cb700000| PB 0x00000000cb700000| Complete 
|1208|0x00000000cb800000, 0x00000000cb900000, 0x00000000cb900000|100%| E|  |TAMS 0x00000000cb800000| PB 0x00000000cb800000| Complete 
|1209|0x00000000cb900000, 0x00000000cba00000, 0x00000000cba00000|100%| E|CS|TAMS 0x00000000cb900000| PB 0x00000000cb900000| Complete 
|1210|0x00000000cba00000, 0x00000000cbb00000, 0x00000000cbb00000|100%| E|CS|TAMS 0x00000000cba00000| PB 0x00000000cba00000| Complete 
|1211|0x00000000cbb00000, 0x00000000cbc00000, 0x00000000cbc00000|100%| E|CS|TAMS 0x00000000cbb00000| PB 0x00000000cbb00000| Complete 
|1212|0x00000000cbc00000, 0x00000000cbd00000, 0x00000000cbd00000|100%| E|CS|TAMS 0x00000000cbc00000| PB 0x00000000cbc00000| Complete 
|1213|0x00000000cbd00000, 0x00000000cbe00000, 0x00000000cbe00000|100%| E|CS|TAMS 0x00000000cbd00000| PB 0x00000000cbd00000| Complete 
|1214|0x00000000cbe00000, 0x00000000cbf00000, 0x00000000cbf00000|100%| E|CS|TAMS 0x00000000cbe00000| PB 0x00000000cbe00000| Complete 
|1215|0x00000000cbf00000, 0x00000000cc000000, 0x00000000cc000000|100%| E|CS|TAMS 0x00000000cbf00000| PB 0x00000000cbf00000| Complete 
|1216|0x00000000cc000000, 0x00000000cc100000, 0x00000000cc100000|100%| E|CS|TAMS 0x00000000cc000000| PB 0x00000000cc000000| Complete 
|1217|0x00000000cc100000, 0x00000000cc200000, 0x00000000cc200000|100%| E|CS|TAMS 0x00000000cc100000| PB 0x00000000cc100000| Complete 
|1218|0x00000000cc200000, 0x00000000cc300000, 0x00000000cc300000|100%| E|CS|TAMS 0x00000000cc200000| PB 0x00000000cc200000| Complete 
|1219|0x00000000cc300000, 0x00000000cc400000, 0x00000000cc400000|100%| E|CS|TAMS 0x00000000cc300000| PB 0x00000000cc300000| Complete 
|1220|0x00000000cc400000, 0x00000000cc500000, 0x00000000cc500000|100%| E|CS|TAMS 0x00000000cc400000| PB 0x00000000cc400000| Complete 
|1221|0x00000000cc500000, 0x00000000cc600000, 0x00000000cc600000|100%| E|CS|TAMS 0x00000000cc500000| PB 0x00000000cc500000| Complete 
|1222|0x00000000cc600000, 0x00000000cc700000, 0x00000000cc700000|100%| E|CS|TAMS 0x00000000cc600000| PB 0x00000000cc600000| Complete 
|1223|0x00000000cc700000, 0x00000000cc800000, 0x00000000cc800000|100%| E|CS|TAMS 0x00000000cc700000| PB 0x00000000cc700000| Complete 
|1224|0x00000000cc800000, 0x00000000cc900000, 0x00000000cc900000|100%| E|CS|TAMS 0x00000000cc800000| PB 0x00000000cc800000| Complete 
|1225|0x00000000cc900000, 0x00000000cca00000, 0x00000000cca00000|100%| E|CS|TAMS 0x00000000cc900000| PB 0x00000000cc900000| Complete 
|1226|0x00000000cca00000, 0x00000000ccb00000, 0x00000000ccb00000|100%| E|CS|TAMS 0x00000000cca00000| PB 0x00000000cca00000| Complete 
|1227|0x00000000ccb00000, 0x00000000ccc00000, 0x00000000ccc00000|100%| E|CS|TAMS 0x00000000ccb00000| PB 0x00000000ccb00000| Complete 
|1228|0x00000000ccc00000, 0x00000000ccd00000, 0x00000000ccd00000|100%| E|CS|TAMS 0x00000000ccc00000| PB 0x00000000ccc00000| Complete 
|1229|0x00000000ccd00000, 0x00000000cce00000, 0x00000000cce00000|100%| E|CS|TAMS 0x00000000ccd00000| PB 0x00000000ccd00000| Complete 
|1230|0x00000000cce00000, 0x00000000ccf00000, 0x00000000ccf00000|100%| E|CS|TAMS 0x00000000cce00000| PB 0x00000000cce00000| Complete 
|1231|0x00000000ccf00000, 0x00000000cd000000, 0x00000000cd000000|100%| E|CS|TAMS 0x00000000ccf00000| PB 0x00000000ccf00000| Complete 
|1232|0x00000000cd000000, 0x00000000cd100000, 0x00000000cd100000|100%| E|CS|TAMS 0x00000000cd000000| PB 0x00000000cd000000| Complete 
|1233|0x00000000cd100000, 0x00000000cd200000, 0x00000000cd200000|100%| E|CS|TAMS 0x00000000cd100000| PB 0x00000000cd100000| Complete 
|1234|0x00000000cd200000, 0x00000000cd300000, 0x00000000cd300000|100%| E|CS|TAMS 0x00000000cd200000| PB 0x00000000cd200000| Complete 
|1235|0x00000000cd300000, 0x00000000cd400000, 0x00000000cd400000|100%| E|CS|TAMS 0x00000000cd300000| PB 0x00000000cd300000| Complete 
|1236|0x00000000cd400000, 0x00000000cd500000, 0x00000000cd500000|100%| E|CS|TAMS 0x00000000cd400000| PB 0x00000000cd400000| Complete 
|1237|0x00000000cd500000, 0x00000000cd600000, 0x00000000cd600000|100%| E|CS|TAMS 0x00000000cd500000| PB 0x00000000cd500000| Complete 
|1238|0x00000000cd600000, 0x00000000cd700000, 0x00000000cd700000|100%| E|CS|TAMS 0x00000000cd600000| PB 0x00000000cd600000| Complete 
|1239|0x00000000cd700000, 0x00000000cd800000, 0x00000000cd800000|100%| E|CS|TAMS 0x00000000cd700000| PB 0x00000000cd700000| Complete 
|1240|0x00000000cd800000, 0x00000000cd900000, 0x00000000cd900000|100%| E|CS|TAMS 0x00000000cd800000| PB 0x00000000cd800000| Complete 
|1241|0x00000000cd900000, 0x00000000cda00000, 0x00000000cda00000|100%| E|CS|TAMS 0x00000000cd900000| PB 0x00000000cd900000| Complete 
|1242|0x00000000cda00000, 0x00000000cdb00000, 0x00000000cdb00000|100%| E|CS|TAMS 0x00000000cda00000| PB 0x00000000cda00000| Complete 
|1243|0x00000000cdb00000, 0x00000000cdc00000, 0x00000000cdc00000|100%| E|CS|TAMS 0x00000000cdb00000| PB 0x00000000cdb00000| Complete 
|1244|0x00000000cdc00000, 0x00000000cdd00000, 0x00000000cdd00000|100%| E|CS|TAMS 0x00000000cdc00000| PB 0x00000000cdc00000| Complete 
|1245|0x00000000cdd00000, 0x00000000cde00000, 0x00000000cde00000|100%| E|CS|TAMS 0x00000000cdd00000| PB 0x00000000cdd00000| Complete 
|1246|0x00000000cde00000, 0x00000000cdf00000, 0x00000000cdf00000|100%| E|CS|TAMS 0x00000000cde00000| PB 0x00000000cde00000| Complete 
|1247|0x00000000cdf00000, 0x00000000ce000000, 0x00000000ce000000|100%| E|CS|TAMS 0x00000000cdf00000| PB 0x00000000cdf00000| Complete 
|1248|0x00000000ce000000, 0x00000000ce100000, 0x00000000ce100000|100%| E|CS|TAMS 0x00000000ce000000| PB 0x00000000ce000000| Complete 
|1249|0x00000000ce100000, 0x00000000ce200000, 0x00000000ce200000|100%| E|CS|TAMS 0x00000000ce100000| PB 0x00000000ce100000| Complete 
|1250|0x00000000ce200000, 0x00000000ce300000, 0x00000000ce300000|100%| E|CS|TAMS 0x00000000ce200000| PB 0x00000000ce200000| Complete 
|1251|0x00000000ce300000, 0x00000000ce400000, 0x00000000ce400000|100%| E|CS|TAMS 0x00000000ce300000| PB 0x00000000ce300000| Complete 
|1252|0x00000000ce400000, 0x00000000ce500000, 0x00000000ce500000|100%| E|CS|TAMS 0x00000000ce400000| PB 0x00000000ce400000| Complete 
|1253|0x00000000ce500000, 0x00000000ce600000, 0x00000000ce600000|100%| E|CS|TAMS 0x00000000ce500000| PB 0x00000000ce500000| Complete 
|1254|0x00000000ce600000, 0x00000000ce700000, 0x00000000ce700000|100%| E|CS|TAMS 0x00000000ce600000| PB 0x00000000ce600000| Complete 
|1255|0x00000000ce700000, 0x00000000ce800000, 0x00000000ce800000|100%| E|CS|TAMS 0x00000000ce700000| PB 0x00000000ce700000| Complete 
|1256|0x00000000ce800000, 0x00000000ce900000, 0x00000000ce900000|100%| E|CS|TAMS 0x00000000ce800000| PB 0x00000000ce800000| Complete 
|1257|0x00000000ce900000, 0x00000000cea00000, 0x00000000cea00000|100%| E|CS|TAMS 0x00000000ce900000| PB 0x00000000ce900000| Complete 
|1258|0x00000000cea00000, 0x00000000ceb00000, 0x00000000ceb00000|100%| E|CS|TAMS 0x00000000cea00000| PB 0x00000000cea00000| Complete 
|1259|0x00000000ceb00000, 0x00000000cec00000, 0x00000000cec00000|100%| E|CS|TAMS 0x00000000ceb00000| PB 0x00000000ceb00000| Complete 
|1260|0x00000000cec00000, 0x00000000ced00000, 0x00000000ced00000|100%| E|CS|TAMS 0x00000000cec00000| PB 0x00000000cec00000| Complete 
|1261|0x00000000ced00000, 0x00000000cee00000, 0x00000000cee00000|100%| E|CS|TAMS 0x00000000ced00000| PB 0x00000000ced00000| Complete 
|1262|0x00000000cee00000, 0x00000000cef00000, 0x00000000cef00000|100%| E|CS|TAMS 0x00000000cee00000| PB 0x00000000cee00000| Complete 
|1263|0x00000000cef00000, 0x00000000cf000000, 0x00000000cf000000|100%| E|CS|TAMS 0x00000000cef00000| PB 0x00000000cef00000| Complete 
|1264|0x00000000cf000000, 0x00000000cf100000, 0x00000000cf100000|100%| E|CS|TAMS 0x00000000cf000000| PB 0x00000000cf000000| Complete 
|1265|0x00000000cf100000, 0x00000000cf200000, 0x00000000cf200000|100%| E|CS|TAMS 0x00000000cf100000| PB 0x00000000cf100000| Complete 
|1266|0x00000000cf200000, 0x00000000cf300000, 0x00000000cf300000|100%| E|CS|TAMS 0x00000000cf200000| PB 0x00000000cf200000| Complete 
|1267|0x00000000cf300000, 0x00000000cf400000, 0x00000000cf400000|100%| E|CS|TAMS 0x00000000cf300000| PB 0x00000000cf300000| Complete 
|1268|0x00000000cf400000, 0x00000000cf500000, 0x00000000cf500000|100%| E|CS|TAMS 0x00000000cf400000| PB 0x00000000cf400000| Complete 
|1269|0x00000000cf500000, 0x00000000cf600000, 0x00000000cf600000|100%| E|CS|TAMS 0x00000000cf500000| PB 0x00000000cf500000| Complete 
|1270|0x00000000cf600000, 0x00000000cf700000, 0x00000000cf700000|100%| E|CS|TAMS 0x00000000cf600000| PB 0x00000000cf600000| Complete 
|1271|0x00000000cf700000, 0x00000000cf800000, 0x00000000cf800000|100%| E|CS|TAMS 0x00000000cf700000| PB 0x00000000cf700000| Complete 
|1272|0x00000000cf800000, 0x00000000cf900000, 0x00000000cf900000|100%| E|CS|TAMS 0x00000000cf800000| PB 0x00000000cf800000| Complete 
|1273|0x00000000cf900000, 0x00000000cfa00000, 0x00000000cfa00000|100%| E|CS|TAMS 0x00000000cf900000| PB 0x00000000cf900000| Complete 
|1274|0x00000000cfa00000, 0x00000000cfb00000, 0x00000000cfb00000|100%| E|CS|TAMS 0x00000000cfa00000| PB 0x00000000cfa00000| Complete 
|1275|0x00000000cfb00000, 0x00000000cfc00000, 0x00000000cfc00000|100%| E|CS|TAMS 0x00000000cfb00000| PB 0x00000000cfb00000| Complete 
|1276|0x00000000cfc00000, 0x00000000cfd00000, 0x00000000cfd00000|100%| E|CS|TAMS 0x00000000cfc00000| PB 0x00000000cfc00000| Complete 
|1277|0x00000000cfd00000, 0x00000000cfe00000, 0x00000000cfe00000|100%| E|CS|TAMS 0x00000000cfd00000| PB 0x00000000cfd00000| Complete 
|1278|0x00000000cfe00000, 0x00000000cff00000, 0x00000000cff00000|100%| E|CS|TAMS 0x00000000cfe00000| PB 0x00000000cfe00000| Complete 
|1279|0x00000000cff00000, 0x00000000d0000000, 0x00000000d0000000|100%| E|CS|TAMS 0x00000000cff00000| PB 0x00000000cff00000| Complete 
|1280|0x00000000d0000000, 0x00000000d0100000, 0x00000000d0100000|100%| E|CS|TAMS 0x00000000d0000000| PB 0x00000000d0000000| Complete 
|1281|0x00000000d0100000, 0x00000000d0200000, 0x00000000d0200000|100%| E|CS|TAMS 0x00000000d0100000| PB 0x00000000d0100000| Complete 
|1282|0x00000000d0200000, 0x00000000d0300000, 0x00000000d0300000|100%| E|CS|TAMS 0x00000000d0200000| PB 0x00000000d0200000| Complete 
|1283|0x00000000d0300000, 0x00000000d0400000, 0x00000000d0400000|100%| E|CS|TAMS 0x00000000d0300000| PB 0x00000000d0300000| Complete 
|1284|0x00000000d0400000, 0x00000000d0500000, 0x00000000d0500000|100%| E|CS|TAMS 0x00000000d0400000| PB 0x00000000d0400000| Complete 
|1285|0x00000000d0500000, 0x00000000d0600000, 0x00000000d0600000|100%| E|CS|TAMS 0x00000000d0500000| PB 0x00000000d0500000| Complete 
|1286|0x00000000d0600000, 0x00000000d0700000, 0x00000000d0700000|100%| E|CS|TAMS 0x00000000d0600000| PB 0x00000000d0600000| Complete 
|1287|0x00000000d0700000, 0x00000000d0800000, 0x00000000d0800000|100%| E|CS|TAMS 0x00000000d0700000| PB 0x00000000d0700000| Complete 
|1288|0x00000000d0800000, 0x00000000d0900000, 0x00000000d0900000|100%| E|CS|TAMS 0x00000000d0800000| PB 0x00000000d0800000| Complete 
|1289|0x00000000d0900000, 0x00000000d0a00000, 0x00000000d0a00000|100%| E|CS|TAMS 0x00000000d0900000| PB 0x00000000d0900000| Complete 
|1290|0x00000000d0a00000, 0x00000000d0b00000, 0x00000000d0b00000|100%| E|CS|TAMS 0x00000000d0a00000| PB 0x00000000d0a00000| Complete 
|1291|0x00000000d0b00000, 0x00000000d0c00000, 0x00000000d0c00000|100%| E|CS|TAMS 0x00000000d0b00000| PB 0x00000000d0b00000| Complete 
|1292|0x00000000d0c00000, 0x00000000d0d00000, 0x00000000d0d00000|100%| E|CS|TAMS 0x00000000d0c00000| PB 0x00000000d0c00000| Complete 
|1293|0x00000000d0d00000, 0x00000000d0e00000, 0x00000000d0e00000|100%| E|CS|TAMS 0x00000000d0d00000| PB 0x00000000d0d00000| Complete 
|1294|0x00000000d0e00000, 0x00000000d0f00000, 0x00000000d0f00000|100%| E|CS|TAMS 0x00000000d0e00000| PB 0x00000000d0e00000| Complete 
|1295|0x00000000d0f00000, 0x00000000d1000000, 0x00000000d1000000|100%| E|CS|TAMS 0x00000000d0f00000| PB 0x00000000d0f00000| Complete 
|1296|0x00000000d1000000, 0x00000000d1100000, 0x00000000d1100000|100%| E|CS|TAMS 0x00000000d1000000| PB 0x00000000d1000000| Complete 
|1297|0x00000000d1100000, 0x00000000d1200000, 0x00000000d1200000|100%| E|CS|TAMS 0x00000000d1100000| PB 0x00000000d1100000| Complete 
|1298|0x00000000d1200000, 0x00000000d1300000, 0x00000000d1300000|100%| E|CS|TAMS 0x00000000d1200000| PB 0x00000000d1200000| Complete 
|1299|0x00000000d1300000, 0x00000000d1400000, 0x00000000d1400000|100%| E|CS|TAMS 0x00000000d1300000| PB 0x00000000d1300000| Complete 
|1300|0x00000000d1400000, 0x00000000d1500000, 0x00000000d1500000|100%| E|CS|TAMS 0x00000000d1400000| PB 0x00000000d1400000| Complete 
|1301|0x00000000d1500000, 0x00000000d1600000, 0x00000000d1600000|100%| E|CS|TAMS 0x00000000d1500000| PB 0x00000000d1500000| Complete 
|1302|0x00000000d1600000, 0x00000000d1700000, 0x00000000d1700000|100%| E|CS|TAMS 0x00000000d1600000| PB 0x00000000d1600000| Complete 
|1303|0x00000000d1700000, 0x00000000d1800000, 0x00000000d1800000|100%| E|CS|TAMS 0x00000000d1700000| PB 0x00000000d1700000| Complete 
|1304|0x00000000d1800000, 0x00000000d1900000, 0x00000000d1900000|100%| E|CS|TAMS 0x00000000d1800000| PB 0x00000000d1800000| Complete 
|1305|0x00000000d1900000, 0x00000000d1a00000, 0x00000000d1a00000|100%| E|CS|TAMS 0x00000000d1900000| PB 0x00000000d1900000| Complete 
|1306|0x00000000d1a00000, 0x00000000d1b00000, 0x00000000d1b00000|100%| E|CS|TAMS 0x00000000d1a00000| PB 0x00000000d1a00000| Complete 
|1307|0x00000000d1b00000, 0x00000000d1c00000, 0x00000000d1c00000|100%| E|CS|TAMS 0x00000000d1b00000| PB 0x00000000d1b00000| Complete 
|2042|0x00000000ffa00000, 0x00000000ffb00000, 0x00000000ffb00000|100%| O|  |TAMS 0x00000000ffb00000| PB 0x00000000ffb00000| Updating 
|2043|0x00000000ffb00000, 0x00000000ffc00000, 0x00000000ffc00000|100%| O|  |TAMS 0x00000000ffc00000| PB 0x00000000ffc00000| Updating 
|2044|0x00000000ffc00000, 0x00000000ffd00000, 0x00000000ffd00000|100%| O|  |TAMS 0x00000000ffd00000| PB 0x00000000ffd00000| Untracked 
|2045|0x00000000ffd00000, 0x00000000ffe00000, 0x00000000ffe00000|100%| O|  |TAMS 0x00000000ffe00000| PB 0x00000000ffe00000| Untracked 
|2046|0x00000000ffe00000, 0x00000000fff00000, 0x00000000fff00000|100%| E|CS|TAMS 0x00000000ffe00000| PB 0x00000000ffe00000| Complete 
|2047|0x00000000fff00000, 0x0000000100000000, 0x0000000100000000|100%| O|  |TAMS 0x0000000100000000| PB 0x0000000100000000| Updating 

Card table byte_map: [0x0000016de4d40000,0x0000016de5140000] _byte_map_base: 0x0000016de4940000

Marking Bits: (CMBitMap*) 0x0000016dd22f6a10
 Bits: [0x0000016de5140000, 0x0000016de7140000)

Polling page: 0x0000016dcfed0000

Metaspace:

Usage:
  Non-class:    200.65 MB used.
      Class:     28.03 MB used.
       Both:    228.68 MB used.

Virtual space:
  Non-class space:      256.00 MB reserved,     202.44 MB ( 79%) committed,  4 nodes.
      Class space:        1.00 GB reserved,      29.50 MB (  3%) committed,  1 nodes.
             Both:        1.25 GB reserved,     231.94 MB ( 18%) committed. 

Chunk freelists:
   Non-Class:  21.64 MB
       Class:  2.53 MB
        Both:  24.17 MB

MaxMetaspaceSize: unlimited
CompressedClassSpaceSize: 1.00 GB
Initial GC threshold: 21.00 MB
Current GC threshold: 384.06 MB
CDS: off
 - commit_granule_bytes: 65536.
 - commit_granule_words: 8192.
 - virtual_space_node_default_size: 8388608.
 - enlarge_chunks_in_place: 1.
 - use_allocation_guard: 0.


Internal statistics:

num_allocs_failed_limit: 9.
num_arena_births: 5210.
num_arena_deaths: 10.
num_vsnodes_births: 5.
num_vsnodes_deaths: 0.
num_space_committed: 3956.
num_space_uncommitted: 89.
num_chunks_returned_to_freelist: 734.
num_chunks_taken_from_freelist: 15622.
num_chunk_merges: 260.
num_chunk_splits: 10917.
num_chunks_enlarged: 7796.
num_inconsistent_stats: 0.

CodeHeap 'non-profiled nmethods': size=120000Kb used=25071Kb max_used=28613Kb free=94928Kb
 bounds [0x0000016ddcec0000, 0x0000016ddeac0000, 0x0000016de43f0000]
CodeHeap 'profiled nmethods': size=120000Kb used=68687Kb max_used=86923Kb free=51312Kb
 bounds [0x0000016dd53f0000, 0x0000016dda8f0000, 0x0000016ddc920000]
CodeHeap 'non-nmethods': size=5760Kb used=3167Kb max_used=3255Kb free=2592Kb
 bounds [0x0000016ddc920000, 0x0000016ddcc60000, 0x0000016ddcec0000]
 total_blobs=25461 nmethods=24254 adapters=1108
 compilation: enabled
              stopped_count=0, restarted_count=0
 full_count=0

Compilation events (20 events):
Event: 808.775 Thread 0x0000016dee091fa0 nmethod 48792 0x0000016dd7697510 code [0x0000016dd76976c0, 0x0000016dd7697890]
Event: 808.790 Thread 0x0000016dee091fa0 48793       3       org.jetbrains.kotlin.fir.builder.AbstractRawFirBuilder::initContainingClassForLocalAttr (45 bytes)
Event: 808.794 Thread 0x0000016dee08ef50 nmethod 48787 0x0000016ddeaa3510 code [0x0000016ddeaa37a0, 0x0000016ddeaa41e8]
Event: 808.794 Thread 0x0000016dee08ef50 48790   !   4       com.intellij.util.AstLoadingFilter::disallowTreeLoading (67 bytes)
Event: 808.816 Thread 0x0000016dee08ef50 nmethod 48790 0x0000016ddeaa4a10 code [0x0000016ddeaa4c40, 0x0000016ddeaa5078]
Event: 808.818 Thread 0x0000016dee091fa0 nmethod 48793 0x0000016dd7d80e10 code [0x0000016dd7d81320, 0x0000016dd7d83438]
Event: 808.820 Thread 0x0000016dee08ef50 48794       4       org.jetbrains.kotlin.fir.builder.AbstractRawFirBuilder::convertValueParameterName (71 bytes)
Event: 808.823 Thread 0x0000016dee08ef50 nmethod 48794 0x0000016ddeaa5590 code [0x0000016ddeaa5740, 0x0000016ddeaa5a28]
Event: 808.823 Thread 0x0000016dee091fa0 48796       3       com.intellij.psi.impl.source.PsiFileImpl::getFirstChild (8 bytes)
Event: 808.823 Thread 0x0000016dee08ef50 48795   !   4       org.jetbrains.kotlin.fir.builder.PsiRawFirBuilder$Visitor::toFirValueParameter (605 bytes)
Event: 808.825 Thread 0x0000016dee091fa0 nmethod 48796 0x0000016dd7d80390 code [0x0000016dd7d805c0, 0x0000016dd7d80c38]
Event: 808.876 Thread 0x0000016dee091fa0 48797       1       java.util.concurrent.locks.ReentrantReadWriteLock$NonfairSync::writerShouldBlock (2 bytes)
Event: 808.876 Thread 0x0000016dee091fa0 nmethod 48797 0x0000016ddeaa5c90 code [0x0000016ddeaa5e20, 0x0000016ddeaa5ee8]
Event: 808.895 Thread 0x0000016dee091fa0 48798       3       com.intellij.util.io.PersistentBTreeEnumerator$1::persistInt (14 bytes)
Event: 808.897 Thread 0x0000016dee091fa0 nmethod 48798 0x0000016dd58c0b10 code [0x0000016dd58c0cc0, 0x0000016dd58c0e60]
Event: 808.897 Thread 0x0000016dee091fa0 48799       3       com.intellij.util.io.PersistentBTreeEnumerator::access$100 (8 bytes)
Event: 808.897 Thread 0x0000016dee091fa0 nmethod 48799 0x0000016dd7346b90 code [0x0000016dd7346d40, 0x0000016dd7346e60]
Event: 809.355 Thread 0x0000016dee08ef50 nmethod 48795 0x0000016ddeaa5f90 code [0x0000016ddeaa6820, 0x0000016ddeaac780]
Event: 809.375 Thread 0x0000016dee091fa0 48800       1       com.google.devtools.ksp.processing.SymbolProcessorEnvironment::getOptions (5 bytes)
Event: 809.376 Thread 0x0000016dee091fa0 nmethod 48800 0x0000016ddeab1190 code [0x0000016ddeab1320, 0x0000016ddeab13e8]

GC Heap History (20 events):
Event: 731.982 GC heap before
{Heap before GC invocations=102 (full 0):
 garbage-first heap   total 1345536K, used 965632K [0x0000000080000000, 0x0000000100000000)
  region size 1024K, 172 young (176128K), 16 survivors (16384K)
 Metaspace       used 232757K, committed 235968K, reserved 1310720K
  class space    used 28623K, committed 30016K, reserved 1048576K
}
Event: 732.206 GC heap after
{Heap after GC invocations=103 (full 0):
 garbage-first heap   total 1345536K, used 820479K [0x0000000080000000, 0x0000000100000000)
  region size 1024K, 12 young (12288K), 12 survivors (12288K)
 Metaspace       used 232757K, committed 235968K, reserved 1310720K
  class space    used 28623K, committed 30016K, reserved 1048576K
}
Event: 734.516 GC heap before
{Heap before GC invocations=103 (full 0):
 garbage-first heap   total 1345536K, used 879871K [0x0000000080000000, 0x0000000100000000)
  region size 1024K, 71 young (72704K), 12 survivors (12288K)
 Metaspace       used 232896K, committed 235968K, reserved 1310720K
  class space    used 28623K, committed 30016K, reserved 1048576K
}
Event: 734.563 GC heap after
{Heap after GC invocations=104 (full 0):
 garbage-first heap   total 1345536K, used 821089K [0x0000000080000000, 0x0000000100000000)
  region size 1024K, 9 young (9216K), 9 survivors (9216K)
 Metaspace       used 232896K, committed 235968K, reserved 1310720K
  class space    used 28623K, committed 30016K, reserved 1048576K
}
Event: 737.618 GC heap before
{Heap before GC invocations=104 (full 0):
 garbage-first heap   total 1345536K, used 935777K [0x0000000080000000, 0x0000000100000000)
  region size 1024K, 122 young (124928K), 9 survivors (9216K)
 Metaspace       used 233085K, committed 235968K, reserved 1310720K
  class space    used 28633K, committed 30016K, reserved 1048576K
}
Event: 737.861 GC heap after
{Heap after GC invocations=105 (full 0):
 garbage-first heap   total 1345536K, used 829921K [0x0000000080000000, 0x0000000100000000)
  region size 1024K, 16 young (16384K), 16 survivors (16384K)
 Metaspace       used 233085K, committed 235968K, reserved 1310720K
  class space    used 28633K, committed 30016K, reserved 1048576K
}
Event: 739.259 GC heap before
{Heap before GC invocations=105 (full 0):
 garbage-first heap   total 1345536K, used 879073K [0x0000000080000000, 0x0000000100000000)
  region size 1024K, 65 young (66560K), 16 survivors (16384K)
 Metaspace       used 233610K, committed 236352K, reserved 1310720K
  class space    used 28695K, committed 30080K, reserved 1048576K
}
Event: 739.395 GC heap after
{Heap after GC invocations=106 (full 0):
 garbage-first heap   total 1345536K, used 840417K [0x0000000080000000, 0x0000000100000000)
  region size 1024K, 9 young (9216K), 9 survivors (9216K)
 Metaspace       used 233610K, committed 236352K, reserved 1310720K
  class space    used 28695K, committed 30080K, reserved 1048576K
}
Event: 740.600 GC heap before
{Heap before GC invocations=106 (full 0):
 garbage-first heap   total 1345536K, used 901857K [0x0000000080000000, 0x0000000100000000)
  region size 1024K, 68 young (69632K), 9 survivors (9216K)
 Metaspace       used 233680K, committed 236416K, reserved 1310720K
  class space    used 28698K, committed 30080K, reserved 1048576K
}
Event: 740.649 GC heap after
{Heap after GC invocations=107 (full 0):
 garbage-first heap   total 1345536K, used 859136K [0x0000000080000000, 0x0000000100000000)
  region size 1024K, 9 young (9216K), 9 survivors (9216K)
 Metaspace       used 233680K, committed 236416K, reserved 1310720K
  class space    used 28698K, committed 30080K, reserved 1048576K
}
Event: 743.536 GC heap before
{Heap before GC invocations=107 (full 0):
 garbage-first heap   total 1345536K, used 932864K [0x0000000080000000, 0x0000000100000000)
  region size 1024K, 81 young (82944K), 9 survivors (9216K)
 Metaspace       used 233732K, committed 236480K, reserved 1310720K
  class space    used 28698K, committed 30080K, reserved 1048576K
}
Event: 743.758 GC heap after
{Heap after GC invocations=108 (full 0):
 garbage-first heap   total 1345536K, used 877056K [0x0000000080000000, 0x0000000100000000)
  region size 1024K, 11 young (11264K), 11 survivors (11264K)
 Metaspace       used 233732K, committed 236480K, reserved 1310720K
  class space    used 28698K, committed 30080K, reserved 1048576K
}
Event: 745.910 GC heap before
{Heap before GC invocations=108 (full 0):
 garbage-first heap   total 1345536K, used 937472K [0x0000000080000000, 0x0000000100000000)
  region size 1024K, 70 young (71680K), 11 survivors (11264K)
 Metaspace       used 238645K, committed 241408K, reserved 1310720K
  class space    used 29317K, committed 30656K, reserved 1048576K
}
Event: 745.955 GC heap after
{Heap after GC invocations=109 (full 0):
 garbage-first heap   total 1345536K, used 883712K [0x0000000080000000, 0x0000000100000000)
  region size 1024K, 9 young (9216K), 9 survivors (9216K)
 Metaspace       used 238645K, committed 241408K, reserved 1310720K
  class space    used 29317K, committed 30656K, reserved 1048576K
}
Event: 747.169 GC heap before
{Heap before GC invocations=109 (full 0):
 garbage-first heap   total 1345536K, used 986112K [0x0000000080000000, 0x0000000100000000)
  region size 1024K, 109 young (111616K), 9 survivors (9216K)
 Metaspace       used 238806K, committed 241600K, reserved 1310720K
  class space    used 29321K, committed 30656K, reserved 1048576K
}
Event: 747.307 GC heap after
{Heap after GC invocations=110 (full 0):
 garbage-first heap   total 1345536K, used 899072K [0x0000000080000000, 0x0000000100000000)
  region size 1024K, 14 young (14336K), 14 survivors (14336K)
 Metaspace       used 238806K, committed 241600K, reserved 1310720K
  class space    used 29321K, committed 30656K, reserved 1048576K
}
Event: 749.035 GC heap before
{Heap before GC invocations=110 (full 0):
 garbage-first heap   total 1345536K, used 977920K [0x0000000080000000, 0x0000000100000000)
  region size 1024K, 91 young (93184K), 14 survivors (14336K)
 Metaspace       used 240028K, committed 242816K, reserved 1310720K
  class space    used 29499K, committed 30848K, reserved 1048576K
}
Event: 749.079 GC heap after
{Heap after GC invocations=111 (full 0):
 garbage-first heap   total 1345536K, used 899149K [0x0000000080000000, 0x0000000100000000)
  region size 1024K, 4 young (4096K), 4 survivors (4096K)
 Metaspace       used 240028K, committed 242816K, reserved 1310720K
  class space    used 29499K, committed 30848K, reserved 1048576K
}
Event: 804.618 GC heap before
{Heap before GC invocations=111 (full 0):
 garbage-first heap   total 1345536K, used 1086541K [0x0000000080000000, 0x0000000100000000)
  region size 1024K, 188 young (192512K), 4 survivors (4096K)
 Metaspace       used 240306K, committed 243136K, reserved 1310720K
  class space    used 29514K, committed 30912K, reserved 1048576K
}
Event: 804.701 GC heap after
{Heap after GC invocations=112 (full 0):
 garbage-first heap   total 1345536K, used 917414K [0x0000000080000000, 0x0000000100000000)
  region size 1024K, 22 young (22528K), 22 survivors (22528K)
 Metaspace       used 240306K, committed 243136K, reserved 1310720K
  class space    used 29514K, committed 30912K, reserved 1048576K
}

Dll operation events (5 events):
Event: 0.019 Loaded shared library C:\Program Files\Android\Android Studio\jbr\bin\java.dll
Event: 0.032 Loaded shared library C:\Program Files\Android\Android Studio\jbr\bin\zip.dll
Event: 0.871 Loaded shared library C:\Program Files\Android\Android Studio\jbr\bin\verify.dll
Event: 359.412 Unloaded dll "C:\Users\gaurav\AppData\Local\Temp\sqlite-3.41.2.2-6255d589-4471-4e69-b998-85904fe3f5ad-sqlitejdbc.dll" [0x00007ffdf21e0000]
Event: 725.257 Unloaded dll "C:\Users\gaurav\AppData\Local\Temp\sqlite-3.41.2.2-f9c1fff1-1660-4e1d-90fb-41a6a7f6d56f-sqlitejdbc.dll" [0x00007ffdc5300000]

Deoptimization events (20 events):
Event: 747.609 Thread 0x0000016d86653750 DEOPT PACKING pc=0x0000016dddb41298 sp=0x0000000412ff7540
Event: 747.610 Thread 0x0000016d86653750 DEOPT UNPACKING pc=0x0000016ddc9746a2 sp=0x0000000412ff74d0 mode 2
Event: 748.280 Thread 0x0000016d86653750 Uncommon trap: trap_request=0xffffff76 fr.pc=0x0000016dde91d554 relative=0x0000000000000af4
Event: 748.280 Thread 0x0000016d86653750 Uncommon trap: reason=predicate action=maybe_recompile pc=0x0000016dde91d554 method=dagger.spi.internal.shaded.androidx.room.compiler.processing.ksp.KspAnnotationBoxKt.readAs(Ljava/lang/Object;Ljava/lang/Class;)Ljava/lang/Object; @ 608 c2
Event: 748.280 Thread 0x0000016d86653750 DEOPT PACKING pc=0x0000016dde91d554 sp=0x0000000412ffc780
Event: 748.280 Thread 0x0000016d86653750 DEOPT UNPACKING pc=0x0000016ddc9746a2 sp=0x0000000412ffc6e0 mode 2
Event: 749.113 Thread 0x0000016dfa44ba60 DEOPT PACKING pc=0x0000016dd58c80fd sp=0x000000040b9fd6f0
Event: 749.113 Thread 0x0000016dfa44ba60 DEOPT UNPACKING pc=0x0000016ddc974e42 sp=0x000000040b9fcba0 mode 0
Event: 800.180 Thread 0x0000016dfa44ba60 Uncommon trap: trap_request=0xffffffdc fr.pc=0x0000016dde959d6c relative=0x000000000000038c
Event: 800.180 Thread 0x0000016dfa44ba60 Uncommon trap: reason=class_check action=make_not_entrant pc=0x0000016dde959d6c method=com.google.common.collect.Platform.copy([Ljava/lang/Object;II[Ljava/lang/Object;)[Ljava/lang/Object; @ 7 c2
Event: 800.180 Thread 0x0000016dfa44ba60 DEOPT PACKING pc=0x0000016dde959d6c sp=0x000000040b9f80c0
Event: 800.180 Thread 0x0000016dfa44ba60 DEOPT UNPACKING pc=0x0000016ddc9746a2 sp=0x000000040b9f7ff0 mode 2
Event: 800.574 Thread 0x0000016d85e12990 Uncommon trap: trap_request=0xffffff45 fr.pc=0x0000016dde91b2f8 relative=0x00000000000014d8
Event: 800.574 Thread 0x0000016d85e12990 Uncommon trap: reason=unstable_if action=reinterpret pc=0x0000016dde91b2f8 method=java.util.concurrent.ConcurrentHashMap.putVal(Ljava/lang/Object;Ljava/lang/Object;Z)Ljava/lang/Object; @ 197 c2
Event: 800.574 Thread 0x0000016d85e12990 DEOPT PACKING pc=0x0000016dde91b2f8 sp=0x000000040effe500
Event: 800.574 Thread 0x0000016d85e12990 DEOPT UNPACKING pc=0x0000016ddc9746a2 sp=0x000000040effe480 mode 2
Event: 802.334 Thread 0x0000016dfa44ba60 DEOPT PACKING pc=0x0000016dda32d4f0 sp=0x000000040b9f8a80
Event: 802.335 Thread 0x0000016dfa44ba60 DEOPT UNPACKING pc=0x0000016ddc974e42 sp=0x000000040b9f7f20 mode 0
Event: 804.892 Thread 0x0000016d8482beb0 DEOPT PACKING pc=0x0000016dd69d6959 sp=0x00000004100fc5a0
Event: 804.892 Thread 0x0000016d8482beb0 DEOPT UNPACKING pc=0x0000016ddc974e42 sp=0x00000004100fbab8 mode 0

Classes loaded (20 events):
Event: 609.901 Loading class java/lang/ProcessHandleImpl
Event: 609.916 Loading class java/lang/ProcessHandleImpl done
Event: 609.965 Loading class java/lang/ProcessImpl$2
Event: 609.966 Loading class java/lang/ProcessImpl$2 done
Event: 609.966 Loading class java/lang/Process$PipeInputStream
Event: 609.967 Loading class java/lang/Process$PipeInputStream done
Event: 610.006 Loading class jdk/internal/event/ProcessStartEvent
Event: 610.052 Loading class jdk/internal/event/ProcessStartEvent done
Event: 613.515 Loading class java/util/zip/ZipInputStream
Event: 613.517 Loading class java/util/zip/ZipInputStream done
Event: 613.571 Loading class java/nio/file/FileChannelLinesSpliterator
Event: 613.573 Loading class java/nio/file/FileChannelLinesSpliterator done
Event: 613.574 Loading class java/util/stream/Streams$1
Event: 613.575 Loading class java/util/stream/Streams$1 done
Event: 613.609 Loading class java/nio/file/FileChannelLinesSpliterator$1
Event: 613.610 Loading class java/nio/file/FileChannelLinesSpliterator$1 done
Event: 747.610 Loading class java/util/concurrent/ConcurrentHashMap$TreeNode
Event: 747.615 Loading class java/util/concurrent/ConcurrentHashMap$TreeNode done
Event: 747.615 Loading class java/util/concurrent/ConcurrentHashMap$TreeBin
Event: 747.617 Loading class java/util/concurrent/ConcurrentHashMap$TreeBin done

Classes unloaded (20 events):
Event: 809.975 Thread 0x0000016de9db1f90 Unloading class 0x0000000101d63d40 'androidx/room/compiler/processing/XProcessingStep'
Event: 809.977 Thread 0x0000016de9db1f90 Unloading class 0x0000000101d63aa0 'androidx/hilt/AndroidXHiltKspProcessor'
Event: 809.977 Thread 0x0000016de9db1f90 Unloading class 0x0000000101d63800 'androidx/room/compiler/processing/ksp/KspBasicAnnotationProcessor'
Event: 809.977 Thread 0x0000016de9db1f90 Unloading class 0x0000000101d62d28 'androidx/room/compiler/processing/XBasicAnnotationProcessor'
Event: 809.977 Thread 0x0000016de9db1f90 Unloading class 0x0000000101d62af0 'dagger/internal/codegen/KspComponentProcessor$Provider'
Event: 809.977 Thread 0x0000016de9db1f90 Unloading class 0x0000000101d628c0 'dagger/hilt/processor/internal/root/KspComponentTreeDepsProcessor$Provider'
Event: 809.977 Thread 0x0000016de9db1f90 Unloading class 0x0000000101d62690 'dagger/hilt/processor/internal/aggregateddeps/KspAggregatedDepsProcessor$Provider'
Event: 809.977 Thread 0x0000016de9db1f90 Unloading class 0x0000000101d62460 'dagger/hilt/processor/internal/root/KspRootProcessor$Provider'
Event: 809.977 Thread 0x0000016de9db1f90 Unloading class 0x0000000101d62230 'dagger/hilt/processor/internal/definecomponent/KspDefineComponentProcessor$Provider'
Event: 809.977 Thread 0x0000016de9db1f90 Unloading class 0x0000000101d62000 'dagger/hilt/android/processor/internal/bindvalue/KspBindValueProcessor$Provider'
Event: 809.977 Thread 0x0000016de9db1f90 Unloading class 0x0000000101d61d20 'dagger/hilt/processor/internal/originatingelement/KspOriginatingElementProcessor$Provider'
Event: 809.977 Thread 0x0000016de9db1f90 Unloading class 0x0000000101d61af0 'dagger/hilt/android/processor/internal/androidentrypoint/KspAndroidEntryPointProcessor$Provider'
Event: 809.977 Thread 0x0000016de9db1f90 Unloading class 0x0000000101d618c0 'dagger/hilt/processor/internal/generatesrootinput/KspGeneratesRootInputProcessor$Provider'
Event: 809.977 Thread 0x0000016de9db1f90 Unloading class 0x0000000101d61690 'dagger/hilt/processor/internal/earlyentrypoint/KspEarlyEntryPointProcessor$Provider'
Event: 809.977 Thread 0x0000016de9db1f90 Unloading class 0x0000000101d61460 'dagger/hilt/android/processor/internal/viewmodel/KspViewModelProcessor$Provider'
Event: 809.977 Thread 0x0000016de9db1f90 Unloading class 0x0000000101d61230 'dagger/hilt/processor/internal/aliasof/KspAliasOfProcessor$Provider'
Event: 809.977 Thread 0x0000016de9db1f90 Unloading class 0x0000000101d61000 'dagger/hilt/android/processor/internal/customtestapplication/KspCustomTestApplicationProcessor$Provider'
Event: 809.977 Thread 0x0000016de9db1f90 Unloading class 0x0000000101d60c60 'dagger/hilt/processor/internal/uninstallmodules/KspUninstallModulesProcessor$Provider'
Event: 809.977 Thread 0x0000016de9db1f90 Unloading class 0x0000000101d60a30 'androidx/room/RoomKspProcessor$Provider'
Event: 809.977 Thread 0x0000016de9db1f90 Unloading class 0x0000000101d60800 'androidx/hilt/AndroidXHiltKspProcessor$Provider'

Classes redefined (0 events):
No events

Internal exceptions (20 events):
Event: 808.893 Thread 0x0000016df31891f0 Exception <a 'sun/nio/fs/WindowsException'{0x00000000cb97a688}> (0x00000000cb97a688) 
thrown [s\src\hotspot\share\prims\jni.cpp, line 535]
Event: 808.893 Thread 0x0000016df31891f0 Exception <a 'sun/nio/fs/WindowsException'{0x00000000cb97ae78}> (0x00000000cb97ae78) 
thrown [s\src\hotspot\share\prims\jni.cpp, line 535]
Event: 808.893 Thread 0x0000016df31891f0 Exception <a 'sun/nio/fs/WindowsException'{0x00000000cb97b4d8}> (0x00000000cb97b4d8) 
thrown [s\src\hotspot\share\prims\jni.cpp, line 535]
Event: 808.898 Thread 0x0000016df31891f0 Exception <a 'sun/nio/fs/WindowsException'{0x00000000cb97d610}> (0x00000000cb97d610) 
thrown [s\src\hotspot\share\prims\jni.cpp, line 535]
Event: 808.899 Thread 0x0000016df31891f0 Exception <a 'sun/nio/fs/WindowsException'{0x00000000cb97dc80}> (0x00000000cb97dc80) 
thrown [s\src\hotspot\share\prims\jni.cpp, line 535]
Event: 808.900 Thread 0x0000016df31891f0 Exception <a 'sun/nio/fs/WindowsException'{0x00000000cb97f380}> (0x00000000cb97f380) 
thrown [s\src\hotspot\share\prims\jni.cpp, line 535]
Event: 808.900 Thread 0x0000016df31891f0 Exception <a 'sun/nio/fs/WindowsException'{0x00000000cb98e570}> (0x00000000cb98e570) 
thrown [s\src\hotspot\share\prims\jni.cpp, line 535]
Event: 808.901 Thread 0x0000016df31891f0 Exception <a 'sun/nio/fs/WindowsException'{0x00000000cb98f138}> (0x00000000cb98f138) 
thrown [s\src\hotspot\share\prims\jni.cpp, line 535]
Event: 808.901 Thread 0x0000016df31891f0 Exception <a 'sun/nio/fs/WindowsException'{0x00000000cb991150}> (0x00000000cb991150) 
thrown [s\src\hotspot\share\prims\jni.cpp, line 535]
Event: 808.902 Thread 0x0000016df31891f0 Exception <a 'sun/nio/fs/WindowsException'{0x00000000cb9917b0}> (0x00000000cb9917b0) 
thrown [s\src\hotspot\share\prims\jni.cpp, line 535]
Event: 808.903 Thread 0x0000016df31891f0 Exception <a 'sun/nio/fs/WindowsException'{0x00000000cb992420}> (0x00000000cb992420) 
thrown [s\src\hotspot\share\prims\jni.cpp, line 535]
Event: 808.903 Thread 0x0000016df31891f0 Exception <a 'sun/nio/fs/WindowsException'{0x00000000cb992e78}> (0x00000000cb992e78) 
thrown [s\src\hotspot\share\prims\jni.cpp, line 535]
Event: 808.904 Thread 0x0000016df31891f0 Exception <a 'sun/nio/fs/WindowsException'{0x00000000cb9937c8}> (0x00000000cb9937c8) 
thrown [s\src\hotspot\share\prims\jni.cpp, line 535]
Event: 808.906 Thread 0x0000016df31891f0 Exception <a 'sun/nio/fs/WindowsException'{0x00000000cb996590}> (0x00000000cb996590) 
thrown [s\src\hotspot\share\prims\jni.cpp, line 535]
Event: 808.906 Thread 0x0000016df31891f0 Exception <a 'sun/nio/fs/WindowsException'{0x00000000cb996d90}> (0x00000000cb996d90) 
thrown [s\src\hotspot\share\prims\jni.cpp, line 535]
Event: 808.906 Thread 0x0000016df31891f0 Exception <a 'sun/nio/fs/WindowsException'{0x00000000cb9973f0}> (0x00000000cb9973f0) 
thrown [s\src\hotspot\share\prims\jni.cpp, line 535]
Event: 808.911 Thread 0x0000016df31891f0 Exception <a 'sun/nio/fs/WindowsException'{0x00000000cb999590}> (0x00000000cb999590) 
thrown [s\src\hotspot\share\prims\jni.cpp, line 535]
Event: 808.911 Thread 0x0000016df31891f0 Exception <a 'sun/nio/fs/WindowsException'{0x00000000cb999c00}> (0x00000000cb999c00) 
thrown [s\src\hotspot\share\prims\jni.cpp, line 535]
Event: 808.914 Thread 0x0000016df31891f0 Exception <a 'sun/nio/fs/WindowsException'{0x00000000cb99b308}> (0x00000000cb99b308) 
thrown [s\src\hotspot\share\prims\jni.cpp, line 535]
Event: 808.914 Thread 0x0000016df31891f0 Exception <a 'sun/nio/fs/WindowsException'{0x00000000cb99bc68}> (0x00000000cb99bc68) 
thrown [s\src\hotspot\share\prims\jni.cpp, line 535]

ZGC Phase Switch (0 events):
No events

VM Operations (20 events):
Event: 799.863 Executing VM operation: Cleanup done
Event: 800.868 Executing VM operation: Cleanup
Event: 800.868 Executing VM operation: Cleanup done
Event: 801.882 Executing VM operation: Cleanup
Event: 801.883 Executing VM operation: Cleanup done
Event: 802.897 Executing VM operation: Cleanup
Event: 802.898 Executing VM operation: Cleanup done
Event: 803.909 Executing VM operation: Cleanup
Event: 803.909 Executing VM operation: Cleanup done
Event: 804.617 Executing VM operation: G1CollectForAllocation (G1 Evacuation Pause)
Event: 804.702 Executing VM operation: G1CollectForAllocation (G1 Evacuation Pause) done
Event: 805.709 Executing VM operation: Cleanup
Event: 805.743 Executing VM operation: Cleanup done
Event: 806.752 Executing VM operation: Cleanup
Event: 806.793 Executing VM operation: Cleanup done
Event: 807.801 Executing VM operation: Cleanup
Event: 807.827 Executing VM operation: Cleanup done
Event: 808.829 Executing VM operation: Cleanup
Event: 808.831 Executing VM operation: Cleanup done
Event: 809.526 Executing VM operation: G1PauseRemark

Memory protections (0 events):
No events

Nmethod flushes (20 events):
Event: 813.596 Thread 0x0000016de9db1f90 flushing  nmethod 0x0000016dda843d90
Event: 813.596 Thread 0x0000016de9db1f90 flushing  nmethod 0x0000016dda844510
Event: 813.596 Thread 0x0000016de9db1f90 flushing  nmethod 0x0000016dda844c10
Event: 813.596 Thread 0x0000016de9db1f90 flushing  nmethod 0x0000016dda846010
Event: 813.596 Thread 0x0000016de9db1f90 flushing  nmethod 0x0000016dda848f10
Event: 813.596 Thread 0x0000016de9db1f90 flushing  nmethod 0x0000016dda84ae10
Event: 813.596 Thread 0x0000016de9db1f90 flushing  nmethod 0x0000016dda84b290
Event: 813.596 Thread 0x0000016de9db1f90 flushing  nmethod 0x0000016dda84f590
Event: 813.596 Thread 0x0000016de9db1f90 flushing  nmethod 0x0000016dda8b5110
Event: 813.596 Thread 0x0000016de9db1f90 flushing  nmethod 0x0000016dda8b5c90
Event: 813.597 Thread 0x0000016de9db1f90 flushing  nmethod 0x0000016dda8b7010
Event: 813.597 Thread 0x0000016de9db1f90 flushing  nmethod 0x0000016dda8b8e10
Event: 813.597 Thread 0x0000016de9db1f90 flushing  nmethod 0x0000016dda8b9910
Event: 813.597 Thread 0x0000016de9db1f90 flushing  nmethod 0x0000016dda8ba490
Event: 813.597 Thread 0x0000016de9db1f90 flushing  nmethod 0x0000016dda8bdd10
Event: 813.597 Thread 0x0000016de9db1f90 flushing  nmethod 0x0000016dda8be190
Event: 813.597 Thread 0x0000016de9db1f90 flushing  nmethod 0x0000016dda8c0a10
Event: 813.597 Thread 0x0000016de9db1f90 flushing  nmethod 0x0000016dda8c1010
Event: 813.597 Thread 0x0000016de9db1f90 flushing  nmethod 0x0000016dda8c1c10
Event: 813.597 Thread 0x0000016de9db1f90 flushing  nmethod 0x0000016dda8c2990

Events (20 events):
Event: 804.263 Thread 0x0000016d8482cbd0 Thread added: 0x0000016d871a11a0
Event: 804.263 Thread 0x0000016d8482cbd0 Thread added: 0x0000016d8719fdf0
Event: 804.263 Thread 0x0000016d8482cbd0 Thread added: 0x0000016d871a1830
Event: 804.461 Thread 0x0000016d8482cbd0 Thread added: 0x0000016df31891f0
Event: 804.575 Thread 0x0000016d8482beb0 Thread added: 0x0000016d84a5aab0
Event: 804.585 Thread 0x0000016d8482beb0 Thread added: 0x0000016d84a5df30
Event: 804.588 Thread 0x0000016d8482beb0 Thread added: 0x0000016d86630c20
Event: 804.590 Thread 0x0000016d8482beb0 Thread added: 0x0000016d8662ff00
Event: 804.591 Thread 0x0000016d8482beb0 Thread added: 0x0000016d8662f870
Event: 804.594 Thread 0x0000016d8482beb0 Thread added: 0x0000016dfb5ebb90
Event: 804.597 Thread 0x0000016d8482beb0 Thread added: 0x0000016dfb5ec220
Event: 804.598 Thread 0x0000016d8482beb0 Thread added: 0x0000016dfb5ec8b0
Event: 804.599 Thread 0x0000016d8482beb0 Thread added: 0x0000016d85e0cf40
Event: 805.124 Thread 0x0000016d84d6ed70 Thread exited: 0x0000016d84d6ed70
Event: 806.479 Thread 0x0000016dee08ef50 Thread added: 0x0000016dffb7e940
Event: 806.479 Thread 0x0000016dee08ef50 Thread added: 0x0000016dffb7dba0
Event: 808.514 Thread 0x0000016dffb7dba0 Thread exited: 0x0000016dffb7dba0
Event: 808.649 Thread 0x0000016dffb7e940 Thread exited: 0x0000016dffb7e940
Event: 808.816 Thread 0x0000016d85cc22e0 Thread exited: 0x0000016d85cc22e0
Event: 809.285 Thread 0x0000016d85345e90 Thread exited: 0x0000016d85345e90


Dynamic libraries:
0x00007ff7cc6f0000 - 0x00007ff7cc6fa000 	C:\Program Files\Android\Android Studio\jbr\bin\java.exe
0x00007ffe09cf0000 - 0x00007ffe09f08000 	C:\WINDOWS\SYSTEM32\ntdll.dll
0x00007ffe07c10000 - 0x00007ffe07cd4000 	C:\WINDOWS\System32\KERNEL32.DLL
0x00007ffe07010000 - 0x00007ffe073e3000 	C:\WINDOWS\System32\KERNELBASE.dll
0x00007ffe07740000 - 0x00007ffe07851000 	C:\WINDOWS\System32\ucrtbase.dll
0x00007ffe01a00000 - 0x00007ffe01a1b000 	C:\Program Files\Android\Android Studio\jbr\bin\VCRUNTIME140.dll
0x00007ffdf1f20000 - 0x00007ffdf1f38000 	C:\Program Files\Android\Android Studio\jbr\bin\jli.dll
0x00007ffe08730000 - 0x00007ffe088e2000 	C:\WINDOWS\System32\USER32.dll
0x00007ffdee6f0000 - 0x00007ffdee98c000 	C:\WINDOWS\WinSxS\amd64_microsoft.windows.common-controls_6595b64144ccf1df_6.0.22621.6060_none_2712eda17382d24b\COMCTL32.dll
0x00007ffe06fe0000 - 0x00007ffe07006000 	C:\WINDOWS\System32\win32u.dll
0x00007ffe08d80000 - 0x00007ffe08e27000 	C:\WINDOWS\System32\msvcrt.dll
0x00007ffe09be0000 - 0x00007ffe09c09000 	C:\WINDOWS\System32\GDI32.dll
0x00007ffe07860000 - 0x00007ffe07983000 	C:\WINDOWS\System32\gdi32full.dll
0x00007ffe073f0000 - 0x00007ffe0748a000 	C:\WINDOWS\System32\msvcp_win.dll
0x00007ffe07ab0000 - 0x00007ffe07ae1000 	C:\WINDOWS\System32\IMM32.DLL
0x00007ffe02620000 - 0x00007ffe0262c000 	C:\Program Files\Android\Android Studio\jbr\bin\vcruntime140_1.dll
0x00007ffdda720000 - 0x00007ffdda7ad000 	C:\Program Files\Android\Android Studio\jbr\bin\msvcp140.dll
0x00007ffdbed20000 - 0x00007ffdbf9ab000 	C:\Program Files\Android\Android Studio\jbr\bin\server\jvm.dll
0x00007ffe079e0000 - 0x00007ffe07a91000 	C:\WINDOWS\System32\ADVAPI32.dll
0x00007ffe08a30000 - 0x00007ffe08ad8000 	C:\WINDOWS\System32\sechost.dll
0x00007ffe06df0000 - 0x00007ffe06e18000 	C:\WINDOWS\System32\bcrypt.dll
0x00007ffe07af0000 - 0x00007ffe07c08000 	C:\WINDOWS\System32\RPCRT4.dll
0x00007ffe08fd0000 - 0x00007ffe09041000 	C:\WINDOWS\System32\WS2_32.dll
0x00007ffe06a60000 - 0x00007ffe06aad000 	C:\WINDOWS\SYSTEM32\POWRPROF.dll
0x00007ffdff630000 - 0x00007ffdff63a000 	C:\WINDOWS\SYSTEM32\VERSION.dll
0x00007ffe021b0000 - 0x00007ffe021e4000 	C:\WINDOWS\SYSTEM32\WINMM.dll
0x00007ffe06a40000 - 0x00007ffe06a53000 	C:\WINDOWS\SYSTEM32\UMPDC.dll
0x00007ffe05dc0000 - 0x00007ffe05dd8000 	C:\WINDOWS\SYSTEM32\kernel.appcore.dll
0x00007ffe025f0000 - 0x00007ffe025fa000 	C:\Program Files\Android\Android Studio\jbr\bin\jimage.dll
0x00007ffdfdf90000 - 0x00007ffdfe1c3000 	C:\WINDOWS\SYSTEM32\DBGHELP.DLL
0x00007ffe09840000 - 0x00007ffe09bd2000 	C:\WINDOWS\System32\combase.dll
0x00007ffe08650000 - 0x00007ffe08728000 	C:\WINDOWS\System32\OLEAUT32.dll
0x00007ffdede60000 - 0x00007ffdede92000 	C:\WINDOWS\SYSTEM32\dbgcore.DLL
0x00007ffe06f60000 - 0x00007ffe06fdb000 	C:\WINDOWS\System32\bcryptPrimitives.dll
0x00007ffdf2350000 - 0x00007ffdf235e000 	C:\Program Files\Android\Android Studio\jbr\bin\instrument.dll
0x00007ffe00610000 - 0x00007ffe00630000 	C:\Program Files\Android\Android Studio\jbr\bin\java.dll
0x00007ffe005f0000 - 0x00007ffe00608000 	C:\Program Files\Android\Android Studio\jbr\bin\zip.dll
0x00007ffe07d40000 - 0x00007ffe085de000 	C:\WINDOWS\System32\SHELL32.dll
0x00007ffe07490000 - 0x00007ffe075cf000 	C:\WINDOWS\System32\wintypes.dll
0x00007ffe04c90000 - 0x00007ffe055a8000 	C:\WINDOWS\SYSTEM32\windows.storage.dll
0x00007ffe08c70000 - 0x00007ffe08d74000 	C:\WINDOWS\System32\SHCORE.dll
0x00007ffe09070000 - 0x00007ffe090d9000 	C:\WINDOWS\System32\shlwapi.dll
0x00007ffe06d20000 - 0x00007ffe06d45000 	C:\WINDOWS\SYSTEM32\profapi.dll
0x00007ffe024d0000 - 0x00007ffe024e0000 	C:\Program Files\Android\Android Studio\jbr\bin\net.dll
0x00007ffe03b60000 - 0x00007ffe03c8c000 	C:\WINDOWS\SYSTEM32\WINHTTP.dll
0x00007ffe062a0000 - 0x00007ffe06309000 	C:\WINDOWS\system32\mswsock.dll
0x00007ffdfff60000 - 0x00007ffdfff76000 	C:\Program Files\Android\Android Studio\jbr\bin\nio.dll
0x00007ffe024b0000 - 0x00007ffe024c0000 	C:\Program Files\Android\Android Studio\jbr\bin\verify.dll
0x00007ffdef960000 - 0x00007ffdef987000 	C:\Users\gaurav\.gradle\native\1def1411415f61bf3af743bc5b6707747c0891f09f0c88961ee8f79bc544acac\windows-amd64\native-platform.dll
0x00007ffdf22d0000 - 0x00007ffdf2348000 	C:\Users\gaurav\.gradle\native\0.2.7\x86_64-windows-gnu\gradle-fileevents.dll
0x00007ffe00170000 - 0x00007ffe00179000 	C:\Program Files\Android\Android Studio\jbr\bin\management.dll
0x00007ffdf1fb0000 - 0x00007ffdf1fbb000 	C:\Program Files\Android\Android Studio\jbr\bin\management_ext.dll
0x00007ffe08970000 - 0x00007ffe08978000 	C:\WINDOWS\System32\PSAPI.DLL
0x00007ffe05800000 - 0x00007ffe0582d000 	C:\WINDOWS\SYSTEM32\IPHLPAPI.DLL
0x00007ffe08c40000 - 0x00007ffe08c49000 	C:\WINDOWS\System32\NSI.dll
0x00007ffe019f0000 - 0x00007ffe019f9000 	C:\Program Files\Android\Android Studio\jbr\bin\extnet.dll
0x00007ffe064f0000 - 0x00007ffe0650b000 	C:\WINDOWS\SYSTEM32\CRYPTSP.dll
0x00007ffe05d20000 - 0x00007ffe05d57000 	C:\WINDOWS\system32\rsaenh.dll
0x00007ffe06390000 - 0x00007ffe063b8000 	C:\WINDOWS\SYSTEM32\USERENV.dll
0x00007ffe06510000 - 0x00007ffe0651c000 	C:\WINDOWS\SYSTEM32\CRYPTBASE.dll
0x00007ffd85290000 - 0x00007ffd85298000 	C:\WINDOWS\system32\wshunix.dll
0x00007ffd851a0000 - 0x00007ffd851b7000 	C:\WINDOWS\system32\napinsp.dll
0x00007ffd851e0000 - 0x00007ffd851fb000 	C:\WINDOWS\system32\pnrpnsp.dll
0x00007ffe05830000 - 0x00007ffe05928000 	C:\WINDOWS\SYSTEM32\DNSAPI.dll
0x00007ffd851c0000 - 0x00007ffd851d1000 	C:\WINDOWS\System32\winrnr.dll
0x00007ffddbcb0000 - 0x00007ffddbcc5000 	C:\WINDOWS\system32\wshbth.dll
0x00007ffdc86d0000 - 0x00007ffdc86f1000 	C:\WINDOWS\system32\nlansp_c.dll
0x00007ffe02a50000 - 0x00007ffe02a5a000 	C:\Windows\System32\rasadhlp.dll
0x00007ffe02870000 - 0x00007ffe028f4000 	C:\WINDOWS\System32\fwpuclnt.dll
0x00007ffe05ed0000 - 0x00007ffe05f04000 	C:\WINDOWS\SYSTEM32\ntmarta.dll
0x00007ffdc5830000 - 0x00007ffdc5919000 	C:\Users\gaurav\AppData\Local\Temp\sqlite-3.41.2.2-c4c959bb-6e97-4b11-84a9-e5594234a3b7-sqlitejdbc.dll
0x00007ffdc5470000 - 0x00007ffdc5559000 	C:\Users\gaurav\AppData\Local\Temp\sqlite-3.41.2.2-a8b2e9bc-9717-49ab-a310-9943ad8f96f0-sqlitejdbc.dll
0x00007ffdc25a0000 - 0x00007ffdc2689000 	C:\Users\gaurav\AppData\Local\Temp\sqlite-3.41.2.2-ea496861-20a6-4adb-b20b-b8ed2534b1d0-sqlitejdbc.dll
0x00007ffdc5300000 - 0x00007ffdc53e9000 	C:\Users\gaurav\AppData\Local\Temp\sqlite-3.41.2.2-f00b47d4-04ef-4408-960a-6343d648ddb4-sqlitejdbc.dll

dbghelp: loaded successfully - version: 4.0.5 - missing functions: none
symbol engine: initialized successfully - sym options: 0x614 - pdb path: .;C:\Program Files\Android\Android Studio\jbr\bin;C:\WINDOWS\SYSTEM32;C:\WINDOWS\WinSxS\amd64_microsoft.windows.common-controls_6595b64144ccf1df_6.0.22621.6060_none_2712eda17382d24b;C:\Program Files\Android\Android Studio\jbr\bin\server;C:\Users\gaurav\.gradle\native\1def1411415f61bf3af743bc5b6707747c0891f09f0c88961ee8f79bc544acac\windows-amd64;C:\Users\gaurav\.gradle\native\0.2.7\x86_64-windows-gnu;C:\Users\gaurav\AppData\Local\Temp

VM Arguments:
jvm_args: --add-opens=java.base/java.lang=ALL-UNNAMED --add-opens=java.base/java.lang.invoke=ALL-UNNAMED --add-opens=java.base/java.util=ALL-UNNAMED --add-opens=java.prefs/java.util.prefs=ALL-UNNAMED --add-exports=jdk.compiler/com.sun.tools.javac.api=ALL-UNNAMED --add-exports=jdk.compiler/com.sun.tools.javac.util=ALL-UNNAMED --add-opens=java.base/java.util=ALL-UNNAMED --add-opens=java.prefs/java.util.prefs=ALL-UNNAMED --add-opens=java.base/java.nio.charset=ALL-UNNAMED --add-opens=java.base/java.net=ALL-UNNAMED --add-opens=java.base/java.util.concurrent.atomic=ALL-UNNAMED --add-opens=java.xml/javax.xml.namespace=ALL-UNNAMED -Xmx2048m -Dfile.encoding=UTF-8 -Duser.country=US -Duser.language=en -Duser.variant -javaagent:C:\Users\gaurav\.gradle\wrapper\dists\gradle-8.13-bin\5xuhj0ry160q40clulazy9h7d\gradle-8.13\lib\agents\gradle-instrumentation-agent-8.13.jar 
java_command: org.gradle.launcher.daemon.bootstrap.GradleDaemon 8.13
java_class_path (initial): C:\Users\gaurav\.gradle\wrapper\dists\gradle-8.13-bin\5xuhj0ry160q40clulazy9h7d\gradle-8.13\lib\gradle-daemon-main-8.13.jar
Launcher Type: SUN_STANDARD

[Global flags]
     intx CICompilerCount                          = 4                                         {product} {ergonomic}
     uint ConcGCThreads                            = 3                                         {product} {ergonomic}
     uint G1ConcRefinementThreads                  = 10                                        {product} {ergonomic}
   size_t G1HeapRegionSize                         = 1048576                                   {product} {ergonomic}
    uintx GCDrainStackTargetSize                   = 64                                        {product} {ergonomic}
   size_t InitialHeapSize                          = 123731968                                 {product} {ergonomic}
   size_t MarkStackSize                            = 4194304                                   {product} {ergonomic}
   size_t MaxHeapSize                              = 2147483648                                {product} {command line}
   size_t MaxNewSize                               = 1287651328                                {product} {ergonomic}
   size_t MinHeapDeltaBytes                        = 1048576                                   {product} {ergonomic}
   size_t MinHeapSize                              = 8388608                                   {product} {ergonomic}
    uintx NonNMethodCodeHeapSize                   = 5839372                                {pd product} {ergonomic}
    uintx NonProfiledCodeHeapSize                  = 122909434                              {pd product} {ergonomic}
    uintx ProfiledCodeHeapSize                     = 122909434                              {pd product} {ergonomic}
    uintx ReservedCodeCacheSize                    = 251658240                              {pd product} {ergonomic}
     bool SegmentedCodeCache                       = true                                      {product} {ergonomic}
   size_t SoftMaxHeapSize                          = 2147483648                             {manageable} {ergonomic}
     bool UseCompressedOops                        = true                           {product lp64_product} {ergonomic}
     bool UseG1GC                                  = true                                      {product} {ergonomic}
     bool UseLargePagesIndividualAllocation        = false                                  {pd product} {ergonomic}

Logging:
Log output configuration:
 #0: stdout all=warning uptime,level,tags foldmultilines=false
 #1: stderr all=off uptime,level,tags foldmultilines=false

Environment Variables:
JAVA_HOME=D:\amazon\jdk11.0.28_6
PATH=D:\amazon\jdk11.0.28_6\bin;C:\Users\gaurav\.jdks\openjdk-21.0.1\bin;C:\Program Files\HP\HP One Agent;C:\Program Files\Git\cmd;C:\Users\gaurav\Downloads\kobweb-0.9.21\kobweb-0.9.21\bin;C:\Users\gaurav\AppData\Local\Microsoft\WindowsApps;C:\Users\gaurav\Downloads\flutter_windows_3.13.0-stable\flutter\bin;C:\Users\gaurav\AppData\Local\Programs\Microsoft VS Code\bin;C:\Program Files\JetBrains\IntelliJ IDEA Community Edition 2023.2.3\bin;C:\Users\gaurav\AppData\Local\JetBrains\Toolbox\scripts;
USERNAME=gaurav
OS=Windows_NT
PROCESSOR_IDENTIFIER=AMD64 Family 23 Model 104 Stepping 1, AuthenticAMD
TMP=C:\Users\gaurav\AppData\Local\Temp
TEMP=C:\Users\gaurav\AppData\Local\Temp




Periodic native trim disabled

JNI global refs:
JNI global refs: 27, weak refs: 40

JNI global refs memory usage: 835, weak refs: 833

Process memory usage:
Resident Set Size: 707288K (9% of 7681732K total physical memory with 324228K free physical memory)

OOME stack traces (most recent first):
Classloader memory used:
Loader java.net.URLClassLoader                                                         : 86278K
Loader org.gradle.internal.classloader.VisitableURLClassLoader                         : 54410K
Loader org.gradle.internal.classloader.VisitableURLClassLoader$InstrumentingVisitableURLClassLoader: 43031K
Loader bootstrap                                                                       : 32203K
Loader org.gradle.initialization.MixInLegacyTypesClassLoader                           : 14374K
Loader org.gradle.internal.classloader.VisitableURLClassLoader                         : 1862K
Loader jdk.internal.reflect.DelegatingClassLoader                                      : 689K
Loader jdk.internal.loader.ClassLoaders$PlatformClassLoader                            : 592K
Loader jdk.internal.jrtfs.JrtFileSystemProvider$JrtFsLoader                            : 354K
Loader jdk.internal.loader.ClassLoaders$AppClassLoader                                 : 235K
Loader org.gradle.groovy.scripts.internal.DefaultScriptCompilationHandler$ScriptClassLoader: 88040B
Loader org.codehaus.groovy.runtime.callsite.CallSiteClassLoader                        : 49664B
Loader sun.reflect.misc.MethodUtil                                                     : 2952B

Classes loaded by more than one classloader:
Class com.google.common.base.NullnessCasts                                            : loaded 5 times (x 67B)
Class com.google.common.base.Suppliers$NonSerializableMemoizingSupplier               : loaded 5 times (x 75B)
Class com.google.common.base.Suppliers                                                : loaded 5 times (x 67B)
Class com.google.common.base.Suppliers$MemoizingSupplier                              : loaded 5 times (x 75B)
Class Program                                                                         : loaded 5 times (x 68B)
Class com.google.common.graph.SuccessorsFunction                                      : loaded 5 times (x 66B)
Class androidx.room.compiler.processing.ksp.KspBasicAnnotationProcessor$steps$2       : loaded 4 times (x 75B)
Class dagger.spi.internal.shaded.androidx.room.compiler.processing.ksp.KspFiler       : loaded 4 times (x 74B)
Class androidx.room.compiler.processing.ksp.KspProcessingEnv$jvmDefaultMode$2         : loaded 4 times (x 75B)
Class dagger.spi.internal.shaded.androidx.room.compiler.processing.XMessager          : loaded 4 times (x 69B)
Class androidx.room.processor.Context$BooleanProcessorOptions                         : loaded 4 times (x 76B)
Class dagger.spi.internal.shaded.androidx.room.compiler.processing.ksp.KspBasicAnnotationProcessor$steps$2: loaded 4 times (x 75B)
Class dagger.hilt.processor.internal.definecomponent.DefineComponentProcessingStep    : loaded 4 times (x 83B)
Class dagger.spi.internal.shaded.androidx.room.compiler.processing.ksp.KspProcessingEnv$jvmDefaultMode$2: loaded 4 times (x 75B)
Class dagger.hilt.android.processor.internal.viewmodel.KspViewModelProcessor          : loaded 4 times (x 85B)
Class dagger.spi.internal.shaded.androidx.room.compiler.processing.XBasicAnnotationProcessor: loaded 4 times (x 66B)
Class androidx.room.compiler.processing.XBasicAnnotationProcessor                     : loaded 4 times (x 66B)
Class dagger.hilt.processor.internal.KspBaseProcessingStepProcessor                   : loaded 4 times (x 85B)
Class dagger.hilt.processor.internal.aggregateddeps.KspAggregatedDepsProcessor        : loaded 4 times (x 85B)
Class dagger.hilt.android.processor.internal.bindvalue.BindValueProcessingStep        : loaded 4 times (x 83B)
Class com.google.common.base.CaseFormat$StringConverter                               : loaded 4 times (x 86B)
Class dagger.hilt.android.processor.internal.customtestapplication.KspCustomTestApplicationProcessor: loaded 4 times (x 85B)
Class androidx.room.compiler.processing.ksp.KspRoundEnv                               : loaded 4 times (x 74B)
Class androidx.room.compiler.processing.ksp.KspBasicAnnotationProcessor$commonDelegate$2: loaded 4 times (x 75B)
Class dagger.spi.internal.shaded.androidx.room.compiler.processing.ksp.KspMessager    : loaded 4 times (x 69B)
Class dagger.hilt.processor.internal.aliasof.AliasOfProcessingStep                    : loaded 4 times (x 83B)
Class androidx.hilt.AndroidXHiltKspProcessor                                          : loaded 4 times (x 84B)
Class dagger.hilt.processor.internal.originatingelement.OriginatingElementProcessingStep: loaded 4 times (x 83B)
Class androidx.room.compiler.processing.XRoundEnv                                     : loaded 4 times (x 66B)
Class androidx.room.compiler.processing.ksp.KspProcessingEnv$ksTypeVarianceResolver$2 : loaded 4 times (x 75B)
Class dagger.hilt.processor.internal.generatesrootinput.KspGeneratesRootInputProcessor: loaded 4 times (x 85B)
Class [Lcom.google.common.base.CaseFormat;                                            : loaded 4 times (x 65B)
Class dagger.internal.codegen.DelegateComponentProcessor                              : loaded 4 times (x 68B)
Class dagger.hilt.processor.internal.root.ComponentTreeDepsProcessingStep             : loaded 4 times (x 83B)
Class dagger.hilt.processor.internal.uninstallmodules.KspUninstallModulesProcessor    : loaded 4 times (x 85B)
Class androidx.room.compiler.processing.ksp.KspFiler                                  : loaded 4 times (x 74B)
Class dagger.hilt.android.processor.internal.customtestapplication.KspCustomTestApplicationProcessor$Provider: loaded 4 times (x 70B)
Class dagger.spi.internal.shaded.androidx.room.compiler.processing.XProcessingEnvConfig: loaded 4 times (x 67B)
Class dagger.spi.internal.shaded.androidx.room.compiler.processing.ksp.KspProcessingEnv: loaded 4 times (x 112B)
Class androidx.room.compiler.processing.CommonProcessorDelegate                       : loaded 4 times (x 68B)
Class [Landroidx.room.processor.Context$BooleanProcessorOptions;                      : loaded 4 times (x 65B)
Class dagger.hilt.processor.internal.root.RootProcessingStep                          : loaded 4 times (x 83B)
Class androidx.room.compiler.processing.ksp.KspProcessingEnv$jvmVersion$2             : loaded 4 times (x 75B)
Class dagger.hilt.processor.internal.HiltProcessingEnvConfigs                         : loaded 4 times (x 67B)
Class androidx.room.compiler.processing.CommonProcessorDelegate$processRound$currentElementsDeferredByStep$1$previousRoundDeferredElementsByAnnotation$1: loaded 4 times (x 74B)
Class dagger.hilt.processor.internal.root.KspRootProcessor                            : loaded 4 times (x 85B)
Class dagger.hilt.processor.internal.aggregateddeps.KspAggregatedDepsProcessor$Provider: loaded 4 times (x 70B)
Class dagger.hilt.processor.internal.originatingelement.KspOriginatingElementProcessor$Provider: loaded 4 times (x 70B)
Class androidx.hilt.work.WorkerStep$Companion                                         : loaded 4 times (x 67B)
Class dagger.hilt.android.processor.internal.customtestapplication.CustomTestApplicationProcessingStep: loaded 4 times (x 83B)
Class dagger.spi.internal.shaded.androidx.room.compiler.processing.ksp.KspProcessingEnv$typeElementStore$1: loaded 4 times (x 75B)
Class dagger.spi.internal.shaded.androidx.room.compiler.processing.ksp.KspProcessingEnv$jvmPlatformInfo$2: loaded 4 times (x 75B)
Class dagger.hilt.processor.internal.root.KspComponentTreeDepsProcessor               : loaded 4 times (x 85B)
Class dagger.internal.codegen.base.SourceFileGenerationException                      : loaded 4 times (x 78B)
Class dagger.hilt.processor.internal.generatesrootinput.GeneratesRootInputProcessingStep: loaded 4 times (x 83B)
Class dagger.hilt.processor.internal.root.KspRootProcessor$Provider                   : loaded 4 times (x 70B)
Class androidx.room.compiler.processing.ksp.KspBasicAnnotationProcessor               : loaded 4 times (x 84B)
Class dagger.hilt.processor.internal.uninstallmodules.UninstallModulesProcessingStep  : loaded 4 times (x 83B)
Class androidx.room.compiler.processing.CommonProcessorDelegate$processRound$currentElementsDeferredByStep$1$stepDeferredElementsByAnnotation$1: loaded 4 times (x 74B)
Class dagger.hilt.android.processor.internal.androidentrypoint.KspAndroidEntryPointProcessor$Provider: loaded 4 times (x 70B)
Class dagger.hilt.processor.internal.definecomponent.KspDefineComponentProcessor      : loaded 4 times (x 85B)
Class androidx.room.compiler.processing.XFiler                                        : loaded 4 times (x 66B)
Class dagger.spi.internal.shaded.androidx.room.compiler.processing.XProcessingEnv     : loaded 4 times (x 66B)
Class androidx.hilt.work.WorkerStep                                                   : loaded 4 times (x 75B)
Class dagger.hilt.processor.internal.earlyentrypoint.EarlyEntryPointProcessingStep    : loaded 4 times (x 83B)
Class dagger.spi.internal.shaded.androidx.room.compiler.processing.ksp.KspProcessingEnv$jvmVersion$2: loaded 4 times (x 75B)
Class androidx.room.RoomKspProcessor$Provider                                         : loaded 4 times (x 70B)
Class [Ldagger.spi.internal.shaded.androidx.room.compiler.processing.XProcessingEnv$Backend;: loaded 4 times (x 65B)
Class dagger.internal.codegen.KspComponentProcessor$Provider                          : loaded 4 times (x 71B)
Class dagger.hilt.processor.internal.optionvalues.GradleProjectType                   : loaded 4 times (x 75B)
Class androidx.room.compiler.processing.XProcessingEnvConfig$Builder                  : loaded 4 times (x 68B)
Class dagger.internal.codegen.KspComponentProcessor                                   : loaded 4 times (x 84B)
Class dagger.hilt.processor.internal.BaseProcessingStep                               : loaded 4 times (x 83B)
Class dagger.hilt.android.processor.internal.androidentrypoint.KspAndroidEntryPointProcessor: loaded 4 times (x 85B)
Class dagger.spi.internal.shaded.androidx.room.compiler.processing.XExecutableElementStore: loaded 4 times (x 68B)
Class dagger.spi.internal.shaded.androidx.room.compiler.processing.ksp.KspProcessingEnv$typeElementStore$2: loaded 4 times (x 74B)
Class dagger.spi.internal.shaded.androidx.room.compiler.processing.ksp.KspProcessingEnv$ksTypeVarianceResolver$2: loaded 4 times (x 75B)
Class [Landroidx.room.compiler.processing.XProcessingEnv$Backend;                     : loaded 4 times (x 65B)
Class dagger.hilt.processor.internal.originatingelement.KspOriginatingElementProcessor: loaded 4 times (x 85B)
Class com.google.common.base.CaseFormat                                               : loaded 4 times (x 79B)
Class androidx.room.compiler.processing.ksp.KspProcessingEnv                          : loaded 4 times (x 111B)
Class androidx.room.compiler.processing.XProcessingEnvConfig$Companion                : loaded 4 times (x 67B)
Class androidx.room.compiler.processing.XProcessingEnvConfig                          : loaded 4 times (x 67B)
Class dagger.hilt.android.processor.internal.bindvalue.KspBindValueProcessor$Provider : loaded 4 times (x 70B)
Class dagger.hilt.processor.internal.aliasof.KspAliasOfProcessor                      : loaded 4 times (x 85B)
Class androidx.room.DatabaseProcessingStep$Companion                                  : loaded 4 times (x 67B)
Class dagger.hilt.android.processor.internal.viewmodel.KspViewModelProcessor$Provider : loaded 4 times (x 70B)
Class dagger.spi.internal.shaded.androidx.room.compiler.processing.XProcessingEnvConfig$Companion: loaded 4 times (x 67B)
Class androidx.room.DatabaseProcessingStep                                            : loaded 4 times (x 75B)
Class androidx.room.compiler.processing.XProcessingEnv$Companion                      : loaded 4 times (x 67B)
Class dagger.spi.internal.shaded.androidx.room.compiler.processing.ksp.KspProcessingEnv$typeElementStore$3: loaded 4 times (x 75B)
Class androidx.room.compiler.processing.javac.XTypeElementStore                       : loaded 4 times (x 68B)
Class androidx.room.compiler.processing.XProcessingEnv$Backend                        : loaded 4 times (x 75B)
Class dagger.spi.internal.shaded.androidx.room.compiler.processing.ksp.KspBasicAnnotationProcessor$commonDelegate$2: loaded 4 times (x 75B)
Class dagger.hilt.processor.internal.uninstallmodules.KspUninstallModulesProcessor$Provider: loaded 4 times (x 70B)
Class androidx.room.compiler.processing.ksp.KspMessager                               : loaded 4 times (x 69B)
Class androidx.room.RoomKspProcessor                                                  : loaded 4 times (x 84B)
Class androidx.room.compiler.processing.ksp.KspProcessingEnv$jvmPlatformInfo$2        : loaded 4 times (x 75B)
Class dagger.hilt.android.processor.internal.androidentrypoint.AndroidEntryPointProcessingStep: loaded 4 times (x 83B)
Class dagger.spi.internal.shaded.androidx.room.compiler.processing.XProcessingStep    : loaded 4 times (x 66B)
Class dagger.spi.internal.shaded.androidx.room.compiler.processing.ksp.KspBasicAnnotationProcessor$DelegateLogger: loaded 4 times (x 75B)
Class dagger.spi.internal.shaded.androidx.room.compiler.processing.XFiler             : loaded 4 times (x 66B)
Class dagger.spi.internal.shaded.androidx.room.compiler.processing.ksp.KspProcessingEnv$arrayTypeFactory$2: loaded 4 times (x 75B)
Class dagger.hilt.android.processor.internal.bindvalue.KspBindValueProcessor          : loaded 4 times (x 85B)
Class androidx.hilt.ClassNames                                                        : loaded 4 times (x 67B)
Class androidx.room.compiler.processing.XMessager                                     : loaded 4 times (x 69B)
Class androidx.room.compiler.processing.ksp.KspProcessingEnv$typeElementStore$3       : loaded 4 times (x 75B)
Class dagger.hilt.processor.internal.earlyentrypoint.KspEarlyEntryPointProcessor      : loaded 4 times (x 85B)
Class androidx.room.compiler.processing.XProcessingStep                               : loaded 4 times (x 66B)
Class dagger.hilt.processor.internal.generatesrootinput.KspGeneratesRootInputProcessor$Provider: loaded 4 times (x 70B)
Class com.google.common.base.CaseFormat$5                                             : loaded 4 times (x 79B)
Class com.google.common.base.CaseFormat$4                                             : loaded 4 times (x 79B)
Class dagger.hilt.processor.internal.earlyentrypoint.KspEarlyEntryPointProcessor$Provider: loaded 4 times (x 70B)
Class androidx.hilt.AndroidXHiltKspProcessor$Provider                                 : loaded 4 times (x 70B)
Class dagger.spi.internal.shaded.androidx.room.compiler.processing.ksp.KspBasicAnnotationProcessor: loaded 4 times (x 84B)
Class com.google.common.base.CaseFormat$3                                             : loaded 4 times (x 79B)
Class dagger.spi.internal.shaded.androidx.room.compiler.processing.XProcessingEnv$Companion: loaded 4 times (x 67B)
Class dagger.spi.internal.shaded.androidx.room.compiler.processing.javac.XTypeElementStore: loaded 4 times (x 68B)
Class dagger.spi.internal.shaded.androidx.room.compiler.processing.XProcessingEnv$Backend: loaded 4 times (x 75B)
Class androidx.room.compiler.processing.ksp.KspBasicAnnotationProcessor$DelegateLogger: loaded 4 times (x 75B)
Class androidx.room.compiler.processing.XProcessingEnv                                : loaded 4 times (x 66B)
Class com.google.common.base.CaseFormat$2                                             : loaded 4 times (x 79B)
Class com.google.common.base.CaseFormat$1                                             : loaded 4 times (x 79B)
Class dagger.hilt.processor.internal.aggregateddeps.AggregatedDepsProcessingStep      : loaded 4 times (x 83B)
Class dagger.spi.internal.shaded.androidx.room.compiler.processing.XProcessingEnvConfig$Builder: loaded 4 times (x 68B)
Class dagger.hilt.processor.internal.aliasof.KspAliasOfProcessor$Provider             : loaded 4 times (x 70B)
Class dagger.hilt.processor.internal.definecomponent.KspDefineComponentProcessor$Provider: loaded 4 times (x 70B)
Class androidx.room.compiler.processing.ksp.KspProcessingEnv$typeElementStore$2       : loaded 4 times (x 74B)
Class dagger.spi.internal.shaded.androidx.room.compiler.processing.ksp.KspProcessingEnv$executableElementStore$1: loaded 4 times (x 75B)
Class androidx.room.compiler.processing.ksp.KspProcessingEnv$typeElementStore$1       : loaded 4 times (x 75B)
Class dagger.hilt.processor.internal.root.KspComponentTreeDepsProcessor$Provider      : loaded 4 times (x 70B)
Class [Ldagger.hilt.processor.internal.optionvalues.GradleProjectType;                : loaded 4 times (x 65B)
Class androidx.room.compiler.processing.ksp.KspProcessingEnv$arrayTypeFactory$2       : loaded 4 times (x 75B)
Class androidx.room.processor.Context$schemaInFolderPath$2                            : loaded 3 times (x 75B)
Class dagger.internal.codegen.binding.$AutoValue_MembersInjectionBinding_InjectionSite: loaded 3 times (x 73B)
Class dagger.internal.codegen.model.AutoValue_DaggerType                              : loaded 3 times (x 71B)
Class dagger.spi.model.BindingGraph$Node                                              : loaded 3 times (x 66B)
Class [Ldagger.spi.internal.shaded.androidx.room.compiler.processing.XEquality;       : loaded 3 times (x 65B)
Class androidx.room.compiler.processing.ksp.synthetic.KspSyntheticPropertyMethodElement$executableType$2: loaded 3 times (x 75B)
Class androidx.room.compiler.processing.ksp.KspAnnotated$UseSiteFilter$Companion      : loaded 3 times (x 67B)
Class dagger.spi.internal.shaded.androidx.room.compiler.processing.ksp.KspAnnotated$KSAnnotatedDelegate$annotations$1: loaded 3 times (x 75B)
Class com.google.common.base.CharMatcher$None                                         : loaded 3 times (x 108B)
Class dagger.spi.internal.shaded.androidx.room.compiler.codegen.XTypeNameKt           : loaded 3 times (x 67B)
Class dagger.spi.internal.shaded.androidx.room.compiler.processing.ksp.KSTypeKotlinPoetExtKt$WhenMappings: loaded 3 times (x 67B)
Class dagger.internal.codegen.componentgenerator.TopLevelImplementationComponent$Factory: loaded 3 times (x 66B)
Class dagger.internal.codegen.processingstep.AssistedProcessingStep                   : loaded 3 times (x 82B)
Class dagger.internal.codegen.bindinggraphvalidation.InjectBindingValidator           : loaded 3 times (x 81B)
Class dagger.internal.codegen.processingstep.ModuleProcessingStep                     : loaded 3 times (x 82B)
Class org.sqlite.SQLiteJDBCLoader$VersionHolder                                       : loaded 3 times (x 67B)
Class androidx.room.log.RLog$Companion$MissingTypeErrorFilter$1                       : loaded 3 times (x 74B)
Class dagger.internal.codegen.base.ComponentCreatorAnnotation                         : loaded 3 times (x 75B)
Class dagger.internal.codegen.base.ContributionType                                   : loaded 3 times (x 75B)
Class dagger.internal.codegen.model.DaggerTypeElement                                 : loaded 3 times (x 70B)
Class dagger.internal.codegen.base.Util                                               : loaded 3 times (x 67B)
Class dagger.internal.codegen.validation.ComponentDescriptorValidator                 : loaded 3 times (x 68B)
Class dagger.internal.codegen.bindinggraphvalidation.MissingBindingValidator          : loaded 3 times (x 81B)
Class dagger.internal.codegen.bindinggraphvalidation.IncompatiblyScopedBindingsValidator: loaded 3 times (x 81B)
Class dagger.internal.codegen.processingstep.AssistedInjectProcessingStep             : loaded 3 times (x 82B)
Class dagger.spi.internal.shaded.androidx.room.compiler.processing.ksp.KspMethodElement$Companion: loaded 3 times (x 67B)
Class com.squareup.kotlinpoet.TypeName                                                : loaded 3 times (x 82B)
Class dagger.spi.internal.shaded.androidx.room.compiler.processing.ksp.KspFieldElement$setter$2: loaded 3 times (x 75B)
Class androidx.room.compiler.processing.ksp.KspFieldElement$type$2                    : loaded 3 times (x 75B)
Class androidx.room.compiler.processing.ksp.KspFieldElement$getter$2                  : loaded 3 times (x 75B)
Class androidx.room.compiler.processing.ksp.KspFieldElement$syntheticAccessors$2      : loaded 3 times (x 75B)
Class androidx.room.compiler.processing.ksp.KspHasModifiers$PropertyField             : loaded 3 times (x 88B)
Class com.squareup.javapoet.LineWrapper$RecordingAppendable                           : loaded 3 times (x 73B)
Class dagger.internal.codegen.xprocessing.XExecutableTypes                            : loaded 3 times (x 67B)
Class dagger.spi.internal.shaded.androidx.room.compiler.processing.ksp.KspHasModifiers$PropertyField$acceptDeclarationModifiers$2$WhenMappings: loaded 3 times (x 67B)
Class [Lcom.google.common.collect.ImmutableMapEntry;                                  : loaded 3 times (x 65B)
Class dagger.spi.internal.shaded.androidx.room.compiler.processing.ksp.KspTypeElement$superInterfaces$2$1: loaded 3 times (x 74B)
Class com.google.common.collect.ImmutableMultimap$EntryCollection                     : loaded 3 times (x 123B)
Class com.google.common.collect.Maps$EntrySet                                         : loaded 3 times (x 132B)
Class com.google.common.collect.ImmutableSet$SetBuilderImpl                           : loaded 3 times (x 72B)
Class androidx.room.compiler.processing.ksp.KspConstructorElement$executableType$2    : loaded 3 times (x 75B)
Class dagger.internal.codegen.binding.FrameworkType$1                                 : loaded 3 times (x 80B)
Class [Ldagger.internal.codegen.binding.FrameworkTypeMapper;                          : loaded 3 times (x 65B)
Class dagger.spi.internal.shaded.androidx.room.compiler.processing.XConstructorElement: loaded 3 times (x 66B)
Class [Ldagger.internal.codegen.base.ClearableCache;                                  : loaded 3 times (x 65B)
Class dagger.internal.codegen.validation.InjectBindingRegistryImpl$BindingsCollection : loaded 3 times (x 68B)
Class dagger.spi.internal.shaded.androidx.room.compiler.processing.ksp.synthetic.KspSyntheticPropertyMethodElement: loaded 3 times (x 255B)
Class dagger.spi.internal.shaded.androidx.room.compiler.processing.ksp.KspFieldElement$enclosingElement$2: loaded 3 times (x 75B)
Class dagger.spi.internal.shaded.androidx.room.compiler.processing.XType              : loaded 3 times (x 66B)
Class dagger.spi.internal.shaded.androidx.room.compiler.processing.ksp.KspAnnotation$defaultValues$2: loaded 3 times (x 75B)
Class dagger.spi.internal.shaded.androidx.room.compiler.processing.ksp.KspTypeElement$_constructors$2: loaded 3 times (x 75B)
Class androidx.room.compiler.processing.ksp.KSTypeExtKt                               : loaded 3 times (x 67B)
Class androidx.room.compiler.processing.ksp.synthetic.KspSyntheticPropertyMethodElement$equalityItems$2: loaded 3 times (x 75B)
Class com.google.common.collect.ImmutableList                                         : loaded 3 times (x 202B)
Class com.google.common.collect.ImmutableMultimap$Builder                             : loaded 3 times (x 79B)
Class com.google.common.collect.ListMultimap                                          : loaded 3 times (x 66B)
Class com.google.common.collect.ImmutableEnumMap                                      : loaded 3 times (x 121B)
Class androidx.room.compiler.processing.ksp.KspTypeElement$packageName$2              : loaded 3 times (x 75B)
Class dagger.spi.internal.shaded.androidx.room.compiler.codegen.XTypeName$Companion   : loaded 3 times (x 67B)
Class dagger.internal.codegen.binding.BindingGraphConverter_Factory                   : loaded 3 times (x 75B)
Class dagger.internal.codegen.validation.BindsInstanceMethodValidator$Validator       : loaded 3 times (x 73B)
Class dagger.internal.codegen.writing.ProducerFactoryGenerator$MultiArgFutureTransform: loaded 3 times (x 74B)
Class androidx.room.processor.Context$schemaOutFolderPath$2                           : loaded 3 times (x 75B)
Class dagger.internal.codegen.binding.FrameworkType$2                                 : loaded 3 times (x 80B)
Class dagger.internal.codegen.base.UniqueNameSet                                      : loaded 3 times (x 68B)
Class dagger.spi.model.BindingGraph$Edge                                              : loaded 3 times (x 66B)
Class dagger.internal.codegen.binding.ComponentDescriptor$Factory                     : loaded 3 times (x 71B)
Class dagger.spi.internal.shaded.androidx.room.compiler.processing.ksp.KspExecutableElement$thrownTypes$2: loaded 3 times (x 75B)
Class dagger.hilt.android.processor.internal.androidentrypoint.AutoValue_AndroidEntryPointMetadata: loaded 3 times (x 88B)
Class dagger.hilt.processor.internal.ErrorTypeException                               : loaded 3 times (x 78B)
Class androidx.room.compiler.processing.ksp.KspAnnotated$KSAnnotatedDelegate          : loaded 3 times (x 131B)
Class dagger.internal.codegen.validation.ComponentHierarchyValidator                  : loaded 3 times (x 68B)
Class dagger.spi.internal.shaded.androidx.room.compiler.processing.XMethodType        : loaded 3 times (x 66B)
Class dagger.internal.codegen.model.AutoValue_DependencyRequest$Builder               : loaded 3 times (x 73B)
Class com.google.common.collect.Sets$1                                                : loaded 3 times (x 135B)
Class dagger.spi.internal.shaded.androidx.room.compiler.processing.ksp.KspMethodType$KspNormalMethodType: loaded 3 times (x 86B)
Class [Ldagger.internal.codegen.binding.FrameworkType;                                : loaded 3 times (x 65B)
Class org.sqlite.Collation                                                            : loaded 3 times (x 69B)
Class com.google.common.collect.MapMakerInternalMap$Strength                          : loaded 3 times (x 76B)
Class dagger.internal.codegen.base.ComponentAnnotation                                : loaded 3 times (x 72B)
Class androidx.room.compiler.processing.XAnnotation                                   : loaded 3 times (x 66B)
Class Build_gradle                                                                    : loaded 3 times (x 126B)
Class androidx.room.processor.cache.Cache$Bucket                                      : loaded 3 times (x 68B)
Class dagger.internal.codegen.binding.FrameworkType$3                                 : loaded 3 times (x 67B)
Class dagger.internal.codegen.model.DaggerAnnotation                                  : loaded 3 times (x 72B)
Class dagger.spi.internal.shaded.androidx.room.compiler.processing.ksp.KspExecutableElement$thrownTypes$2$1: loaded 3 times (x 75B)
Class dagger.internal.codegen.componentgenerator.ComponentGeneratorModule             : loaded 3 times (x 66B)
Class dagger.internal.codegen.processingstep.AssistedFactoryProcessingStep            : loaded 3 times (x 82B)
Class dagger.internal.codegen.processingstep.SuperficialValidator                     : loaded 3 times (x 71B)
Class androidx.room.compiler.processing.InternalXAnnotationValue                      : loaded 3 times (x 151B)
Class dagger.hilt.processor.internal.root.Root                                        : loaded 3 times (x 73B)
Class [Ldagger.hilt.processor.internal.root.RootType;                                 : loaded 3 times (x 65B)
Class dagger.spi.internal.shaded.androidx.room.compiler.processing.javac.JavacElement : loaded 3 times (x 175B)
Class androidx.room.compiler.processing.ksp.KspAnnotation$defaultValues$2             : loaded 3 times (x 75B)
Class [Landroidx.room.compiler.processing.ksp.synthetic.KspSyntheticPropertyMethodElement;: loaded 3 times (x 65B)
Class com.google.common.collect.Maps$ViewCachingAbstractMap                           : loaded 3 times (x 121B)
Class com.google.common.collect.Sets$2                                                : loaded 3 times (x 135B)
Class com.google.common.collect.MapMakerInternalMap$Strength$1                        : loaded 3 times (x 76B)
Class androidx.room.compiler.processing.ksp.KSTypeVarianceResolverScope$needsWildcardResolution$2: loaded 3 times (x 75B)
Class dagger.hilt.processor.internal.ClassNames                                       : loaded 3 times (x 67B)
Class dagger.spi.internal.shaded.androidx.room.compiler.processing.ksp.KSAsMemberOfKt : loaded 3 times (x 67B)
Class dagger.hilt.android.processor.internal.viewmodel.ViewModelMetadata$Companion    : loaded 3 times (x 67B)
Class dagger.hilt.processor.internal.root.AggregatedRootGenerator                     : loaded 3 times (x 68B)
Class dagger.internal.InstanceFactory                                                 : loaded 3 times (x 78B)
Class dagger.internal.codegen.kotlin.KotlinMetadataFactory_Factory                    : loaded 3 times (x 74B)
Class com.squareup.javapoet.LineWrapper$1                                             : loaded 3 times (x 67B)
Class dagger.internal.codegen.writing.InjectionMethods$CheckNotNullPolicy             : loaded 3 times (x 75B)
Class dagger.spi.internal.shaded.androidx.room.compiler.processing.ksp.KspMethodType$typeVariableNames$2: loaded 3 times (x 75B)
Class dagger.spi.internal.shaded.androidx.room.compiler.processing.ksp.KspAnnotated$KSAnnotatedDelegate: loaded 3 times (x 131B)
Class dagger.spi.internal.shaded.androidx.room.compiler.processing.ksp.KspMethodElement$KspNormalMethodElement$returnType$2: loaded 3 times (x 75B)
Class dagger.spi.internal.shaded.androidx.room.compiler.processing.ksp.KspMethodElement$enclosingElement$2: loaded 3 times (x 75B)
Class dagger.spi.internal.shaded.androidx.room.compiler.processing.XElementKt         : loaded 3 times (x 67B)
Class dagger.spi.internal.shaded.androidx.room.compiler.processing.ksp.KspTypeElement$xClassName$2: loaded 3 times (x 75B)
Class androidx.room.compiler.processing.ksp.KspFieldElement$name$2                    : loaded 3 times (x 75B)
Class androidx.room.compiler.processing.ksp.KspHasModifiers$Declaration               : loaded 3 times (x 88B)
Class dagger.spi.internal.shaded.androidx.room.compiler.processing.InternalXAnnotationValue$Companion: loaded 3 times (x 67B)
Class dagger.spi.internal.shaded.androidx.room.compiler.processing.ksp.KspMethodElement$parameters$2: loaded 3 times (x 75B)
Class com.google.common.collect.Sets$3                                                : loaded 3 times (x 135B)
Class com.google.common.collect.MapMakerInternalMap$Strength$2                        : loaded 3 times (x 76B)
Class [Ldagger.spi.internal.shaded.androidx.room.compiler.processing.XNullability;    : loaded 3 times (x 65B)
Class com.squareup.javapoet.AnnotationSpec                                            : loaded 3 times (x 68B)
Class com.squareup.javapoet.CodeBlock                                                 : loaded 3 times (x 68B)
Class dagger.spi.internal.shaded.androidx.room.compiler.processing.ksp.KspMethodElement$executableType$2: loaded 3 times (x 75B)
Class dagger.internal.codegen.validation.SpiModelBindingGraphConverter$DiagnosticReporterImpl: loaded 3 times (x 72B)
Class dagger.spi.internal.shaded.androidx.room.compiler.processing.ksp.KspExecutableParameterElement$closestMemberContainer$2: loaded 3 times (x 75B)
Class dagger.internal.codegen.langmodel.Accessibility                                 : loaded 3 times (x 67B)
Class androidx.room.BuiltInTypeConverters$State                                       : loaded 3 times (x 75B)
Class com.google.common.collect.ImmutableSet$Builder                                  : loaded 3 times (x 81B)
Class dagger.internal.codegen.compileroption.CompilerOptions                          : loaded 3 times (x 90B)
Class com.google.common.graph.PredecessorsFunction                                    : loaded 3 times (x 66B)
Class dagger.internal.codegen.writing.FactoryGenerator$1                              : loaded 3 times (x 67B)
Class dagger.spi.internal.shaded.androidx.room.compiler.processing.ksp.KspProcessingEnv$CommonTypes: loaded 3 times (x 68B)
Class dagger.internal.codegen.processingstep.ComponentProcessingStep_Factory          : loaded 3 times (x 75B)
Class dagger.internal.codegen.validation.ModuleValidator$ModuleMethodKind             : loaded 3 times (x 75B)
Class dagger.internal.codegen.processingstep.ModuleProcessingStep_Factory             : loaded 3 times (x 75B)
Class dagger.internal.codegen.binding.InjectionSiteFactory_Factory                    : loaded 3 times (x 75B)
Class dagger.spi.internal.shaded.androidx.room.compiler.processing.ksp.KspTypeElement$_declaredProperties$2: loaded 3 times (x 75B)
Class com.google.common.base.CharMatcher$InRange                                      : loaded 3 times (x 107B)
Class dagger.internal.codegen.xprocessing.XTypeElements                               : loaded 3 times (x 67B)
Class dagger.internal.codegen.validation.BindingElementValidator                      : loaded 3 times (x 74B)
Class com.google.common.collect.Sets$4                                                : loaded 3 times (x 135B)
Class com.google.common.collect.MapMakerInternalMap$StrongValueEntry                  : loaded 3 times (x 66B)
Class dagger.internal.codegen.binding.BindsTypeChecker                                : loaded 3 times (x 68B)
Class dagger.internal.codegen.binding.$AutoValue_MultibindingDeclaration              : loaded 3 times (x 75B)
Class dagger.internal.codegen.binding.OptionalBindingDeclaration                      : loaded 3 times (x 70B)
Class dagger.internal.codegen.validation.ComponentCreatorValidator                    : loaded 3 times (x 71B)
Class androidx.room.log.RLog                                                          : loaded 3 times (x 68B)
Class dagger.hilt.processor.internal.root.AutoValue_ProcessedRootSentinelMetadata     : loaded 3 times (x 70B)
Class dagger.internal.codegen.binding.ContributionBinding$1                           : loaded 3 times (x 67B)
Class androidx.room.processor.Context$CommonTypes$LIST$2                              : loaded 3 times (x 75B)
Class dagger.internal.codegen.model.DaggerElement                                     : loaded 3 times (x 69B)
Class dagger.internal.codegen.model.Key$Builder                                       : loaded 3 times (x 72B)
Class dagger.internal.codegen.componentgenerator.ComponentGenerator_Factory           : loaded 3 times (x 75B)
Class dagger.internal.codegen.validation.ProducesMethodValidator                      : loaded 3 times (x 74B)
Class dagger.internal.codegen.componentgenerator.ComponentHjarGenerator               : loaded 3 times (x 73B)
Class dagger.spi.internal.shaded.androidx.room.compiler.processing.ksp.KspTypeElement$_declaredMethods$2: loaded 3 times (x 75B)
Class dagger.spi.internal.shaded.androidx.room.compiler.processing.ksp.KspTypeElement$DefaultKspTypeElement: loaded 3 times (x 300B)
Class androidx.room.compiler.processing.ksp.KSTypeVarianceResolverScope$hasSuppressWildcards$2: loaded 3 times (x 75B)
Class com.google.common.collect.ImmutableMapEntrySet$RegularEntrySet                  : loaded 3 times (x 147B)
Class com.google.common.collect.Maps$BiMapConverter                                   : loaded 3 times (x 86B)
Class androidx.room.compiler.processing.ksp.KspAnnotation$wrap$$inlined$sortedBy$1    : loaded 3 times (x 86B)
Class dagger.spi.internal.shaded.androidx.room.compiler.processing.ksp.KspType$xTypeName$2: loaded 3 times (x 75B)
Class dagger.hilt.android.processor.internal.androidentrypoint.$AutoValue_AndroidEntryPointMetadata: loaded 3 times (x 88B)
Class dagger.internal.codegen.binding.BindingFactory_Factory                          : loaded 3 times (x 75B)
Class dagger.internal.codegen.base.DaggerSuperficialValidation                        : loaded 3 times (x 68B)
Class dagger.internal.codegen.DelegateComponentProcessor_SourceFileGeneratorsModule_MembersInjectorGeneratorFactory: loaded 3 times (x 75B)
Class dagger.internal.codegen.validation.ValidationBindingGraphPlugins                : loaded 3 times (x 68B)
Class dagger.internal.codegen.processingstep.ProcessingStepsModule                    : loaded 3 times (x 66B)
Class dagger.hilt.android.processor.internal.viewmodel.ViewModelValidationPluginKt$WhenMappings: loaded 3 times (x 67B)
Class androidx.room.compiler.processing.ksp.KspMethodElement$parameters$2             : loaded 3 times (x 75B)
Class androidx.room.compiler.processing.ksp.KspExecutableElement                      : loaded 3 times (x 206B)
Class dagger.internal.codegen.binding.AutoValue_FrameworkField                        : loaded 3 times (x 70B)
Class dagger.internal.codegen.binding.SubcomponentDeclaration$Factory                 : loaded 3 times (x 69B)
Class dagger.internal.codegen.validation.BindingMethodValidatorsModule                : loaded 3 times (x 66B)
Class dagger.spi.internal.shaded.androidx.room.compiler.processing.InternalXAnnotationValue$Kind: loaded 3 times (x 75B)
Class dagger.internal.codegen.bindinggraphvalidation.BindingGraphValidationModule_ProvidePluginsFactory: loaded 3 times (x 75B)
Class dagger.internal.codegen.bindinggraphvalidation.IncompatiblyScopedBindingsValidator_Factory: loaded 3 times (x 75B)
Class dagger.internal.Provider                                                        : loaded 3 times (x 66B)
Class [Ldagger.spi.internal.shaded.androidx.room.compiler.processing.XHasModifiers;   : loaded 3 times (x 65B)
Class dagger.spi.internal.shaded.androidx.room.compiler.processing.ksp.KspAnnotated$UseSiteFilter: loaded 3 times (x 66B)
Class [Landroidx.room.compiler.processing.XExecutableElement;                         : loaded 3 times (x 65B)
Class androidx.room.compiler.processing.ksp.KspAnnotation$declaredAnnotationValues$2  : loaded 3 times (x 75B)
Class androidx.room.compiler.processing.ksp.KspHasModifiers$Companion                 : loaded 3 times (x 67B)
Class dagger.hilt.processor.internal.ProcessorErrorHandler$HiltError                  : loaded 3 times (x 69B)
Class kotlin.collections.CollectionsKt__CollectionsKt                                 : loaded 3 times (x 67B)
Class com.google.common.collect.ImmutableList$SubList                                 : loaded 3 times (x 204B)
Class androidx.room.compiler.processing.ksp.KspMessager$WhenMappings                  : loaded 3 times (x 67B)
Class androidx.room.compiler.processing.ksp.KspAnnotation$annotationValues$2          : loaded 3 times (x 75B)
Class com.google.common.collect.MapDifference                                         : loaded 3 times (x 66B)
Class androidx.room.compiler.processing.XType                                         : loaded 3 times (x 66B)
Class dagger.spi.internal.shaded.androidx.room.compiler.processing.XEquality$Companion: loaded 3 times (x 67B)
Class dagger.spi.internal.shaded.androidx.room.compiler.processing.ksp.KSClassDeclarationExtKt: loaded 3 times (x 67B)
Class dagger.internal.codegen.base.DaggerSuperficialValidation$ValidationException$KnownErrorType: loaded 3 times (x 79B)
Class dagger.spi.internal.shaded.androidx.room.compiler.processing.ksp.KspExecutableType: loaded 3 times (x 77B)
Class dagger.internal.codegen.model.AutoValue_DaggerElement                           : loaded 3 times (x 70B)
Class dagger.spi.internal.shaded.androidx.room.compiler.processing.util.NamingUtilsKt : loaded 3 times (x 67B)
Class com.google.common.collect.UnmodifiableListIterator                              : loaded 3 times (x 91B)
Class dagger.spi.internal.shaded.androidx.room.compiler.processing.ksp.KSTypeVarianceResolverScope$MethodReturnType: loaded 3 times (x 70B)
Class dagger.internal.codegen.bindinggraphvalidation.SetMultibindingValidator         : loaded 3 times (x 81B)
Class androidx.room.vo.BuiltInConverterFlags$Companion                                : loaded 3 times (x 67B)
Class androidx.room.compiler.processing.ksp.KspTypeElement$getEnclosedTypeElements$1  : loaded 3 times (x 74B)
Class dagger.internal.codegen.javapoet.AnnotationSpecs                                : loaded 3 times (x 67B)
Class dagger.spi.internal.shaded.androidx.room.compiler.processing.XTypeParameterElement: loaded 3 times (x 66B)
Class dagger.internal.codegen.binding.$AutoValue_ProvisionBinding$Builder             : loaded 3 times (x 99B)
Class dagger.spi.model.DiagnosticReporter                                             : loaded 3 times (x 71B)
Class dagger.internal.codegen.processingstep.BindsInstanceProcessingStep              : loaded 3 times (x 82B)
Class dagger.internal.codegen.validation.BindingElementValidator$AllowsMultibindings  : loaded 3 times (x 75B)
Class dagger.internal.codegen.validation.InjectBindingRegistryImpl_Factory            : loaded 3 times (x 75B)
Class dagger.spi.internal.shaded.androidx.room.compiler.processing.ksp.KspArrayType$Companion: loaded 3 times (x 67B)
Class dagger.spi.internal.shaded.androidx.room.compiler.processing.ksp.KspTypeElement$qualifiedName$2: loaded 3 times (x 75B)
Class androidx.room.compiler.processing.ksp.KspAnnotation                             : loaded 3 times (x 135B)
Class com.google.common.collect.MapMakerInternalMap$InternalEntryHelper               : loaded 3 times (x 66B)
Class com.google.common.base.Joiner$2                                                 : loaded 3 times (x 75B)
Class com.google.common.base.CharMatcher$NamedFastMatcher                             : loaded 3 times (x 108B)
Class com.google.common.base.CharMatcher$1                                            : loaded 3 times (x 109B)
Class com.google.common.collect.Maps$IteratorBasedAbstractMap                         : loaded 3 times (x 121B)
Class androidx.room.compiler.processing.ksp.KspMemberContainer                        : loaded 3 times (x 66B)
Class dagger.spi.internal.shaded.androidx.room.compiler.processing.ksp.KspTypeElement$className$2: loaded 3 times (x 75B)
Class dagger.spi.internal.shaded.androidx.room.compiler.codegen.XClassName$Companion  : loaded 3 times (x 67B)
Class dagger.hilt.processor.internal.aggregateddeps.PkgPrivateMetadata                : loaded 3 times (x 71B)
Class dagger.internal.codegen.compileroption.ProcessingEnvironmentCompilerOptions$Feature: loaded 3 times (x 86B)
Class androidx.room.compiler.processing.ksp.synthetic.KspSyntheticPropertyMethodElement$Companion: loaded 3 times (x 67B)
Class androidx.room.compiler.processing.ksp.KspArrayType$BoxedArray                   : loaded 3 times (x 211B)
Class org.sqlite.jdbc3.JDBC3Connection                                                : loaded 3 times (x 219B)
Class androidx.room.compiler.processing.ksp.KspTypeElement$getEnclosedTypeElements$2  : loaded 3 times (x 75B)
Class dagger.internal.codegen.binding.KeyFactory                                      : loaded 3 times (x 68B)
Class dagger.spi.internal.shaded.androidx.room.compiler.processing.ksp.KspFileMemberContainer$className$2: loaded 3 times (x 75B)
Class dagger.hilt.processor.internal.root.ir.InvalidRootsException                    : loaded 3 times (x 78B)
Class dagger.internal.codegen.xprocessing.XElements                                   : loaded 3 times (x 67B)
Class dagger.spi.internal.shaded.androidx.room.compiler.processing.XTypeElement       : loaded 3 times (x 66B)
Class dagger.spi.internal.shaded.androidx.room.compiler.processing.ksp.KspRoundEnv$WhenMappings: loaded 3 times (x 67B)
Class androidx.room.compiler.processing.ksp.KspTypeElement$allMethods$1               : loaded 3 times (x 75B)
Class dagger.internal.codegen.base.DaggerSuperficialValidation$ValidationException    : loaded 3 times (x 79B)
Class [Ldagger.internal.codegen.base.ModuleKind;                                      : loaded 3 times (x 65B)
Class dagger.internal.codegen.binding.DependencyVariableNamer                         : loaded 3 times (x 67B)
Class com.google.common.collect.ImmutableListMultimap                                 : loaded 3 times (x 174B)
Class com.google.common.collect.Iterators$ArrayItr                                    : loaded 3 times (x 93B)
Class com.google.common.collect.PeekingIterator                                       : loaded 3 times (x 66B)
Class com.google.common.collect.ImmutableCollection$Builder                           : loaded 3 times (x 72B)
Class com.google.common.base.Joiner$1                                                 : loaded 3 times (x 76B)
Class com.google.common.base.CharMatcher                                              : loaded 3 times (x 107B)
Class androidx.room.compiler.processing.ksp.KspAnnotated$UseSiteFilter$Impl           : loaded 3 times (x 71B)
Class androidx.room.compiler.processing.ksp.KspTypeElement$enclosingTypeElement$2     : loaded 3 times (x 75B)
Class androidx.room.compiler.processing.XVariableElement                              : loaded 3 times (x 66B)
Class androidx.room.compiler.processing.ksp.KspHasModifiers$PropertyField$setterModifiers$2: loaded 3 times (x 75B)
Class androidx.room.compiler.processing.ksp.KspHasModifiers$PropertyFieldAccessor     : loaded 3 times (x 88B)
Class dagger.spi.internal.shaded.androidx.room.compiler.processing.XVariableElement   : loaded 3 times (x 66B)
Class [Lcom.squareup.javapoet.TypeSpec$Kind;                                          : loaded 3 times (x 65B)
Class dagger.internal.codegen.kotlin.KotlinMetadataUtil_Factory                       : loaded 3 times (x 75B)
Class dagger.spi.internal.shaded.androidx.room.compiler.processing.ksp.KspElement     : loaded 3 times (x 144B)
Class com.squareup.javapoet.MethodSpec                                                : loaded 3 times (x 68B)
Class dagger.internal.codegen.binding.KeyFactory$1                                    : loaded 3 times (x 67B)
Class dagger.spi.internal.shaded.androidx.room.compiler.processing.ksp.synthetic.KspSyntheticPropertyMethodElement$Setter$returnType$2: loaded 3 times (x 75B)
Class dagger.internal.codegen.binding.MethodSignatureFormatter$1                      : loaded 3 times (x 83B)
Class dagger.internal.codegen.bindinggraphvalidation.CompositeBindingGraphPlugin$Factory: loaded 3 times (x 66B)
Class dagger.hilt.processor.internal.definecomponent.DefineComponents                 : loaded 3 times (x 68B)
Class com.squareup.javapoet.TypeSpec$Builder                                          : loaded 3 times (x 68B)
Class dagger.hilt.processor.internal.ProcessorErrors                                  : loaded 3 times (x 67B)
Class com.squareup.kotlinpoet.ClassName$Companion                                     : loaded 3 times (x 67B)
Class dagger.spi.internal.shaded.androidx.room.compiler.processing.compat.XConverters : loaded 3 times (x 67B)
Class dagger.spi.internal.shaded.androidx.room.compiler.processing.InternalXAnnotationValue$kind$2: loaded 3 times (x 75B)
Class dagger.spi.internal.shaded.androidx.room.compiler.processing.ksp.KspHasModifiers$PropertyField$acceptDeclarationModifiers$2: loaded 3 times (x 75B)
Class dagger.spi.internal.shaded.androidx.room.compiler.processing.ksp.KspType$typeName$2: loaded 3 times (x 75B)
Class androidx.room.compiler.processing.ksp.synthetic.KspSyntheticPropertyMethodElement$Getter$returnType$2: loaded 3 times (x 75B)
Class androidx.room.compiler.processing.ksp.KspPrimitiveType                          : loaded 3 times (x 184B)
Class androidx.room.compiler.processing.ksp.KspAnnotation$type$2                      : loaded 3 times (x 75B)
Class kotlin.collections.CollectionsKt__IteratorsJVMKt                                : loaded 3 times (x 67B)
Class dagger.internal.codegen.ProcessingEnvironmentModule_ProcessingOptionsFactory    : loaded 3 times (x 75B)
Class com.google.common.collect.EmptyImmutableListMultimap                            : loaded 3 times (x 174B)
Class com.google.common.collect.BaseImmutableMultimap                                 : loaded 3 times (x 119B)
Class com.google.common.base.Joiner                                                   : loaded 3 times (x 75B)
Class dagger.internal.codegen.binding.DependencyRequestFactory_Factory                : loaded 3 times (x 75B)
Class [Ldagger.internal.codegen.compileroption.ProcessingEnvironmentCompilerOptions$Validation;: loaded 3 times (x 65B)
Class com.google.common.base.MoreObjects                                              : loaded 3 times (x 67B)
Class dagger.internal.codegen.binding.MonitoringModules                               : loaded 3 times (x 71B)
Class dagger.internal.codegen.binding.DelegateDeclaration$Factory                     : loaded 3 times (x 68B)
Class dagger.internal.codegen.model.AutoValue_DaggerTypeElement                       : loaded 3 times (x 71B)
Class dagger.spi.internal.shaded.androidx.room.compiler.processing.ksp.KspAnnotated$UseSiteFilter$Companion$NO_USE_SITE$1: loaded 3 times (x 70B)
Class com.squareup.kotlinpoet.TagMap                                                  : loaded 3 times (x 75B)
Class androidx.room.compiler.processing.ksp.KSFunctionExtKt                           : loaded 3 times (x 67B)
Class dagger.internal.codegen.binding.BindingType                                     : loaded 3 times (x 75B)
Class dagger.internal.codegen.binding.AssistedInjectionAnnotations                    : loaded 3 times (x 67B)
Class dagger.internal.codegen.binding.BindingGraph$TopLevelBindingGraph               : loaded 3 times (x 95B)
Class dagger.internal.codegen.validation.DiagnosticMessageGenerator$Factory           : loaded 3 times (x 68B)
Class dagger.internal.codegen.binding.BindingGraphConverter                           : loaded 3 times (x 68B)
Class dagger.internal.codegen.validation.MultibindsMethodValidator_Factory            : loaded 3 times (x 75B)
Class dagger.spi.internal.shaded.androidx.room.compiler.processing.ksp.KspFiler$OriginatingElements: loaded 3 times (x 68B)
Class dagger.spi.internal.shaded.androidx.room.compiler.processing.ksp.KspFieldElement$closestMemberContainer$2: loaded 3 times (x 75B)
Class com.google.common.collect.Platform                                              : loaded 3 times (x 67B)
Class [Ldagger.internal.codegen.binding.MembersInjectionBinding$InjectionSite$Kind;   : loaded 3 times (x 65B)
Class com.squareup.javapoet.CodeBlock$CodeBlockJoiner                                 : loaded 3 times (x 68B)
Class com.google.common.base.Preconditions                                            : loaded 3 times (x 67B)
Class com.google.common.collect.Hashing                                               : loaded 3 times (x 67B)
Class com.google.common.collect.UnmodifiableIterator                                  : loaded 3 times (x 76B)
Class com.google.common.base.Equivalence$Equals                                       : loaded 3 times (x 78B)
Class androidx.room.compiler.processing.ksp.KspTypeElement$superClass$2               : loaded 3 times (x 75B)
Class dagger.spi.internal.shaded.androidx.room.compiler.processing.ksp.KspArrayType$BoxedArray: loaded 3 times (x 211B)
Class androidx.room.compiler.processing.XConstructorElement                           : loaded 3 times (x 66B)
Class androidx.room.compiler.processing.ksp.KspConstructorElement$enclosingElement$2  : loaded 3 times (x 75B)
Class dagger.hilt.processor.internal.root.ProcessedRootSentinelMetadata               : loaded 3 times (x 69B)
Class dagger.spi.internal.shaded.androidx.room.compiler.processing.ksp.KspPackageElement$qualifiedName$2: loaded 3 times (x 75B)
Class dagger.internal.codegen.binding.FrameworkType                                   : loaded 3 times (x 80B)
Class dagger.spi.internal.shaded.androidx.room.compiler.processing.ksp.KspMethodType$Companion: loaded 3 times (x 67B)
Class dagger.internal.codegen.validation.DiagnosticReporterFactory$DiagnosticReporterImpl: loaded 3 times (x 72B)
Class dagger.spi.internal.shaded.androidx.room.compiler.processing.ksp.synthetic.KspSyntheticPropertyMethodElement$thrownTypes$2: loaded 3 times (x 75B)
Class dagger.spi.internal.shaded.androidx.room.compiler.processing.ksp.KspAnnotation  : loaded 3 times (x 135B)
Class androidx.room.compiler.processing.ksp.KspAnnotationValue$1                      : loaded 3 times (x 75B)
Class androidx.room.compiler.processing.ksp.synthetic.KspSyntheticPropertyMethodElement$Getter: loaded 3 times (x 255B)
Class com.squareup.kotlinpoet.Taggable                                                : loaded 3 times (x 66B)
Class com.squareup.kotlinpoet.ClassName$special$$inlined$thenBy$2                     : loaded 3 times (x 86B)
Class dagger.spi.internal.shaded.androidx.room.compiler.processing.ksp.KspMethodElement$jvmName$2: loaded 3 times (x 75B)
Class com.google.common.base.Ascii                                                    : loaded 3 times (x 67B)
Class com.google.common.collect.SingletonImmutableBiMap                               : loaded 3 times (x 140B)
Class dagger.internal.codegen.binding.ComponentDescriptor_Factory_Factory             : loaded 3 times (x 75B)
Class dagger.internal.codegen.validation.MapKeyValidator_Factory                      : loaded 3 times (x 75B)
Class dagger.internal.codegen.base.Keys                                               : loaded 3 times (x 67B)
Class dagger.hilt.processor.internal.root.ir.AggregatedRootIrValidator                : loaded 3 times (x 67B)
Class com.google.common.collect.AbstractMapEntry                                      : loaded 3 times (x 77B)
Class dagger.hilt.processor.internal.root.ir.AggregatedRootIrValidator$rootsToProcess$$inlined$sortedBy$1: loaded 3 times (x 85B)
Class com.google.common.collect.RegularImmutableBiMap                                 : loaded 3 times (x 145B)
Class dagger.hilt.processor.internal.AggregatedElements                               : loaded 3 times (x 67B)
Class androidx.room.processor.Context$CommonTypes$READONLY_COLLECTION$2               : loaded 3 times (x 75B)
Class androidx.room.processor.cache.Cache                                             : loaded 3 times (x 68B)
Class [Ldagger.internal.codegen.model.BindingKind;                                    : loaded 3 times (x 65B)
Class dagger.internal.codegen.binding.ModuleDescriptor                                : loaded 3 times (x 77B)
Class dagger.internal.codegen.validation.ProvidesMethodValidator$Validator            : loaded 3 times (x 76B)
Class dagger.internal.codegen.writing.AnnotationCreatorGenerator                      : loaded 3 times (x 76B)
Class dagger.internal.codegen.binding.MethodSignatureFormatter                        : loaded 3 times (x 82B)
Class dagger.Lazy                                                                     : loaded 3 times (x 66B)
Class dagger.spi.internal.shaded.androidx.room.compiler.processing.ksp.KspType$nullability$2$WhenMappings: loaded 3 times (x 67B)
Class dagger.spi.internal.shaded.androidx.room.compiler.processing.ksp.ResolverExtKt  : loaded 3 times (x 67B)
Class dagger.hilt.android.processor.internal.viewmodel.ViewModelMetadata              : loaded 3 times (x 68B)
Class dagger.spi.internal.shaded.androidx.room.compiler.processing.ksp.KspHasModifiers$ClassDeclaration: loaded 3 times (x 88B)
Class dagger.hilt.processor.internal.HiltCompilerOptions$EnumOption                   : loaded 3 times (x 68B)
Class com.squareup.javapoet.CodeWriter$Multiset                                       : loaded 3 times (x 68B)
Class androidx.room.compiler.processing.XHasModifiers                                 : loaded 3 times (x 66B)
Class kotlin.collections.CollectionsKt__MutableCollectionsKt                          : loaded 3 times (x 67B)
Class com.google.common.base.CharMatcher$Is                                           : loaded 3 times (x 107B)
Class com.google.common.collect.ImmutableList$Builder                                 : loaded 3 times (x 73B)
Class com.google.common.collect.Sets$ImprovedAbstractSet                              : loaded 3 times (x 131B)
Class com.google.common.collect.AbstractMultimap                                      : loaded 3 times (x 119B)
Class com.google.common.base.CharMatcher$Negated                                      : loaded 3 times (x 109B)
Class com.google.common.collect.ImmutableMultimap$2                                   : loaded 3 times (x 77B)
Class androidx.room.compiler.processing.ksp.KSClassDeclarationExtKt                   : loaded 3 times (x 67B)
Class dagger.spi.internal.shaded.androidx.room.compiler.processing.ksp.KspAnnotation$annotationValues$2: loaded 3 times (x 75B)
Class com.squareup.kotlinpoet.ClassName$special$$inlined$thenBy$1                     : loaded 3 times (x 86B)
Class dagger.spi.internal.shaded.androidx.room.compiler.processing.ksp.KSTypeJavaPoetExtKt$typeVarNameConstructor$2: loaded 3 times (x 74B)
Class [Lcom.squareup.javapoet.TypeName;                                               : loaded 3 times (x 65B)
Class [Ldagger.internal.codegen.base.ComponentCreatorAnnotation;                      : loaded 3 times (x 65B)
Class dagger.internal.codegen.validation.ValidationReport$Builder                     : loaded 3 times (x 68B)
Class dagger.spi.model.DaggerProcessingEnv$Backend                                    : loaded 3 times (x 75B)
Class dagger.internal.codegen.model.DiagnosticReporter                                : loaded 3 times (x 71B)
Class dagger.internal.codegen.bindinggraphvalidation.CompositeBindingGraphPlugin_Factory_Impl: loaded 3 times (x 71B)
Class dagger.internal.codegen.kotlin.KotlinMetadataFactory_Factory$InstanceHolder     : loaded 3 times (x 67B)
Class dagger.spi.internal.shaded.androidx.room.compiler.processing.XNullability       : loaded 3 times (x 75B)
Class [Landroidx.room.compiler.processing.XMethodElement;                             : loaded 3 times (x 65B)
Class com.squareup.javapoet.CodeWriter                                                : loaded 3 times (x 68B)
Class androidx.room.compiler.processing.ksp.KspTypeElement$_declaredMethods$2         : loaded 3 times (x 75B)
Class androidx.room.compiler.processing.ksp.KspTypeElement$Companion$WhenMappings     : loaded 3 times (x 67B)
Class dagger.internal.codegen.validation.BindingMethodValidatorsModule_IndexValidatorsFactory: loaded 3 times (x 75B)
Class [Ldagger.internal.codegen.compileroption.FeatureStatus;                         : loaded 3 times (x 65B)
Class dagger.internal.codegen.binding.InjectBindingRegistry                           : loaded 3 times (x 66B)
Class dagger.internal.codegen.model.Binding                                           : loaded 3 times (x 66B)
Class org.sqlite.Function                                                             : loaded 3 times (x 69B)
Class dagger.hilt.processor.internal.root.ir.ProcessedRootSentinelIr                  : loaded 3 times (x 68B)
Class com.google.common.collect.ImmutableMap$MapViewOfValuesAsSingletonSets           : loaded 3 times (x 121B)
Class com.google.common.collect.RegularImmutableAsList                                : loaded 3 times (x 212B)
Class com.google.common.collect.RegularImmutableMap                                   : loaded 3 times (x 117B)
Class com.google.common.collect.ImmutableMultimap$1                                   : loaded 3 times (x 78B)
Class kotlin.KotlinNullPointerException                                               : loaded 3 times (x 79B)
Class androidx.room.compiler.processing.ksp.KspTypeElement$allFieldsIncludingPrivateSupers$1: loaded 3 times (x 75B)
Class dagger.internal.codegen.processingstep.MonitoringModuleGenerator                : loaded 3 times (x 73B)
Class dagger.internal.codegen.binding.ContributionBinding                             : loaded 3 times (x 86B)
Class dagger.internal.codegen.model.DependencyRequest$Builder                         : loaded 3 times (x 72B)
Class dagger.internal.codegen.model.Key                                               : loaded 3 times (x 74B)
Class dagger.spi.internal.shaded.androidx.room.compiler.processing.ksp.KSFunctionExtKt: loaded 3 times (x 67B)
Class dagger.internal.codegen.validation.ValidationReport                             : loaded 3 times (x 68B)
Class dagger.internal.codegen.componentgenerator.ComponentGenerator                   : loaded 3 times (x 73B)
Class dagger.internal.codegen.DelegateComponentProcessor_SourceFileGeneratorsModule_ModuleConstructorProxyGeneratorFactory: loaded 3 times (x 75B)
Class dagger.internal.codegen.validation.BindingMethodValidator$MethodValidator       : loaded 3 times (x 76B)
Class dagger.internal.codegen.validation.AnyBindingMethodValidator_Factory            : loaded 3 times (x 75B)
Class dagger.spi.internal.shaded.androidx.room.compiler.processing.XAnnotationBox     : loaded 3 times (x 66B)
Class com.squareup.javapoet.TypeSpec$Kind                                             : loaded 3 times (x 75B)
Class dagger.hilt.android.processor.internal.androidentrypoint.AndroidEntryPointMetadata: loaded 3 times (x 87B)
Class dagger.spi.internal.shaded.androidx.room.compiler.processing.ksp.synthetic.KspSyntheticPropertyMethodElement$Getter$name$2: loaded 3 times (x 75B)
Class dagger.spi.internal.shaded.androidx.room.compiler.processing.ksp.KspTypeElement$_declaredFields$2: loaded 3 times (x 75B)
Class dagger.spi.internal.shaded.androidx.room.compiler.processing.ksp.KspTypeElement$type$2: loaded 3 times (x 75B)
Class dagger.internal.codegen.extension.DaggerStreams                                 : loaded 3 times (x 67B)
Class androidx.room.compiler.processing.ksp.KSAnnotatedExtKt                          : loaded 3 times (x 67B)
Class androidx.room.compiler.processing.ksp.KspTypeElement$type$2                     : loaded 3 times (x 75B)
Class androidx.room.compiler.processing.ksp.KspArrayType                              : loaded 3 times (x 211B)
Class androidx.room.compiler.processing.ksp.KspArrayType$Companion                    : loaded 3 times (x 67B)
Class dagger.spi.internal.shaded.androidx.room.compiler.processing.ksp.NoLocationTypeReference: loaded 3 times (x 84B)
Class dagger.spi.internal.shaded.androidx.room.compiler.processing.ksp.KspArrayType   : loaded 3 times (x 211B)
Class com.google.common.base.CharMatcher$RangesMatcher                                : loaded 3 times (x 108B)
Class com.google.common.collect.Iterators                                             : loaded 3 times (x 67B)
Class dagger.spi.internal.shaded.androidx.room.compiler.processing.ksp.KspMethodElement: loaded 3 times (x 268B)
Class [Ldagger.internal.codegen.validation.BindingElementValidator$AllowsMultibindings;: loaded 3 times (x 65B)
Class dagger.internal.codegen.validation.BindsInstanceParameterValidator              : loaded 3 times (x 74B)
Class com.google.common.graph.Network                                                 : loaded 3 times (x 66B)
Class dagger.internal.codegen.model.BindingGraph$Edge                                 : loaded 3 times (x 66B)
Class androidx.room.processor.Context$CommonTypes$SET$2                               : loaded 3 times (x 75B)
Class dagger.internal.codegen.model.Scope                                             : loaded 3 times (x 68B)
Class dagger.internal.codegen.writing.ProducerFactoryGenerator$NoArgFutureTransform   : loaded 3 times (x 74B)
Class dagger.internal.codegen.binding.MultibindingDeclaration$Factory                 : loaded 3 times (x 68B)
Class dagger.internal.codegen.validation.BindsInstanceMethodValidator                 : loaded 3 times (x 74B)
Class dagger.internal.codegen.processingstep.InjectProcessingStep                     : loaded 3 times (x 82B)
Class dagger.internal.codegen.writing.FactoryGenerator                                : loaded 3 times (x 73B)
Class dagger.internal.codegen.binding.ContributionBinding$Builder                     : loaded 3 times (x 79B)
Class dagger.internal.codegen.validation.BindingGraphValidator_Factory                : loaded 3 times (x 75B)
Class dagger.internal.codegen.binding.BindingGraphFactory_Factory                     : loaded 3 times (x 75B)
Class [Ldagger.spi.internal.shaded.androidx.room.compiler.processing.XFiler$Mode;     : loaded 3 times (x 65B)
Class dagger.spi.internal.shaded.androidx.room.compiler.processing.XFiler$Mode        : loaded 3 times (x 75B)
Class dagger.spi.internal.shaded.androidx.room.compiler.processing.ksp.KspAnnotationValueKt: loaded 3 times (x 67B)
Class dagger.spi.internal.shaded.androidx.room.compiler.processing.ksp.KspTypeElement$allFieldsIncludingPrivateSupers$1: loaded 3 times (x 75B)
Class dagger.spi.internal.shaded.androidx.room.compiler.processing.ksp.KspRoundEnv    : loaded 3 times (x 73B)
Class dagger.spi.internal.shaded.androidx.room.compiler.processing.ksp.KspMethodType  : loaded 3 times (x 86B)
Class org.sqlite.JDBC                                                                 : loaded 3 times (x 83B)
Class kotlin.collections.CollectionsKt__IterablesKt                                   : loaded 3 times (x 67B)
Class androidx.room.compiler.processing.ksp.synthetic.KspSyntheticPropertyMethodElement$jvmName$2: loaded 3 times (x 75B)
Class com.google.common.collect.Lists$StringAsImmutableList                           : loaded 3 times (x 203B)
Class dagger.hilt.processor.internal.HiltCompilerOptions                              : loaded 3 times (x 67B)
Class [Ldagger.spi.internal.shaded.androidx.room.compiler.processing.XElement;        : loaded 3 times (x 65B)
Class [Ldagger.spi.internal.shaded.androidx.room.compiler.processing.ksp.synthetic.KspSyntheticPropertyMethodElement;: loaded 3 times (x 65B)
Class dagger.spi.internal.shaded.androidx.room.compiler.processing.JavaPoetExtKt      : loaded 3 times (x 67B)
Class dagger.internal.DoubleCheck                                                     : loaded 3 times (x 76B)
Class dagger.spi.internal.shaded.androidx.room.compiler.processing.javac.JavacType    : loaded 3 times (x 183B)
Class dagger.internal.codegen.base.SourceFileHjarGenerator                            : loaded 3 times (x 73B)
Class dagger.internal.codegen.validation.ComponentHierarchyValidator_Factory          : loaded 3 times (x 75B)
Class dagger.internal.codegen.binding.BindingGraphFactory                             : loaded 3 times (x 71B)
Class dagger.internal.codegen.writing.MembersInjectorGenerator                        : loaded 3 times (x 73B)
Class dagger.internal.codegen.binding.ProvisionBinding$Builder                        : loaded 3 times (x 84B)
Class dagger.internal.codegen.base.ClearableCache                                     : loaded 3 times (x 66B)
Class dagger.internal.codegen.binding.MonitoringModules_Factory$InstanceHolder        : loaded 3 times (x 67B)
Class dagger.internal.codegen.base.DaggerSuperficialValidation_Factory                : loaded 3 times (x 75B)
Class dagger.spi.internal.shaded.androidx.room.compiler.processing.XAnnotationValue   : loaded 3 times (x 66B)
Class androidx.room.compiler.processing.XAnnotationValue                              : loaded 3 times (x 66B)
Class androidx.room.compiler.processing.ksp.KSTypeVarianceResolverScope$PropertyType  : loaded 3 times (x 70B)
Class [Landroidx.room.compiler.processing.XEquality;                                  : loaded 3 times (x 65B)
Class androidx.room.compiler.processing.ksp.KspFieldElement$enclosingElement$2        : loaded 3 times (x 75B)
Class androidx.room.compiler.processing.ksp.KspAnnotated$Companion                    : loaded 3 times (x 67B)
Class androidx.room.compiler.processing.ksp.KspHasModifiers$ClassDeclaration          : loaded 3 times (x 88B)
Class dagger.internal.codegen.base.ElementFormatter_Factory                           : loaded 3 times (x 74B)
Class dagger.internal.codegen.validation.MapKeyValidator                              : loaded 3 times (x 68B)
Class com.google.common.collect.ImmutableSortedSetFauxverideShim                      : loaded 3 times (x 143B)
Class com.google.common.base.CharMatcher$JavaLetterOrDigit                            : loaded 3 times (x 107B)
Class dagger.internal.codegen.binding.AutoValue_ComponentDescriptor                   : loaded 3 times (x 86B)
Class com.google.common.graph.BaseGraph                                               : loaded 3 times (x 66B)
Class dagger.spi.internal.shaded.androidx.room.compiler.processing.ksp.KspElement$equalityItems$2: loaded 3 times (x 75B)
Class dagger.internal.codegen.writing.MembersInjectorGenerator_Factory                : loaded 3 times (x 75B)
Class dagger.internal.codegen.validation.AnyBindingMethodValidator                    : loaded 3 times (x 71B)
Class androidx.room.processor.Context$Companion                                       : loaded 3 times (x 67B)
Class androidx.room.compiler.processing.ksp.KspExecutableElement$thrownTypes$2        : loaded 3 times (x 75B)
Class dagger.internal.codegen.writing.ModuleProxies_ModuleConstructorProxyGenerator_Factory: loaded 3 times (x 75B)
Class dagger.internal.codegen.processingstep.AssistedFactoryProcessingStep_Factory    : loaded 3 times (x 75B)
Class dagger.internal.codegen.validation.ComponentCreatorValidator_Factory            : loaded 3 times (x 75B)
Class dagger.internal.codegen.binding.MonitoringModules_Factory                       : loaded 3 times (x 74B)
Class dagger.internal.codegen.binding.InjectionAnnotations_Factory                    : loaded 3 times (x 75B)
Class dagger.internal.Factory                                                         : loaded 3 times (x 66B)
Class dagger.hilt.processor.internal.definecomponent.AutoValue_DefineComponentMetadatas_DefineComponentMetadata: loaded 3 times (x 72B)
Class com.squareup.kotlinpoet.Annotatable                                             : loaded 3 times (x 66B)
Class androidx.room.compiler.processing.ksp.KspAnnotationValue$value$2                : loaded 3 times (x 75B)
Class androidx.room.compiler.processing.InternalXAnnotationValue$Companion            : loaded 3 times (x 67B)
Class androidx.room.compiler.processing.ksp.KspType$typeName$2                        : loaded 3 times (x 75B)
Class dagger.internal.codegen.extension.DaggerCollectors                              : loaded 3 times (x 67B)
Class kotlin.jvm.internal.Intrinsics                                                  : loaded 3 times (x 67B)
Class androidx.room.compiler.processing.ksp.KspType$xTypeName$2                       : loaded 3 times (x 75B)
Class com.google.common.base.CharMatcher$And                                          : loaded 3 times (x 108B)
Class dagger.spi.internal.shaded.androidx.room.compiler.processing.CommonProcessorDelegate$processRound$currentElementsDeferredByStep$1$stepDeferredElementsByAnnotation$1: loaded 3 times (x 74B)
Class com.squareup.kotlinpoet.WildcardTypeName$Companion                              : loaded 3 times (x 67B)
Class dagger.internal.codegen.DaggerDelegateComponentProcessor_Injector$InjectorImpl  : loaded 3 times (x 71B)
Class dagger.internal.codegen.bindinggraphvalidation.ProvisionDependencyOnProducerBindingValidator_Factory: loaded 3 times (x 74B)
Class [Ldagger.internal.codegen.compileroption.ProcessingEnvironmentCompilerOptions$Feature;: loaded 3 times (x 65B)
Class androidx.room.compiler.processing.ksp.KspMethodElement$enclosingElement$2       : loaded 3 times (x 75B)
Class dagger.spi.model.DaggerProcessingEnv                                            : loaded 3 times (x 71B)
Class [Ldagger.spi.model.DaggerProcessingEnv$Backend;                                 : loaded 3 times (x 65B)
Class dagger.internal.codegen.binding.AutoValue_MembersInjectionBinding               : loaded 3 times (x 81B)
Class dagger.internal.codegen.xprocessing.XMethodElements                             : loaded 3 times (x 67B)
Class dagger.internal.codegen.binding.FrameworkField                                  : loaded 3 times (x 69B)
Class androidx.room.compiler.processing.ksp.KspMethodElement$KspNormalMethodElement   : loaded 3 times (x 268B)
Class androidx.room.compiler.processing.ksp.KspMethodElement$KspNormalMethodElement$returnType$2: loaded 3 times (x 75B)
Class androidx.room.processor.Context$CommonTypes                                     : loaded 3 times (x 68B)
Class dagger.internal.codegen.javapoet.AnnotationSpecs$Suppression                    : loaded 3 times (x 75B)
Class dagger.internal.codegen.model.AutoValue_DependencyRequest                       : loaded 3 times (x 72B)
Class dagger.spi.internal.shaded.androidx.room.compiler.processing.XConstructorType   : loaded 3 times (x 66B)
Class dagger.internal.codegen.processingstep.BindingMethodProcessingStep              : loaded 3 times (x 82B)
Class com.squareup.javapoet.JavaFile$Builder                                          : loaded 3 times (x 68B)
Class dagger.spi.internal.shaded.androidx.room.compiler.processing.ksp.synthetic.KspSyntheticPropertyMethodElement$jvmName$2: loaded 3 times (x 75B)
Class dagger.spi.internal.shaded.androidx.room.compiler.processing.InternalXAnnotation$valuesByName$2: loaded 3 times (x 75B)
Class dagger.spi.internal.shaded.androidx.room.compiler.processing.ksp.KspAnnotated$getAllAnnotations$1: loaded 3 times (x 75B)
Class dagger.spi.internal.shaded.androidx.room.compiler.processing.ksp.KspTypeElement$packageElement$2: loaded 3 times (x 75B)
Class androidx.room.compiler.processing.ksp.KspFieldElement                           : loaded 3 times (x 197B)
Class androidx.room.compiler.processing.ksp.KspType                                   : loaded 3 times (x 184B)
Class androidx.room.compiler.processing.ksp.KspTypeElement$_declaredFields$2          : loaded 3 times (x 75B)
Class androidx.room.compiler.processing.XAnnotated                                    : loaded 3 times (x 66B)
Class org.sqlite.BusyHandler                                                          : loaded 3 times (x 68B)
Class dagger.hilt.processor.internal.root.AutoValue_AggregatedRootMetadata            : loaded 3 times (x 78B)
Class com.google.common.collect.IndexedImmutableSet                                   : loaded 3 times (x 146B)
Class com.google.common.collect.ImmutableMap$1                                        : loaded 3 times (x 77B)
Class com.google.common.collect.BiMap                                                 : loaded 3 times (x 66B)
Class androidx.room.compiler.processing.XFieldElement                                 : loaded 3 times (x 66B)
Class com.google.common.collect.ImmutableSet$RegularSetBuilderImpl                    : loaded 3 times (x 73B)
Class com.google.common.collect.ImmutableMapKeySet                                    : loaded 3 times (x 146B)
Class com.google.common.base.CharMatcher$SingleWidth                                  : loaded 3 times (x 108B)
Class kotlin.collections.CollectionsKt                                                : loaded 3 times (x 67B)
Class org.sqlite.util.ProcessRunner                                                   : loaded 3 times (x 69B)
Class androidx.room.compiler.processing.ksp.KspMethodElement                          : loaded 3 times (x 268B)
Class dagger.internal.codegen.binding.InjectionSiteFactory$InjectionSiteVisitor       : loaded 3 times (x 68B)
Class dagger.internal.codegen.model.BindingGraph$MaybeBinding                         : loaded 3 times (x 66B)
Class dagger.internal.codegen.validation.BindsOptionalOfMethodValidator$Validator     : loaded 3 times (x 76B)
Class dagger.internal.codegen.ServiceLoaders                                          : loaded 3 times (x 67B)
Class dagger.hilt.processor.internal.AutoValue_ProcessorErrorHandler_HiltError        : loaded 3 times (x 70B)
Class dagger.spi.internal.shaded.androidx.room.compiler.processing.ksp.KspHasModifiers$PropertyField: loaded 3 times (x 88B)
Class dagger.spi.internal.shaded.androidx.room.compiler.processing.ksp.KspAnnotated$getAllAnnotations$2: loaded 3 times (x 74B)
Class androidx.room.compiler.processing.ksp.KspTypeMapper                             : loaded 3 times (x 67B)
Class androidx.room.compiler.processing.ksp.KspTypeElement$xClassName$2               : loaded 3 times (x 75B)
Class androidx.room.compiler.processing.ksp.KspAnnotated$UseSiteFilter$Companion$NO_USE_SITE$1: loaded 3 times (x 70B)
Class com.google.common.collect.AbstractIterator                                      : loaded 3 times (x 78B)
Class androidx.room.compiler.processing.XEquality$Companion                           : loaded 3 times (x 67B)
Class dagger.hilt.processor.internal.ProcessorErrorHandler                            : loaded 3 times (x 68B)
Class dagger.spi.internal.shaded.androidx.room.compiler.processing.ksp.KSTypeVarianceResolverScope$PropertyType: loaded 3 times (x 70B)
Class com.squareup.kotlinpoet.TypeNames                                               : loaded 3 times (x 67B)
Class com.squareup.kotlinpoet.ParameterizedTypeName                                   : loaded 3 times (x 82B)
Class androidx.room.processor.CustomConverterProcessor$ProcessResult$Companion        : loaded 3 times (x 67B)
Class androidx.room.processor.Context$CommonTypes$STRING$2                            : loaded 3 times (x 75B)
Class dagger.internal.codegen.writing.InjectionMethods$InjectionSiteMethod            : loaded 3 times (x 67B)
Class com.squareup.javapoet.MethodSpec$Builder                                        : loaded 3 times (x 68B)
Class dagger.internal.codegen.validation.BindingMethodValidator$Abstractness          : loaded 3 times (x 75B)
Class dagger.internal.codegen.ProcessingEnvironmentModule_MessagerFactory             : loaded 3 times (x 75B)
Class dagger.spi.internal.shaded.androidx.room.compiler.processing.ksp.KspAnnotationBox: loaded 3 times (x 75B)
Class dagger.spi.internal.shaded.androidx.room.compiler.processing.ksp.KSTypeKotlinPoetExtKt$typeVarNameFactoryMethod$2: loaded 3 times (x 74B)
Class dagger.spi.internal.shaded.androidx.room.compiler.processing.CommonProcessorDelegate$processRound$currentElementsDeferredByStep$1$previousRoundDeferredElementsByAnnotation$1: loaded 3 times (x 74B)
Class androidx.room.compiler.processing.ksp.synthetic.KspSyntheticPropertyMethodElement$closestMemberContainer$2: loaded 3 times (x 75B)
Class [Landroidx.room.compiler.processing.XElement;                                   : loaded 3 times (x 65B)
Class androidx.room.compiler.processing.XTypeElement                                  : loaded 3 times (x 66B)
Class dagger.internal.codegen.DelegateComponentProcessor$Injector$Factory             : loaded 3 times (x 66B)
Class com.google.common.collect.ObjectArrays                                          : loaded 3 times (x 67B)
Class com.google.common.collect.ArrayListMultimapGwtSerializationDependencies         : loaded 3 times (x 168B)
Class com.google.common.collect.Multiset                                              : loaded 3 times (x 66B)
Class com.google.common.collect.AbstractIndexedListIterator                           : loaded 3 times (x 92B)
Class dagger.internal.codegen.validation.ModuleValidator                              : loaded 3 times (x 68B)
Class dagger.internal.codegen.writing.InaccessibleMapKeyProxyGenerator_Factory        : loaded 3 times (x 75B)
Class com.google.common.math.MathPreconditions                                        : loaded 3 times (x 67B)
Class dagger.internal.codegen.binding.SourceFiles$1                                   : loaded 3 times (x 67B)
Class [Ldagger.internal.codegen.javapoet.AnnotationSpecs$Suppression;                 : loaded 3 times (x 65B)
Class androidx.room.processor.Context$Companion$ARG_OPTIONS$2                         : loaded 3 times (x 74B)
Class dagger.internal.codegen.kotlin.KotlinMetadataFactory                            : loaded 3 times (x 71B)
Class [Ldagger.internal.codegen.model.DependencyRequest;                              : loaded 3 times (x 65B)
Class dagger.spi.internal.shaded.androidx.room.compiler.processing.ksp.KspExecutableParameterElement: loaded 3 times (x 184B)
Class dagger.internal.codegen.binding.$AutoValue_DelegateDeclaration                  : loaded 3 times (x 79B)
Class dagger.internal.codegen.bindinggraphvalidation.MapMultibindingValidator_Factory : loaded 3 times (x 75B)
Class dagger.spi.internal.shaded.androidx.room.compiler.processing.ksp.KspAnnotated$UseSiteFilter$Companion$WhenMappings: loaded 3 times (x 67B)
Class dagger.spi.internal.shaded.androidx.room.compiler.processing.ksp.TypeResolutionContext: loaded 3 times (x 68B)
Class com.squareup.kotlinpoet.Dynamic                                                 : loaded 3 times (x 82B)
Class dagger.internal.codegen.xprocessing.XTypes$1                                    : loaded 3 times (x 67B)
Class dagger.spi.internal.shaded.androidx.room.compiler.processing.InternalXAnnotationValue: loaded 3 times (x 151B)
Class dagger.spi.internal.shaded.androidx.room.compiler.processing.XArrayType         : loaded 3 times (x 66B)
Class dagger.spi.internal.shaded.androidx.room.compiler.processing.ksp.KspTypeElement$superInterfaces$2: loaded 3 times (x 75B)
Class androidx.room.compiler.processing.ksp.KspArrayType$Factory                      : loaded 3 times (x 68B)
Class androidx.room.compiler.processing.ksp.KspAnnotation$ksType$2                    : loaded 3 times (x 75B)
Class com.squareup.javapoet.ParameterizedTypeName                                     : loaded 3 times (x 77B)
Class androidx.room.compiler.processing.ksp.KspHasModifiers$PropertyField$acceptDeclarationModifiers$2: loaded 3 times (x 75B)
Class com.google.common.collect.ImmutableList$1                                       : loaded 3 times (x 93B)
Class com.google.common.base.CharMatcher$Whitespace                                   : loaded 3 times (x 108B)
Class org.gradle.internal.IoActions                                                   : loaded 3 times (x 67B)
Class kotlin.collections.CollectionsKt__MutableCollectionsJVMKt                       : loaded 3 times (x 67B)
Class com.squareup.javapoet.Util                                                      : loaded 3 times (x 67B)
Class dagger.spi.internal.shaded.androidx.room.compiler.processing.ksp.KspMemberContainer: loaded 3 times (x 66B)
Class dagger.spi.internal.shaded.androidx.room.compiler.processing.ksp.KspFieldElement$syntheticAccessors$2: loaded 3 times (x 75B)
Class dagger.internal.codegen.binding.KeyFactory_Factory                              : loaded 3 times (x 75B)
Class com.google.common.collect.ImmutableMapEntrySet                                  : loaded 3 times (x 147B)
Class dagger.internal.codegen.validation.MembersInjectionValidator                    : loaded 3 times (x 68B)
Class com.google.common.collect.ImmutableEnumSet                                      : loaded 3 times (x 144B)
Class androidx.room.processor.Context$codeLanguage$2                                  : loaded 3 times (x 75B)
Class dagger.internal.codegen.model.$AutoValue_Key$Builder                            : loaded 3 times (x 74B)
Class dagger.internal.codegen.binding.BindingDeclaration                              : loaded 3 times (x 70B)
Class dagger.internal.codegen.binding.BindingFactory                                  : loaded 3 times (x 68B)
Class dagger.internal.codegen.validation.ExternalBindingGraphPlugins_Factory          : loaded 3 times (x 75B)
Class dagger.internal.codegen.validation.DependencyRequestValidator_Factory           : loaded 3 times (x 75B)
Class javax.inject.Provider                                                           : loaded 3 times (x 66B)
Class com.squareup.javapoet.AnnotationSpec$Builder                                    : loaded 3 times (x 68B)
Class dagger.internal.codegen.xprocessing.XAnnotationValues                           : loaded 3 times (x 67B)
Class dagger.spi.internal.shaded.androidx.room.compiler.processing.ksp.KspFieldElement$type$2: loaded 3 times (x 75B)
Class dagger.spi.internal.shaded.androidx.room.compiler.processing.ksp.KspHasModifiers$PropertyField$setterModifiers$2: loaded 3 times (x 75B)
Class dagger.spi.internal.shaded.androidx.room.compiler.processing.XParameterizable   : loaded 3 times (x 66B)
Class androidx.room.compiler.processing.ksp.KspAnnotated$getAllAnnotations$1          : loaded 3 times (x 75B)
Class androidx.room.compiler.processing.XParameterizable                              : loaded 3 times (x 66B)
Class dagger.internal.codegen.writing.InjectionMethods$ProvisionMethod                : loaded 3 times (x 67B)
Class androidx.room.vo.BuiltInConverterFlags                                          : loaded 3 times (x 68B)
Class androidx.room.verifier.DatabaseVerifier                                         : loaded 3 times (x 68B)
Class org.sqlite.SQLiteException                                                      : loaded 3 times (x 92B)
Class com.google.common.collect.Iterators$MergingIterator                             : loaded 3 times (x 77B)
Class androidx.room.compiler.processing.ksp.KspType$superTypes$2                      : loaded 3 times (x 75B)
Class dagger.spi.internal.shaded.androidx.room.compiler.processing.ksp.KspFieldElement$Companion: loaded 3 times (x 67B)
Class dagger.spi.internal.shaded.androidx.room.compiler.processing.ksp.KSAnnotatedExtKt: loaded 3 times (x 67B)
Class com.google.common.collect.MapMakerInternalMap$1                                 : loaded 3 times (x 73B)
Class androidx.room.compiler.processing.ksp.KspTypeElement$Companion                  : loaded 3 times (x 67B)
Class dagger.internal.codegen.binding.BindsTypeChecker$1                              : loaded 3 times (x 67B)
Class dagger.spi.internal.shaded.androidx.room.compiler.processing.XExecutableParameterElement: loaded 3 times (x 66B)
Class dagger.internal.codegen.binding.$AutoValue_ModuleDescriptor                     : loaded 3 times (x 82B)
Class dagger.internal.codegen.binding.DependencyRequestFactory                        : loaded 3 times (x 68B)
Class dagger.internal.codegen.bindinggraphvalidation.SetMultibindingValidator_Factory : loaded 3 times (x 74B)
Class dagger.internal.codegen.bindinggraphvalidation.DependsOnProductionExecutorValidator_Factory: loaded 3 times (x 75B)
Class dagger.hilt.processor.internal.definecomponent.DefineComponentMetadatas$DefineComponentMetadata: loaded 3 times (x 71B)
Class dagger.spi.internal.shaded.androidx.room.compiler.processing.ksp.KspTypeMapper  : loaded 3 times (x 67B)
Class androidx.room.compiler.processing.ksp.KspAnnotated$getAllAnnotations$2          : loaded 3 times (x 74B)
Class dagger.hilt.processor.internal.definecomponent.DefineComponentMetadatas         : loaded 3 times (x 68B)
Class dagger.internal.Preconditions                                                   : loaded 3 times (x 67B)
Class dagger.internal.codegen.validation.MembersInjectionValidator_Factory            : loaded 3 times (x 75B)
Class dagger.internal.codegen.bindinggraphvalidation.CompositeBindingGraphPlugin_Factory: loaded 3 times (x 68B)
Class [Ldagger.internal.codegen.model.RequestKind;                                    : loaded 3 times (x 65B)
Class dagger.internal.codegen.validation.BindsMethodValidator$Validator               : loaded 3 times (x 76B)
Class dagger.internal.codegen.writing.ProducerFactoryGenerator$SingleArgFutureTransform: loaded 3 times (x 74B)
Class dagger.spi.internal.shaded.androidx.room.compiler.processing.ksp.KspMethodElement$KspSuspendMethodElement$returnType$2: loaded 3 times (x 75B)
Class dagger.internal.codegen.binding.Nullability                                     : loaded 3 times (x 69B)
Class androidx.room.compiler.processing.ksp.KspAnnotated$KSAnnotatedDelegate$annotations$1: loaded 3 times (x 75B)
Class dagger.spi.internal.shaded.androidx.room.compiler.processing.XAnnotated         : loaded 3 times (x 66B)
Class org.sqlite.util.LibraryLoaderUtil                                               : loaded 3 times (x 67B)
Class dagger.spi.internal.shaded.androidx.room.compiler.processing.ksp.KspType$superTypes$2: loaded 3 times (x 75B)
Class dagger.internal.codegen.binding.FrameworkTypeMapper                             : loaded 3 times (x 76B)
Class [Ldagger.internal.codegen.validation.ModuleValidator$ModuleMethodKind;          : loaded 3 times (x 65B)
Class dagger.internal.codegen.validation.BindingGraphValidator                        : loaded 3 times (x 68B)
Class dagger.internal.codegen.bindinggraphvalidation.SubcomponentFactoryMethodValidator: loaded 3 times (x 81B)
Class dagger.internal.codegen.binding.OptionalBindingDeclaration$Factory              : loaded 3 times (x 69B)
Class dagger.internal.codegen.binding.DelegateDeclaration                             : loaded 3 times (x 76B)
Class dagger.internal.codegen.processingstep.MultibindingAnnotationsProcessingStep    : loaded 3 times (x 82B)
Class dagger.internal.codegen.xprocessing.XTypeElements$Visibility                    : loaded 3 times (x 75B)
Class com.squareup.kotlinpoet.ParameterizedTypeName$Companion                         : loaded 3 times (x 67B)
Class dagger.spi.internal.shaded.androidx.room.compiler.processing.ksp.KSTypeExtKt    : loaded 3 times (x 67B)
Class dagger.spi.internal.shaded.androidx.room.compiler.processing.ksp.KspPackageElement: loaded 3 times (x 158B)
Class com.google.common.collect.ImmutableMap$Builder                                  : loaded 3 times (x 76B)
Class dagger.internal.codegen.binding.SubcomponentDeclaration_Factory_Factory         : loaded 3 times (x 75B)
Class [Lcom.google.common.collect.MapMakerInternalMap$Strength;                       : loaded 3 times (x 65B)
Class com.google.common.collect.SortedMapDifference                                   : loaded 3 times (x 66B)
Class dagger.internal.codegen.bindinggraphvalidation.DependencyCycleValidator_Factory : loaded 3 times (x 75B)
Class dagger.internal.codegen.model.AutoValue_DaggerProcessingEnv                     : loaded 3 times (x 71B)
Class [Lcom.squareup.javapoet.ClassName;                                              : loaded 3 times (x 65B)
Class dagger.internal.codegen.writing.InjectionMethods$InstanceCastPolicy             : loaded 3 times (x 75B)
Class dagger.internal.codegen.binding.FrameworkTypeMapper$1                           : loaded 3 times (x 76B)
Class dagger.internal.codegen.base.ModuleKind                                         : loaded 3 times (x 75B)
Class dagger.spi.internal.shaded.androidx.room.compiler.processing.ksp.KspTypeElement$KspEnumTypeElement$entries$2: loaded 3 times (x 75B)
Class com.google.common.graph.Traverser                                               : loaded 3 times (x 69B)
Class dagger.internal.codegen.binding.BindsTypeChecker_Factory                        : loaded 3 times (x 75B)
Class dagger.spi.internal.shaded.androidx.room.compiler.processing.ksp.KspAnnotationBoxKt: loaded 3 times (x 67B)
Class dagger.hilt.processor.internal.generatesrootinput.GeneratesRootInputs           : loaded 3 times (x 68B)
Class dagger.spi.internal.shaded.androidx.room.compiler.processing.XTypeKt            : loaded 3 times (x 67B)
Class dagger.spi.internal.shaded.androidx.room.compiler.processing.XAnnotation        : loaded 3 times (x 66B)
Class dagger.spi.internal.shaded.androidx.room.compiler.processing.ksp.KspTypeElement$Companion$WhenMappings: loaded 3 times (x 67B)
Class com.google.common.base.CharMatcher$JavaLowerCase                                : loaded 3 times (x 107B)
Class androidx.room.compiler.processing.ksp.KspArrayType$BoxedArray$componentType$2   : loaded 3 times (x 75B)
Class dagger.spi.internal.shaded.androidx.room.compiler.processing.ksp.KspTypeElement$packageName$2: loaded 3 times (x 75B)
Class dagger.spi.internal.shaded.androidx.room.compiler.processing.InternalXAnnotationKt: loaded 3 times (x 67B)
Class dagger.spi.internal.shaded.androidx.room.compiler.processing.ksp.synthetic.KspSyntheticPropertyMethodElement$Getter$returnType$2: loaded 3 times (x 75B)
Class dagger.spi.internal.shaded.androidx.room.compiler.codegen.XTypeName             : loaded 3 times (x 71B)
Class dagger.hilt.processor.internal.definecomponent.AutoValue_DefineComponentBuilderMetadatas_DefineComponentBuilderMetadata: loaded 3 times (x 71B)
Class dagger.spi.internal.shaded.androidx.room.compiler.processing.ksp.KspMethodElement$actualEnclosingElement$2: loaded 3 times (x 75B)
Class dagger.internal.codegen.binding.FrameworkTypeMapper$2                           : loaded 3 times (x 76B)
Class dagger.spi.internal.shaded.androidx.room.compiler.processing.ksp.synthetic.KspSyntheticPropertyMethodElement$Setter$name$2: loaded 3 times (x 75B)
Class dagger.spi.internal.shaded.androidx.room.compiler.processing.ksp.KspConstructorElement$parameters$2: loaded 3 times (x 75B)
Class [Ldagger.internal.codegen.validation.BindingMethodValidator$Abstractness;       : loaded 3 times (x 65B)
Class dagger.internal.codegen.processingstep.AssistedInjectProcessingStep_Factory     : loaded 3 times (x 75B)
Class dagger.internal.codegen.model.RequestKind                                       : loaded 3 times (x 75B)
Class com.squareup.javapoet.CodeBlock$Builder                                         : loaded 3 times (x 68B)
Class dagger.internal.codegen.xprocessing.XTypes$XTypeEquivalence                     : loaded 3 times (x 80B)
Class dagger.spi.internal.shaded.androidx.room.compiler.processing.ksp.KspAnnotationValue: loaded 3 times (x 151B)
Class dagger.spi.internal.shaded.androidx.room.compiler.processing.ksp.KspFieldElement: loaded 3 times (x 197B)
Class dagger.internal.codegen.compileroption.ProcessingEnvironmentCompilerOptions     : loaded 3 times (x 91B)
Class com.google.common.collect.ImmutableMultimap$Keys                                : loaded 3 times (x 162B)
Class com.google.common.collect.Multimap                                              : loaded 3 times (x 66B)
Class dagger.internal.codegen.validation.DiagnosticReporterFactory                    : loaded 3 times (x 68B)
Class dagger.internal.codegen.model.DaggerType                                        : loaded 3 times (x 70B)
Class dagger.spi.internal.shaded.androidx.room.compiler.processing.ksp.KspExecutableType$parameterTypes$2: loaded 3 times (x 75B)
Class dagger.internal.codegen.model.AutoValue_Scope                                   : loaded 3 times (x 69B)
Class com.google.common.collect.CollectPreconditions                                  : loaded 3 times (x 67B)
Class com.google.common.base.CharMatcher$JavaIsoControl                               : loaded 3 times (x 108B)
Class androidx.room.compiler.processing.ksp.KspAnnotation$typesByName$2               : loaded 3 times (x 75B)
Class dagger.spi.internal.shaded.androidx.room.compiler.processing.ksp.KSTypeVarianceResolverScope$PropertyGetterMethodReturnType: loaded 3 times (x 70B)
Class dagger.spi.internal.shaded.androidx.room.compiler.processing.ksp.KSTypeArgumentWrapper$type$2: loaded 3 times (x 75B)
Class dagger.internal.codegen.compileroption.ValidationType$1                         : loaded 3 times (x 67B)
Class org.sqlite.SQLiteJDBCLoader                                                     : loaded 3 times (x 67B)
Class com.google.common.collect.RegularImmutableSet                                   : loaded 3 times (x 144B)
Class dagger.spi.internal.shaded.androidx.room.compiler.processing.ksp.KspTypeElement$_declaredProperties$2$1$1: loaded 3 times (x 74B)
Class org.sqlite.core.Codes                                                           : loaded 3 times (x 66B)
Class androidx.room.compiler.processing.XElementKt                                    : loaded 3 times (x 67B)
Class dagger.internal.codegen.binding.FrameworkTypeMapper$3                           : loaded 3 times (x 67B)
Class dagger.spi.internal.shaded.androidx.room.compiler.processing.ksp.KspTypeElement$getEnclosedTypeElements$$inlined$filterIsInstance$1: loaded 3 times (x 74B)
Class dagger.spi.internal.shaded.androidx.room.compiler.processing.XEnumEntry         : loaded 3 times (x 66B)
Class dagger.internal.codegen.model.DaggerProcessingEnv                               : loaded 3 times (x 70B)
Class dagger.internal.codegen.binding.AutoValue_OptionalBindingDeclaration            : loaded 3 times (x 71B)
Class [Ldagger.internal.codegen.compileroption.ProcessingEnvironmentCompilerOptions$CommandLineOption;: loaded 3 times (x 65B)
Class dagger.internal.codegen.ProcessingEnvironmentModule_FilerFactory                : loaded 3 times (x 75B)
Class dagger.internal.codegen.binding.MethodSignatureFormatter_Factory                : loaded 3 times (x 75B)
Class androidx.room.compiler.processing.ksp.KspTypeElement$qualifiedName$2            : loaded 3 times (x 75B)
Class dagger.internal.codegen.binding.ProductionBinding$Builder                       : loaded 3 times (x 86B)
Class dagger.spi.internal.shaded.androidx.room.compiler.processing.ksp.KspHasModifiers$Declaration: loaded 3 times (x 88B)
Class com.google.common.collect.MapMakerInternalMap$Segment                           : loaded 3 times (x 138B)
Class dagger.internal.codegen.binding.OptionalBindingDeclaration_Factory_Factory      : loaded 3 times (x 75B)
Class dagger.internal.codegen.binding.Binding                                         : loaded 3 times (x 79B)
Class dagger.spi.internal.shaded.androidx.room.compiler.processing.ksp.KspTypeElement$getEnclosedTypeElements$2: loaded 3 times (x 75B)
Class dagger.internal.codegen.compileroption.FeatureStatus                            : loaded 3 times (x 75B)
Class dagger.internal.codegen.DelegateComponentProcessor$Injector                     : loaded 3 times (x 66B)
Class com.google.common.collect.ImmutableEntry                                        : loaded 3 times (x 78B)
Class [Lcom.google.common.collect.AbstractMapEntry;                                   : loaded 3 times (x 65B)
Class com.squareup.kotlinpoet.ClassNames                                              : loaded 3 times (x 67B)
Class dagger.spi.internal.shaded.androidx.room.compiler.processing.XEnumTypeElementKt : loaded 3 times (x 67B)
Class dagger.spi.internal.shaded.androidx.room.compiler.processing.ksp.KspConstructorType: loaded 3 times (x 79B)
Class dagger.internal.codegen.componentgenerator.TopLevelImplementationComponent      : loaded 3 times (x 66B)
Class dagger.internal.codegen.bindinggraphvalidation.DependsOnProductionExecutorValidator: loaded 3 times (x 81B)
Class dagger.internal.codegen.bindinggraphvalidation.ProvisionDependencyOnProducerBindingValidator_Factory$InstanceHolder: loaded 3 times (x 67B)
Class dagger.spi.internal.shaded.androidx.room.compiler.processing.ksp.KspMessager$onPrintMessage$nodes$1: loaded 3 times (x 91B)
Class dagger.spi.internal.shaded.androidx.room.compiler.processing.ksp.KSTypeVarianceResolverScope$needsWildcardResolution$2: loaded 3 times (x 75B)
Class dagger.spi.internal.shaded.androidx.room.compiler.processing.ksp.synthetic.KspSyntheticPropertyMethodElement$closestMemberContainer$2: loaded 3 times (x 75B)
Class dagger.spi.internal.shaded.androidx.room.compiler.processing.ksp.synthetic.KspSyntheticPropertyMethodElement$equalityItems$2: loaded 3 times (x 75B)
Class [Ldagger.spi.internal.shaded.androidx.room.compiler.processing.XExecutableElement;: loaded 3 times (x 65B)
Class dagger.spi.internal.shaded.androidx.room.compiler.processing.ksp.KspTypeElement$typeParameters$2: loaded 3 times (x 75B)
Class com.google.common.collect.ArrayListMultimap                                     : loaded 3 times (x 168B)
Class org.gradle.api.UncheckedIOException                                             : loaded 3 times (x 78B)
Class com.google.common.collect.SingletonImmutableList                                : loaded 3 times (x 203B)
Class com.google.common.base.CharMatcher$Digit                                        : loaded 3 times (x 108B)
Class org.gradle.api.GradleException                                                  : loaded 3 times (x 78B)
Class kotlin.collections.CollectionsKt___CollectionsKt                                : loaded 3 times (x 67B)
Class dagger.spi.internal.shaded.androidx.room.compiler.processing.ksp.KspHasModifiers$PropertyFieldAccessor: loaded 3 times (x 88B)
Class dagger.internal.codegen.base.ElementFormatter_Factory$InstanceHolder            : loaded 3 times (x 67B)
Class [Ldagger.internal.codegen.compileroption.ValidationType;                        : loaded 3 times (x 65B)
Class dagger.internal.codegen.writing.AnnotationCreatorGenerator_Factory              : loaded 3 times (x 75B)
Class dagger.internal.codegen.processingstep.MultibindingAnnotationsProcessingStep_Factory: loaded 3 times (x 75B)
Class dagger.internal.codegen.binding.ComponentDescriptor                             : loaded 3 times (x 83B)
Class dagger.spi.internal.shaded.androidx.room.compiler.processing.ksp.KspTypeElement$enclosingTypeElement$2: loaded 3 times (x 75B)
Class org.sqlite.core.DB                                                              : loaded 3 times (x 139B)
Class [Ldagger.internal.codegen.base.ContributionType;                                : loaded 3 times (x 65B)
Class dagger.internal.codegen.validation.SpiModelBindingGraphConverter$DaggerProcessingEnvImpl: loaded 3 times (x 72B)
Class dagger.internal.codegen.validation.BindsOptionalOfMethodValidator               : loaded 3 times (x 74B)
Class dagger.internal.codegen.DelegateComponentProcessor$SourceFileGeneratorsModule   : loaded 3 times (x 66B)
Class dagger.internal.codegen.validation.ProvidesMethodValidator_Factory              : loaded 3 times (x 75B)
Class dagger.internal.codegen.DaggerDelegateComponentProcessor_Injector$Factory       : loaded 3 times (x 70B)
Class androidx.room.compiler.processing.InternalXAnnotationValue$kind$2               : loaded 3 times (x 75B)
Class androidx.room.compiler.processing.XMethodElement                                : loaded 3 times (x 66B)
Class dagger.spi.internal.shaded.androidx.room.compiler.processing.ksp.KspExecutableParameterElement$type$2: loaded 3 times (x 75B)
Class dagger.spi.internal.shaded.androidx.room.compiler.processing.ksp.KspTypeElement$getEnclosedTypeElements$1: loaded 3 times (x 74B)
Class androidx.room.verifier.DatabaseVerifier$Companion                               : loaded 3 times (x 67B)
Class com.google.common.collect.ImmutableList$ReverseImmutableList                    : loaded 3 times (x 204B)
Class dagger.spi.internal.shaded.androidx.room.compiler.processing.ksp.KspHasModifiers$Companion: loaded 3 times (x 67B)
Class com.google.common.collect.MapMakerInternalMap$WeakValueReference                : loaded 3 times (x 66B)
Class com.google.common.base.CharMatcher$NegatedFastMatcher                           : loaded 3 times (x 109B)
Class androidx.room.compiler.processing.ksp.KspAnnotated$UseSiteFilter                : loaded 3 times (x 66B)
Class dagger.spi.internal.shaded.androidx.room.compiler.processing.ksp.KspAnnotated$UseSiteFilter$Companion: loaded 3 times (x 67B)
Class dagger.internal.codegen.binding.MembersInjectionBinding                         : loaded 3 times (x 81B)
Class dagger.internal.codegen.model.BindingGraph                                      : loaded 3 times (x 89B)
Class [Lcom.google.common.collect.MapMakerInternalMap$Segment;                        : loaded 3 times (x 65B)
Class com.google.common.base.CharMatcher$IsEither                                     : loaded 3 times (x 107B)
Class androidx.room.compiler.processing.ksp.KspFieldElement$Companion                 : loaded 3 times (x 67B)
Class com.squareup.javapoet.ClassName                                                 : loaded 3 times (x 80B)
Class androidx.room.compiler.processing.ksp.KspTypeElement$_declaredProperties$2$1$1  : loaded 3 times (x 74B)
Class dagger.internal.codegen.base.AutoValue_ComponentAnnotation                      : loaded 3 times (x 72B)
Class com.squareup.javapoet.ParameterSpec$Builder                                     : loaded 3 times (x 68B)
Class [Ldagger.spi.internal.shaded.androidx.room.compiler.processing.XParameterizable;: loaded 3 times (x 65B)
Class dagger.spi.internal.shaded.androidx.room.compiler.processing.ksp.KspType$typeElement$2: loaded 3 times (x 75B)
Class dagger.hilt.android.processor.internal.AndroidClassNames                        : loaded 3 times (x 67B)
Class [Ldagger.hilt.processor.internal.optionvalues.BooleanValue;                     : loaded 3 times (x 65B)
Class androidx.room.compiler.processing.ksp.KspType$equalityItems$2                   : loaded 3 times (x 75B)
Class androidx.room.compiler.processing.ksp.KspType$typeElement$2                     : loaded 3 times (x 75B)
Class androidx.room.log.RLog$Companion                                                : loaded 3 times (x 67B)
Class kotlin.collections.CollectionsKt__ReversedViewsKt                               : loaded 3 times (x 67B)
Class com.google.common.collect.Iterables                                             : loaded 3 times (x 67B)
Class androidx.room.compiler.processing.ksp.KspTypeElement$superInterfaces$2          : loaded 3 times (x 75B)
Class dagger.internal.codegen.bindinggraphvalidation.NullableBindingValidator_Factory : loaded 3 times (x 75B)
Class com.google.common.collect.ImmutableMap                                          : loaded 3 times (x 116B)
Class com.google.common.base.Predicate                                                : loaded 3 times (x 66B)
Class androidx.room.Database                                                          : loaded 3 times (x 66B)
Class dagger.spi.internal.shaded.androidx.room.compiler.processing.util.MemoizedSequence: loaded 3 times (x 71B)
Class dagger.internal.codegen.binding.AutoValue_DelegateDeclaration                   : loaded 3 times (x 79B)
Class dagger.internal.codegen.validation.DependencyRequestValidator                   : loaded 3 times (x 68B)
Class dagger.internal.codegen.compileroption.ProcessingEnvironmentCompilerOptions$EnumOption: loaded 3 times (x 66B)
Class dagger.internal.SingleCheck                                                     : loaded 3 times (x 73B)
Class dagger.hilt.processor.internal.definecomponent.DefineComponentBuilderMetadatas  : loaded 3 times (x 68B)
Class dagger.internal.codegen.xprocessing.XAnnotations                                : loaded 3 times (x 67B)
Class com.squareup.kotlinpoet.TypeName$Companion                                      : loaded 3 times (x 67B)
Class dagger.spi.internal.shaded.androidx.room.compiler.processing.ksp.KspTypeElement$name$2: loaded 3 times (x 75B)
Class androidx.room.compiler.processing.ksp.KspTypeElement$name$2                     : loaded 3 times (x 75B)
Class androidx.room.compiler.processing.InternalXAnnotated                            : loaded 3 times (x 66B)
Class dagger.spi.internal.shaded.androidx.room.compiler.processing.ksp.KspPrimitiveType: loaded 3 times (x 184B)
Class dagger.spi.internal.shaded.androidx.room.compiler.processing.ksp.DefaultKspType : loaded 3 times (x 184B)
Class com.google.common.collect.Iterators$1                                           : loaded 3 times (x 77B)
Class dagger.spi.internal.shaded.androidx.room.compiler.processing.XMethodElement     : loaded 3 times (x 66B)
Class dagger.spi.internal.shaded.androidx.room.compiler.processing.ksp.KSTypeReferenceExtKt: loaded 3 times (x 67B)
Class dagger.internal.codegen.processingstep.MapKeyProcessingStep                     : loaded 3 times (x 82B)
Class dagger.internal.codegen.compileroption.ProcessingEnvironmentCompilerOptions$Validation$1: loaded 3 times (x 89B)
Class [Ldagger.internal.codegen.base.ComponentCreatorKind;                            : loaded 3 times (x 65B)
Class dagger.internal.codegen.binding.DependencyVariableNamer$1                       : loaded 3 times (x 67B)
Class dagger.internal.codegen.processingstep.ProcessingStepsModule_ProcessingStepsFactory: loaded 3 times (x 75B)
Class dagger.internal.codegen.DelegateComponentProcessor_MembersInjector              : loaded 3 times (x 71B)
Class dagger.internal.codegen.compileroption.ProcessingEnvironmentCompilerOptions_Factory: loaded 3 times (x 75B)
Class dagger.hilt.android.processor.internal.viewmodel.ViewModelProcessingStep        : loaded 3 times (x 83B)
Class [Landroidx.room.compiler.processing.XHasModifiers;                              : loaded 3 times (x 65B)
Class androidx.room.compiler.processing.XExecutableElement                            : loaded 3 times (x 66B)
Class androidx.room.compiler.processing.ksp.KspTypeElement$_declaredProperties$2      : loaded 3 times (x 75B)
Class kotlin.UninitializedPropertyAccessException                                     : loaded 3 times (x 78B)
Class dagger.internal.codegen.validation.DependencyRequestValidator$Validator         : loaded 3 times (x 68B)
Class dagger.internal.codegen.extension.DaggerCollectors$ToOptionalState              : loaded 3 times (x 68B)
Class dagger.internal.codegen.validation.BindingMethodValidator$ExceptionSuperclass   : loaded 3 times (x 77B)
Class com.google.common.collect.SingletonImmutableSet                                 : loaded 3 times (x 144B)
Class com.google.common.collect.ImmutableMap$IteratorBasedImmutableMap                : loaded 3 times (x 121B)
Class dagger.internal.codegen.validation.BindsInstanceParameterValidator$Validator    : loaded 3 times (x 73B)
Class com.google.common.collect.MapMakerInternalMap                                   : loaded 3 times (x 157B)
Class com.google.common.collect.Sets                                                  : loaded 3 times (x 67B)
Class dagger.internal.codegen.binding.$AutoValue_OptionalBindingDeclaration           : loaded 3 times (x 71B)
Class org.sqlite.ProgressHandler                                                      : loaded 3 times (x 68B)
Class [Landroidx.room.BuiltInTypeConverters$State;                                    : loaded 3 times (x 65B)
Class androidx.room.processor.CustomConverterProcessor$ProcessResult                  : loaded 3 times (x 68B)
Class dagger.spi.internal.shaded.androidx.room.compiler.processing.ksp.KspTypeElement$WhenMappings: loaded 3 times (x 67B)
Class dagger.internal.codegen.binding.AutoValue_Nullability                           : loaded 3 times (x 70B)
Class dagger.internal.codegen.writing.InaccessibleMapKeyProxyGenerator                : loaded 3 times (x 73B)
Class dagger.internal.codegen.base.DaggerSuperficialValidation$ValidationException$UnexpectedException: loaded 3 times (x 79B)
Class dagger.internal.codegen.binding.ProvisionBinding                                : loaded 3 times (x 91B)
Class dagger.internal.codegen.binding.InjectionSiteFactory                            : loaded 3 times (x 68B)
Class dagger.spi.internal.shaded.androidx.room.compiler.processing.ksp.KspArrayType$BoxedArray$componentType$2: loaded 3 times (x 75B)
Class com.squareup.kotlinpoet.WildcardTypeName                                        : loaded 3 times (x 82B)
Class com.squareup.kotlinpoet.ClassName                                               : loaded 3 times (x 85B)
Class dagger.spi.internal.shaded.androidx.room.compiler.processing.ksp.KSTypeVarianceResolverScope$hasSuppressWildcards$2: loaded 3 times (x 75B)
Class dagger.spi.internal.shaded.androidx.room.compiler.processing.ksp.KspAnnotation$type$2: loaded 3 times (x 75B)
Class androidx.room.compiler.processing.ksp.DefaultKspType                            : loaded 3 times (x 184B)
Class androidx.room.compiler.processing.ksp.KspTypeElement$DefaultKspTypeElement      : loaded 3 times (x 290B)
Class com.google.common.base.CharMatcher$FastMatcher                                  : loaded 3 times (x 107B)
Class androidx.room.compiler.processing.util.MemoizedSequence$delegateIterator$2      : loaded 3 times (x 75B)
Class androidx.room.compiler.processing.ksp.synthetic.KspSyntheticPropertyMethodElement: loaded 3 times (x 255B)
Class dagger.spi.internal.shaded.androidx.room.compiler.processing.XEquality          : loaded 3 times (x 66B)
Class dagger.spi.internal.shaded.androidx.room.compiler.processing.javac.kotlin.JvmDescriptorUtilsKt: loaded 3 times (x 67B)
Class dagger.hilt.processor.internal.root.RootType                                    : loaded 3 times (x 75B)
Class dagger.spi.internal.shaded.androidx.room.compiler.processing.ksp.OriginatingElementWrapper: loaded 3 times (x 97B)
Class dagger.internal.codegen.validation.BindingElementValidator$ElementValidator     : loaded 3 times (x 73B)
Class dagger.hilt.processor.internal.root.AggregatedRootMetadata                      : loaded 3 times (x 73B)
Class org.sqlite.util.OSInfo                                                          : loaded 3 times (x 67B)
Class dagger.internal.codegen.writing.ModuleProxies                                   : loaded 3 times (x 67B)
Class dagger.spi.internal.shaded.androidx.room.compiler.processing.ksp.KspMethodElement$KspSuspendMethodElement: loaded 3 times (x 268B)
Class dagger.internal.codegen.componentgenerator.ComponentHjarGenerator_Factory       : loaded 3 times (x 75B)
Class dagger.internal.codegen.validation.ValidationBindingGraphPlugin                 : loaded 3 times (x 81B)
Class dagger.internal.codegen.processingstep.MonitoringModuleProcessingStep           : loaded 3 times (x 82B)
Class dagger.internal.codegen.processingstep.InjectProcessingStep_Factory             : loaded 3 times (x 75B)
Class dagger.internal.codegen.bindinggraphvalidation.SubcomponentFactoryMethodValidator_Factory$InstanceHolder: loaded 3 times (x 67B)
Class dagger.spi.internal.shaded.androidx.room.compiler.processing.ksp.KspExecutableElement: loaded 3 times (x 206B)
Class dagger.spi.internal.shaded.androidx.room.compiler.processing.ksp.KspType$equalityItems$2: loaded 3 times (x 75B)
Class dagger.spi.internal.shaded.androidx.room.compiler.processing.CommonProcessorDelegate: loaded 3 times (x 68B)
Class androidx.room.compiler.processing.ksp.KspAnnotationValue                        : loaded 3 times (x 151B)
Class androidx.room.compiler.processing.ksp.KspTypeElement                            : loaded 3 times (x 290B)
Class dagger.spi.internal.shaded.androidx.room.compiler.processing.ksp.KspConstructorElement$executableType$2: loaded 3 times (x 75B)
Class dagger.internal.codegen.base.FrameworkTypes                                     : loaded 3 times (x 67B)
Class com.google.common.collect.SortedIterable                                        : loaded 3 times (x 66B)
Class com.google.common.collect.AbstractListMultimap                                  : loaded 3 times (x 168B)
Class com.google.common.collect.Iterators$4                                           : loaded 3 times (x 77B)
Class com.squareup.javapoet.FieldSpec                                                 : loaded 3 times (x 68B)
Class com.squareup.javapoet.LineWrapper$FlushType                                     : loaded 3 times (x 75B)
Class dagger.internal.codegen.bindinggraphvalidation.DuplicateBindingsValidator       : loaded 3 times (x 81B)
Class org.gradle.internal.Cast                                                        : loaded 3 times (x 67B)
Class com.google.common.collect.ImmutableBiMap                                        : loaded 3 times (x 140B)
Class org.gradle.api.Action                                                           : loaded 3 times (x 66B)
Class androidx.room.compiler.processing.ksp.KSTypeVarianceResolverScope               : loaded 3 times (x 70B)
Class dagger.internal.codegen.bindinggraphvalidation.SubcomponentFactoryMethodValidator_Factory: loaded 3 times (x 74B)
Class dagger.internal.codegen.bindinggraphvalidation.DependencyCycleValidator         : loaded 3 times (x 81B)
Class dagger.internal.codegen.processingstep.ComponentProcessingStep                  : loaded 3 times (x 82B)
Class androidx.room.processor.Context$queryRewriter$2                                 : loaded 3 times (x 75B)
Class dagger.internal.codegen.writing.FactoryGenerator$FactoryCreationStrategy        : loaded 3 times (x 75B)
Class dagger.internal.codegen.binding.MapKeys                                         : loaded 3 times (x 67B)
Class dagger.spi.internal.shaded.androidx.room.compiler.processing.ksp.KspTypeElement$KspEnumTypeElement: loaded 3 times (x 352B)
Class dagger.internal.codegen.binding.DependencyRequestFormatter                      : loaded 3 times (x 82B)
Class dagger.internal.codegen.validation.MultibindsMethodValidator                    : loaded 3 times (x 75B)
Class dagger.hilt.processor.internal.root.AutoValue_Root                              : loaded 3 times (x 74B)
Class dagger.spi.internal.shaded.androidx.room.compiler.processing.InternalXAnnotationValue$Kind$Companion: loaded 3 times (x 67B)
Class dagger.spi.internal.shaded.androidx.room.compiler.processing.ksp.synthetic.KspSyntheticPropertyMethodElement$Getter: loaded 3 times (x 255B)
Class [Ldagger.spi.internal.shaded.androidx.room.compiler.processing.XMethodElement;  : loaded 3 times (x 65B)
Class androidx.room.compiler.processing.ksp.KspFieldElement$setter$2                  : loaded 3 times (x 75B)
Class androidx.room.compiler.processing.ksp.KspType$nullability$2                     : loaded 3 times (x 75B)
Class dagger.internal.codegen.model.AutoValue_DaggerAnnotation                        : loaded 3 times (x 73B)
Class org.sqlite.Function$Aggregate                                                   : loaded 3 times (x 71B)
Class com.google.common.base.Supplier                                                 : loaded 3 times (x 66B)
Class androidx.room.compiler.processing.XMethodElementKt                              : loaded 3 times (x 67B)
Class com.google.common.collect.Iterators$5                                           : loaded 3 times (x 78B)
Class com.google.common.collect.ImmutableSet$JdkBackedSetBuilderImpl                  : loaded 3 times (x 72B)
Class dagger.spi.internal.shaded.androidx.room.compiler.processing.XElement           : loaded 3 times (x 66B)
Class dagger.spi.internal.shaded.androidx.room.compiler.processing.ksp.KspTypeElement : loaded 3 times (x 300B)
Class dagger.spi.internal.shaded.androidx.room.compiler.processing.ksp.KspAnnotation$declaredAnnotationValues$2: loaded 3 times (x 75B)
Class dagger.internal.codegen.extension.Optionals                                     : loaded 3 times (x 67B)
Class dagger.internal.codegen.processingstep.ComponentHjarProcessingStep              : loaded 3 times (x 82B)
Class dagger.internal.codegen.processingstep.MapKeyProcessingStep_Factory             : loaded 3 times (x 75B)
Class dagger.spi.internal.shaded.androidx.room.compiler.processing.ksp.KspProcessingEnv$getTypeElementsFromPackage$$inlined$filterIsInstance$1: loaded 3 times (x 74B)
Class com.squareup.javapoet.JavaFile$1                                                : loaded 3 times (x 75B)
Class dagger.hilt.android.processor.internal.bindvalue.BindValueMetadata              : loaded 3 times (x 69B)
Class dagger.spi.internal.shaded.androidx.room.compiler.processing.XFieldElement      : loaded 3 times (x 66B)
Class dagger.spi.internal.shaded.androidx.room.compiler.processing.util.MemoizedSequence$delegateIterator$2: loaded 3 times (x 75B)
Class dagger.spi.internal.shaded.androidx.room.compiler.processing.ksp.KspType$rawType$2: loaded 3 times (x 75B)
Class dagger.spi.internal.shaded.androidx.room.compiler.processing.XMethodElementKt   : loaded 3 times (x 67B)
Class dagger.internal.codegen.validation.DiagnosticMessageGenerator_Factory_Factory   : loaded 3 times (x 75B)
Class com.google.common.collect.ImmutableMultimap$Values                              : loaded 3 times (x 122B)
Class com.google.common.base.CharMatcher$ForPredicate                                 : loaded 3 times (x 108B)
Class dagger.internal.codegen.validation.BindsInstanceMethodValidator_Factory         : loaded 3 times (x 75B)
Class dagger.internal.codegen.writing.ProducerFactoryGenerator$FutureTransform        : loaded 3 times (x 74B)
Class dagger.internal.codegen.validation.ComponentValidator                           : loaded 3 times (x 71B)
Class dagger.spi.internal.shaded.androidx.room.compiler.processing.ksp.KspConstructorElement: loaded 3 times (x 244B)
Class dagger.internal.codegen.binding.AutoValue_ProvisionBinding                      : loaded 3 times (x 92B)
Class dagger.hilt.processor.internal.root.ir.AggregatedRootIr                         : loaded 3 times (x 68B)
Class androidx.room.compiler.processing.ksp.KspMethodElement$jvmName$2                : loaded 3 times (x 75B)
Class dagger.internal.codegen.javapoet.CodeBlocks                                     : loaded 3 times (x 67B)
Class dagger.internal.codegen.processingstep.BindingMethodProcessingStep_Factory      : loaded 3 times (x 75B)
Class [Ldagger.internal.codegen.model.BindingGraphPlugin;                             : loaded 3 times (x 65B)
Class dagger.internal.codegen.validation.BindingElementValidator$AllowsScoping        : loaded 3 times (x 75B)
Class dagger.internal.codegen.base.Formatter                                          : loaded 3 times (x 81B)
Class dagger.spi.internal.shaded.androidx.room.compiler.processing.ksp.KspMethodElement$KspNormalMethodElement: loaded 3 times (x 268B)
Class dagger.spi.internal.shaded.androidx.room.compiler.processing.ksp.KSTypeVarianceResolver: loaded 3 times (x 68B)
Class dagger.spi.internal.shaded.androidx.room.compiler.processing.XRoundEnv          : loaded 3 times (x 66B)
Class kotlin.collections.CollectionsKt__CollectionsJVMKt                              : loaded 3 times (x 67B)
Class androidx.room.compiler.processing.ksp.KspConstructorElement                     : loaded 3 times (x 244B)
Class com.google.common.base.CharMatcher$Or                                           : loaded 3 times (x 108B)
Class com.google.common.base.CharMatcher$AnyOf                                        : loaded 3 times (x 108B)
Class com.google.common.collect.ImmutableMultisetGwtSerializationDependencies         : loaded 3 times (x 121B)
Class com.google.common.collect.ImmutableCollection                                   : loaded 3 times (x 121B)
Class androidx.room.compiler.processing.XMemberContainer                              : loaded 3 times (x 66B)
Class dagger.internal.codegen.validation.BindingMethodValidator$1                     : loaded 3 times (x 67B)
Class [Ldagger.internal.codegen.binding.BindingType;                                  : loaded 3 times (x 65B)
Class dagger.internal.codegen.bindinggraphvalidation.BindingGraphValidationModule     : loaded 3 times (x 66B)
Class dagger.internal.codegen.bindinggraphvalidation.MapMultibindingValidator         : loaded 3 times (x 81B)
Class dagger.internal.codegen.validation.BindsInstanceParameterValidator_Factory      : loaded 3 times (x 75B)
Class dagger.internal.codegen.compileroption.ProcessingEnvironmentCompilerOptions$KeyOnlyOption$1: loaded 3 times (x 82B)
Class dagger.spi.BindingGraphPlugin                                                   : loaded 3 times (x 66B)
Class dagger.spi.internal.shaded.androidx.room.compiler.processing.ksp.KspExecutableElement$Companion: loaded 3 times (x 67B)
Class dagger.hilt.processor.internal.BadInputException                                : loaded 3 times (x 78B)
Class androidx.room.compiler.processing.InternalXAnnotation$valuesByName$2            : loaded 3 times (x 75B)
Class com.squareup.javapoet.TypeName                                                  : loaded 3 times (x 77B)
Class dagger.spi.internal.shaded.androidx.room.compiler.processing.XMemberContainer   : loaded 3 times (x 66B)
Class dagger.spi.internal.shaded.androidx.room.compiler.processing.ksp.KspTypeElement$superClass$2: loaded 3 times (x 75B)
Class kotlin.collections.CollectionsKt__IteratorsKt                                   : loaded 3 times (x 67B)
Class dagger.spi.internal.shaded.androidx.room.compiler.processing.ksp.KspAnnotationValue$value$2: loaded 3 times (x 75B)
Class dagger.internal.codegen.processingstep.SuperficialValidator_Factory             : loaded 3 times (x 75B)
Class dagger.MembersInjector                                                          : loaded 3 times (x 66B)
Class com.google.common.base.CharMatcher$Any                                          : loaded 3 times (x 108B)
Class com.google.common.base.Converter                                                : loaded 3 times (x 86B)
Class com.google.common.collect.Lists                                                 : loaded 3 times (x 67B)
Class dagger.internal.codegen.base.AutoValue_ModuleAnnotation                         : loaded 3 times (x 72B)
Class androidx.room.compiler.processing.ksp.KspMethodElement$actualEnclosingElement$2 : loaded 3 times (x 75B)
Class kotlin.collections.CollectionsKt___CollectionsJvmKt                             : loaded 3 times (x 67B)
Class androidx.room.compiler.processing.ksp.KspType$typeArguments$2                   : loaded 3 times (x 75B)
Class androidx.room.compiler.processing.ksp.KSDeclarationExtKt                        : loaded 3 times (x 67B)
Class [Landroidx.room.compiler.processing.XAnnotated;                                 : loaded 3 times (x 65B)
Class dagger.hilt.processor.internal.root.$AutoValue_AggregatedRootMetadata           : loaded 3 times (x 78B)
Class com.squareup.javapoet.FieldSpec$Builder                                         : loaded 3 times (x 68B)
Class com.squareup.javapoet.ParameterSpec                                             : loaded 3 times (x 68B)
Class dagger.spi.internal.shaded.androidx.room.compiler.processing.XEnumTypeElement   : loaded 3 times (x 66B)
Class dagger.internal.codegen.compileroption.ProcessingEnvironmentCompilerOptions$KeyOnlyOption$2: loaded 3 times (x 82B)
Class dagger.spi.internal.shaded.androidx.room.compiler.processing.ksp.KspAnnotationValue$1: loaded 3 times (x 75B)
Class dagger.spi.internal.shaded.androidx.room.compiler.processing.ksp.KspFieldElement$name$2: loaded 3 times (x 75B)
Class dagger.spi.internal.shaded.androidx.room.compiler.processing.ksp.KspType$nullability$2: loaded 3 times (x 75B)
Class androidx.room.compiler.processing.ksp.KspHasModifiers$PropertyField$isLateinit$2: loaded 3 times (x 75B)
Class androidx.room.compiler.processing.ksp.KspTypeElement$className$2                : loaded 3 times (x 75B)
Class dagger.spi.internal.shaded.androidx.room.compiler.processing.XHasModifiers      : loaded 3 times (x 66B)
Class com.google.common.collect.AbstractMapBasedMultimap                              : loaded 3 times (x 135B)
Class com.google.common.collect.Iterators$9                                           : loaded 3 times (x 77B)
Class com.google.common.base.FunctionalEquivalence                                    : loaded 3 times (x 79B)
Class dagger.spi.internal.shaded.androidx.room.compiler.processing.ksp.KspType$typeArguments$2: loaded 3 times (x 75B)
Class com.google.common.collect.ImmutableAsList                                       : loaded 3 times (x 205B)
Class dagger.spi.internal.shaded.androidx.room.compiler.processing.XExecutableElement : loaded 3 times (x 66B)
Class com.squareup.kotlinpoet.TagMap$Companion                                        : loaded 3 times (x 67B)
Class dagger.internal.codegen.DelegateComponentProcessor_SourceFileGeneratorsModule_ProducerFactoryGeneratorFactory: loaded 3 times (x 75B)
Class dagger.internal.codegen.validation.BindsInstanceElementValidator                : loaded 3 times (x 74B)
Class dagger.internal.codegen.validation.BindsMethodValidator                         : loaded 3 times (x 74B)
Class dagger.internal.codegen.processingstep.TypeCheckingProcessingStep_MembersInjector: loaded 3 times (x 71B)
Class com.google.common.collect.RegularImmutableMap$KeySet                            : loaded 3 times (x 146B)
Class dagger.internal.codegen.bindinggraphvalidation.DuplicateBindingsValidator_Factory: loaded 3 times (x 75B)
Class dagger.spi.internal.shaded.androidx.room.compiler.processing.ksp.synthetic.KspSyntheticPropertyMethodElement$Companion: loaded 3 times (x 67B)
Class dagger.spi.internal.shaded.androidx.room.compiler.processing.ksp.KspExecutableElement$enclosingElement$2: loaded 3 times (x 75B)
Class dagger.internal.codegen.validation.BindingMethodValidator$ExceptionSuperclass$3 : loaded 3 times (x 77B)
Class dagger.internal.codegen.binding.AutoValue_MultibindingDeclaration               : loaded 3 times (x 75B)
Class com.google.common.collect.ImmutableMultiset                                     : loaded 3 times (x 159B)
Class dagger.internal.codegen.binding.$AutoValue_ComponentDescriptor                  : loaded 3 times (x 85B)
Class dagger.internal.codegen.binding.BindingDeclarationFormatter                     : loaded 3 times (x 82B)
Class androidx.room.compiler.processing.ksp.KspMethodElement$executableType$2         : loaded 3 times (x 75B)
Class com.google.common.collect.RegularImmutableMap$Values                            : loaded 3 times (x 203B)
Class com.google.common.collect.ImmutableSet                                          : loaded 3 times (x 143B)
Class com.google.common.base.CharMatcher$Ascii                                        : loaded 3 times (x 108B)
Class dagger.internal.codegen.base.RequestKinds                                       : loaded 3 times (x 67B)
Class dagger.internal.codegen.validation.SpiModelBindingGraphConverter                : loaded 3 times (x 67B)
Class dagger.internal.codegen.binding.AutoValue_ModuleDescriptor                      : loaded 3 times (x 82B)
Class dagger.internal.codegen.compileroption.ValidationType                           : loaded 3 times (x 75B)
Class dagger.hilt.processor.internal.aggregateddeps.AggregatedDepsGenerator           : loaded 3 times (x 68B)
Class dagger.spi.internal.shaded.androidx.room.compiler.processing.ksp.KSTypeKotlinPoetExtKt: loaded 3 times (x 67B)
Class com.squareup.kotlinpoet.UtilKt                                                  : loaded 3 times (x 67B)
Class dagger.spi.internal.shaded.androidx.room.compiler.processing.ksp.KSTypeWrapper  : loaded 3 times (x 68B)
Class androidx.room.compiler.processing.XTypeKt                                       : loaded 3 times (x 67B)
Class com.google.common.base.CharMatcher$BitSetMatcher                                : loaded 3 times (x 108B)
Class dagger.spi.internal.shaded.androidx.room.compiler.processing.InternalXAnnotated : loaded 3 times (x 66B)
Class dagger.spi.internal.shaded.androidx.room.compiler.processing.ksp.KspFieldElement$getter$2: loaded 3 times (x 75B)
Class [Ldagger.spi.internal.shaded.androidx.room.compiler.processing.InternalXAnnotationValue$Kind;: loaded 3 times (x 65B)
Class dagger.internal.codegen.xprocessing.XAnnotationValues$1                         : loaded 3 times (x 80B)
Class dagger.hilt.android.processor.internal.bindvalue.AutoValue_BindValueMetadata    : loaded 3 times (x 70B)
Class com.google.common.collect.Maps$EntryTransformer                                 : loaded 3 times (x 66B)
Class dagger.spi.internal.shaded.androidx.room.compiler.processing.ksp.KspFileMemberContainer$Companion: loaded 3 times (x 67B)
Class com.squareup.javapoet.JavaFile                                                  : loaded 3 times (x 68B)
Class dagger.internal.codegen.binding.BindingDeclarationFormatter_Factory             : loaded 3 times (x 75B)
Class dagger.internal.codegen.kotlin.KotlinMetadataUtil                               : loaded 3 times (x 68B)
Class dagger.internal.codegen.base.ContributionType$HasContributionType               : loaded 3 times (x 66B)
Class dagger.internal.codegen.validation.BindingMethodValidator$ExceptionSuperclass$2 : loaded 3 times (x 77B)
Class dagger.spi.internal.shaded.androidx.room.compiler.processing.ksp.KSTypeVarianceResolverScope$MethodParameter: loaded 3 times (x 71B)
Class dagger.internal.codegen.base.$AutoValue_ModuleAnnotation                        : loaded 3 times (x 72B)
Class dagger.internal.codegen.binding.$AutoValue_MembersInjectionBinding              : loaded 3 times (x 81B)
Class org.sqlite.SQLiteConnection                                                     : loaded 3 times (x 218B)
Class org.sqlite.core.DB$ProgressObserver                                             : loaded 3 times (x 66B)
Class androidx.room.compiler.processing.ksp.KspConstructorElement$parameters$2        : loaded 3 times (x 75B)
Class dagger.internal.codegen.writing.InjectionMethods$1                              : loaded 3 times (x 67B)
Class dagger.spi.internal.shaded.androidx.room.compiler.processing.ksp.KspMethodType$typeVariables$2: loaded 3 times (x 75B)
Class dagger.internal.codegen.validation.SpiModelBindingGraphConverter$1              : loaded 3 times (x 67B)
Class dagger.internal.codegen.writing.FactoryGenerator_Factory                        : loaded 3 times (x 75B)
Class dagger.internal.codegen.binding.InjectionAnnotations                            : loaded 3 times (x 68B)
Class dagger.internal.codegen.binding.DependencyRequestFormatter_Factory              : loaded 3 times (x 75B)
Class dagger.hilt.processor.internal.Components                                       : loaded 3 times (x 67B)
Class dagger.spi.internal.shaded.androidx.room.compiler.processing.ksp.KspFileMemberContainer$xClassName$2: loaded 3 times (x 75B)
Class com.squareup.kotlinpoet.TypeName$cachedString$2                                 : loaded 3 times (x 75B)
Class dagger.spi.internal.shaded.androidx.room.compiler.processing.ksp.KspType        : loaded 3 times (x 184B)
Class androidx.room.compiler.processing.ksp.KspType$rawType$2                         : loaded 3 times (x 75B)
Class com.squareup.javapoet.LineWrapper                                               : loaded 3 times (x 68B)
Class androidx.room.compiler.processing.ksp.KspHasModifiers                           : loaded 3 times (x 88B)
Class androidx.room.compiler.processing.ksp.KspMethodElement$Companion                : loaded 3 times (x 67B)
Class com.google.common.base.Equivalence$Identity                                     : loaded 3 times (x 78B)
Class com.google.common.base.PairwiseEquivalence                                      : loaded 3 times (x 79B)
Class com.google.common.collect.ImmutableSortedSet                                    : loaded 3 times (x 295B)
Class com.google.common.base.CharMatcher$JavaLetter                                   : loaded 3 times (x 107B)
Class [Ldagger.internal.codegen.validation.BindingMethodValidator$ExceptionSuperclass;: loaded 3 times (x 65B)
Class com.squareup.javapoet.TypeSpec                                                  : loaded 3 times (x 68B)
Class dagger.hilt.processor.internal.root.ComponentTreeDepsMetadata                   : loaded 3 times (x 76B)
Class dagger.internal.codegen.binding.DelegateDeclaration_Factory_Factory             : loaded 3 times (x 75B)
Class kotlin.NotImplementedError                                                      : loaded 3 times (x 78B)
Class androidx.room.processor.Context$useNullAwareConverter$2                         : loaded 3 times (x 75B)
Class [Ldagger.internal.codegen.writing.InjectionMethods$InstanceCastPolicy;          : loaded 3 times (x 65B)
Class [Ldagger.internal.codegen.writing.FactoryGenerator$FactoryCreationStrategy;     : loaded 3 times (x 65B)
Class dagger.internal.codegen.model.DependencyRequest                                 : loaded 3 times (x 71B)
Class dagger.internal.codegen.validation.ProducesMethodValidator$Validator            : loaded 3 times (x 76B)
Class dagger.internal.codegen.processingstep.MonitoringModuleGenerator_Factory        : loaded 3 times (x 75B)
Class dagger.internal.codegen.validation.InjectValidator_Factory                      : loaded 3 times (x 75B)
Class dagger.spi.model.BindingGraphPlugin                                             : loaded 3 times (x 66B)
Class dagger.spi.internal.shaded.androidx.room.compiler.processing.ksp.KspAnnotationValueKt$unwrap$1$1$1: loaded 3 times (x 75B)
Class dagger.spi.internal.shaded.androidx.room.compiler.processing.ksp.KSTypeJavaPoetExtKt$WhenMappings: loaded 3 times (x 67B)
Class dagger.spi.internal.shaded.androidx.room.compiler.codegen.XClassName            : loaded 3 times (x 71B)
Class dagger.internal.codegen.binding.ModuleDescriptor_Factory_Factory                : loaded 3 times (x 75B)
Class dagger.internal.codegen.bindinggraphvalidation.MissingBindingValidator_Factory  : loaded 3 times (x 75B)
Class com.google.common.base.CharMatcher$IsNot                                        : loaded 3 times (x 107B)
Class dagger.internal.codegen.bindinggraphvalidation.SetMultibindingValidator_Factory$InstanceHolder: loaded 3 times (x 67B)
Class dagger.spi.internal.shaded.androidx.room.compiler.processing.XExecutableType    : loaded 3 times (x 66B)
Class dagger.internal.codegen.writing.UnwrappedMapKeyGenerator                        : loaded 3 times (x 76B)
Class dagger.internal.codegen.validation.BindingMethodValidator$ExceptionSuperclass$1 : loaded 3 times (x 77B)
Class org.sqlite.core.NativeDB                                                        : loaded 3 times (x 139B)
Class androidx.room.compiler.processing.ksp.KspExecutableElement$typeParameters$2     : loaded 3 times (x 75B)
Class dagger.spi.internal.shaded.androidx.room.compiler.processing.XPackageElement    : loaded 3 times (x 66B)
Class dagger.internal.codegen.binding.MembersInjectionBinding$InjectionSite$Kind      : loaded 3 times (x 75B)
Class dagger.internal.codegen.binding.AutoValue_MembersInjectionBinding_InjectionSite : loaded 3 times (x 73B)
Class dagger.internal.codegen.binding.MembersInjectionBinding$InjectionSite           : loaded 3 times (x 72B)
Class dagger.internal.codegen.validation.DiagnosticReporterFactory_Factory            : loaded 3 times (x 75B)
Class com.squareup.javapoet.WildcardTypeName                                          : loaded 3 times (x 77B)
Class dagger.spi.internal.shaded.androidx.room.compiler.processing.ksp.KspAnnotated   : loaded 3 times (x 131B)
Class androidx.room.compiler.processing.ksp.KspAnnotated                              : loaded 3 times (x 131B)
Class dagger.internal.codegen.processingstep.BindsInstanceProcessingStep_Factory      : loaded 3 times (x 75B)
Class dagger.internal.codegen.binding.ModuleDescriptor$Factory                        : loaded 3 times (x 71B)
Class [Ldagger.internal.codegen.validation.ValidationBindingGraphPlugin;              : loaded 3 times (x 65B)
Class com.google.common.collect.RegularImmutableSortedSet                             : loaded 3 times (x 295B)
Class com.google.common.math.IntMath                                                  : loaded 3 times (x 67B)
Class dagger.internal.codegen.base.DaggerSuperficialValidation$1                      : loaded 3 times (x 67B)
Class dagger.internal.codegen.base.RequestKinds$1                                     : loaded 3 times (x 67B)
Class androidx.room.compiler.processing.ksp.KspExecutableElement$Companion            : loaded 3 times (x 67B)
Class dagger.internal.codegen.validation.BindsMethodValidator_Factory                 : loaded 3 times (x 75B)
Class [Ldagger.internal.codegen.writing.InjectionMethods$CheckNotNullPolicy;          : loaded 3 times (x 65B)
Class dagger.internal.codegen.model.AutoValue_Key                                     : loaded 3 times (x 76B)
Class dagger.internal.codegen.writing.ProducerFactoryGenerator                        : loaded 3 times (x 73B)
Class dagger.internal.codegen.compileroption.ProcessingEnvironmentCompilerOptions$KeyOnlyOption: loaded 3 times (x 82B)
Class dagger.spi.internal.shaded.androidx.room.compiler.processing.ksp.KSFileAsOriginatingElement: loaded 3 times (x 97B)
Class dagger.hilt.processor.internal.definecomponent.DefineComponentBuilderMetadatas$DefineComponentBuilderMetadata: loaded 3 times (x 70B)
Class dagger.spi.internal.shaded.androidx.room.compiler.processing.KnownTypeNames     : loaded 3 times (x 67B)
Class androidx.room.compiler.processing.javac.kotlin.JvmAbi                           : loaded 3 times (x 67B)
Class androidx.room.compiler.processing.ksp.KspElement$docComment$2                   : loaded 3 times (x 75B)
Class androidx.room.compiler.processing.XEquality                                     : loaded 3 times (x 66B)
Class com.google.common.math.IntMath$1                                                : loaded 3 times (x 67B)
Class dagger.hilt.processor.internal.Processors                                       : loaded 3 times (x 67B)
Class com.google.common.base.CharMatcher$JavaDigit                                    : loaded 3 times (x 107B)
Class com.google.common.collect.Iterators$10                                          : loaded 3 times (x 77B)
Class com.google.common.collect.MapMakerInternalMap$InternalEntry                     : loaded 3 times (x 66B)
Class dagger.internal.codegen.bindinggraphvalidation.InjectBindingValidator_Factory   : loaded 3 times (x 75B)
Class [Ldagger.internal.codegen.compileroption.ProcessingEnvironmentCompilerOptions$EnumOption;: loaded 3 times (x 65B)
Class dagger.internal.codegen.base.DaggerSuperficialValidation$ValidationException$UnknownErrorType: loaded 3 times (x 79B)
Class com.google.common.collect.ImmutableMapEntry                                     : loaded 3 times (x 81B)
Class dagger.internal.codegen.processingstep.MonitoringModuleProcessingStep_Factory   : loaded 3 times (x 75B)
Class dagger.internal.codegen.validation.BindingMethodValidator                       : loaded 3 times (x 74B)
Class [Ldagger.internal.codegen.validation.BindingElementValidator$AllowsScoping;     : loaded 3 times (x 65B)
Class org.sqlite.jdbc4.JDBC4Connection                                                : loaded 3 times (x 219B)
Class dagger.internal.codegen.writing.GwtCompatibility                                : loaded 3 times (x 67B)
Class com.google.common.graph.Traverser$1                                             : loaded 3 times (x 70B)
Class dagger.internal.codegen.bindinggraphvalidation.NullableBindingValidator         : loaded 3 times (x 81B)
Class dagger.spi.internal.shaded.androidx.room.compiler.processing.ksp.KSTypeKotlinPoetExtKt$typeVarNameCompanionInstance$2: loaded 3 times (x 74B)
Class [Ldagger.spi.internal.shaded.androidx.room.compiler.processing.XAnnotated;      : loaded 3 times (x 65B)
Class dagger.spi.internal.shaded.androidx.room.compiler.processing.ksp.KspHasModifiers: loaded 3 times (x 88B)
Class androidx.room.compiler.processing.ksp.KspTypeElement$packageElement$2           : loaded 3 times (x 75B)
Class dagger.internal.codegen.writing.InjectionMethods                                : loaded 3 times (x 67B)
Class androidx.room.processor.Context$typeAdapterStore$2                              : loaded 3 times (x 75B)
Class com.google.common.collect.ImmutableMultimap                                     : loaded 3 times (x 143B)
Class com.google.common.base.Function                                                 : loaded 3 times (x 66B)
Class com.google.common.base.Equivalence                                              : loaded 3 times (x 78B)
Class dagger.spi.internal.shaded.androidx.room.compiler.processing.ksp.KspTypeElement$allMethods$1: loaded 3 times (x 75B)
Class com.google.common.collect.ImmutableMapEntry$NonTerminalImmutableMapEntry        : loaded 3 times (x 81B)
Class androidx.room.compiler.processing.ksp.KspTypeElement$getEnclosedTypeElements$$inlined$filterIsInstance$1: loaded 3 times (x 74B)
Class dagger.internal.codegen.model.$AutoValue_Key                                    : loaded 3 times (x 76B)
Class com.google.common.graph.Traverser$2                                             : loaded 3 times (x 70B)
Class dagger.internal.codegen.processingstep.ComponentHjarProcessingStep_Factory      : loaded 3 times (x 75B)
Class dagger.internal.codegen.DaggerDelegateComponentProcessor_Injector$TopLevelImplementationComponentFactory: loaded 3 times (x 71B)
Class dagger.internal.codegen.base.ElementFormatter                                   : loaded 3 times (x 81B)
Class [Ldagger.internal.codegen.compileroption.ProcessingEnvironmentCompilerOptions$KeyOnlyOption;: loaded 3 times (x 65B)
Class dagger.spi.internal.shaded.androidx.room.compiler.processing.ksp.KSTypeVarianceResolverScope: loaded 3 times (x 70B)
Class androidx.room.compiler.processing.ksp.synthetic.KspSyntheticPropertyMethodElement$thrownTypes$2: loaded 3 times (x 75B)
Class dagger.internal.codegen.validation.ValidationBindingGraphPlugins_Factory        : loaded 3 times (x 75B)
Class androidx.room.compiler.processing.ksp.KspElement                                : loaded 3 times (x 144B)
Class com.google.common.collect.RegularImmutableList                                  : loaded 3 times (x 208B)
Class com.google.common.collect.IndexedImmutableSet$1                                 : loaded 3 times (x 208B)
Class androidx.room.compiler.processing.ksp.KspTypeElement$typeParameters$2           : loaded 3 times (x 75B)
Class androidx.room.compiler.processing.ksp.KSAsMemberOfKt                            : loaded 3 times (x 67B)
Class dagger.internal.codegen.base.$AutoValue_ComponentAnnotation                     : loaded 3 times (x 72B)
Class dagger.internal.codegen.binding.$AutoValue_ProvisionBinding                     : loaded 3 times (x 91B)
Class dagger.internal.codegen.model.BindingKind                                       : loaded 3 times (x 75B)
Class dagger.internal.codegen.compileroption.ProcessingEnvironmentCompilerOptions$Validation: loaded 3 times (x 89B)
Class dagger.internal.codegen.ProcessingEnvironmentModule                             : loaded 3 times (x 66B)
Class dagger.internal.codegen.ServiceLoaders$1                                        : loaded 3 times (x 67B)
Class dagger.internal.codegen.xprocessing.XAnnotations$1                              : loaded 3 times (x 80B)
Class dagger.spi.internal.shaded.androidx.room.compiler.processing.ksp.KspMessager$WhenMappings: loaded 3 times (x 67B)
Class dagger.spi.internal.shaded.androidx.room.compiler.processing.ksp.KSTypeArgumentWrapper: loaded 3 times (x 68B)
Class dagger.internal.codegen.xprocessing.XTypes                                      : loaded 3 times (x 67B)
Class dagger.spi.internal.shaded.androidx.room.compiler.processing.ksp.KSDeclarationExtKt: loaded 3 times (x 67B)
Class dagger.spi.internal.shaded.androidx.room.compiler.processing.ksp.KspAnnotated$Companion: loaded 3 times (x 67B)
Class dagger.hilt.processor.internal.optionvalues.BooleanValue                        : loaded 3 times (x 75B)
Class androidx.room.compiler.processing.util.NamingUtilsKt                            : loaded 3 times (x 67B)
Class androidx.room.compiler.processing.ksp.KspElement$equalityItems$2                : loaded 3 times (x 75B)
Class androidx.room.compiler.processing.ksp.KspRoundEnv$WhenMappings                  : loaded 3 times (x 67B)
Class dagger.spi.internal.shaded.androidx.room.compiler.processing.InternalXAnnotation: loaded 3 times (x 135B)
Class dagger.spi.internal.shaded.androidx.room.compiler.processing.ksp.KspExecutableElement$typeParameters$2: loaded 3 times (x 75B)
Class dagger.internal.codegen.validation.BindsOptionalOfMethodValidator_Factory       : loaded 3 times (x 75B)
Class com.google.common.collect.ImmutableBiMapFauxverideShim                          : loaded 3 times (x 116B)
Class dagger.internal.codegen.validation.ModuleValidator_Factory                      : loaded 3 times (x 75B)
Class dagger.internal.codegen.javapoet.TypeNames                                      : loaded 3 times (x 67B)
Class androidx.room.processor.Context                                                 : loaded 3 times (x 68B)
Class dagger.spi.internal.shaded.androidx.room.compiler.processing.ksp.synthetic.KspSyntheticPropertyMethodElement$Setter$parameters$2: loaded 3 times (x 75B)
Class dagger.internal.codegen.model.BindingGraphPlugin                                : loaded 3 times (x 66B)
Class dagger.internal.codegen.validation.MultibindsMethodValidator$Validator          : loaded 3 times (x 76B)
Class dagger.internal.codegen.processingstep.AssistedProcessingStep_Factory           : loaded 3 times (x 75B)
Class dagger.hilt.android.processor.internal.viewmodel.ViewModelValidationPlugin      : loaded 3 times (x 79B)
Class dagger.spi.internal.shaded.androidx.room.compiler.processing.ksp.KspAnnotation$wrap$$inlined$sortedBy$1: loaded 3 times (x 86B)
Class dagger.spi.internal.shaded.androidx.room.compiler.processing.javac.kotlin.JvmAbi: loaded 3 times (x 67B)
Class dagger.spi.internal.shaded.androidx.room.compiler.processing.ksp.KspArrayType$Factory: loaded 3 times (x 68B)
Class dagger.spi.internal.shaded.androidx.room.compiler.processing.ksp.KspElement$docComment$2: loaded 3 times (x 75B)
Class androidx.room.compiler.processing.XArrayType                                    : loaded 3 times (x 66B)
Class androidx.room.compiler.processing.util.MemoizedSequence                         : loaded 3 times (x 71B)
Class dagger.internal.codegen.validation.InjectValidator                              : loaded 3 times (x 71B)
Class [Lcom.squareup.javapoet.LineWrapper$FlushType;                                  : loaded 3 times (x 65B)
Class dagger.internal.codegen.base.ComponentCreatorKind                               : loaded 3 times (x 75B)
Class com.google.common.collect.Sets$SetView                                          : loaded 3 times (x 134B)
Class com.google.common.base.CharMatcher$Invisible                                    : loaded 3 times (x 108B)
Class dagger.internal.codegen.DaggerDelegateComponentProcessor_Injector               : loaded 3 times (x 67B)
Class dagger.internal.codegen.binding.SourceFiles                                     : loaded 3 times (x 67B)
Class dagger.internal.codegen.validation.InjectBindingRegistryImpl                    : loaded 3 times (x 77B)
Class dagger.internal.codegen.writing.ProducerFactoryGenerator_Factory                : loaded 3 times (x 75B)
Class dagger.internal.codegen.base.ModuleKind$1                                       : loaded 3 times (x 67B)
Class dagger.internal.codegen.componentgenerator.ComponentGeneratorModule_ComponentHjarGeneratorFactory: loaded 3 times (x 75B)
Class dagger.internal.codegen.validation.ComponentDescriptorValidator_Factory         : loaded 3 times (x 75B)
Class dagger.internal.codegen.bindinggraphvalidation.ProvisionDependencyOnProducerBindingValidator: loaded 3 times (x 81B)
Class dagger.internal.codegen.processingstep.TypeCheckingProcessingStep               : loaded 3 times (x 82B)
Class dagger.internal.codegen.binding.SourceFiles_Factory                             : loaded 3 times (x 74B)
Class [Ldagger.internal.codegen.xprocessing.XTypeElements$Visibility;                 : loaded 3 times (x 65B)
Class com.squareup.kotlinpoet.ClassName$special$$inlined$compareBy$1                  : loaded 3 times (x 85B)
Class dagger.spi.internal.shaded.androidx.room.compiler.processing.ksp.KspAnnotated$UseSiteFilter$Impl: loaded 3 times (x 71B)
Class androidx.room.compiler.processing.ksp.KspFieldElement$closestMemberContainer$2  : loaded 3 times (x 75B)
Class androidx.room.compiler.processing.XElement                                      : loaded 3 times (x 66B)
Class com.squareup.javapoet.TypeVariableName                                          : loaded 3 times (x 77B)
Class dagger.internal.codegen.base.SourceFileGenerator                                : loaded 3 times (x 73B)
Class com.google.common.base.CharMatcher$JavaUpperCase                                : loaded 3 times (x 107B)
Class com.google.common.collect.Maps                                                  : loaded 3 times (x 67B)
Class androidx.room.processor.Context$CommonTypes$VOID$2                              : loaded 3 times (x 75B)
Class com.google.common.collect.Maps$8                                                : loaded 3 times (x 77B)
Class androidx.room.compiler.processing.ksp.synthetic.KspSyntheticPropertyMethodElement$Getter$name$2: loaded 3 times (x 75B)
Class dagger.internal.codegen.base.ModuleAnnotation                                   : loaded 3 times (x 72B)
Class dagger.internal.DaggerGenerated                                                 : loaded 3 times (x 66B)
Class androidx.room.compiler.processing.ksp.KspExecutableElement$enclosingElement$2   : loaded 3 times (x 75B)
Class dagger.spi.internal.shaded.androidx.room.compiler.processing.ksp.KspPackageElement$name$2: loaded 3 times (x 75B)
Class dagger.internal.codegen.validation.BindingElementValidator$1                    : loaded 3 times (x 67B)
Class dagger.spi.internal.shaded.androidx.room.compiler.processing.ksp.KspMethodType$KspNormalMethodType$returnType$2: loaded 3 times (x 75B)
Class dagger.spi.internal.shaded.androidx.room.compiler.processing.ksp.synthetic.KspSyntheticPropertyMethodElement$Setter: loaded 3 times (x 255B)
Class dagger.internal.codegen.binding.ProductionBinding                               : loaded 3 times (x 91B)
Class dagger.internal.codegen.validation.ExternalBindingGraphPlugins                  : loaded 3 times (x 68B)
Class dagger.internal.codegen.binding.MultibindingDeclaration_Factory_Factory         : loaded 3 times (x 75B)
Class dagger.spi.internal.shaded.androidx.room.compiler.processing.ksp.KspHasModifiers$PropertyField$isLateinit$2: loaded 3 times (x 75B)
Class dagger.spi.internal.shaded.androidx.room.compiler.processing.ksp.KspTypeElement$Companion: loaded 3 times (x 67B)
Class dagger.spi.internal.shaded.androidx.room.compiler.processing.ksp.synthetic.KspSyntheticPropertyMethodElement$executableType$2: loaded 3 times (x 75B)
Class com.google.common.collect.MapMaker                                              : loaded 3 times (x 68B)
Class [Lcom.google.common.collect.ImmutableEntry;                                     : loaded 3 times (x 65B)
Class dagger.internal.codegen.DelegateComponentProcessor_SourceFileGeneratorsModule_FactoryGeneratorFactory: loaded 3 times (x 75B)
Class dagger.internal.codegen.validation.ProvidesMethodValidator                      : loaded 3 times (x 74B)
Class dagger.hilt.android.processor.internal.viewmodel.ViewModelValidationPluginKt    : loaded 3 times (x 67B)
Class Build_gradle$1                                                                  : loaded 3 times (x 70B)
Class androidx.room.compiler.processing.CommonProcessorDelegate$getStepElementsByAnnotation$3: loaded 3 times (x 74B)
Class org.sqlite.Function$Window                                                      : loaded 3 times (x 73B)
Class androidx.room.preconditions.Checks                                              : loaded 3 times (x 68B)
Class dagger.spi.internal.shaded.androidx.room.compiler.processing.ksp.KspConstructorElement$enclosingElement$2: loaded 3 times (x 75B)
Class dagger.internal.codegen.validation.ProducesMethodValidator_Factory              : loaded 3 times (x 75B)
Class dagger.spi.internal.shaded.androidx.room.compiler.processing.ksp.KspProcessingEnv$getTypeElementsFromPackage$1: loaded 3 times (x 74B)
Class dagger.spi.internal.shaded.androidx.room.compiler.processing.ksp.KSTypeJavaPoetExtKt: loaded 3 times (x 67B)
Class dagger.spi.internal.shaded.androidx.room.compiler.processing.ksp.KspAnnotation$typesByName$2: loaded 3 times (x 75B)
Class androidx.room.compiler.processing.ksp.KSTypeVarianceResolverScope$PropertyGetterMethodReturnType: loaded 3 times (x 70B)
Class [Landroidx.room.compiler.processing.XParameterizable;                           : loaded 3 times (x 65B)
Class androidx.room.compiler.processing.InternalXAnnotation                           : loaded 3 times (x 135B)
Class com.google.common.collect.AbstractMapBasedMultimap$AsMap                        : loaded 3 times (x 124B)
Class com.google.common.collect.CollectSpliterators                                   : loaded 3 times (x 67B)
Class com.squareup.javapoet.ArrayTypeName                                             : loaded 3 times (x 77B)
Class androidx.room.compiler.processing.InternalXAnnotationKt                         : loaded 3 times (x 67B)
Class dagger.spi.internal.shaded.androidx.room.compiler.processing.ksp.KspAnnotation$ksType$2: loaded 3 times (x 75B)
Class dagger.spi.internal.shaded.androidx.room.compiler.processing.ksp.KSTypeWrapper$arguments$2: loaded 3 times (x 75B)
Class dagger.internal.codegen.model.BindingGraph$Node                                 : loaded 3 times (x 66B)
Class dagger.spi.internal.shaded.androidx.room.compiler.processing.ksp.KspExecutableParameterElement$Companion: loaded 3 times (x 67B)
Class dagger.internal.codegen.binding.MultibindingDeclaration                         : loaded 3 times (x 74B)
Class dagger.internal.codegen.writing.UnwrappedMapKeyGenerator_Factory                : loaded 3 times (x 75B)
Class dagger.internal.codegen.writing.ModuleProxies$ModuleConstructorProxyGenerator   : loaded 3 times (x 73B)
Class dagger.internal.codegen.compileroption.ProcessingEnvironmentCompilerOptions$CommandLineOption: loaded 3 times (x 66B)
Class dagger.internal.codegen.validation.ComponentValidator_Factory                   : loaded 3 times (x 75B)
Class dagger.spi.internal.shaded.androidx.room.compiler.processing.ksp.KspProcessingEnv$getTypeElementsFromPackage$2: loaded 3 times (x 75B)
Class dagger.spi.internal.shaded.androidx.room.compiler.processing.ksp.KspFileMemberContainer: loaded 3 times (x 146B)
Class it.unimi.dsi.fastutil.HashCommon                                                : loaded 2 times (x 67B)
Class kotlin.jvm.internal.ArrayIterator                                               : loaded 2 times (x 75B)
Class kotlin.LazyThreadSafetyMode                                                     : loaded 2 times (x 75B)
Class org.gradle.internal.impldep.gnu.trove.TObjectHashingStrategy                    : loaded 2 times (x 66B)
Class com.intellij.gradle.toolingExtension.impl.model.utilDummyModel.DummyModel       : loaded 2 times (x 66B)
Class org.gradle.internal.time.Clock                                                  : loaded 2 times (x 66B)
Class jdk.internal.jimage.decompressor.ResourceDecompressorRepository                 : loaded 2 times (x 67B)
Class com.google.common.collect.Sets$3$1                                              : loaded 2 times (x 78B)
Class com.intellij.gradle.toolingExtension.impl.model.buildScriptClasspathModel.GradleBuildScriptClasspathSerializationService: loaded 2 times (x 73B)
Class kotlin.collections.EmptyIterator                                                : loaded 2 times (x 85B)
Class kotlin.jvm.internal.SpreadBuilder                                               : loaded 2 times (x 72B)
Class kotlin.SynchronizedLazyImpl                                                     : loaded 2 times (x 72B)
Class kotlin.text.StringsKt__RegexExtensionsKt                                        : loaded 2 times (x 67B)
Class com.google.common.reflect.Types$JavaVersion                                     : loaded 2 times (x 79B)
Class com.google.common.collect.MapMakerInternalMap$StrongKeyDummyValueEntry          : loaded 2 times (x 78B)
Class com.google.common.io.LineReader$1                                               : loaded 2 times (x 71B)
Class com.google.common.reflect.Invokable$MethodInvokable                             : loaded 2 times (x 103B)
Class com.google.common.base.Platform                                                 : loaded 2 times (x 67B)
Class kotlin.LazyKt__LazyJVMKt$WhenMappings                                           : loaded 2 times (x 67B)
Class kotlin.jvm.internal.MutablePropertyReference                                    : loaded 2 times (x 115B)
Class kotlin.UnsafeLazyImpl                                                           : loaded 2 times (x 72B)
Class com.google.common.collect.MultimapBuilder$ListMultimapBuilder                   : loaded 2 times (x 71B)
Class jdk.internal.jimage.ImageReader$SharedImageReader$LocationVisitor               : loaded 2 times (x 66B)
Class org.gradle.api.specs.Spec                                                       : loaded 2 times (x 66B)
Class org.jetbrains.plugins.gradle.model.GradleSourceSetDependencyModel               : loaded 2 times (x 66B)
Class org.gradle.tooling.model.Element                                                : loaded 2 times (x 66B)
Class org.gradle.tooling.internal.adapter.TypeInspector                               : loaded 2 times (x 69B)
Class org.gradle.tooling.internal.adapter.ProtocolToModelAdapter$NoOpDecoration       : loaded 2 times (x 75B)
Class jdk.internal.jimage.ImageReader$Directory                                       : loaded 2 times (x 80B)
Class com.google.common.collect.CompoundOrdering                                      : loaded 2 times (x 111B)
Class kotlin.jvm.internal.DefaultConstructorMarker                                    : loaded 2 times (x 67B)
Class it.unimi.dsi.fastutil.objects.ObjectArrays                                      : loaded 2 times (x 67B)
Class kotlin.coroutines.jvm.internal.RestrictedSuspendLambda                          : loaded 2 times (x 87B)
Class kotlin.sequences.SequencesKt__SequencesJVMKt                                    : loaded 2 times (x 67B)
Class kotlin.collections.AbstractList                                                 : loaded 2 times (x 193B)
Class kotlin.collections.AbstractCollection                                           : loaded 2 times (x 113B)
Class com.google.devtools.ksp.processing.KspGradleLogger$Companion                    : loaded 2 times (x 67B)
Class com.google.common.collect.AbstractMapBasedMultimap$WrappedList                  : loaded 2 times (x 201B)
Class [Lorg.objectweb.asm.AnnotationWriter;                                           : loaded 2 times (x 65B)
Class com.google.common.primitives.Ints$IntConverter                                  : loaded 2 times (x 86B)
Class kotlin.jvm.internal.PropertyReference1                                          : loaded 2 times (x 123B)
Class org.gradle.internal.time.TimeSource$1                                           : loaded 2 times (x 73B)
Class com.google.common.util.concurrent.Uninterruptibles                              : loaded 2 times (x 67B)
Class com.google.common.base.Charsets                                                 : loaded 2 times (x 67B)
Class com.intellij.gradle.toolingExtension.impl.model.taskModel.GradleTaskSerialisationService: loaded 2 times (x 72B)
Class com.google.common.collect.Maps$9                                                : loaded 2 times (x 71B)
Class it.unimi.dsi.fastutil.Hash                                                      : loaded 2 times (x 66B)
Class kotlin.sequences.EmptySequence                                                  : loaded 2 times (x 74B)
Class kotlin.collections.ArrayAsCollection                                            : loaded 2 times (x 101B)
Class kotlin.Triple                                                                   : loaded 2 times (x 68B)
Class kotlin.sequences.SequencesKt__SequenceBuilderKt$sequence$$inlined$Sequence$1    : loaded 2 times (x 71B)
Class kotlin.text.Regex                                                               : loaded 2 times (x 68B)
Class kotlin.LazyKt__LazyKt                                                           : loaded 2 times (x 67B)
Class kotlin.text.StringsKt__StringBuilderJVMKt                                       : loaded 2 times (x 67B)
Class [Lcom.google.common.collect.Iterators$EmptyModifiableIterator;                  : loaded 2 times (x 65B)
Class com.google.common.collect.ImmutableRangeSet$Builder                             : loaded 2 times (x 73B)
Class com.google.common.cache.LocalCache$StrongValueReference                         : loaded 2 times (x 86B)
Class com.google.common.util.concurrent.AbstractFuture$SynchronizedHelper             : loaded 2 times (x 74B)
Class kotlin.jvm.internal.PropertyReference0                                          : loaded 2 times (x 123B)
Class kotlin.io.FileSystemException                                                   : loaded 2 times (x 78B)
Class com.intellij.gradle.toolingExtension.impl.model.sourceSetModel.GradleSourceSetSerialisationService: loaded 2 times (x 73B)
Class org.gradle.internal.classloader.ClasspathUtil                                   : loaded 2 times (x 67B)
Class com.google.common.reflect.Types$ClassOwnership$1LocalClass                      : loaded 2 times (x 67B)
Class jdk.internal.jrtfs.JrtPath                                                      : loaded 2 times (x 114B)
Class jdk.internal.jimage.ImageBufferCache                                            : loaded 2 times (x 67B)
Class org.gradle.tooling.model.ProjectIdentifier                                      : loaded 2 times (x 66B)
Class com.google.common.cache.CacheBuilder$OneWeigher                                 : loaded 2 times (x 78B)
Class kotlin.jvm.internal.markers.KMutableListIterator                                : loaded 2 times (x 66B)
Class org.gradle.internal.exceptions.ResolutionProvider                               : loaded 2 times (x 66B)
Class org.jetbrains.plugins.gradle.tooling.util.IntObjectMap$1                        : loaded 2 times (x 73B)
Class org.gradle.internal.impldep.com.google.common.base.Preconditions                : loaded 2 times (x 67B)
Class com.intellij.openapi.util.io.FileUtilRt                                         : loaded 2 times (x 67B)
Class com.google.common.collect.RegularImmutableBiMap$Inverse                         : loaded 2 times (x 140B)
Class it.unimi.dsi.fastutil.ints.AbstractIntSet                                       : loaded 2 times (x 229B)
Class kotlin.jvm.internal.Ref$ObjectRef                                               : loaded 2 times (x 68B)
Class kotlin.jvm.internal.ReflectionFactory                                           : loaded 2 times (x 87B)
Class kotlin.UNINITIALIZED_VALUE                                                      : loaded 2 times (x 67B)
Class org.objectweb.asm.Type                                                          : loaded 2 times (x 68B)
Class org.gradle.internal.classloader.VisitableURLClassLoader$InstrumentingVisitableURLClassLoader: loaded 2 times (x 119B)
Class org.jetbrains.plugins.gradle.tooling.serialization.internal.adapter.Supplier    : loaded 2 times (x 66B)
Class kotlin.enums.EnumEntries                                                        : loaded 2 times (x 66B)
Class org.gradle.tooling.internal.gradle.GradleBuildIdentity                          : loaded 2 times (x 66B)
Class org.jetbrains.plugins.gradle.tooling.serialization.SerializationService         : loaded 2 times (x 66B)
Class org.objectweb.asm.commons.InstructionAdapter                                    : loaded 2 times (x 184B)
Class [Lcom.google.common.collect.HashBiMap$BiEntry;                                  : loaded 2 times (x 65B)
Class com.google.common.reflect.Types$TypeVariableInvocationHandler                   : loaded 2 times (x 71B)
Class kotlin.ranges.IntRange                                                          : loaded 2 times (x 89B)
Class kotlin.jvm.internal.markers.KMutableMap                                         : loaded 2 times (x 66B)
Class kotlin.properties.ReadOnlyProperty                                              : loaded 2 times (x 66B)
Class org.gradle.tooling.model.kotlin.dsl.KotlinDslScriptsModel                       : loaded 2 times (x 66B)
Class kotlin.collections.ReversedListReadOnly$listIterator$1                          : loaded 2 times (x 86B)
Class kotlin.comparisons.ComparisonsKt__ComparisonsKt                                 : loaded 2 times (x 67B)
Class com.google.common.collect.MapMakerInternalMap$AbstractWeakKeyEntry              : loaded 2 times (x 86B)
Class kotlin.coroutines.Continuation                                                  : loaded 2 times (x 66B)
Class kotlin.jvm.internal.ClassBasedDeclarationContainer                              : loaded 2 times (x 66B)
Class org.gradle.internal.time.TimeSource                                             : loaded 2 times (x 66B)
Class kotlin.collections.SetsKt___SetsKt                                              : loaded 2 times (x 67B)
Class kotlin.ranges.RangesKt__RangesKt                                                : loaded 2 times (x 67B)
Class kotlin.sequences.SequencesKt__SequencesKt                                       : loaded 2 times (x 67B)
Class com.google.common.collect.MapMakerInternalMap$StrongKeyDummyValueEntry$Helper   : loaded 2 times (x 75B)
Class com.google.common.io.Files$FileByteSink                                         : loaded 2 times (x 73B)
Class org.objectweb.asm.ByteVector                                                    : loaded 2 times (x 75B)
Class [Lcom.google.common.cache.CacheBuilder$NullListener;                            : loaded 2 times (x 65B)
Class org.gradle.internal.classloader.VisitableURLClassLoader$Spec                    : loaded 2 times (x 70B)
Class org.gradle.internal.classpath.DefaultClassPath                                  : loaded 2 times (x 86B)
Class org.jetbrains.plugins.gradle.tooling.serialization.internal.IdeaProjectSerializationService$WriteContext$8: loaded 2 times (x 79B)
Class com.google.common.collect.AbstractMapBasedMultimap$KeySet                       : loaded 2 times (x 133B)
Class it.unimi.dsi.fastutil.objects.AbstractObjectCollection                          : loaded 2 times (x 139B)
Class kotlin.jvm.internal.CallableReference                                           : loaded 2 times (x 102B)
Class com.google.common.collect.LinkedHashMultimap$ValueEntry                         : loaded 2 times (x 85B)
Class org.jetbrains.plugins.gradle.model.RepositoryModels                             : loaded 2 times (x 66B)
Class org.jetbrains.plugins.gradle.tooling.serialization.internal.IdeaProjectSerializationService$WriteContext$7: loaded 2 times (x 79B)
Class org.gradle.internal.service.CachingServiceLocator                               : loaded 2 times (x 78B)
Class com.google.common.base.CommonPattern                                            : loaded 2 times (x 70B)
Class com.google.common.cache.LocalCache$LocalManualCache                             : loaded 2 times (x 95B)
Class com.google.common.collect.ImmutableMap$SerializedForm                           : loaded 2 times (x 70B)
Class org.jetbrains.plugins.gradle.tooling.util.IntObjectMap                          : loaded 2 times (x 69B)
Class org.jetbrains.plugins.gradle.tooling.serialization.internal.IdeaProjectSerializationService$WriteContext$6: loaded 2 times (x 79B)
Class org.gradle.internal.classloader.ClassLoaderFactory                              : loaded 2 times (x 66B)
Class [Lcom.google.common.cache.LocalCache$EntryFactory;                              : loaded 2 times (x 65B)
Class kotlin.jvm.internal.MutablePropertyReference1Impl                               : loaded 2 times (x 133B)
Class org.jetbrains.plugins.gradle.model.GradleBuildScriptClasspathModel              : loaded 2 times (x 66B)
Class org.gradle.util.internal.DefaultGradleVersion                                   : loaded 2 times (x 76B)
Class jdk.internal.jimage.decompressor.ZipDecompressorFactory                         : loaded 2 times (x 70B)
Class kotlin.comparisons.ComparisonsKt                                                : loaded 2 times (x 67B)
Class kotlin.comparisons.ComparisonsKt___ComparisonsKt                                : loaded 2 times (x 67B)
Class it.unimi.dsi.fastutil.ints.IntArrays                                            : loaded 2 times (x 67B)
Class kotlin.text.CharsKt__CharJVMKt                                                  : loaded 2 times (x 67B)
Class kotlin.Result$Companion                                                         : loaded 2 times (x 67B)
Class kotlin.coroutines.jvm.internal.BaseContinuationImpl                             : loaded 2 times (x 83B)
Class kotlin.sequences.FilteringSequence                                              : loaded 2 times (x 71B)
Class it.unimi.dsi.fastutil.Hash$Strategy                                             : loaded 2 times (x 66B)
Class com.google.devtools.ksp.processing.KspGradleLogger                              : loaded 2 times (x 75B)
Class com.google.common.reflect.Types$ClassOwnership                                  : loaded 2 times (x 76B)
Class org.objectweb.asm.Symbol                                                        : loaded 2 times (x 69B)
Class com.google.common.base.AbstractIterator                                         : loaded 2 times (x 76B)
Class kotlin.sequences.SequencesKt___SequencesKt$sortedWith$1                         : loaded 2 times (x 71B)
Class jdk.internal.jrtfs.JrtFileAttributes                                            : loaded 2 times (x 79B)
Class com.intellij.gradle.toolingExtension.impl.model.sourceSetDependencyModel.GradleSourceSetDependencySerialisationService$SourceSetDependencyModelWriteContext: loaded 2 times (x 68B)
Class org.jetbrains.plugins.gradle.tooling.serialization.internal.IdeaProjectSerializationService$WriteContext$5: loaded 2 times (x 79B)
Class org.gradle.internal.service.ServiceLookupException                              : loaded 2 times (x 78B)
Class com.google.common.reflect.TypeResolver$TypeTable$1                              : loaded 2 times (x 69B)
Class [Lorg.jetbrains.kotlin.config.LanguageVersion;                                  : loaded 2 times (x 65B)
Class kotlin.text.StringsKt__StringNumberConversionsKt                                : loaded 2 times (x 67B)
Class [Lkotlin.Pair;                                                                  : loaded 2 times (x 65B)
Class kotlin.jvm.internal.markers.KMutableList                                        : loaded 2 times (x 66B)
Class kotlin.io.FilesKt__FileReadWriteKt                                              : loaded 2 times (x 67B)
Class com.google.common.collect.UsingToStringOrdering                                 : loaded 2 times (x 110B)
Class jdk.internal.jimage.ImageReader$Resource                                        : loaded 2 times (x 80B)
Class jdk.internal.jimage.decompressor.Decompressor                                   : loaded 2 times (x 68B)
Class org.gradle.internal.time.MonotonicClock                                         : loaded 2 times (x 73B)
Class com.intellij.gradle.toolingExtension.impl.model.sourceSetDependencyModel.GradleSourceSetDependencySerialisationService$Companion: loaded 2 times (x 67B)
Class org.jetbrains.plugins.gradle.tooling.serialization.internal.IdeaProjectSerializationService$WriteContext$4: loaded 2 times (x 79B)
Class com.google.common.cache.CacheLoader$SupplierToCacheLoader                       : loaded 2 times (x 71B)
Class kotlin.reflect.KType                                                            : loaded 2 times (x 66B)
Class org.jetbrains.kotlin.config.ApiVersion$Companion                                : loaded 2 times (x 67B)
Class org.objectweb.asm.RecordComponentVisitor                                        : loaded 2 times (x 73B)
Class com.google.common.reflect.TypeResolver$TypeTable                                : loaded 2 times (x 69B)
Class com.google.common.io.Closer                                                     : loaded 2 times (x 74B)
Class com.google.common.io.Java8Compatibility                                         : loaded 2 times (x 67B)
Class org.gradle.internal.classloader.ClassLoaderSpec                                 : loaded 2 times (x 67B)
Class com.google.common.io.CharStreams                                                : loaded 2 times (x 67B)
Class kotlin.LazyKt__LazyJVMKt                                                        : loaded 2 times (x 67B)
Class kotlin.coroutines.jvm.internal.RestrictedContinuationImpl                       : loaded 2 times (x 83B)
Class org.gradle.util.internal.DefaultGradleVersion$Stage                             : loaded 2 times (x 71B)
Class org.jetbrains.plugins.gradle.tooling.serialization.internal.IdeaProjectSerializationService$WriteContext$3: loaded 2 times (x 79B)
Class org.jetbrains.plugins.gradle.tooling.serialization.AnnotationProcessingModelSerializationService$ReadContext: loaded 2 times (x 68B)
Class com.google.common.util.concurrent.AbstractFuture                                : loaded 2 times (x 102B)
Class kotlin.text.StringsKt                                                           : loaded 2 times (x 67B)
Class kotlin.jvm.internal.markers.KMutableSet                                         : loaded 2 times (x 66B)
Class org.jetbrains.plugins.gradle.tooling.serialization.internal.IdeaProjectSerializationService$WriteContext$2: loaded 2 times (x 79B)
Class com.google.common.collect.ImmutableSet$CachingAsList                            : loaded 2 times (x 143B)
Class com.google.common.cache.ReferenceEntry                                          : loaded 2 times (x 66B)
Class com.google.common.util.concurrent.ListenableFuture                              : loaded 2 times (x 66B)
Class kotlin.sequences.SequencesKt                                                    : loaded 2 times (x 67B)
Class kotlin.collections.ReversedListReadOnly                                         : loaded 2 times (x 194B)
Class it.unimi.dsi.fastutil.ints.IntArrays$ForkJoinQuickSortComp                      : loaded 2 times (x 92B)
Class kotlin.jvm.internal.FunctionReferenceImpl                                       : loaded 2 times (x 118B)
Class kotlin.text.DelimitedRangesSequence                                             : loaded 2 times (x 71B)
Class org.objectweb.asm.AnnotationWriter                                              : loaded 2 times (x 75B)
Class com.google.common.cache.CacheStats                                              : loaded 2 times (x 67B)
Class kotlin.KotlinVersionCurrentValue                                                : loaded 2 times (x 67B)
Class kotlin.collections.IndexedValue                                                 : loaded 2 times (x 68B)
Class com.google.common.collect.ImmutableSetMultimap$EntrySet                         : loaded 2 times (x 143B)
Class com.google.common.collect.LinkedHashMultimap$ValueSetLink                       : loaded 2 times (x 66B)
Class jdk.internal.jimage.BasicImageReader$1                                          : loaded 2 times (x 73B)
Class org.jetbrains.plugins.gradle.model.ExternalProject                              : loaded 2 times (x 66B)
Class org.jetbrains.plugins.gradle.tooling.serialization.internal.IdeaProjectSerializationService$WriteContext$1: loaded 2 times (x 79B)
Class org.gradle.api.internal.classpath.DefaultModuleRegistry                         : loaded 2 times (x 82B)
Class kotlin.io.FilesKt__UtilsKt                                                      : loaded 2 times (x 67B)
Class com.google.common.collect.Multimaps$CustomListMultimap                          : loaded 2 times (x 170B)
Class it.unimi.dsi.fastutil.objects.AbstractObject2IntMap                             : loaded 2 times (x 277B)
Class kotlin.jvm.internal.markers.KMutableIterable                                    : loaded 2 times (x 66B)
Class org.jetbrains.kotlin.config.MavenComparableVersion$ListItem                     : loaded 2 times (x 214B)
Class kotlin.TuplesKt                                                                 : loaded 2 times (x 67B)
Class kotlin.sequences.SequencesKt___SequencesJvmKt                                   : loaded 2 times (x 67B)
Class kotlin.Unit                                                                     : loaded 2 times (x 67B)
Class com.google.common.collect.Interners                                             : loaded 2 times (x 67B)
Class com.google.common.io.Closer$Suppressor                                          : loaded 2 times (x 66B)
Class com.google.common.io.LineProcessor                                              : loaded 2 times (x 66B)
Class org.objectweb.asm.RecordComponentWriter                                         : loaded 2 times (x 74B)
Class com.google.common.util.concurrent.AbstractFuture$Listener                       : loaded 2 times (x 68B)
Class Settings_gradle$1$1                                                             : loaded 2 times (x 70B)
Class jdk.internal.jimage.ImageReader$Node                                            : loaded 2 times (x 80B)
Class com.google.common.cache.LocalCache$LocalManualCache$1                           : loaded 2 times (x 71B)
Class com.google.common.util.concurrent.AbstractFuture$UnsafeAtomicHelper             : loaded 2 times (x 74B)
Class com.google.common.collect.HashBiMap$Inverse                                     : loaded 2 times (x 138B)
Class com.google.common.io.Closer$SuppressingSuppressor                               : loaded 2 times (x 71B)
Class kotlin.coroutines.intrinsics.IntrinsicsKt__IntrinsicsKt                         : loaded 2 times (x 67B)
Class com.google.common.collect.Iterators$6                                           : loaded 2 times (x 76B)
Class com.google.common.collect.ImmutableSortedAsList                                 : loaded 2 times (x 216B)
Class com.google.common.collect.MultimapBuilder$ArrayListSupplier                     : loaded 2 times (x 73B)
Class com.google.common.base.Splitter$SplittingIterator                               : loaded 2 times (x 80B)
Class com.google.common.util.concurrent.internal.InternalFutureFailureAccess          : loaded 2 times (x 68B)
Class com.google.devtools.ksp.processing.KSPLogger                                    : loaded 2 times (x 66B)
Class jdk.internal.jimage.decompressor.ResourceDecompressorFactory                    : loaded 2 times (x 70B)
Class com.google.common.collect.MultimapBuilder$SortedSetMultimapBuilder              : loaded 2 times (x 73B)
Class org.gradle.tooling.internal.adapter.ObjectGraphAdapter                          : loaded 2 times (x 66B)
Class kotlin.io.FileTreeWalk$DirectoryState                                           : loaded 2 times (x 69B)
Class it.unimi.dsi.fastutil.objects.AbstractReferenceCollection                       : loaded 2 times (x 139B)
Class kotlin.ranges.RangesKt                                                          : loaded 2 times (x 67B)
Class [Lorg.jetbrains.kotlin.utils.DescriptionAware;                                  : loaded 2 times (x 65B)
Class org.objectweb.asm.Attribute                                                     : loaded 2 times (x 73B)
Class org.gradle.internal.classloader.VisitableURLClassLoader                         : loaded 2 times (x 113B)
Class com.intellij.gradle.toolingExtension.impl.model.dependencyModel.DependencyReadContext: loaded 2 times (x 68B)
Class com.intellij.gradle.toolingExtension.impl.model.sourceSetDependencyModel.GradleSourceSetDependencySerialisationService$SourceSetDependencyModelReadContext: loaded 2 times (x 68B)
Class org.gradle.api.internal.classpath.ModuleRegistry                                : loaded 2 times (x 66B)
Class org.gradle.internal.installation.GradleInstallation$1                           : loaded 2 times (x 71B)
Class com.google.common.cache.CacheLoader                                             : loaded 2 times (x 70B)
Class org.jetbrains.plugins.gradle.tooling.serialization.ExternalTestsSerializationService$ReadContext: loaded 2 times (x 68B)
Class [Lorg.objectweb.asm.SymbolTable$Entry;                                          : loaded 2 times (x 65B)
Class org.jetbrains.kotlin.utils.DescriptionAware                                     : loaded 2 times (x 66B)
Class org.gradle.tooling.model.idea.IdeaDependency                                    : loaded 2 times (x 66B)
Class [Lkotlin.DeprecationLevel;                                                      : loaded 2 times (x 65B)
Class it.unimi.dsi.fastutil.objects.Object2IntMap                                     : loaded 2 times (x 66B)
Class it.unimi.dsi.fastutil.objects.ObjectArrays$ForkJoinQuickSortIndirect            : loaded 2 times (x 92B)
Class kotlin.sequences.FlatteningSequence$iterator$1                                  : loaded 2 times (x 75B)
Class kotlin.sequences.GeneratorSequence                                              : loaded 2 times (x 71B)
Class kotlin.jvm.functions.Function0                                                  : loaded 2 times (x 66B)
Class kotlin.collections.ArraysUtilJVM                                                : loaded 2 times (x 67B)
Class com.google.common.collect.ImmutableList$SerializedForm                          : loaded 2 times (x 69B)
Class com.google.common.util.concurrent.AbstractFuture$Waiter                         : loaded 2 times (x 68B)
Class Settings_gradle                                                                 : loaded 2 times (x 124B)
Class it.unimi.dsi.fastutil.objects.ObjectIterator                                    : loaded 2 times (x 66B)
Class org.jetbrains.kotlin.cli.jvm.compiler.KotlinCoreEnvironment                     : loaded 2 times (x 68B)
Class kotlin.SafePublicationLazyImpl                                                  : loaded 2 times (x 72B)
Class jdk.internal.jimage.ImageReader$SharedImageReader                               : loaded 2 times (x 91B)
Class com.intellij.util.containers.IntObjectHashMap                                   : loaded 2 times (x 68B)
Class com.google.common.cache.LocalCache$Segment                                      : loaded 2 times (x 150B)
Class com.google.common.reflect.TypeToken$2                                           : loaded 2 times (x 106B)
Class kotlin.sequences.SequencesKt___SequencesKt$filterNotNull$1                      : loaded 2 times (x 74B)
Class kotlin.reflect.KProperty$Getter                                                 : loaded 2 times (x 66B)
Class com.google.common.collect.AbstractMapBasedMultimap$AsMap$AsMapEntries           : loaded 2 times (x 134B)
Class com.google.common.collect.MultimapBuilder                                       : loaded 2 times (x 69B)
Class jdk.internal.jimage.ImageReader                                                 : loaded 2 times (x 71B)
Class jdk.internal.jimage.decompressor.ZipDecompressor                                : loaded 2 times (x 71B)
Class org.gradle.tooling.internal.adapter.ProtocolToModelAdapter$MethodInvocationCache: loaded 2 times (x 69B)
Class com.google.common.cache.LocalCache$ComputingValueReference                      : loaded 2 times (x 92B)
Class kotlin.properties.ReadWriteProperty                                             : loaded 2 times (x 66B)
Class com.google.common.reflect.TypeToken$1                                           : loaded 2 times (x 106B)
Class it.unimi.dsi.fastutil.ints.IntArrays$ArrayHashStrategy                          : loaded 2 times (x 71B)
Class kotlin.collections.AbstractMutableList                                          : loaded 2 times (x 202B)
Class kotlin.jvm.functions.Function1                                                  : loaded 2 times (x 66B)
Class com.google.common.collect.HashBiMap                                             : loaded 2 times (x 139B)
Class org.objectweb.asm.Handler                                                       : loaded 2 times (x 68B)
Class com.google.common.base.Ticker                                                   : loaded 2 times (x 68B)
Class com.google.common.base.Strings                                                  : loaded 2 times (x 67B)
Class com.google.devtools.ksp.processing.KSPJvmConfig                                 : loaded 2 times (x 68B)
Class kotlin.Metadata                                                                 : loaded 2 times (x 66B)
Class kotlin.collections.AbstractMutableSet                                           : loaded 2 times (x 138B)
Class kotlin.properties.Delegates                                                     : loaded 2 times (x 67B)
Class com.google.common.base.Suppliers$SupplierOfInstance                             : loaded 2 times (x 75B)
Class org.objectweb.asm.Edge                                                          : loaded 2 times (x 68B)
Class it.unimi.dsi.fastutil.objects.Object2IntOpenHashMap                             : loaded 2 times (x 284B)
Class jdk.internal.jimage.ImageStringsReader                                          : loaded 2 times (x 76B)
Class org.gradle.tooling.model.Model                                                  : loaded 2 times (x 66B)
Class com.google.common.util.concurrent.AbstractFuture$AtomicHelper                   : loaded 2 times (x 74B)
Class org.objectweb.asm.SymbolTable$Entry                                             : loaded 2 times (x 70B)
Class org.jetbrains.plugins.gradle.tooling.serialization.internal.IdeaProjectSerializationService$WriteContext: loaded 2 times (x 68B)
Class com.intellij.gradle.toolingExtension.impl.model.sourceSetDependencyModel.GradleSourceSetDependencySerialisationService: loaded 2 times (x 73B)
Class org.jetbrains.plugins.gradle.model.GradleSourceSetModel                         : loaded 2 times (x 66B)
Class com.google.common.collect.MultimapBuilder$SetMultimapBuilder                    : loaded 2 times (x 71B)
Class com.google.common.collect.ImmutableSortedSet$Builder                            : loaded 2 times (x 82B)
Class org.jetbrains.kotlin.incremental.IncrementalCompilationFeatures                 : loaded 2 times (x 67B)
Class com.google.common.io.CharStreams$NullWriter                                     : loaded 2 times (x 95B)
Class kotlin.jvm.internal.markers.KMutableIterator                                    : loaded 2 times (x 66B)
Class kotlin.KotlinNothingValueException                                              : loaded 2 times (x 78B)
Class kotlin.jvm.functions.Function2                                                  : loaded 2 times (x 66B)
Class it.unimi.dsi.fastutil.objects.ObjectIterable                                    : loaded 2 times (x 66B)
Class com.google.devtools.ksp.processing.KSPConfig                                    : loaded 2 times (x 68B)
Class com.google.common.cache.RemovalCause$1                                          : loaded 2 times (x 76B)
Class [Lcom.google.common.cache.LocalCache$Segment;                                   : loaded 2 times (x 65B)
Class [Lcom.google.common.cache.LocalCache$Strength;                                  : loaded 2 times (x 65B)
Class com.google.common.cache.CacheBuilder$1                                          : loaded 2 times (x 81B)
Class org.gradle.internal.classpath.DefaultClassPath$ImmutableUniqueList$Builder      : loaded 2 times (x 71B)
Class kotlin.jvm.internal.Lambda                                                      : loaded 2 times (x 71B)
Class kotlin.collections.MapsKt__MapsKt                                               : loaded 2 times (x 67B)
Class [Lkotlin.reflect.KDeclarationContainer;                                         : loaded 2 times (x 65B)
Class com.google.common.collect.Sets$1$1                                              : loaded 2 times (x 78B)
Class org.jetbrains.plugins.gradle.tooling.serialization.ExternalTestsSerializationService$WriteContext: loaded 2 times (x 68B)
Class com.google.common.base.JdkPattern                                               : loaded 2 times (x 71B)
Class [Lcom.google.common.reflect.Types$JavaVersion;                                  : loaded 2 times (x 65B)
Class com.google.common.io.Files$FileByteSource                                       : loaded 2 times (x 81B)
Class com.google.common.collect.Interners$InternerBuilder                             : loaded 2 times (x 72B)
Class kotlin.reflect.KFunction                                                        : loaded 2 times (x 66B)
Class kotlin.collections.ArrayDeque                                                   : loaded 2 times (x 203B)
Class kotlin.io.FileTreeWalk$WalkState                                                : loaded 2 times (x 69B)
Class org.jetbrains.kotlin.utils.exceptions.KotlinExceptionWithAttachments            : loaded 2 times (x 66B)
Class kotlin.jvm.functions.Function3                                                  : loaded 2 times (x 66B)
Class kotlin.collections.MapsKt___MapsJvmKt                                           : loaded 2 times (x 67B)
Class com.google.common.cache.RemovalCause$2                                          : loaded 2 times (x 76B)
Class com.google.common.collect.AbstractRangeSet                                      : loaded 2 times (x 110B)
Class com.google.common.cache.LocalCache                                              : loaded 2 times (x 183B)
Class com.google.common.cache.CacheBuilder$2                                          : loaded 2 times (x 68B)
Class it.unimi.dsi.fastutil.objects.Object2IntMap$FastEntrySet                        : loaded 2 times (x 66B)
Class kotlin.sequences.TakeWhileSequence$iterator$1                                   : loaded 2 times (x 75B)
Class com.google.common.base.Equivalence$Wrapper                                      : loaded 2 times (x 68B)
Class org.jetbrains.plugins.gradle.tooling.serialization.KotlinDslScriptsModelSerializationService: loaded 2 times (x 77B)
Class org.gradle.internal.classpath.ClassPath                                         : loaded 2 times (x 66B)
Class Settings_gradle$1                                                               : loaded 2 times (x 70B)
Class com.google.common.cache.CacheBuilder                                            : loaded 2 times (x 68B)
Class com.google.common.io.ByteSink                                                   : loaded 2 times (x 72B)
Class com.google.common.cache.RemovalCause                                            : loaded 2 times (x 76B)
Class org.jetbrains.plugins.gradle.tooling.util.ObjectCollector$Processor             : loaded 2 times (x 66B)
Class kotlin.text.StringsKt__IndentKt                                                 : loaded 2 times (x 67B)
Class kotlin.collections.SetsKt                                                       : loaded 2 times (x 67B)
Class org.gradle.internal.exceptions.NonGradleCauseExceptionsHolder                   : loaded 2 times (x 66B)
Class org.gradle.tooling.model.idea.IdeaModuleDependency                              : loaded 2 times (x 66B)
Class org.gradle.tooling.internal.adapter.ViewBuilder                                 : loaded 2 times (x 66B)
Class it.unimi.dsi.fastutil.longs.LongCollection                                      : loaded 2 times (x 66B)
Class com.intellij.openapi.util.io.FileUtilRt$RepeatableIOOperation                   : loaded 2 times (x 66B)
Class it.unimi.dsi.fastutil.objects.AbstractObject2IntFunction                        : loaded 2 times (x 160B)
Class com.google.common.base.ExtraObjectsMethodsForWeb                                : loaded 2 times (x 67B)
Class kotlin.collections.EmptySet                                                     : loaded 2 times (x 118B)
Class kotlin.annotation.Target                                                        : loaded 2 times (x 66B)
Class kotlin.jvm.functions.Function4                                                  : loaded 2 times (x 66B)
Class org.jetbrains.kotlin.config.LanguageVersion                                     : loaded 2 times (x 87B)
Class com.google.common.reflect.TypeToken                                             : loaded 2 times (x 69B)
Class com.google.common.cache.RemovalCause$3                                          : loaded 2 times (x 76B)
Class com.google.common.base.AbstractIterator$1                                       : loaded 2 times (x 67B)
Class com.google.common.collect.NullnessCasts                                         : loaded 2 times (x 67B)
Class it.unimi.dsi.fastutil.ints.Int2ObjectOpenHashMap                                : loaded 2 times (x 279B)
Class kotlin.text.StringsKt__StringsJVMKt                                             : loaded 2 times (x 67B)
Class kotlin.collections.IntIterator                                                  : loaded 2 times (x 78B)
Class kotlin.jvm.internal.TypeIntrinsics                                              : loaded 2 times (x 67B)
Class jdk.internal.jimage.decompressor.ResourceDecompressor                           : loaded 2 times (x 66B)
Class com.intellij.gradle.toolingExtension.impl.model.projectModel.GradleExternalProjectSerializationService$WriteContext: loaded 2 times (x 69B)
Class org.gradle.internal.classpath.DefaultClassPath$ImmutableUniqueList              : loaded 2 times (x 195B)
Class org.gradle.api.internal.ClassPathRegistry                                       : loaded 2 times (x 66B)
Class com.google.common.primitives.IntsMethodsForWeb                                  : loaded 2 times (x 67B)
Class org.jetbrains.plugins.gradle.model.AnnotationProcessingConfig                   : loaded 2 times (x 66B)
Class jdk.internal.jimage.ImageStrings                                                : loaded 2 times (x 66B)
Class com.google.common.reflect.Invokable$ConstructorInvokable                        : loaded 2 times (x 103B)
Class kotlin.ranges.ClosedRange                                                       : loaded 2 times (x 66B)
Class kotlin.annotation.Retention                                                     : loaded 2 times (x 66B)
Class kotlin.jvm.functions.Function5                                                  : loaded 2 times (x 66B)
Class kotlin.reflect.KDeclarationContainer                                            : loaded 2 times (x 66B)
Class kotlin.text.StringsKt___StringsJvmKt                                            : loaded 2 times (x 67B)
Class com.google.common.cache.RemovalCause$4                                          : loaded 2 times (x 76B)
Class kotlin.jvm.JvmClassMappingKt                                                    : loaded 2 times (x 67B)
Class kotlin.jvm.internal.Reflection                                                  : loaded 2 times (x 67B)
Class kotlin.reflect.KProperty                                                        : loaded 2 times (x 66B)
Class kotlin.annotation.AnnotationTarget                                              : loaded 2 times (x 75B)
Class org.jetbrains.plugins.gradle.tooling.serialization.RepositoriesModelSerializationService$ReadContext: loaded 2 times (x 68B)
Class org.gradle.api.internal.DefaultClassPathRegistry                                : loaded 2 times (x 72B)
Class com.google.common.cache.RemovalListener                                         : loaded 2 times (x 66B)
Class com.google.common.base.Present                                                  : loaded 2 times (x 77B)
Class [Lkotlin.reflect.KAnnotatedElement;                                             : loaded 2 times (x 65B)
Class com.google.common.collect.Maps$TransformedEntriesMap                            : loaded 2 times (x 123B)
Class com.google.common.collect.LinkedHashMultimap                                    : loaded 2 times (x 171B)
Class org.gradle.tooling.internal.gradle.GradleProjectIdentity                        : loaded 2 times (x 66B)
Class ijInit7_30w25u4qhkp722qs9fjrid946                                               : loaded 2 times (x 175B)
Class org.jetbrains.plugins.gradle.tooling.serialization.RepositoriesModelSerializationService: loaded 2 times (x 78B)
Class com.google.common.util.concurrent.AbstractFuture$Cancellation                   : loaded 2 times (x 68B)
Class com.google.common.io.AppendableWriter                                           : loaded 2 times (x 96B)
Class kotlin.io.FilesKt                                                               : loaded 2 times (x 67B)
Class kotlin.jvm.functions.Function6                                                  : loaded 2 times (x 66B)
Class kotlin.collections.MapsKt___MapsKt                                              : loaded 2 times (x 67B)
Class kotlin.collections.ArraysKt___ArraysKt                                          : loaded 2 times (x 67B)
Class com.google.common.cache.RemovalCause$5                                          : loaded 2 times (x 76B)
Class [Lcom.google.common.io.FileWriteMode;                                           : loaded 2 times (x 65B)
Class com.google.common.io.Files$2                                                    : loaded 2 times (x 72B)
Class kotlin.collections.IndexingIterator                                             : loaded 2 times (x 75B)
Class com.google.common.cache.Cache                                                   : loaded 2 times (x 66B)
Class com.google.common.cache.LocalCache$Strength                                     : loaded 2 times (x 77B)
Class com.google.common.base.Stopwatch                                                : loaded 2 times (x 68B)
Class org.jetbrains.kotlin.config.ApiVersion                                          : loaded 2 times (x 82B)
Class kotlin.jvm.internal.PropertyReference                                           : loaded 2 times (x 111B)
Class jdk.internal.jimage.ImageHeader                                                 : loaded 2 times (x 67B)
Class com.intellij.openapi.externalSystem.model.project.dependencies.ProjectDependencies: loaded 2 times (x 66B)
Class org.gradle.internal.impldep.gnu.trove.TObjectIdentityHashingStrategy            : loaded 2 times (x 74B)
Class org.jetbrains.plugins.gradle.tooling.serialization.ProjectDependenciesSerializationService$ReadContext: loaded 2 times (x 68B)
Class org.gradle.api.internal.classpath.UnknownModuleException                        : loaded 2 times (x 78B)
Class com.google.common.cache.Weigher                                                 : loaded 2 times (x 66B)
Class kotlin.internal.ProgressionUtilKt                                               : loaded 2 times (x 67B)
Class org.gradle.internal.impldep.gnu.trove.TObjectIntProcedure                       : loaded 2 times (x 66B)
Class org.gradle.tooling.internal.adapter.ProtocolToModelAdapter$ReflectionMethodInvoker: loaded 2 times (x 72B)
Class kotlin.jvm.functions.Function7                                                  : loaded 2 times (x 66B)
Class kotlin.collections.MapsKt__MapWithDefaultKt                                     : loaded 2 times (x 67B)
Class kotlin.sequences.SequencesKt___SequencesKt$asIterable$$inlined$Iterable$1       : loaded 2 times (x 75B)
Class it.unimi.dsi.fastutil.objects.ObjectSet                                         : loaded 2 times (x 66B)
Class com.google.common.collect.MapMakerInternalMap$StrongKeyDummyValueSegment        : loaded 2 times (x 138B)
Class com.google.common.collect.Iterables$4                                           : loaded 2 times (x 77B)
Class com.google.common.io.Files                                                      : loaded 2 times (x 67B)
Class com.google.common.cache.LocalCache$WriteThroughEntry                            : loaded 2 times (x 75B)
Class com.google.common.cache.LocalCache$HashIterator                                 : loaded 2 times (x 82B)
Class com.google.common.cache.LocalCache$EntryFactory                                 : loaded 2 times (x 79B)
Class kotlin.reflect.KMutableProperty                                                 : loaded 2 times (x 66B)
Class kotlin.io.FileAlreadyExistsException                                            : loaded 2 times (x 78B)
Class it.unimi.dsi.fastutil.ints.IntOpenHashSet                                       : loaded 2 times (x 234B)
Class kotlin.KotlinVersion                                                            : loaded 2 times (x 70B)
Class [Lcom.google.common.collect.LinkedHashMultimap$ValueSetLink;                    : loaded 2 times (x 65B)
Class org.gradle.api.internal.classpath.Module                                        : loaded 2 times (x 66B)
Class it.unimi.dsi.fastutil.ints.Int2ObjectMap$FastEntrySet                           : loaded 2 times (x 66B)
Class kotlin.Function                                                                 : loaded 2 times (x 66B)
Class kotlin.collections.SetsKt__SetsJVMKt                                            : loaded 2 times (x 67B)
Class it.unimi.dsi.fastutil.objects.ObjectBidirectionalIterator                       : loaded 2 times (x 66B)
Class it.unimi.dsi.fastutil.ints.IntArrays$ForkJoinQuickSort2                         : loaded 2 times (x 92B)
Class com.google.common.collect.ImmutableSetMultimap$Builder                          : loaded 2 times (x 79B)
Class com.google.common.collect.NullsLastOrdering                                     : loaded 2 times (x 111B)
Class com.google.common.collect.Maps$12                                               : loaded 2 times (x 78B)
Class org.gradle.tooling.internal.gradle.DefaultBuildIdentifier                       : loaded 2 times (x 75B)
Class [Lkotlin.annotation.AnnotationRetention;                                        : loaded 2 times (x 65B)
Class it.unimi.dsi.fastutil.ints.IntArrays$ForkJoinQuickSortIndirect                  : loaded 2 times (x 92B)
Class kotlin.jvm.functions.Function8                                                  : loaded 2 times (x 66B)
Class kotlin.text.StringsKt___StringsKt                                               : loaded 2 times (x 67B)
Class kotlin.enums.EnumEntriesKt                                                      : loaded 2 times (x 67B)
Class [Lcom.google.common.collect.MapMaker$Dummy;                                     : loaded 2 times (x 65B)
Class com.google.common.reflect.Types$NativeTypeVariableEquals                        : loaded 2 times (x 67B)
Class com.google.common.reflect.TypeParameter                                         : loaded 2 times (x 68B)
Class com.google.common.cache.LocalCache$AbstractReferenceEntry                       : loaded 2 times (x 103B)
Class com.google.common.base.Splitter$1$1                                             : loaded 2 times (x 82B)
Class org.jetbrains.plugins.gradle.model.GradleTaskModel                              : loaded 2 times (x 66B)
Class org.jetbrains.plugins.gradle.tooling.util.ObjectCollector                       : loaded 2 times (x 68B)
Class com.google.common.collect.FluentIterable$3                                      : loaded 2 times (x 77B)
Class kotlin.collections.ArraysKt__ArraysKt                                           : loaded 2 times (x 67B)
Class it.unimi.dsi.fastutil.objects.ReferenceOpenHashSet                              : loaded 2 times (x 180B)
Class kotlin.Result$Failure                                                           : loaded 2 times (x 68B)
Class kotlin.collections.IndexingIterable                                             : loaded 2 times (x 75B)
Class org.gradle.internal.time.DefaultCountdownTimer                                  : loaded 2 times (x 84B)
Class com.google.common.primitives.Ints                                               : loaded 2 times (x 67B)
Class com.google.common.reflect.Reflection                                            : loaded 2 times (x 67B)
Class com.google.common.collect.FluentIterable$2                                      : loaded 2 times (x 77B)
Class com.google.common.base.Absent                                                   : loaded 2 times (x 76B)
Class kotlin.ResultKt                                                                 : loaded 2 times (x 67B)
Class com.google.common.collect.NullsFirstOrdering                                    : loaded 2 times (x 111B)
Class org.jetbrains.plugins.gradle.model.GradleProperty                               : loaded 2 times (x 66B)
Class com.google.common.collect.MultimapBuilder$MultimapBuilderWithKeys$1             : loaded 2 times (x 72B)
Class com.google.common.collect.Maps$13                                               : loaded 2 times (x 79B)
Class org.gradle.api.internal.classpath.DefaultModuleRegistry$DefaultModule           : loaded 2 times (x 82B)
Class org.objectweb.asm.FieldVisitor                                                  : loaded 2 times (x 73B)
Class it.unimi.dsi.fastutil.objects.ObjectListIterator                                : loaded 2 times (x 66B)
Class [Lkotlin.LazyThreadSafetyMode;                                                  : loaded 2 times (x 65B)
Class org.jetbrains.kotlin.utils.KotlinExceptionWithAttachments                       : loaded 2 times (x 90B)
Class kotlin.annotation.MustBeDocumented                                              : loaded 2 times (x 66B)
Class kotlin.jvm.functions.Function10                                                 : loaded 2 times (x 66B)
Class kotlin.jvm.functions.Function9                                                  : loaded 2 times (x 66B)
Class [Lkotlin.reflect.KClassifier;                                                   : loaded 2 times (x 65B)
Class com.google.common.base.Objects                                                  : loaded 2 times (x 67B)
Class com.google.common.collect.ImmutableRangeSet$ComplementRanges                    : loaded 2 times (x 203B)
Class org.objectweb.asm.SymbolTable                                                   : loaded 2 times (x 68B)
Class com.google.common.cache.CacheLoader$InvalidCacheLoadException                   : loaded 2 times (x 78B)
Class org.gradle.internal.classloader.SystemClassLoaderSpec                           : loaded 2 times (x 67B)
Class com.google.common.collect.FluentIterable$1                                      : loaded 2 times (x 77B)
Class kotlin.collections.builders.ListBuilderKt                                       : loaded 2 times (x 67B)
Class jdk.internal.jimage.ImageBufferCache$2                                          : loaded 2 times (x 87B)
Class org.gradle.internal.classloader.ClasspathUtil$1                                 : loaded 2 times (x 72B)
Class com.google.common.cache.CacheLoader$UnsupportedLoadingOperationException        : loaded 2 times (x 78B)
Class org.objectweb.asm.ClassWriter                                                   : loaded 2 times (x 102B)
Class com.google.common.collect.AbstractMapBasedMultimap$KeySet$1                     : loaded 2 times (x 78B)
Class kotlin.collections.EmptyList                                                    : loaded 2 times (x 170B)
Class it.unimi.dsi.fastutil.ints.Int2ObjectFunction                                   : loaded 2 times (x 66B)
Class kotlin.collections.MapsKt__MapsJVMKt                                            : loaded 2 times (x 67B)
Class kotlin.jvm.JvmStatic                                                            : loaded 2 times (x 66B)
Class it.unimi.dsi.fastutil.objects.ObjectArrays$ForkJoinQuickSort                    : loaded 2 times (x 92B)
Class kotlin.DeprecationLevel                                                         : loaded 2 times (x 75B)
Class com.google.common.collect.ImmutableBiMap$Builder                                : loaded 2 times (x 76B)
Class kotlin.collections.ArraysKt___ArraysKt$asSequence$$inlined$Sequence$1           : loaded 2 times (x 71B)
Class jdk.internal.jimage.ImageBufferCache$1                                          : loaded 2 times (x 79B)
Class org.gradle.internal.time.DefaultTimer                                           : loaded 2 times (x 76B)
Class org.gradle.internal.exceptions.MultiCauseException                              : loaded 2 times (x 66B)
Class org.gradle.internal.time.CountdownTimer                                         : loaded 2 times (x 66B)
Class com.google.common.collect.MultimapBuilder$MultimapBuilderWithKeys$2             : loaded 2 times (x 72B)
Class kotlin.coroutines.intrinsics.IntrinsicsKt                                       : loaded 2 times (x 67B)
Class kotlin.jvm.internal.markers.KMutableCollection                                  : loaded 2 times (x 66B)
Class kotlin.jvm.functions.Function11                                                 : loaded 2 times (x 66B)
Class kotlin.reflect.KAnnotatedElement                                                : loaded 2 times (x 66B)
Class kotlin.collections.EmptyMap                                                     : loaded 2 times (x 105B)
Class kotlin.ranges.IntRange$Companion                                                : loaded 2 times (x 67B)
Class com.google.common.collect.FluentIterable                                        : loaded 2 times (x 77B)
Class com.google.common.cache.LocalCache$StrongEntry                                  : loaded 2 times (x 104B)
Class com.google.common.util.concurrent.AbstractFuture$TrustedFuture                  : loaded 2 times (x 110B)
Class com.google.common.cache.LoadingCache                                            : loaded 2 times (x 66B)
Class org.gradle.internal.impldep.gnu.trove.TObjectCanonicalHashingStrategy           : loaded 2 times (x 76B)
Class org.gradle.internal.InternalTransformer                                         : loaded 2 times (x 66B)
Class org.jetbrains.kotlin.config.MavenComparableVersion                              : loaded 2 times (x 74B)
Class kotlin.io.FileTreeWalk$FileTreeWalkIterator$WhenMappings                        : loaded 2 times (x 67B)
Class it.unimi.dsi.fastutil.objects.ObjectArrays$ForkJoinQuickSortComp                : loaded 2 times (x 92B)
Class kotlin.jvm.internal.Ref$IntRef                                                  : loaded 2 times (x 67B)
Class org.gradle.tooling.internal.adapter.ProtocolToModelAdapter                      : loaded 2 times (x 76B)
Class com.intellij.gradle.toolingExtension.impl.model.buildScriptClasspathModel.GradleBuildScriptClasspathSerializationService$WriteContext: loaded 2 times (x 68B)
Class org.gradle.kotlin.dsl.VersionCatalogAccessorsKt                                 : loaded 2 times (x 67B)
Class com.google.common.util.concurrent.UncheckedExecutionException                   : loaded 2 times (x 78B)
Class com.google.common.io.ByteSink$AsCharSink                                        : loaded 2 times (x 76B)
Class it.unimi.dsi.fastutil.Function                                                  : loaded 2 times (x 66B)
Class kotlin.text.DelimitedRangesSequence$iterator$1                                  : loaded 2 times (x 75B)
Class com.google.common.collect.ExplicitOrdering                                      : loaded 2 times (x 111B)
Class com.intellij.gradle.toolingExtension.impl.model.projectModel.GradleExternalProjectSerializationService$ReadContext: loaded 2 times (x 69B)
Class com.intellij.gradle.toolingExtension.impl.model.dependencyModel.DependencyWriteContext: loaded 2 times (x 68B)
Class jdk.internal.jrtfs.JrtDirectoryStream$1                                         : loaded 2 times (x 79B)
Class org.gradle.tooling.model.ProjectModel                                           : loaded 2 times (x 66B)
Class jdk.internal.jrtfs.JrtFileSystem                                                : loaded 2 times (x 98B)
Class com.google.common.collect.MultimapBuilder$MultimapBuilderWithKeys$3             : loaded 2 times (x 72B)
Class kotlin.sequences.TakeWhileSequence                                              : loaded 2 times (x 71B)
Class it.unimi.dsi.fastutil.BidirectionalIterator                                     : loaded 2 times (x 66B)
Class kotlin.io.FileTreeWalk$FileTreeWalkIterator$TopDownDirectoryState               : loaded 2 times (x 70B)
Class kotlin.coroutines.intrinsics.CoroutineSingletons                                : loaded 2 times (x 75B)
Class kotlin.jvm.functions.Function12                                                 : loaded 2 times (x 66B)
Class kotlin.collections.MapsKt                                                       : loaded 2 times (x 67B)
Class it.unimi.dsi.fastutil.objects.ObjectCollection                                  : loaded 2 times (x 66B)
Class org.objectweb.asm.MethodWriter                                                  : loaded 2 times (x 102B)
Class [Lcom.google.common.cache.Weigher;                                              : loaded 2 times (x 65B)
Class com.google.common.collect.RegularImmutableMap$BucketOverflowException           : loaded 2 times (x 78B)
Class jdk.internal.jimage.ImageLocation                                               : loaded 2 times (x 86B)
Class org.gradle.internal.impldep.gnu.trove.Equality                                  : loaded 2 times (x 66B)
Class com.google.common.util.concurrent.AbstractFuture$Trusted                        : loaded 2 times (x 66B)
Class com.google.common.collect.Range                                                 : loaded 2 times (x 83B)
Class com.google.common.base.Optional                                                 : loaded 2 times (x 76B)
Class kotlin.text.CharsKt                                                             : loaded 2 times (x 67B)
Class kotlin.collections.AbstractIterator                                             : loaded 2 times (x 79B)
Class org.gradle.tooling.internal.adapter.CollectionMapper                            : loaded 2 times (x 69B)
Class org.gradle.tooling.model.kotlin.dsl.KotlinDslScriptModel                        : loaded 2 times (x 66B)
Class org.jetbrains.plugins.gradle.tooling.serialization.ProjectDependenciesSerializationService: loaded 2 times (x 73B)
Class org.jetbrains.plugins.gradle.tooling.serialization.ProjectDependenciesSerializationService$WriteContext: loaded 2 times (x 68B)
Class com.google.common.util.concurrent.AbstractFuture$UnsafeAtomicHelper$1           : loaded 2 times (x 72B)
Class com.google.common.collect.ImmutableRangeSet$1                                   : loaded 2 times (x 205B)
Class jdk.internal.jimage.decompressor.CompressedResourceHeader                       : loaded 2 times (x 67B)
Class com.google.common.collect.MultimapBuilder$MultimapBuilderWithKeys$4             : loaded 2 times (x 72B)
Class org.jetbrains.kotlin.config.MavenComparableVersion$IntegerItem                  : loaded 2 times (x 76B)
Class kotlin.text.Charsets                                                            : loaded 2 times (x 67B)
Class kotlin.sequences.SequenceBuilderIterator                                        : loaded 2 times (x 81B)
Class kotlin.jvm.functions.Function13                                                 : loaded 2 times (x 66B)
Class kotlin.ranges.OpenEndRange                                                      : loaded 2 times (x 66B)
Class com.google.common.collect.AbstractMapBasedMultimap$RandomAccessWrappedList      : loaded 2 times (x 201B)
Class kotlin.reflect.KCallable                                                        : loaded 2 times (x 66B)
Class kotlin.io.FilesKt__FilePathComponentsKt                                         : loaded 2 times (x 67B)
Class kotlin.io.TerminateException                                                    : loaded 2 times (x 78B)
Class it.unimi.dsi.fastutil.ints.IntSpliterator                                       : loaded 2 times (x 66B)
Class it.unimi.dsi.fastutil.objects.Object2IntFunction                                : loaded 2 times (x 66B)
Class com.google.common.collect.SortedIterables                                       : loaded 2 times (x 67B)
Class org.gradle.internal.impldep.gnu.trove.THash                                     : loaded 2 times (x 77B)
Class org.jetbrains.plugins.gradle.tooling.serialization.AnnotationProcessingModelSerializationService$WriteContext: loaded 2 times (x 68B)
Class com.google.common.cache.LocalCache$2                                            : loaded 2 times (x 138B)
Class com.google.common.reflect.TypeToken$SimpleTypeToken                             : loaded 2 times (x 69B)
Class com.google.common.collect.MapMakerInternalMap$AbstractStrongKeyEntry            : loaded 2 times (x 76B)
Class kotlin.io.CloseableKt                                                           : loaded 2 times (x 67B)
Class kotlin.reflect.KProperty2                                                       : loaded 2 times (x 66B)
Class org.jetbrains.plugins.gradle.model.tests.ExternalTestsModel                     : loaded 2 times (x 66B)
Class org.gradle.internal.exceptions.DefaultMultiCauseException                       : loaded 2 times (x 91B)
Class com.google.common.collect.MultimapBuilder$MultimapBuilderWithKeys$5             : loaded 2 times (x 74B)
Class kotlin.sequences.GeneratorSequence$iterator$1                                   : loaded 2 times (x 75B)
Class kotlin.collections.CollectionsKt___CollectionsKt$withIndex$1                    : loaded 2 times (x 75B)
Class com.google.common.collect.AbstractSetMultimap                                   : loaded 2 times (x 170B)
Class com.google.common.cache.LocalCache$1                                            : loaded 2 times (x 85B)
Class kotlin.jvm.functions.Function14                                                 : loaded 2 times (x 66B)
Class kotlin.ranges.RangesKt___RangesKt                                               : loaded 2 times (x 67B)
Class com.google.common.collect.AbstractIterator$State                                : loaded 2 times (x 75B)
Class com.google.common.reflect.Types$JavaVersion$1                                   : loaded 2 times (x 79B)
Class com.google.common.cache.LocalCache$ValueReference                               : loaded 2 times (x 66B)
Class com.google.common.collect.HashBiMap$BiEntry                                     : loaded 2 times (x 79B)
Class kotlin.Pair                                                                     : loaded 2 times (x 68B)
Class kotlin.reflect.KClass                                                           : loaded 2 times (x 66B)
Class kotlin.reflect.KProperty1                                                       : loaded 2 times (x 66B)
Class kotlin.sequences.TransformingSequence$iterator$1                                : loaded 2 times (x 75B)
Class jdk.internal.jrtfs.JrtFileSystemProvider                                        : loaded 2 times (x 97B)
Class org.gradle.tooling.model.UnsupportedMethodException                             : loaded 2 times (x 78B)
Class com.intellij.gradle.toolingExtension.util.GradleVersionUtil                     : loaded 2 times (x 67B)
Class org.gradle.internal.service.ServiceLocator                                      : loaded 2 times (x 66B)
Class com.intellij.gradle.toolingExtension.impl.model.projectModel.GradleExternalProjectSerializationService: loaded 2 times (x 73B)
Class org.gradle.tooling.model.HierarchicalElement                                    : loaded 2 times (x 66B)
Class com.google.common.collect.MultimapBuilder$MultimapBuilderWithKeys$6             : loaded 2 times (x 72B)
Class kotlin.coroutines.jvm.internal.Boxing                                           : loaded 2 times (x 67B)
Class kotlin.collections.ArrayDeque$Companion                                         : loaded 2 times (x 67B)
Class [Lorg.objectweb.asm.Type;                                                       : loaded 2 times (x 65B)
Class it.unimi.dsi.fastutil.ints.IntArrays$Segment                                    : loaded 2 times (x 67B)
Class it.unimi.dsi.fastutil.ints.IntBidirectionalIterator                             : loaded 2 times (x 66B)
Class kotlin.text.CharsKt__CharKt                                                     : loaded 2 times (x 67B)
Class kotlin.jvm.functions.Function15                                                 : loaded 2 times (x 66B)
Class it.unimi.dsi.fastutil.ints.IntCollection                                        : loaded 2 times (x 66B)
Class org.jetbrains.kotlin.config.LanguageOrApiVersion                                : loaded 2 times (x 66B)
Class kotlin.collections.ArraysKt                                                     : loaded 2 times (x 67B)
Class it.unimi.dsi.fastutil.ints.AbstractInt2ObjectMap                                : loaded 2 times (x 273B)
Class com.google.common.hash.PrimitiveSink                                            : loaded 2 times (x 66B)
Class com.google.common.reflect.Types$JavaVersion$2                                   : loaded 2 times (x 79B)
Class com.google.common.reflect.Types                                                 : loaded 2 times (x 67B)
Class com.google.common.util.concurrent.AbstractFuture$Failure                        : loaded 2 times (x 68B)
Class com.google.common.base.PatternCompiler                                          : loaded 2 times (x 66B)
Class kotlin.reflect.KProperty0                                                       : loaded 2 times (x 66B)
Class kotlin.Result                                                                   : loaded 2 times (x 68B)
Class com.google.common.reflect.TypeResolver$TypeVariableKey                          : loaded 2 times (x 68B)
Class kotlin.collections.builders.ListBuilder                                         : loaded 2 times (x 203B)
Class kotlin.collections.builders.ListBuilder$Companion                               : loaded 2 times (x 67B)
Class kotlin.comparisons.ComparisonsKt___ComparisonsJvmKt                             : loaded 2 times (x 67B)
Class com.google.common.collect.ImmutableMapEntry$NonTerminalImmutableBiMapEntry      : loaded 2 times (x 81B)
Class jdk.internal.jrtfs.SystemImage$2                                                : loaded 2 times (x 72B)
Class com.google.common.cache.CacheLoader$FunctionToCacheLoader                       : loaded 2 times (x 71B)
Class com.google.common.collect.ImmutableRangeSet$AsSet                               : loaded 2 times (x 295B)
Class com.google.common.reflect.Types$ParameterizedTypeImpl                           : loaded 2 times (x 77B)
Class kotlin.enums.EnumEntriesList                                                    : loaded 2 times (x 219B)
Class kotlin.jvm.internal.FunctionBase                                                : loaded 2 times (x 66B)
Class kotlin.text.StringsKt__StringsKt$rangesDelimitedBy$2                            : loaded 2 times (x 75B)
Class it.unimi.dsi.fastutil.objects.ReferenceCollection                               : loaded 2 times (x 66B)
Class kotlin.jvm.internal.FunctionReference                                           : loaded 2 times (x 118B)
Class org.jetbrains.plugins.gradle.tooling.serialization.ExternalTestsSerializationService: loaded 2 times (x 73B)
Class org.gradle.internal.time.Time                                                   : loaded 2 times (x 67B)
Class com.google.common.collect.ByFunctionOrdering                                    : loaded 2 times (x 111B)
Class com.google.common.collect.ImmutableSetMultimap                                  : loaded 2 times (x 178B)
Class [Lkotlin.coroutines.intrinsics.CoroutineSingletons;                             : loaded 2 times (x 65B)
Class it.unimi.dsi.fastutil.longs.LongSet                                             : loaded 2 times (x 66B)
Class [Lkotlin.annotation.AnnotationTarget;                                           : loaded 2 times (x 65B)
Class kotlin.coroutines.EmptyCoroutineContext                                         : loaded 2 times (x 73B)
Class kotlin.jvm.functions.Function16                                                 : loaded 2 times (x 66B)
Class kotlin.collections.SetsKt__SetsKt                                               : loaded 2 times (x 67B)
Class kotlin.LazyKt                                                                   : loaded 2 times (x 67B)
Class com.google.common.io.CharSink                                                   : loaded 2 times (x 75B)
Class com.google.common.reflect.Types$JavaVersion$3                                   : loaded 2 times (x 79B)
Class org.objectweb.asm.Label                                                         : loaded 2 times (x 69B)
Class org.objectweb.asm.CurrentFrame                                                  : loaded 2 times (x 69B)
Class org.objectweb.asm.ClassTooLargeException                                        : loaded 2 times (x 79B)
Class com.google.common.collect.Maps$IteratorBasedAbstractMap$1                       : loaded 2 times (x 134B)
Class com.google.common.collect.LinkedHashMultimap$ValueSet                           : loaded 2 times (x 138B)
Class jdk.internal.jrtfs.SystemImage$1                                                : loaded 2 times (x 74B)
Class org.gradle.internal.classloader.InstrumentingClassLoader                        : loaded 2 times (x 66B)
Class org.gradle.internal.classpath.TransformedClassPath                              : loaded 2 times (x 92B)
Class com.google.common.cache.CacheBuilder$NullListener                               : loaded 2 times (x 78B)
Class org.objectweb.asm.FieldWriter                                                   : loaded 2 times (x 74B)
Class com.google.common.reflect.Invokable                                             : loaded 2 times (x 99B)
Class org.jetbrains.plugins.gradle.tooling.serialization.AnnotationProcessingModelSerializationService: loaded 2 times (x 73B)
Class com.google.common.collect.MapMaker$Dummy                                        : loaded 2 times (x 75B)
Class kotlin._Assertions                                                              : loaded 2 times (x 67B)
Class kotlin.text.Regex$Companion                                                     : loaded 2 times (x 67B)
Class kotlin.sequences.SequencesKt__SequencesKt$generateSequence$2                    : loaded 2 times (x 75B)
Class kotlin.InitializedLazyImpl                                                      : loaded 2 times (x 72B)
Class kotlin.sequences.SequencesKt___SequencesJvmKt$filterIsInstance$1                : loaded 2 times (x 75B)
Class kotlin.jvm.functions.Function17                                                 : loaded 2 times (x 66B)
Class org.jetbrains.kotlin.config.MavenComparableVersion$Item                         : loaded 2 times (x 66B)
Class kotlin.collections.ArraysKt__ArraysJVMKt                                        : loaded 2 times (x 67B)
Class com.google.common.collect.Table                                                 : loaded 2 times (x 66B)
Class com.google.common.reflect.Types$JavaVersion$4                                   : loaded 2 times (x 79B)
Class com.google.common.collect.RangeGwtSerializationDependencies                     : loaded 2 times (x 67B)
Class org.objectweb.asm.Frame                                                         : loaded 2 times (x 69B)
Class org.objectweb.asm.MethodVisitor                                                 : loaded 2 times (x 101B)
Class com.google.common.cache.LocalCache$EntryFactory$1                               : loaded 2 times (x 79B)
Class [Lcom.google.common.cache.RemovalListener;                                      : loaded 2 times (x 65B)
Class com.google.common.base.Splitter$1                                               : loaded 2 times (x 73B)
Class com.google.common.cache.LocalCache$Strength$3                                   : loaded 2 times (x 77B)
Class com.google.common.collect.Interner                                              : loaded 2 times (x 66B)
Class com.google.common.collect.Interners$InternerImpl                                : loaded 2 times (x 71B)
Class kotlin.text.StringsKt__RegexExtensionsJVMKt                                     : loaded 2 times (x 67B)
Class kotlin.collections.ArraysKt___ArraysJvmKt                                       : loaded 2 times (x 67B)
Class kotlin.reflect.KTypeParameter                                                   : loaded 2 times (x 66B)
Class it.unimi.dsi.fastutil.ints.IntIterator                                          : loaded 2 times (x 66B)
Class com.google.common.collect.TransformedIterator                                   : loaded 2 times (x 76B)
Class [Lcom.intellij.openapi.externalSystem.model.project.dependencies.ResolutionState;: loaded 2 times (x 65B)
Class org.gradle.internal.impldep.gnu.trove.TObjectHash                               : loaded 2 times (x 90B)
Class kotlin.jvm.functions.Function18                                                 : loaded 2 times (x 66B)
Class kotlin.jvm.internal.CallableReference$NoReceiver                                : loaded 2 times (x 67B)
Class kotlin.text.StringsKt__StringBuilderKt                                          : loaded 2 times (x 67B)
Class com.google.common.reflect.Types$JavaVersion$5                                   : loaded 2 times (x 67B)
Class [Lcom.google.common.reflect.Types$ClassOwnership;                               : loaded 2 times (x 65B)
Class com.google.common.collect.RangeSet                                              : loaded 2 times (x 66B)
Class com.google.common.cache.LocalCache$EntryFactory$2                               : loaded 2 times (x 79B)
Class org.gradle.api.internal.classpath.GlobalCacheRootsProvider                      : loaded 2 times (x 66B)
Class com.google.common.collect.AllEqualOrdering                                      : loaded 2 times (x 110B)
Class com.intellij.openapi.util.Pair                                                  : loaded 2 times (x 68B)
Class com.intellij.openapi.externalSystem.model.project.dependencies.ResolutionState  : loaded 2 times (x 75B)
Class com.google.common.cache.LocalCache$Strength$2                                   : loaded 2 times (x 77B)
Class com.google.common.util.concurrent.SettableFuture                                : loaded 2 times (x 110B)
Class com.google.common.reflect.Types$ClassOwnership$3                                : loaded 2 times (x 67B)
Class it.unimi.dsi.fastutil.objects.ObjectSpliterator                                 : loaded 2 times (x 66B)
Class kotlin.jvm.functions.Function22                                                 : loaded 2 times (x 66B)
Class kotlin.collections.MapWithDefault                                               : loaded 2 times (x 66B)
Class kotlin.annotation.AnnotationRetention                                           : loaded 2 times (x 75B)
Class kotlin.coroutines.jvm.internal.ContinuationImpl                                 : loaded 2 times (x 83B)
Class kotlin.coroutines.jvm.internal.SuspendLambda                                    : loaded 2 times (x 87B)
Class com.google.common.collect.EmptyImmutableSetMultimap                             : loaded 2 times (x 178B)
Class org.gradle.tooling.model.BuildIdentifier                                        : loaded 2 times (x 66B)
Class com.google.common.collect.Multimaps                                             : loaded 2 times (x 67B)
Class org.gradle.tooling.model.Dependency                                             : loaded 2 times (x 66B)
Class it.unimi.dsi.fastutil.ints.IntArrays$ForkJoinQuickSort                          : loaded 2 times (x 92B)
Class it.unimi.dsi.fastutil.objects.ObjectArrays$ForkJoinQuickSort2                   : loaded 2 times (x 92B)
Class kotlin.reflect.KMutableProperty$Setter                                          : loaded 2 times (x 66B)
Class kotlin.jvm.functions.Function19                                                 : loaded 2 times (x 66B)
Class kotlin.Lazy                                                                     : loaded 2 times (x 66B)
Class kotlin.NoWhenBranchMatchedException                                             : loaded 2 times (x 78B)
Class org.jetbrains.plugins.gradle.tooling.serialization.GradleExtensionsSerializationService: loaded 2 times (x 73B)
Class com.google.common.collect.CollectCollectors                                     : loaded 2 times (x 67B)
Class org.objectweb.asm.ModuleWriter                                                  : loaded 2 times (x 78B)
Class com.google.common.cache.LocalCache$EntryFactory$3                               : loaded 2 times (x 79B)
Class com.google.common.base.Ticker$1                                                 : loaded 2 times (x 68B)
Class com.google.common.cache.LocalCache$Strength$1                                   : loaded 2 times (x 77B)
Class org.objectweb.asm.ModuleVisitor                                                 : loaded 2 times (x 77B)
Class com.google.common.reflect.TypeResolver                                          : loaded 2 times (x 68B)
Class com.google.common.reflect.Types$ClassOwnership$2                                : loaded 2 times (x 76B)
Class kotlin.jvm.functions.Function21                                                 : loaded 2 times (x 66B)
Class it.unimi.dsi.fastutil.longs.LongIterable                                        : loaded 2 times (x 66B)
Class [Lcom.google.common.collect.LinkedHashMultimap$ValueEntry;                      : loaded 2 times (x 65B)
Class org.jetbrains.plugins.gradle.model.ClasspathEntryModel                          : loaded 2 times (x 66B)
Class com.google.common.collect.MultimapBuilder$1                                     : loaded 2 times (x 78B)
Class com.google.common.collect.SetMultimap                                           : loaded 2 times (x 66B)
Class org.jetbrains.kotlin.idea.gradleTooling.KotlinDslScriptAdditionalTask           : loaded 2 times (x 66B)
Class org.gradle.internal.service.UnknownServiceException                             : loaded 2 times (x 79B)
Class com.google.common.collect.CollectSpliterators$1                                 : loaded 2 times (x 86B)
Class com.google.common.cache.LocalCache$EntryFactory$4                               : loaded 2 times (x 79B)
Class com.google.common.base.AbstractIterator$State                                   : loaded 2 times (x 75B)
Class com.google.common.cache.LocalCache$LocalLoadingCache                            : loaded 2 times (x 130B)
Class com.google.common.util.concurrent.AbstractFuture$SafeAtomicHelper               : loaded 2 times (x 75B)
Class [Lorg.objectweb.asm.AnnotationVisitor;                                          : loaded 2 times (x 65B)
Class com.google.common.reflect.Types$ClassOwnership$1                                : loaded 2 times (x 76B)
Class org.jetbrains.kotlin.config.LanguageVersion$Companion                           : loaded 2 times (x 67B)
Class kotlin.jvm.functions.Function20                                                 : loaded 2 times (x 66B)
Class kotlin.collections.CollectionsKt___CollectionsKt$asSequence$$inlined$Sequence$1 : loaded 2 times (x 71B)
Class org.gradle.tooling.model.build.JavaEnvironment                                  : loaded 2 times (x 66B)
Class com.google.common.collect.MultimapBuilder$2                                     : loaded 2 times (x 78B)
Class com.google.common.collect.MultimapBuilder$MultimapBuilderWithKeys               : loaded 2 times (x 78B)
Class com.google.common.collect.ReverseOrdering                                       : loaded 2 times (x 111B)
Class it.unimi.dsi.fastutil.ints.AbstractInt2ObjectFunction                           : loaded 2 times (x 158B)
Class com.google.common.cache.LocalCache$EntryFactory$5                               : loaded 2 times (x 79B)
Class jdk.internal.jrtfs.SystemImage                                                  : loaded 2 times (x 70B)
Class sync_studio_tooling5761_hcrimcmqzrqc60lueq0syf16                                : loaded 2 times (x 175B)
Class org.gradle.internal.impldep.gnu.trove.TObjectHash$NULL                          : loaded 2 times (x 67B)
Class org.gradle.api.internal.ClassPathProvider                                       : loaded 2 times (x 66B)
Class [Lorg.gradle.api.internal.ClassPathProvider;                                    : loaded 2 times (x 65B)
Class it.unimi.dsi.fastutil.ints.IntIterable                                          : loaded 2 times (x 66B)
Class it.unimi.dsi.fastutil.ints.IntSet                                               : loaded 2 times (x 66B)
Class kotlin.text.StringsKt__StringNumberConversionsJVMKt                             : loaded 2 times (x 67B)
Class kotlin.sequences.Sequence                                                       : loaded 2 times (x 66B)
Class kotlin.sequences.SequenceScope                                                  : loaded 2 times (x 69B)
Class com.google.common.collect.NaturalOrdering                                       : loaded 2 times (x 111B)
Class com.google.common.collect.LinkedHashMultimapGwtSerializationDependencies        : loaded 2 times (x 170B)
Class org.gradle.internal.time.Timer                                                  : loaded 2 times (x 66B)
Class com.google.common.collect.MultimapBuilder$3                                     : loaded 2 times (x 79B)
Class [Lkotlin.reflect.KProperty;                                                     : loaded 2 times (x 65B)
Class kotlin.jvm.internal.markers.KMappedMarker                                       : loaded 2 times (x 66B)
Class org.gradle.api.internal.DefaultClassPathProvider                                : loaded 2 times (x 72B)
Class com.google.common.cache.LocalCache$EntryFactory$6                               : loaded 2 times (x 79B)
Class org.gradle.internal.installation.CurrentGradleInstallationLocator               : loaded 2 times (x 67B)
Class com.google.common.base.Splitter                                                 : loaded 2 times (x 68B)
Class org.objectweb.asm.AnnotationVisitor                                             : loaded 2 times (x 74B)
Class com.google.common.collect.Iterators$EmptyModifiableIterator                     : loaded 2 times (x 82B)
Class kotlin.jvm.internal.ArrayIteratorKt                                             : loaded 2 times (x 67B)
Class [Lkotlin.reflect.KCallable;                                                     : loaded 2 times (x 65B)
Class kotlin.reflect.KProperty$Accessor                                               : loaded 2 times (x 66B)
Class com.google.common.collect.ComparatorOrdering                                    : loaded 2 times (x 111B)
Class org.gradle.internal.impldep.gnu.trove.TObjectIntHashMap                         : loaded 2 times (x 105B)
Class com.intellij.gradle.toolingExtension.impl.model.buildScriptClasspathModel.GradleBuildScriptClasspathSerializationService$ReadContext: loaded 2 times (x 68B)
Class com.google.common.collect.ImmutableRangeSet                                     : loaded 2 times (x 111B)
Class com.google.common.collect.AbstractIterator$1                                    : loaded 2 times (x 67B)
Class [Lorg.jetbrains.kotlin.config.LanguageOrApiVersion;                             : loaded 2 times (x 65B)
Class kotlin.text.StringsKt__AppendableKt                                             : loaded 2 times (x 67B)
Class it.unimi.dsi.fastutil.objects.ObjectArrays$ArrayHashStrategy                    : loaded 2 times (x 71B)
Class org.gradle.tooling.model.idea.IdeaProject                                       : loaded 2 times (x 66B)
Class org.gradle.tooling.model.DomainObjectSet                                        : loaded 2 times (x 66B)
Class com.google.common.collect.MultimapBuilder$4                                     : loaded 2 times (x 79B)
Class com.google.common.collect.CollectSpliterators$1WithCharacteristics              : loaded 2 times (x 86B)
Class [Lkotlin.io.FileWalkDirection;                                                  : loaded 2 times (x 65B)
Class org.gradle.tooling.internal.gradle.DefaultProjectIdentifier                     : loaded 2 times (x 82B)
Class com.google.common.collect.Maps$KeySet                                           : loaded 2 times (x 133B)
Class com.google.common.cache.LocalCache$EntryFactory$7                               : loaded 2 times (x 79B)
Class com.google.common.collect.ImmutableSet$EmptySetBuilderImpl                      : loaded 2 times (x 72B)
Class org.gradle.internal.service.DefaultServiceLocator                               : loaded 2 times (x 79B)
Class org.gradle.api.internal.classpath.EffectiveClassPath                            : loaded 2 times (x 86B)
Class it.unimi.dsi.fastutil.ints.Int2ObjectMap                                        : loaded 2 times (x 66B)
Class kotlin.sequences.SequencesKt___SequencesKt$flatMap$2                            : loaded 2 times (x 121B)
Class kotlin.io.FileTreeWalk$FileTreeWalkIterator                                     : loaded 2 times (x 79B)
Class com.google.common.collect.Ordering                                              : loaded 2 times (x 110B)
Class org.jetbrains.plugins.gradle.tooling.serialization.internal.IdeaProjectSerializationService: loaded 2 times (x 73B)
Class org.gradle.internal.classloader.ClassLoaderVisitor                              : loaded 2 times (x 72B)
Class [Lcom.google.common.collect.AbstractIterator$State;                             : loaded 2 times (x 65B)
Class kotlin.collections.AbstractList$Companion                                       : loaded 2 times (x 67B)
Class kotlin.sequences.SequencesKt___SequencesKt                                      : loaded 2 times (x 67B)
Class org.jetbrains.kotlin.cli.jvm.compiler.KotlinCoreEnvironment$Companion           : loaded 2 times (x 67B)
Class kotlin.KotlinVersion$Companion                                                  : loaded 2 times (x 67B)
Class com.google.common.collect.ReverseNaturalOrdering                                : loaded 2 times (x 110B)
Class org.gradle.internal.classloader.DefaultClassLoaderFactory                       : loaded 2 times (x 78B)
Class org.gradle.util.GradleVersion                                                   : loaded 2 times (x 75B)
Class jdk.internal.jrtfs.JrtDirectoryStream                                           : loaded 2 times (x 85B)
Class com.google.common.base.Platform$JdkPatternCompiler                              : loaded 2 times (x 71B)
Class [Lcom.google.common.cache.CacheBuilder$OneWeigher;                              : loaded 2 times (x 65B)
Class kotlin.io.FileTreeWalk                                                          : loaded 2 times (x 71B)
Class kotlin.coroutines.jvm.internal.SuspendFunction                                  : loaded 2 times (x 66B)
Class kotlin.reflect.KMutableProperty0                                                : loaded 2 times (x 66B)
Class kotlin.reflect.KClassifier                                                      : loaded 2 times (x 66B)
Class org.objectweb.asm.MethodTooLargeException                                       : loaded 2 times (x 79B)
Class org.jetbrains.kotlin.util.capitalizeDecapitalize.CapitalizeDecapitalizeKt       : loaded 2 times (x 67B)
Class it.unimi.dsi.fastutil.objects.AbstractReferenceSet                              : loaded 2 times (x 175B)
Class com.google.common.cache.LocalCache$SoftValueReference                           : loaded 2 times (x 93B)
Class com.google.common.cache.LocalCache$EntryFactory$8                               : loaded 2 times (x 79B)
Class org.gradle.internal.installation.CurrentGradleInstallation                      : loaded 2 times (x 69B)
Class com.google.common.collect.MapMakerInternalMap$StrongKeyDummyValueEntry$LinkedStrongKeyDummyValueEntry: loaded 2 times (x 78B)
Class [Lkotlin.reflect.KClass;                                                        : loaded 2 times (x 65B)
Class com.intellij.util.containers.IntObjectHashMap$ArrayProducer                     : loaded 2 times (x 66B)
Class org.objectweb.asm.ClassVisitor                                                  : loaded 2 times (x 84B)
Class [Lorg.objectweb.asm.Symbol;                                                     : loaded 2 times (x 65B)
Class com.google.common.reflect.TypeCapture                                           : loaded 2 times (x 67B)
Class org.jetbrains.plugins.gradle.tooling.serialization.GradleExtensionsSerializationService$WriteContext: loaded 2 times (x 68B)
Class com.intellij.gradle.toolingExtension.impl.model.taskModel.GradleTaskSerialisationService$Companion: loaded 2 times (x 67B)
Class com.google.common.cache.LocalCache$Values                                       : loaded 2 times (x 114B)
Class kotlin.jvm.internal.StringCompanionObject                                       : loaded 2 times (x 67B)
Class kotlin.jvm.internal.Ref$BooleanRef                                              : loaded 2 times (x 67B)
Class kotlin.coroutines.intrinsics.IntrinsicsKt__IntrinsicsJvmKt                      : loaded 2 times (x 67B)
Class kotlin.coroutines.jvm.internal.CoroutineStackFrame                              : loaded 2 times (x 66B)
Class kotlin.reflect.KMutableProperty1                                                : loaded 2 times (x 66B)
Class com.google.common.cache.CacheLoader$1                                           : loaded 2 times (x 71B)
Class com.google.common.collect.ForwardingObject                                      : loaded 2 times (x 68B)
Class org.gradle.util.internal.GUtil                                                  : loaded 2 times (x 67B)
Class it.unimi.dsi.fastutil.objects.ReferenceSet                                      : loaded 2 times (x 66B)
Class kotlin.collections.builders.ListBuilder$Itr                                     : loaded 2 times (x 90B)
Class kotlin.sequences.TransformingSequence                                           : loaded 2 times (x 71B)
Class jdk.internal.jimage.decompressor.StringSharingDecompressorFactory               : loaded 2 times (x 70B)
Class org.gradle.internal.operations.MultipleBuildOperationFailures                   : loaded 2 times (x 91B)
Class kotlin.ranges.IntProgression$Companion                                          : loaded 2 times (x 67B)
Class com.google.common.collect.ImmutableListMultimap$Builder                         : loaded 2 times (x 79B)
Class org.gradle.tooling.internal.adapter.TargetTypeProvider                          : loaded 2 times (x 66B)
Class org.jetbrains.plugins.gradle.model.AnnotationProcessingModel                    : loaded 2 times (x 66B)
Class org.jetbrains.plugins.gradle.model.GradleExtensions                             : loaded 2 times (x 66B)
Class org.gradle.api.internal.classpath.ManifestUtil                                  : loaded 2 times (x 67B)
Class com.intellij.gradle.toolingExtension.impl.model.sourceSetModel.GradleSourceSetSerialisationService$SourceSetModelReadContext: loaded 2 times (x 68B)
Class com.intellij.gradle.toolingExtension.impl.model.utilTurnOffDefaultTasksModel.TurnOffDefaultTasks: loaded 2 times (x 66B)
Class com.google.common.util.concurrent.ExecutionError                                : loaded 2 times (x 78B)
Class it.unimi.dsi.fastutil.ints.AbstractIntCollection                                : loaded 2 times (x 181B)
Class kotlin.io.NoSuchFileException                                                   : loaded 2 times (x 78B)
Class kotlin.reflect.KMutableProperty2                                                : loaded 2 times (x 66B)
Class com.google.common.io.ByteSource                                                 : loaded 2 times (x 80B)
Class com.google.common.util.concurrent.AbstractFuture$SetFuture                      : loaded 2 times (x 71B)
Class com.google.common.cache.AbstractCache$StatsCounter                              : loaded 2 times (x 66B)
Class com.google.common.collect.AbstractMapBasedMultimap$WrappedCollection            : loaded 2 times (x 120B)
Class [Lcom.google.common.cache.RemovalCause;                                         : loaded 2 times (x 65B)
Class kotlin.SafePublicationLazyImpl$Companion                                        : loaded 2 times (x 67B)
Class kotlin.jvm.internal.MutablePropertyReference1                                   : loaded 2 times (x 133B)
Class kotlin.jvm.internal.PropertyReference1Impl                                      : loaded 2 times (x 123B)
Class com.intellij.gradle.toolingExtension.impl.model.sourceSetModel.GradleSourceSetSerialisationService$SourceSetModelWriteContext: loaded 2 times (x 68B)
Class org.gradle.tooling.GradleConnectionException                                    : loaded 2 times (x 79B)
Class org.gradle.tooling.internal.adapter.ProtocolToModelAdapter$1                    : loaded 2 times (x 71B)
Class org.gradle.tooling.internal.adapter.ProtocolToModelAdapter$ViewDecoration       : loaded 2 times (x 66B)
Class org.gradle.tooling.model.build.GradleEnvironment                                : loaded 2 times (x 66B)
Class org.jetbrains.plugins.gradle.tooling.util.IntObjectMap$ObjectFactory            : loaded 2 times (x 66B)
Class kotlin.ranges.IntProgressionIterator                                            : loaded 2 times (x 78B)
Class kotlin.coroutines.CoroutineContext                                              : loaded 2 times (x 66B)
Class kotlin.coroutines.jvm.internal.DebugProbesKt                                    : loaded 2 times (x 67B)
Class org.gradle.internal.classloader.ClassLoaderHierarchy                            : loaded 2 times (x 66B)
Class com.google.common.io.LineBuffer                                                 : loaded 2 times (x 71B)
Class com.google.common.reflect.Types$TypeVariableImpl                                : loaded 2 times (x 68B)
Class org.gradle.internal.installation.GradleInstallation                             : loaded 2 times (x 71B)
Class [Lcom.google.common.base.AbstractIterator$State;                                : loaded 2 times (x 65B)
Class com.google.common.io.FileWriteMode                                              : loaded 2 times (x 75B)
Class com.google.common.cache.LocalCache$ValueIterator                                : loaded 2 times (x 82B)
Class kotlin.sequences.SequencesKt__SequenceBuilderKt                                 : loaded 2 times (x 67B)
Class kotlin.jvm.internal.CollectionToArray                                           : loaded 2 times (x 67B)
Class kotlin.sequences.FilteringSequence$iterator$1                                   : loaded 2 times (x 75B)
Class kotlin.io.FilesKt__FileTreeWalkKt                                               : loaded 2 times (x 67B)
Class it.unimi.dsi.fastutil.Stack                                                     : loaded 2 times (x 66B)
Class com.google.common.collect.SortedSetMultimap                                     : loaded 2 times (x 66B)
Class jdk.internal.jimage.BasicImageReader                                            : loaded 2 times (x 91B)
Class org.jetbrains.plugins.gradle.tooling.serialization.GradleExtensionsSerializationService$ReadContext: loaded 2 times (x 68B)
Class org.gradle.tooling.internal.adapter.MethodInvoker                               : loaded 2 times (x 66B)
Class jdk.internal.jimage.decompressor.ResourceDecompressor$StringsProvider           : loaded 2 times (x 66B)
Class com.google.common.collect.LexicographicalOrdering                               : loaded 2 times (x 111B)
Class com.intellij.gradle.toolingExtension.impl.model.sourceSetModel.GradleSourceSetSerialisationService$Companion: loaded 2 times (x 67B)
Class com.google.common.base.Splitter$Strategy                                        : loaded 2 times (x 66B)
Class org.gradle.internal.classloader.FilteringClassLoader                            : loaded 2 times (x 101B)
Class com.google.common.io.LineReader                                                 : loaded 2 times (x 68B)
Class kotlin.text.StringsKt__StringsKt                                                : loaded 2 times (x 67B)
Class kotlin.sequences.DropTakeSequence                                               : loaded 2 times (x 66B)
Class kotlin.sequences.FlatteningSequence                                             : loaded 2 times (x 71B)
Class kotlin.coroutines.jvm.internal.CompletedContinuation                            : loaded 2 times (x 71B)
Class org.jetbrains.plugins.gradle.tooling.serialization.internal.IdeaProjectSerializationService$ReadContext: loaded 2 times (x 68B)
Class com.google.common.cache.LocalCache$LoadingValueReference                        : loaded 2 times (x 92B)
Class org.jetbrains.plugins.gradle.tooling.serialization.RepositoriesModelSerializationService$WriteContext: loaded 2 times (x 68B)
Class kotlin.io.FileWalkDirection                                                     : loaded 2 times (x 75B)
Class kotlin.jvm.KotlinReflectionNotSupportedError                                    : loaded 2 times (x 78B)
Class kotlin.ranges.IntProgression                                                    : loaded 2 times (x 77B)

---------------  S Y S T E M  ---------------

OS:
 Windows 11 , 64 bit Build 22621 (10.0.22621.5415)
OS uptime: 2 days 23:01 hours
Hyper-V role detected

CPU: total 12 (initial active 12) (12 cores per cpu, 2 threads per core) family 23 model 104 stepping 1 microcode 0x0, cx8, cmov, fxsr, ht, mmx, 3dnowpref, sse, sse2, sse3, ssse3, sse4a, sse4.1, sse4.2, popcnt, lzcnt, tsc, tscinvbit, avx, avx2, aes, clmul, bmi1, bmi2, adx, sha, fma, vzeroupper, clflush, clflushopt, hv, rdtscp, rdpid, f16c
Processor Information for the first 12 processors :
  Max Mhz: 2100, Current Mhz: 2100, Mhz Limit: 2100

Memory: 4k page, system-wide physical 7501M (324M free)
TotalPageFile size 23501M (AvailPageFile size 37M)
current process WorkingSet (physical memory assigned to process): 702M, peak: 1050M
current process commit charge ("private bytes"): 1975M, peak: 2134M

vm_info: OpenJDK 64-Bit Server VM (21.0.6+-13391695-b895.109) for windows-amd64 JRE (21.0.6+-13391695-b895.109), built on 2025-04-22T21:19:17Z by "builder" with MS VC++ 16.10 / 16.11 (VS2019)

END.
