#
# There is insufficient memory for the Java Runtime Environment to continue.
# Native memory allocation (mmap) failed to map 36700160 bytes. Error detail: G1 virtual space
# Possible reasons:
#   The system is out of physical RAM or swap space
#   This process is running with CompressedOops enabled, and the Java Heap may be blocking the growth of the native heap
# Possible solutions:
#   Reduce memory load on the system
#   Increase physical memory or swap space
#   Check if swap backing store is full
#   Decrease Java heap size (-Xmx/-Xms)
#   Decrease number of Java threads
#   Decrease Java thread stack sizes (-Xss)
#   Set larger code cache with -XX:ReservedCodeCacheSize=
#   JVM is running with Unscaled Compressed Oops mode in which the Java heap is
#     placed in the first 4GB address space. The Java Heap base address is the
#     maximum limit for the native heap growth. Please use -XX:HeapBaseMinAddress
#     to set the Java Heap base and to place the Java Heap above 4GB virtual address.
# This output file may be truncated or incomplete.
#
#  Out of Memory Error (os_windows.cpp:3898), pid=14636, tid=13288
#
# JRE version: OpenJDK Runtime Environment (21.0.6) (build 21.0.6+-13391695-b895.109)
# Java VM: OpenJDK 64-Bit Server VM (21.0.6+-13391695-b895.109, mixed mode, tiered, compressed oops, compressed class ptrs, g1 gc, windows-amd64)
# No core dump will be written. Minidumps are not enabled by default on client versions of Windows
#

---------------  S U M M A R Y ------------

Command Line: --add-opens=java.base/java.lang=ALL-UNNAMED --add-opens=java.base/java.lang.invoke=ALL-UNNAMED --add-opens=java.base/java.util=ALL-UNNAMED --add-opens=java.prefs/java.util.prefs=ALL-UNNAMED --add-exports=jdk.compiler/com.sun.tools.javac.api=ALL-UNNAMED --add-exports=jdk.compiler/com.sun.tools.javac.util=ALL-UNNAMED --add-opens=java.base/java.util=ALL-UNNAMED --add-opens=java.prefs/java.util.prefs=ALL-UNNAMED --add-opens=java.base/java.nio.charset=ALL-UNNAMED --add-opens=java.base/java.net=ALL-UNNAMED --add-opens=java.base/java.util.concurrent.atomic=ALL-UNNAMED --add-opens=java.xml/javax.xml.namespace=ALL-UNNAMED -Xmx2048m -Dfile.encoding=UTF-8 -Duser.country=US -Duser.language=en -Duser.variant -javaagent:C:\Users\gaurav\.gradle\wrapper\dists\gradle-8.13-bin\5xuhj0ry160q40clulazy9h7d\gradle-8.13\lib\agents\gradle-instrumentation-agent-8.13.jar org.gradle.launcher.daemon.bootstrap.GradleDaemon 8.13

Host: AMD Ryzen 5 5500U with Radeon Graphics         , 12 cores, 7G,  Windows 11 , 64 bit Build 22621 (10.0.22621.5415)
Time: Sat Oct 25 01:26:47 2025 India Standard Time elapsed time: 111.606614 seconds (0d 0h 1m 51s)

---------------  T H R E A D  ---------------

Current thread (0x0000016d7f8fc770):  VMThread "VM Thread"          [id=13288, stack(0x0000001ccf900000,0x0000001ccfa00000) (1024K)]

Stack: [0x0000001ccf900000,0x0000001ccfa00000]
Native frames: (J=compiled Java code, j=interpreted, Vv=VM code, C=native code)
V  [jvm.dll+0x6d0639]
V  [jvm.dll+0x85eb03]
V  [jvm.dll+0x86105e]
V  [jvm.dll+0x861743]
V  [jvm.dll+0x27e6e6]
V  [jvm.dll+0x6ccfd5]
V  [jvm.dll+0x6c0a8a]
V  [jvm.dll+0x35537b]
V  [jvm.dll+0x35cfd6]
V  [jvm.dll+0x3aef86]
V  [jvm.dll+0x3af258]
V  [jvm.dll+0x327a2c]
V  [jvm.dll+0x32a436]
V  [jvm.dll+0x33438d]
V  [jvm.dll+0x36ba15]
V  [jvm.dll+0x8674c8]
V  [jvm.dll+0x868844]
V  [jvm.dll+0x868d80]
V  [jvm.dll+0x869013]
V  [jvm.dll+0x806ed8]
V  [jvm.dll+0x6cef0d]
C  [ucrtbase.dll+0x29333]
C  [KERNEL32.DLL+0x1259d]
C  [ntdll.dll+0x5af78]

VM_Operation (0x0000001ccf4ff610): G1PauseRemark, mode: safepoint, requested by thread 0x0000016d6be13ff0


---------------  P R O C E S S  ---------------

Threads class SMR info:
_java_thread_list=0x0000016d121b2540, length=172, elements={
0x0000016d6bdab680, 0x0000016d7faafb60, 0x0000016d7fab0a70, 0x0000016d7fa9c760,
0x0000016d7fab43b0, 0x0000016d7fab5e10, 0x0000016d7fab6860, 0x0000016d7fabfd90,
0x0000016d7fac4420, 0x0000016d7fbffc00, 0x0000016d7fda9790, 0x0000016d0986c2a0,
0x0000016d09a64d60, 0x0000016d08d32850, 0x0000016d0982c450, 0x0000016d090934b0,
0x0000016d0908ebb0, 0x0000016d0908f240, 0x0000016d0908f8d0, 0x0000016d090919a0,
0x0000016d09c3a870, 0x0000016d09c38e30, 0x0000016d0c5b5380, 0x0000016d0c5b11e0,
0x0000016d0c5b2c20, 0x0000016d0c5b1870, 0x0000016d0c5ae3f0, 0x0000016d0c5b32b0,
0x0000016d0c5b5a10, 0x0000016d0c5aea80, 0x0000016d0c5af110, 0x0000016d0c5afe30,
0x0000016d0c5b3fd0, 0x0000016d0c5b04c0, 0x0000016d0c5b4660, 0x0000016d0c5b4cf0,
0x0000016d0c5b0b50, 0x0000016d0c5b1f00, 0x0000016d0c5b2590, 0x0000016d09c3af00,
0x0000016d09c3a1e0, 0x0000016d09c37a80, 0x0000016d09c387a0, 0x0000016d09c3bc20,
0x0000016d09c366d0, 0x0000016d09c38110, 0x0000016d09c3c2b0, 0x0000016d09c3c940,
0x0000016d09c36040, 0x0000016d09c3cfd0, 0x0000016d09c3d660, 0x0000016d09c373f0,
0x0000016d09c394c0, 0x0000016d09090c80, 0x0000016d0908ff60, 0x0000016d090905f0,
0x0000016d124154f0, 0x0000016d124119e0, 0x0000016d133411c0, 0x0000016d13340b30,
0x0000016d13341850, 0x0000016d13341ee0, 0x0000016d1333d6b0, 0x0000016d1333dd40,
0x0000016d1333f0f0, 0x0000016d1333f780, 0x0000016d13342570, 0x0000016d13342c00,
0x0000016d1333d020, 0x0000016d1333bc70, 0x0000016d13343290, 0x0000016d1333c300,
0x0000016d1333e3d0, 0x0000016d1333fe10, 0x0000016d133404a0, 0x0000016d0d94dd70,
0x0000016d0d94bca0, 0x0000016d0d94c9c0, 0x0000016d0d94e400, 0x0000016d0d94ea90,
0x0000016d0d94f120, 0x0000016d0d94f7b0, 0x0000016d0d94a8f0, 0x0000016d0d9504d0,
0x0000016d1284a800, 0x0000016d1284ae90, 0x0000016d13106c30, 0x0000016d13108670,
0x0000016d131065a0, 0x0000016d1310add0, 0x0000016d13108d00, 0x0000016d131072c0,
0x0000016d13107950, 0x0000016d13109390, 0x0000016d1310b460, 0x0000016d13107fe0,
0x0000016d13109a20, 0x0000016d1310c810, 0x0000016d1310a0b0, 0x0000016d1310a740,
0x0000016d1310baf0, 0x0000016d1310d530, 0x0000016d1310c180, 0x0000016d1310dbc0,
0x0000016d0c6006a0, 0x0000016d0c603b20, 0x0000016d0c602e00, 0x0000016d0c600d30,
0x0000016d0c6020e0, 0x0000016d0c600010, 0x0000016d0c605560, 0x0000016d0c6013c0,
0x0000016d0c602770, 0x0000016d0c601a50, 0x0000016d0c603490, 0x0000016d0c5ff980,
0x0000016d0c6041b0, 0x0000016d0c604840, 0x0000016d0c604ed0, 0x0000016d0c5fe5d0,
0x0000016d0c5fec60, 0x0000016d0c5ff2f0, 0x0000016d12846cf0, 0x0000016d12843870,
0x0000016d12843f00, 0x0000016d12847a10, 0x0000016d12848730, 0x0000016d12844590,
0x0000016d128452b0, 0x0000016d12848dc0, 0x0000016d12844c20, 0x0000016d12849ae0,
0x0000016d12845940, 0x0000016d12845fd0, 0x0000016d1284a170, 0x0000016d12846660,
0x0000016d12414e60, 0x0000016d1240ffa0, 0x0000016d12412700, 0x0000016d124168a0,
0x0000016d12411350, 0x0000016d12416f30, 0x0000016d12410630, 0x0000016d0d94fe40,
0x0000016d0d950b60, 0x0000016d0d9511f0, 0x0000016d0d951880, 0x0000016d0c5b3940,
0x0000016d0908e520, 0x0000016d127c3060, 0x0000016d127beec0, 0x0000016d127bfbe0,
0x0000016d127c0270, 0x0000016d127c36f0, 0x0000016d127c0900, 0x0000016d127bc760,
0x0000016d127c29d0, 0x0000016d127bf550, 0x0000016d127c0f90, 0x0000016d127bcdf0,
0x0000016d127c4410, 0x0000016d127c3d80, 0x0000016d127c1620, 0x0000016d127bd480,
0x0000016d127c4aa0, 0x0000016d127c1cb0, 0x0000016d127c2340, 0x0000016d127bdb10,
0x0000016d127c5130, 0x0000016d127be1a0, 0x0000016d127c57c0, 0x0000016d127cb3a0
}

Java Threads: ( => current thread )
  0x0000016d6bdab680 JavaThread "main"                              [_thread_blocked, id=24284, stack(0x0000001ccf200000,0x0000001ccf300000) (1024K)]
  0x0000016d7faafb60 JavaThread "Reference Handler"          daemon [_thread_blocked, id=21924, stack(0x0000001ccfa00000,0x0000001ccfb00000) (1024K)]
  0x0000016d7fab0a70 JavaThread "Finalizer"                  daemon [_thread_blocked, id=19100, stack(0x0000001ccfb00000,0x0000001ccfc00000) (1024K)]
  0x0000016d7fa9c760 JavaThread "Signal Dispatcher"          daemon [_thread_blocked, id=16432, stack(0x0000001ccfc00000,0x0000001ccfd00000) (1024K)]
  0x0000016d7fab43b0 JavaThread "Attach Listener"            daemon [_thread_blocked, id=7512, stack(0x0000001ccfd00000,0x0000001ccfe00000) (1024K)]
  0x0000016d7fab5e10 JavaThread "Service Thread"             daemon [_thread_blocked, id=22368, stack(0x0000001ccfe00000,0x0000001ccff00000) (1024K)]
  0x0000016d7fab6860 JavaThread "Monitor Deflation Thread"   daemon [_thread_blocked, id=18964, stack(0x0000001ccff00000,0x0000001cd0000000) (1024K)]
  0x0000016d7fabfd90 JavaThread "C2 CompilerThread0"         daemon [_thread_blocked, id=13988, stack(0x0000001cd0000000,0x0000001cd0100000) (1024K)]
  0x0000016d7fac4420 JavaThread "C1 CompilerThread0"         daemon [_thread_blocked, id=20644, stack(0x0000001cd0100000,0x0000001cd0200000) (1024K)]
  0x0000016d7fbffc00 JavaThread "Common-Cleaner"             daemon [_thread_blocked, id=2544, stack(0x0000001cd0200000,0x0000001cd0300000) (1024K)]
  0x0000016d7fda9790 JavaThread "Notification Thread"        daemon [_thread_blocked, id=1664, stack(0x0000001cd0300000,0x0000001cd0400000) (1024K)]
  0x0000016d0986c2a0 JavaThread "Daemon health stats"               [_thread_blocked, id=16764, stack(0x0000001cd0900000,0x0000001cd0a00000) (1024K)]
  0x0000016d09a64d60 JavaThread "Incoming local TCP Connector on port 49311"        [_thread_in_native, id=24204, stack(0x0000001cd0a00000,0x0000001cd0b00000) (1024K)]
  0x0000016d08d32850 JavaThread "Daemon periodic checks"            [_thread_blocked, id=17868, stack(0x0000001cd0b00000,0x0000001cd0c00000) (1024K)]
  0x0000016d0982c450 JavaThread "Daemon"                            [_thread_blocked, id=11928, stack(0x0000001cd0c00000,0x0000001cd0d00000) (1024K)]
  0x0000016d090934b0 JavaThread "Daemon worker"                     [_thread_blocked, id=25112, stack(0x0000001cd0f00000,0x0000001cd1000000) (1024K)]
  0x0000016d0908ebb0 JavaThread "Cache worker for journal cache (C:\Users\gaurav\.gradle\caches\journal-1)"        [_thread_blocked, id=4564, stack(0x0000001cd1900000,0x0000001cd1a00000) (1024K)]
  0x0000016d0908f240 JavaThread "File lock request listener"        [_thread_in_native, id=18672, stack(0x0000001cd1a00000,0x0000001cd1b00000) (1024K)]
  0x0000016d0908f8d0 JavaThread "Cache worker for file hash cache (C:\Users\gaurav\.gradle\caches\8.13\fileHashes)"        [_thread_blocked, id=22872, stack(0x0000001cd1b00000,0x0000001cd1c00000) (1024K)]
  0x0000016d090919a0 JavaThread "File watcher server"        daemon [_thread_blocked, id=9152, stack(0x0000001cd1e00000,0x0000001cd1f00000) (1024K)]
  0x0000016d09c3a870 JavaThread "File watcher consumer"      daemon [_thread_blocked, id=15012, stack(0x0000001cd1f00000,0x0000001cd2000000) (1024K)]
  0x0000016d09c38e30 JavaThread "Cache worker for file content cache (C:\Users\gaurav\.gradle\caches\8.13\fileContent)"        [_thread_blocked, id=12788, stack(0x0000001cd2100000,0x0000001cd2200000) (1024K)]
  0x0000016d0c5b5380 JavaThread "Handler for socket connection from /127.0.0.1:49311 to /127.0.0.1:55199"        [_thread_in_native, id=8484, stack(0x0000001ccef00000,0x0000001ccf000000) (1024K)]
  0x0000016d0c5b11e0 JavaThread "Cancel handler"                    [_thread_blocked, id=3560, stack(0x0000001ccf000000,0x0000001ccf100000) (1024K)]
  0x0000016d0c5b2c20 JavaThread "Asynchronous log dispatcher for DefaultDaemonConnection: socket connection from /127.0.0.1:49311 to /127.0.0.1:55199"        [_thread_blocked, id=23064, stack(0x0000001ccf100000,0x0000001ccf200000) (1024K)]
  0x0000016d0c5b1870 JavaThread "Stdin handler"                     [_thread_blocked, id=9392, stack(0x0000001cd1100000,0x0000001cd1200000) (1024K)]
  0x0000016d0c5ae3f0 JavaThread "Daemon client event forwarder"        [_thread_blocked, id=25372, stack(0x0000001cd1200000,0x0000001cd1300000) (1024K)]
  0x0000016d0c5b32b0 JavaThread "Cache worker for file hash cache (D:\Gaurav\MindMingle\.gradle\8.13\fileHashes)"        [_thread_blocked, id=17300, stack(0x0000001cd1c00000,0x0000001cd1d00000) (1024K)]
  0x0000016d0c5b5a10 JavaThread "Cache worker for Build Output Cleanup Cache (D:\Gaurav\MindMingle\.gradle\buildOutputCleanup)"        [_thread_blocked, id=12444, stack(0x0000001cd1d00000,0x0000001cd1e00000) (1024K)]
  0x0000016d0c5aea80 JavaThread "Cache worker for checksums cache (D:\Gaurav\MindMingle\.gradle\8.13\checksums)"        [_thread_blocked, id=6240, stack(0x0000001cd2000000,0x0000001cd2100000) (1024K)]
  0x0000016d0c5af110 JavaThread "Cache worker for cache directory md-supplier (C:\Users\gaurav\.gradle\caches\8.13\md-supplier)"        [_thread_blocked, id=11588, stack(0x0000001cd2200000,0x0000001cd2300000) (1024K)]
  0x0000016d0c5afe30 JavaThread "Cache worker for cache directory md-rule (C:\Users\gaurav\.gradle\caches\8.13\md-rule)"        [_thread_blocked, id=7356, stack(0x0000001cd2300000,0x0000001cd2400000) (1024K)]
  0x0000016d0c5b3fd0 JavaThread "Unconstrained build operations"        [_thread_blocked, id=15636, stack(0x0000001cd2500000,0x0000001cd2600000) (1024K)]
  0x0000016d0c5b04c0 JavaThread "Unconstrained build operations Thread 2"        [_thread_blocked, id=9544, stack(0x0000001cd2600000,0x0000001cd2700000) (1024K)]
  0x0000016d0c5b4660 JavaThread "Unconstrained build operations Thread 3"        [_thread_blocked, id=21844, stack(0x0000001cd2700000,0x0000001cd2800000) (1024K)]
  0x0000016d0c5b4cf0 JavaThread "Unconstrained build operations Thread 4"        [_thread_blocked, id=20456, stack(0x0000001cd2800000,0x0000001cd2900000) (1024K)]
  0x0000016d0c5b0b50 JavaThread "Unconstrained build operations Thread 5"        [_thread_blocked, id=2684, stack(0x0000001cd2900000,0x0000001cd2a00000) (1024K)]
  0x0000016d0c5b1f00 JavaThread "Unconstrained build operations Thread 6"        [_thread_blocked, id=4044, stack(0x0000001cd2a00000,0x0000001cd2b00000) (1024K)]
  0x0000016d0c5b2590 JavaThread "Unconstrained build operations Thread 7"        [_thread_blocked, id=17364, stack(0x0000001cd2b00000,0x0000001cd2c00000) (1024K)]
  0x0000016d09c3af00 JavaThread "Unconstrained build operations Thread 8"        [_thread_blocked, id=15648, stack(0x0000001cd2c00000,0x0000001cd2d00000) (1024K)]
  0x0000016d09c3a1e0 JavaThread "Unconstrained build operations Thread 9"        [_thread_blocked, id=22888, stack(0x0000001cd2d00000,0x0000001cd2e00000) (1024K)]
  0x0000016d09c37a80 JavaThread "Unconstrained build operations Thread 10"        [_thread_blocked, id=3792, stack(0x0000001cd2e00000,0x0000001cd2f00000) (1024K)]
  0x0000016d09c387a0 JavaThread "Unconstrained build operations Thread 11"        [_thread_blocked, id=7472, stack(0x0000001cd2f00000,0x0000001cd3000000) (1024K)]
  0x0000016d09c3bc20 JavaThread "Unconstrained build operations Thread 12"        [_thread_blocked, id=9900, stack(0x0000001cd3000000,0x0000001cd3100000) (1024K)]
  0x0000016d09c366d0 JavaThread "Unconstrained build operations Thread 13"        [_thread_blocked, id=14328, stack(0x0000001cd3100000,0x0000001cd3200000) (1024K)]
  0x0000016d09c38110 JavaThread "Unconstrained build operations Thread 14"        [_thread_blocked, id=11540, stack(0x0000001cd3200000,0x0000001cd3300000) (1024K)]
  0x0000016d09c3c2b0 JavaThread "Unconstrained build operations Thread 15"        [_thread_blocked, id=25104, stack(0x0000001cd3300000,0x0000001cd3400000) (1024K)]
  0x0000016d09c3c940 JavaThread "Unconstrained build operations Thread 16"        [_thread_blocked, id=25068, stack(0x0000001cd3400000,0x0000001cd3500000) (1024K)]
  0x0000016d09c36040 JavaThread "Unconstrained build operations Thread 17"        [_thread_blocked, id=13824, stack(0x0000001cd3500000,0x0000001cd3600000) (1024K)]
  0x0000016d09c3cfd0 JavaThread "Unconstrained build operations Thread 18"        [_thread_blocked, id=20612, stack(0x0000001cd3600000,0x0000001cd3700000) (1024K)]
  0x0000016d09c3d660 JavaThread "Unconstrained build operations Thread 19"        [_thread_blocked, id=22952, stack(0x0000001cd3700000,0x0000001cd3800000) (1024K)]
  0x0000016d09c373f0 JavaThread "Unconstrained build operations Thread 20"        [_thread_blocked, id=20396, stack(0x0000001cd3800000,0x0000001cd3900000) (1024K)]
  0x0000016d09c394c0 JavaThread "Unconstrained build operations Thread 21"        [_thread_blocked, id=25296, stack(0x0000001cd3900000,0x0000001cd3a00000) (1024K)]
  0x0000016d09090c80 JavaThread "Unconstrained build operations Thread 22"        [_thread_blocked, id=8224, stack(0x0000001cd3a00000,0x0000001cd3b00000) (1024K)]
  0x0000016d0908ff60 JavaThread "build event listener"              [_thread_blocked, id=12148, stack(0x0000001cd3c00000,0x0000001cd3d00000) (1024K)]
  0x0000016d090905f0 JavaThread "Memory manager"                    [_thread_blocked, id=12036, stack(0x0000001cd3d00000,0x0000001cd3e00000) (1024K)]
  0x0000016d124154f0 JavaThread "Problems report writer"            [_thread_blocked, id=6176, stack(0x0000001cd3e00000,0x0000001cd3f00000) (1024K)]
  0x0000016d124119e0 JavaThread "build event listener"              [_thread_blocked, id=11148, stack(0x0000001cd3b00000,0x0000001cd3c00000) (1024K)]
  0x0000016d133411c0 JavaThread "pool-3-thread-1"                   [_thread_blocked, id=23684, stack(0x0000001cd1000000,0x0000001cd1100000) (1024K)]
  0x0000016d13340b30 JavaThread "build event listener"              [_thread_blocked, id=13012, stack(0x0000001cd3f00000,0x0000001cd4000000) (1024K)]
  0x0000016d13341850 JavaThread "included builds"                   [_thread_blocked, id=11484, stack(0x0000001cd4000000,0x0000001cd4100000) (1024K)]
  0x0000016d13341ee0 JavaThread "Execution worker"                  [_thread_blocked, id=20184, stack(0x0000001cd4100000,0x0000001cd4200000) (1024K)]
  0x0000016d1333d6b0 JavaThread "Execution worker Thread 2"         [_thread_blocked, id=26368, stack(0x0000001cd4200000,0x0000001cd4300000) (1024K)]
  0x0000016d1333dd40 JavaThread "Execution worker Thread 3"         [_thread_blocked, id=20964, stack(0x0000001cd4300000,0x0000001cd4400000) (1024K)]
  0x0000016d1333f0f0 JavaThread "Execution worker Thread 4"         [_thread_blocked, id=10080, stack(0x0000001cd4400000,0x0000001cd4500000) (1024K)]
  0x0000016d1333f780 JavaThread "Execution worker Thread 5"         [_thread_blocked, id=7564, stack(0x0000001cd4500000,0x0000001cd4600000) (1024K)]
  0x0000016d13342570 JavaThread "Execution worker Thread 6"         [_thread_blocked, id=3008, stack(0x0000001cd4600000,0x0000001cd4700000) (1024K)]
  0x0000016d13342c00 JavaThread "Execution worker Thread 7"         [_thread_blocked, id=14520, stack(0x0000001cd4700000,0x0000001cd4800000) (1024K)]
  0x0000016d1333d020 JavaThread "Execution worker Thread 8"         [_thread_blocked, id=16172, stack(0x0000001cd4800000,0x0000001cd4900000) (1024K)]
  0x0000016d1333bc70 JavaThread "Execution worker Thread 9"         [_thread_blocked, id=10920, stack(0x0000001cd4900000,0x0000001cd4a00000) (1024K)]
  0x0000016d13343290 JavaThread "Execution worker Thread 10"        [_thread_blocked, id=16428, stack(0x0000001cd4a00000,0x0000001cd4b00000) (1024K)]
  0x0000016d1333c300 JavaThread "Execution worker Thread 11"        [_thread_blocked, id=24408, stack(0x0000001cd4b00000,0x0000001cd4c00000) (1024K)]
  0x0000016d1333e3d0 JavaThread "Cache worker for execution history cache (D:\Gaurav\MindMingle\.gradle\8.13\executionHistory)"        [_thread_blocked, id=23620, stack(0x0000001cd4c00000,0x0000001cd4d00000) (1024K)]
  0x0000016d1333fe10 JavaThread "Unconstrained build operations Thread 23"        [_thread_blocked, id=5300, stack(0x0000001cd4d00000,0x0000001cd4e00000) (1024K)]
  0x0000016d133404a0 JavaThread "Unconstrained build operations Thread 24"        [_thread_blocked, id=15468, stack(0x0000001cd4e00000,0x0000001cd4f00000) (1024K)]
  0x0000016d0d94dd70 JavaThread "Unconstrained build operations Thread 25"        [_thread_blocked, id=19020, stack(0x0000001cd4f00000,0x0000001cd5000000) (1024K)]
  0x0000016d0d94bca0 JavaThread "Unconstrained build operations Thread 26"        [_thread_blocked, id=9488, stack(0x0000001cd5000000,0x0000001cd5100000) (1024K)]
  0x0000016d0d94c9c0 JavaThread "Unconstrained build operations Thread 27"        [_thread_blocked, id=7040, stack(0x0000001cd5100000,0x0000001cd5200000) (1024K)]
  0x0000016d0d94e400 JavaThread "Unconstrained build operations Thread 28"        [_thread_blocked, id=19996, stack(0x0000001cd5200000,0x0000001cd5300000) (1024K)]
  0x0000016d0d94ea90 JavaThread "Unconstrained build operations Thread 29"        [_thread_blocked, id=24492, stack(0x0000001cd5300000,0x0000001cd5400000) (1024K)]
  0x0000016d0d94f120 JavaThread "Unconstrained build operations Thread 30"        [_thread_blocked, id=19800, stack(0x0000001cd5400000,0x0000001cd5500000) (1024K)]
  0x0000016d0d94f7b0 JavaThread "Unconstrained build operations Thread 31"        [_thread_blocked, id=12096, stack(0x0000001cd5500000,0x0000001cd5600000) (1024K)]
  0x0000016d0d94a8f0 JavaThread "Unconstrained build operations Thread 32"        [_thread_blocked, id=22764, stack(0x0000001cd5600000,0x0000001cd5700000) (1024K)]
  0x0000016d0d9504d0 JavaThread "Unconstrained build operations Thread 33"        [_thread_blocked, id=6804, stack(0x0000001cd5700000,0x0000001cd5800000) (1024K)]
  0x0000016d1284a800 JavaThread "Unconstrained build operations Thread 34"        [_thread_blocked, id=14188, stack(0x0000001cd5800000,0x0000001cd5900000) (1024K)]
  0x0000016d1284ae90 JavaThread "Unconstrained build operations Thread 35"        [_thread_blocked, id=20872, stack(0x0000001cd5900000,0x0000001cd5a00000) (1024K)]
  0x0000016d13106c30 JavaThread "Unconstrained build operations Thread 36"        [_thread_blocked, id=7132, stack(0x0000001cd5a00000,0x0000001cd5b00000) (1024K)]
  0x0000016d13108670 JavaThread "Unconstrained build operations Thread 37"        [_thread_blocked, id=11940, stack(0x0000001cd5b00000,0x0000001cd5c00000) (1024K)]
  0x0000016d131065a0 JavaThread "Unconstrained build operations Thread 38"        [_thread_blocked, id=4300, stack(0x0000001cd5c00000,0x0000001cd5d00000) (1024K)]
  0x0000016d1310add0 JavaThread "Unconstrained build operations Thread 39"        [_thread_blocked, id=25512, stack(0x0000001cd5d00000,0x0000001cd5e00000) (1024K)]
  0x0000016d13108d00 JavaThread "Unconstrained build operations Thread 40"        [_thread_blocked, id=23040, stack(0x0000001cd5e00000,0x0000001cd5f00000) (1024K)]
  0x0000016d131072c0 JavaThread "Unconstrained build operations Thread 41"        [_thread_blocked, id=1748, stack(0x0000001cd5f00000,0x0000001cd6000000) (1024K)]
  0x0000016d13107950 JavaThread "Unconstrained build operations Thread 42"        [_thread_blocked, id=1548, stack(0x0000001cd6000000,0x0000001cd6100000) (1024K)]
  0x0000016d13109390 JavaThread "Unconstrained build operations Thread 43"        [_thread_blocked, id=23456, stack(0x0000001cd6100000,0x0000001cd6200000) (1024K)]
  0x0000016d1310b460 JavaThread "Unconstrained build operations Thread 44"        [_thread_blocked, id=17720, stack(0x0000001cd6200000,0x0000001cd6300000) (1024K)]
  0x0000016d13107fe0 JavaThread "Unconstrained build operations Thread 45"        [_thread_blocked, id=24736, stack(0x0000001cd6300000,0x0000001cd6400000) (1024K)]
  0x0000016d13109a20 JavaThread "Unconstrained build operations Thread 46"        [_thread_blocked, id=15984, stack(0x0000001cd6400000,0x0000001cd6500000) (1024K)]
  0x0000016d1310c810 JavaThread "Unconstrained build operations Thread 47"        [_thread_blocked, id=2060, stack(0x0000001cd6500000,0x0000001cd6600000) (1024K)]
  0x0000016d1310a0b0 JavaThread "Unconstrained build operations Thread 48"        [_thread_blocked, id=7140, stack(0x0000001cd6600000,0x0000001cd6700000) (1024K)]
  0x0000016d1310a740 JavaThread "Unconstrained build operations Thread 49"        [_thread_blocked, id=5024, stack(0x0000001cd6700000,0x0000001cd6800000) (1024K)]
  0x0000016d1310baf0 JavaThread "Unconstrained build operations Thread 50"        [_thread_blocked, id=26508, stack(0x0000001cd6800000,0x0000001cd6900000) (1024K)]
  0x0000016d1310d530 JavaThread "Unconstrained build operations Thread 51"        [_thread_blocked, id=14376, stack(0x0000001cd6900000,0x0000001cd6a00000) (1024K)]
  0x0000016d1310c180 JavaThread "Unconstrained build operations Thread 52"        [_thread_blocked, id=5844, stack(0x0000001cd6a00000,0x0000001cd6b00000) (1024K)]
  0x0000016d1310dbc0 JavaThread "Unconstrained build operations Thread 53"        [_thread_blocked, id=25468, stack(0x0000001cd6b00000,0x0000001cd6c00000) (1024K)]
  0x0000016d0c6006a0 JavaThread "Unconstrained build operations Thread 54"        [_thread_blocked, id=26104, stack(0x0000001cd6c00000,0x0000001cd6d00000) (1024K)]
  0x0000016d0c603b20 JavaThread "Unconstrained build operations Thread 55"        [_thread_blocked, id=14968, stack(0x0000001cd6d00000,0x0000001cd6e00000) (1024K)]
  0x0000016d0c602e00 JavaThread "Unconstrained build operations Thread 56"        [_thread_blocked, id=5728, stack(0x0000001cd6e00000,0x0000001cd6f00000) (1024K)]
  0x0000016d0c600d30 JavaThread "Unconstrained build operations Thread 57"        [_thread_blocked, id=9516, stack(0x0000001cd6f00000,0x0000001cd7000000) (1024K)]
  0x0000016d0c6020e0 JavaThread "Unconstrained build operations Thread 58"        [_thread_blocked, id=14604, stack(0x0000001cd7000000,0x0000001cd7100000) (1024K)]
  0x0000016d0c600010 JavaThread "Unconstrained build operations Thread 59"        [_thread_blocked, id=20788, stack(0x0000001cd7100000,0x0000001cd7200000) (1024K)]
  0x0000016d0c605560 JavaThread "Unconstrained build operations Thread 60"        [_thread_blocked, id=23596, stack(0x0000001cd7200000,0x0000001cd7300000) (1024K)]
  0x0000016d0c6013c0 JavaThread "Unconstrained build operations Thread 61"        [_thread_blocked, id=2344, stack(0x0000001cd7300000,0x0000001cd7400000) (1024K)]
  0x0000016d0c602770 JavaThread "Unconstrained build operations Thread 62"        [_thread_blocked, id=15668, stack(0x0000001cd7400000,0x0000001cd7500000) (1024K)]
  0x0000016d0c601a50 JavaThread "Unconstrained build operations Thread 63"        [_thread_blocked, id=8800, stack(0x0000001cd7500000,0x0000001cd7600000) (1024K)]
  0x0000016d0c603490 JavaThread "Unconstrained build operations Thread 64"        [_thread_blocked, id=12732, stack(0x0000001cd7600000,0x0000001cd7700000) (1024K)]
  0x0000016d0c5ff980 JavaThread "Unconstrained build operations Thread 65"        [_thread_blocked, id=14400, stack(0x0000001cd7700000,0x0000001cd7800000) (1024K)]
  0x0000016d0c6041b0 JavaThread "Unconstrained build operations Thread 66"        [_thread_blocked, id=14444, stack(0x0000001cd7800000,0x0000001cd7900000) (1024K)]
  0x0000016d0c604840 JavaThread "Unconstrained build operations Thread 67"        [_thread_blocked, id=17960, stack(0x0000001cd7900000,0x0000001cd7a00000) (1024K)]
  0x0000016d0c604ed0 JavaThread "Unconstrained build operations Thread 68"        [_thread_blocked, id=19500, stack(0x0000001cd7a00000,0x0000001cd7b00000) (1024K)]
  0x0000016d0c5fe5d0 JavaThread "Unconstrained build operations Thread 69"        [_thread_blocked, id=21572, stack(0x0000001cd7b00000,0x0000001cd7c00000) (1024K)]
  0x0000016d0c5fec60 JavaThread "Unconstrained build operations Thread 70"        [_thread_blocked, id=4060, stack(0x0000001cd7c00000,0x0000001cd7d00000) (1024K)]
  0x0000016d0c5ff2f0 JavaThread "Unconstrained build operations Thread 71"        [_thread_blocked, id=8580, stack(0x0000001cd7d00000,0x0000001cd7e00000) (1024K)]
  0x0000016d12846cf0 JavaThread "Unconstrained build operations Thread 72"        [_thread_blocked, id=1568, stack(0x0000001cd7e00000,0x0000001cd7f00000) (1024K)]
  0x0000016d12843870 JavaThread "Unconstrained build operations Thread 73"        [_thread_blocked, id=15160, stack(0x0000001cd7f00000,0x0000001cd8000000) (1024K)]
  0x0000016d12843f00 JavaThread "Unconstrained build operations Thread 74"        [_thread_blocked, id=24444, stack(0x0000001cd8000000,0x0000001cd8100000) (1024K)]
  0x0000016d12847a10 JavaThread "Unconstrained build operations Thread 75"        [_thread_blocked, id=17816, stack(0x0000001cd8100000,0x0000001cd8200000) (1024K)]
  0x0000016d12848730 JavaThread "Unconstrained build operations Thread 76"        [_thread_blocked, id=21536, stack(0x0000001cd8200000,0x0000001cd8300000) (1024K)]
  0x0000016d12844590 JavaThread "Unconstrained build operations Thread 77"        [_thread_blocked, id=20124, stack(0x0000001cd8300000,0x0000001cd8400000) (1024K)]
  0x0000016d128452b0 JavaThread "Unconstrained build operations Thread 78"        [_thread_blocked, id=20344, stack(0x0000001cd8400000,0x0000001cd8500000) (1024K)]
  0x0000016d12848dc0 JavaThread "Unconstrained build operations Thread 79"        [_thread_blocked, id=8272, stack(0x0000001cd8500000,0x0000001cd8600000) (1024K)]
  0x0000016d12844c20 JavaThread "Unconstrained build operations Thread 80"        [_thread_blocked, id=9880, stack(0x0000001cd8600000,0x0000001cd8700000) (1024K)]
  0x0000016d12849ae0 JavaThread "Unconstrained build operations Thread 81"        [_thread_blocked, id=14588, stack(0x0000001cd8700000,0x0000001cd8800000) (1024K)]
  0x0000016d12845940 JavaThread "Unconstrained build operations Thread 82"        [_thread_blocked, id=6048, stack(0x0000001cd8800000,0x0000001cd8900000) (1024K)]
  0x0000016d12845fd0 JavaThread "Unconstrained build operations Thread 83"        [_thread_blocked, id=4148, stack(0x0000001cd8900000,0x0000001cd8a00000) (1024K)]
  0x0000016d1284a170 JavaThread "Unconstrained build operations Thread 84"        [_thread_blocked, id=860, stack(0x0000001cd8a00000,0x0000001cd8b00000) (1024K)]
  0x0000016d12846660 JavaThread "Unconstrained build operations Thread 85"        [_thread_blocked, id=13648, stack(0x0000001cd8b00000,0x0000001cd8c00000) (1024K)]
  0x0000016d12414e60 JavaThread "Unconstrained build operations Thread 86"        [_thread_blocked, id=15880, stack(0x0000001cd8c00000,0x0000001cd8d00000) (1024K)]
  0x0000016d1240ffa0 JavaThread "Unconstrained build operations Thread 87"        [_thread_blocked, id=16440, stack(0x0000001cd8d00000,0x0000001cd8e00000) (1024K)]
  0x0000016d12412700 JavaThread "Unconstrained build operations Thread 88"        [_thread_blocked, id=23804, stack(0x0000001cd8e00000,0x0000001cd8f00000) (1024K)]
  0x0000016d124168a0 JavaThread "Unconstrained build operations Thread 89"        [_thread_blocked, id=25992, stack(0x0000001cd8f00000,0x0000001cd9000000) (1024K)]
  0x0000016d12411350 JavaThread "Unconstrained build operations Thread 90"        [_thread_blocked, id=5380, stack(0x0000001cd9000000,0x0000001cd9100000) (1024K)]
  0x0000016d12416f30 JavaThread "Unconstrained build operations Thread 91"        [_thread_blocked, id=17908, stack(0x0000001cd9100000,0x0000001cd9200000) (1024K)]
  0x0000016d12410630 JavaThread "Unconstrained build operations Thread 92"        [_thread_blocked, id=4320, stack(0x0000001cd9200000,0x0000001cd9300000) (1024K)]
  0x0000016d0d94fe40 JavaThread "Unconstrained build operations Thread 93"        [_thread_blocked, id=19528, stack(0x0000001cd9300000,0x0000001cd9400000) (1024K)]
  0x0000016d0d950b60 JavaThread "Unconstrained build operations Thread 94"        [_thread_blocked, id=14920, stack(0x0000001cd9400000,0x0000001cd9500000) (1024K)]
  0x0000016d0d9511f0 JavaThread "Unconstrained build operations Thread 95"        [_thread_blocked, id=23764, stack(0x0000001cd9500000,0x0000001cd9600000) (1024K)]
  0x0000016d0d951880 JavaThread "Unconstrained build operations Thread 96"        [_thread_blocked, id=8128, stack(0x0000001cd9600000,0x0000001cd9700000) (1024K)]
  0x0000016d0c5b3940 JavaThread "Unconstrained build operations Thread 97"        [_thread_blocked, id=24732, stack(0x0000001cd9700000,0x0000001cd9800000) (1024K)]
  0x0000016d0908e520 JavaThread "Unconstrained build operations Thread 98"        [_thread_blocked, id=16880, stack(0x0000001cd9800000,0x0000001cd9900000) (1024K)]
  0x0000016d127c3060 JavaThread "Unconstrained build operations Thread 99"        [_thread_blocked, id=9060, stack(0x0000001cd9900000,0x0000001cd9a00000) (1024K)]
  0x0000016d127beec0 JavaThread "Unconstrained build operations Thread 100"        [_thread_blocked, id=5364, stack(0x0000001cd9a00000,0x0000001cd9b00000) (1024K)]
  0x0000016d127bfbe0 JavaThread "Unconstrained build operations Thread 101"        [_thread_blocked, id=19692, stack(0x0000001cd9b00000,0x0000001cd9c00000) (1024K)]
  0x0000016d127c0270 JavaThread "Unconstrained build operations Thread 102"        [_thread_blocked, id=16808, stack(0x0000001cd9c00000,0x0000001cd9d00000) (1024K)]
  0x0000016d127c36f0 JavaThread "Unconstrained build operations Thread 103"        [_thread_blocked, id=16120, stack(0x0000001cd9d00000,0x0000001cd9e00000) (1024K)]
  0x0000016d127c0900 JavaThread "Unconstrained build operations Thread 104"        [_thread_blocked, id=16100, stack(0x0000001cd9e00000,0x0000001cd9f00000) (1024K)]
  0x0000016d127bc760 JavaThread "Unconstrained build operations Thread 105"        [_thread_blocked, id=3900, stack(0x0000001cd9f00000,0x0000001cda000000) (1024K)]
  0x0000016d127c29d0 JavaThread "Unconstrained build operations Thread 106"        [_thread_blocked, id=16300, stack(0x0000001cda000000,0x0000001cda100000) (1024K)]
  0x0000016d127bf550 JavaThread "Unconstrained build operations Thread 107"        [_thread_blocked, id=15488, stack(0x0000001cda100000,0x0000001cda200000) (1024K)]
  0x0000016d127c0f90 JavaThread "Unconstrained build operations Thread 108"        [_thread_blocked, id=26160, stack(0x0000001cda200000,0x0000001cda300000) (1024K)]
  0x0000016d127bcdf0 JavaThread "Unconstrained build operations Thread 109"        [_thread_blocked, id=1828, stack(0x0000001cda300000,0x0000001cda400000) (1024K)]
  0x0000016d127c4410 JavaThread "Unconstrained build operations Thread 110"        [_thread_blocked, id=26440, stack(0x0000001cda400000,0x0000001cda500000) (1024K)]
  0x0000016d127c3d80 JavaThread "Unconstrained build operations Thread 111"        [_thread_blocked, id=4176, stack(0x0000001cda500000,0x0000001cda600000) (1024K)]
  0x0000016d127c1620 JavaThread "Unconstrained build operations Thread 112"        [_thread_blocked, id=11252, stack(0x0000001cda600000,0x0000001cda700000) (1024K)]
  0x0000016d127bd480 JavaThread "Unconstrained build operations Thread 113"        [_thread_blocked, id=20972, stack(0x0000001cda700000,0x0000001cda800000) (1024K)]
  0x0000016d127c4aa0 JavaThread "Unconstrained build operations Thread 114"        [_thread_blocked, id=1980, stack(0x0000001cda800000,0x0000001cda900000) (1024K)]
  0x0000016d127c1cb0 JavaThread "Unconstrained build operations Thread 115"        [_thread_blocked, id=20448, stack(0x0000001cda900000,0x0000001cdaa00000) (1024K)]
  0x0000016d127c2340 JavaThread "Unconstrained build operations Thread 116"        [_thread_blocked, id=2536, stack(0x0000001cdaa00000,0x0000001cdab00000) (1024K)]
  0x0000016d127bdb10 JavaThread "Unconstrained build operations Thread 117"        [_thread_blocked, id=18676, stack(0x0000001cdab00000,0x0000001cdac00000) (1024K)]
  0x0000016d127c5130 JavaThread "Unconstrained build operations Thread 118"        [_thread_blocked, id=24844, stack(0x0000001cdac00000,0x0000001cdad00000) (1024K)]
  0x0000016d127be1a0 JavaThread "Unconstrained build operations Thread 119"        [_thread_blocked, id=16520, stack(0x0000001cdad00000,0x0000001cdae00000) (1024K)]
  0x0000016d127c57c0 JavaThread "Unconstrained build operations Thread 120"        [_thread_blocked, id=6344, stack(0x0000001cdae00000,0x0000001cdaf00000) (1024K)]
  0x0000016d127cb3a0 JavaThread "WorkerExecutor Queue"              [_thread_blocked, id=24828, stack(0x0000001cdaf00000,0x0000001cdb000000) (1024K)]
Total: 172

Other Threads:
=>0x0000016d7f8fc770 VMThread "VM Thread"                           [id=13288, stack(0x0000001ccf900000,0x0000001ccfa00000) (1024K)]
  0x0000016d7f87e240 WatcherThread "VM Periodic Task Thread"        [id=9124, stack(0x0000001ccf800000,0x0000001ccf900000) (1024K)]
  0x0000016d6be03010 WorkerThread "GC Thread#0"                     [id=26212, stack(0x0000001ccf300000,0x0000001ccf400000) (1024K)]
  0x0000016d0821f5e0 WorkerThread "GC Thread#1"                     [id=17224, stack(0x0000001cd0400000,0x0000001cd0500000) (1024K)]
  0x0000016d08461630 WorkerThread "GC Thread#2"                     [id=22988, stack(0x0000001cd0500000,0x0000001cd0600000) (1024K)]
  0x0000016d08ec1800 WorkerThread "GC Thread#3"                     [id=17448, stack(0x0000001cd0600000,0x0000001cd0700000) (1024K)]
  0x0000016d08ec1ba0 WorkerThread "GC Thread#4"                     [id=8148, stack(0x0000001cd0700000,0x0000001cd0800000) (1024K)]
  0x0000016d08ea2f10 WorkerThread "GC Thread#5"                     [id=4820, stack(0x0000001cd0800000,0x0000001cd0900000) (1024K)]
  0x0000016d7fe0aab0 WorkerThread "GC Thread#6"                     [id=16320, stack(0x0000001cd1300000,0x0000001cd1400000) (1024K)]
  0x0000016d099ddb40 WorkerThread "GC Thread#7"                     [id=15056, stack(0x0000001cd1400000,0x0000001cd1500000) (1024K)]
  0x0000016d099ddee0 WorkerThread "GC Thread#8"                     [id=22580, stack(0x0000001cd1500000,0x0000001cd1600000) (1024K)]
  0x0000016d099de280 WorkerThread "GC Thread#9"                     [id=17608, stack(0x0000001cd1600000,0x0000001cd1700000) (1024K)]
  0x0000016d6be13ff0 ConcurrentGCThread "G1 Main Marker"            [id=1984, stack(0x0000001ccf400000,0x0000001ccf500000) (1024K)]
  0x0000016d6be15400 WorkerThread "G1 Conc#0"                       [id=20248, stack(0x0000001ccf500000,0x0000001ccf600000) (1024K)]
  0x0000016d0800e110 WorkerThread "G1 Conc#1"                       [id=18748, stack(0x0000001cd1700000,0x0000001cd1800000) (1024K)]
  0x0000016d0800ebf0 WorkerThread "G1 Conc#2"                       [id=18904, stack(0x0000001cd1800000,0x0000001cd1900000) (1024K)]
  0x0000016d7f74c140 ConcurrentGCThread "G1 Refine#0"               [id=5076, stack(0x0000001ccf600000,0x0000001ccf700000) (1024K)]
  0x0000016d7f74ccb0 ConcurrentGCThread "G1 Service"                [id=6772, stack(0x0000001ccf700000,0x0000001ccf800000) (1024K)]
Total: 18

Threads with active compile tasks:
C2 CompilerThread0  111682 16803       4       sun.nio.fs.WindowsPathParser::normalize (138 bytes)
Total: 1

VM state: at safepoint (normal execution)

VM Mutex/Monitor currently owned by a thread:  ([mutex/lock_event])
[0x00007ffd8467e3a0] Threads_lock - owner thread: 0x0000016d7f8fc770
[0x00007ffd8467e4a0] Heap_lock - owner thread: 0x0000016d6be13ff0

Heap address: 0x0000000080000000, size: 2048 MB, Compressed Oops mode: 32-bit

CDS archive(s) not mapped
Compressed class space mapped at: 0x0000000100000000-0x0000000140000000, reserved size: 1073741824
Narrow klass base: 0x0000000000000000, Narrow klass shift: 3, Narrow klass range: 0x140000000

GC Precious Log:
 CardTable entry size: 512
 Card Set container configuration: InlinePtr #cards 5 size 8 Array Of Cards #cards 12 size 40 Howl #buckets 4 coarsen threshold 1843 Howl Bitmap #cards 512 size 80 coarsen threshold 460 Card regions per heap region 1 cards per card region 2048
 CPUs: 12 total, 12 available
 Memory: 7501M
 Large Page Support: Disabled
 NUMA Support: Disabled
 Compressed Oops: Enabled (32-bit)
 Heap Region Size: 1M
 Heap Min Capacity: 8M
 Heap Initial Capacity: 118M
 Heap Max Capacity: 2G
 Pre-touch: Disabled
 Parallel Workers: 10
 Concurrent Workers: 3
 Concurrent Refinement Workers: 10
 Periodic GC: Disabled

Heap:
 garbage-first heap   total 227328K, used 168800K [0x0000000080000000, 0x0000000100000000)
  region size 1024K, 15 young (15360K), 2 survivors (2048K)
 Metaspace       used 129369K, committed 131712K, reserved 1179648K
  class space    used 17361K, committed 18560K, reserved 1048576K

Heap Regions: E=young(eden), S=young(survivor), O=old, HS=humongous(starts), HC=humongous(continues), CS=collection set, F=free, TAMS=top-at-mark-start, PB=parsable bottom
|   0|0x0000000080000000, 0x0000000080100000, 0x0000000080100000|100%|HS|  |TAMS 0x0000000080100000| PB 0x0000000080000000| Complete 
|   1|0x0000000080100000, 0x0000000080200000, 0x0000000080200000|100%|HC|  |TAMS 0x0000000080200000| PB 0x0000000080100000| Complete 
|   2|0x0000000080200000, 0x0000000080300000, 0x0000000080300000|100%|HC|  |TAMS 0x0000000080300000| PB 0x0000000080200000| Complete 
|   3|0x0000000080300000, 0x0000000080400000, 0x0000000080400000|100%| O|  |TAMS 0x0000000080400000| PB 0x0000000080400000| Untracked 
|   4|0x0000000080400000, 0x0000000080500000, 0x0000000080500000|100%| O|  |TAMS 0x0000000080500000| PB 0x0000000080500000| Untracked 
|   5|0x0000000080500000, 0x0000000080600000, 0x0000000080600000|100%| O|  |TAMS 0x0000000080600000| PB 0x0000000080600000| Updating 
|   6|0x0000000080600000, 0x0000000080700000, 0x0000000080700000|100%|HS|  |TAMS 0x0000000080700000| PB 0x0000000080600000| Complete 
|   7|0x0000000080700000, 0x0000000080800000, 0x0000000080800000|100%| O|  |TAMS 0x0000000080800000| PB 0x0000000080800000| Untracked 
|   8|0x0000000080800000, 0x0000000080900000, 0x0000000080900000|100%| O|  |TAMS 0x0000000080900000| PB 0x0000000080900000| Untracked 
|   9|0x0000000080900000, 0x0000000080a00000, 0x0000000080a00000|100%| O|  |TAMS 0x0000000080a00000| PB 0x0000000080a00000| Untracked 
|  10|0x0000000080a00000, 0x0000000080b00000, 0x0000000080b00000|100%| O|  |TAMS 0x0000000080b00000| PB 0x0000000080b00000| Untracked 
|  11|0x0000000080b00000, 0x0000000080c00000, 0x0000000080c00000|100%| O|  |TAMS 0x0000000080c00000| PB 0x0000000080c00000| Untracked 
|  12|0x0000000080c00000, 0x0000000080d00000, 0x0000000080d00000|100%| O|  |TAMS 0x0000000080d00000| PB 0x0000000080d00000| Updating 
|  13|0x0000000080d00000, 0x0000000080e00000, 0x0000000080e00000|100%| O|  |TAMS 0x0000000080e00000| PB 0x0000000080e00000| Untracked 
|  14|0x0000000080e00000, 0x0000000080f00000, 0x0000000080f00000|100%| O|  |TAMS 0x0000000080f00000| PB 0x0000000080f00000| Untracked 
|  15|0x0000000080f00000, 0x0000000081000000, 0x0000000081000000|100%| O|  |TAMS 0x0000000081000000| PB 0x0000000081000000| Updating 
|  16|0x0000000081000000, 0x0000000081100000, 0x0000000081100000|100%| O|  |TAMS 0x0000000081100000| PB 0x0000000081100000| Updating 
|  17|0x0000000081100000, 0x0000000081200000, 0x0000000081200000|100%| O|  |TAMS 0x0000000081200000| PB 0x0000000081200000| Untracked 
|  18|0x0000000081200000, 0x0000000081300000, 0x0000000081300000|100%| O|  |TAMS 0x0000000081300000| PB 0x0000000081300000| Untracked 
|  19|0x0000000081300000, 0x0000000081400000, 0x0000000081400000|100%| O|  |TAMS 0x0000000081400000| PB 0x0000000081400000| Untracked 
|  20|0x0000000081400000, 0x0000000081500000, 0x0000000081500000|100%| O|  |TAMS 0x0000000081500000| PB 0x0000000081500000| Updating 
|  21|0x0000000081500000, 0x0000000081600000, 0x0000000081600000|100%| O|  |TAMS 0x0000000081600000| PB 0x0000000081600000| Untracked 
|  22|0x0000000081600000, 0x0000000081700000, 0x0000000081700000|100%| O|  |TAMS 0x0000000081700000| PB 0x0000000081700000| Untracked 
|  23|0x0000000081700000, 0x0000000081800000, 0x0000000081800000|100%| O|  |TAMS 0x0000000081800000| PB 0x0000000081800000| Untracked 
|  24|0x0000000081800000, 0x0000000081900000, 0x0000000081900000|100%| O|  |TAMS 0x0000000081900000| PB 0x0000000081900000| Untracked 
|  25|0x0000000081900000, 0x0000000081a00000, 0x0000000081a00000|100%| O|  |TAMS 0x0000000081a00000| PB 0x0000000081a00000| Untracked 
|  26|0x0000000081a00000, 0x0000000081b00000, 0x0000000081b00000|100%| O|  |TAMS 0x0000000081b00000| PB 0x0000000081b00000| Untracked 
|  27|0x0000000081b00000, 0x0000000081c00000, 0x0000000081c00000|100%| O|  |TAMS 0x0000000081c00000| PB 0x0000000081c00000| Untracked 
|  28|0x0000000081c00000, 0x0000000081d00000, 0x0000000081d00000|100%| O|  |TAMS 0x0000000081d00000| PB 0x0000000081d00000| Untracked 
|  29|0x0000000081d00000, 0x0000000081e00000, 0x0000000081e00000|100%| O|  |TAMS 0x0000000081e00000| PB 0x0000000081e00000| Untracked 
|  30|0x0000000081e00000, 0x0000000081f00000, 0x0000000081f00000|100%| O|  |TAMS 0x0000000081f00000| PB 0x0000000081f00000| Untracked 
|  31|0x0000000081f00000, 0x0000000082000000, 0x0000000082000000|100%| O|  |TAMS 0x0000000082000000| PB 0x0000000082000000| Updating 
|  32|0x0000000082000000, 0x0000000082100000, 0x0000000082100000|100%| O|  |TAMS 0x0000000082100000| PB 0x0000000082100000| Untracked 
|  33|0x0000000082100000, 0x0000000082200000, 0x0000000082200000|100%|HS|  |TAMS 0x0000000082200000| PB 0x0000000082100000| Complete 
|  34|0x0000000082200000, 0x0000000082300000, 0x0000000082300000|100%| O|  |TAMS 0x0000000082300000| PB 0x0000000082300000| Untracked 
|  35|0x0000000082300000, 0x0000000082400000, 0x0000000082400000|100%| O|  |TAMS 0x0000000082400000| PB 0x0000000082400000| Updating 
|  36|0x0000000082400000, 0x0000000082500000, 0x0000000082500000|100%| O|  |TAMS 0x0000000082500000| PB 0x0000000082500000| Updating 
|  37|0x0000000082500000, 0x0000000082600000, 0x0000000082600000|100%| O|  |TAMS 0x0000000082600000| PB 0x0000000082600000| Untracked 
|  38|0x0000000082600000, 0x0000000082700000, 0x0000000082700000|100%| O|  |TAMS 0x0000000082700000| PB 0x0000000082700000| Untracked 
|  39|0x0000000082700000, 0x0000000082800000, 0x0000000082800000|100%| O|  |TAMS 0x0000000082800000| PB 0x0000000082800000| Updating 
|  40|0x0000000082800000, 0x0000000082900000, 0x0000000082900000|100%| O|  |TAMS 0x0000000082900000| PB 0x0000000082900000| Updating 
|  41|0x0000000082900000, 0x0000000082a00000, 0x0000000082a00000|100%| O|  |TAMS 0x0000000082a00000| PB 0x0000000082a00000| Untracked 
|  42|0x0000000082a00000, 0x0000000082b00000, 0x0000000082b00000|100%| O|  |TAMS 0x0000000082b00000| PB 0x0000000082b00000| Untracked 
|  43|0x0000000082b00000, 0x0000000082c00000, 0x0000000082c00000|100%| O|  |TAMS 0x0000000082c00000| PB 0x0000000082c00000| Untracked 
|  44|0x0000000082c00000, 0x0000000082d00000, 0x0000000082d00000|100%| O|  |TAMS 0x0000000082d00000| PB 0x0000000082d00000| Untracked 
|  45|0x0000000082d00000, 0x0000000082e00000, 0x0000000082e00000|100%| O|  |TAMS 0x0000000082e00000| PB 0x0000000082e00000| Untracked 
|  46|0x0000000082e00000, 0x0000000082f00000, 0x0000000082f00000|100%| O|  |TAMS 0x0000000082f00000| PB 0x0000000082f00000| Updating 
|  47|0x0000000082f00000, 0x0000000083000000, 0x0000000083000000|100%|HS|  |TAMS 0x0000000083000000| PB 0x0000000082f00000| Complete 
|  48|0x0000000083000000, 0x0000000083100000, 0x0000000083100000|100%|HS|  |TAMS 0x0000000083100000| PB 0x0000000083000000| Complete 
|  49|0x0000000083100000, 0x0000000083200000, 0x0000000083200000|100%| O|  |TAMS 0x0000000083200000| PB 0x0000000083200000| Untracked 
|  50|0x0000000083200000, 0x0000000083300000, 0x0000000083300000|100%|HS|  |TAMS 0x0000000083300000| PB 0x0000000083200000| Complete 
|  51|0x0000000083300000, 0x0000000083400000, 0x0000000083400000|100%|HC|  |TAMS 0x0000000083400000| PB 0x0000000083300000| Complete 
|  52|0x0000000083400000, 0x0000000083500000, 0x0000000083500000|100%|HS|  |TAMS 0x0000000083500000| PB 0x0000000083400000| Complete 
|  53|0x0000000083500000, 0x0000000083600000, 0x0000000083600000|100%| O|  |TAMS 0x0000000083600000| PB 0x0000000083600000| Untracked 
|  54|0x0000000083600000, 0x0000000083700000, 0x0000000083700000|100%|HS|  |TAMS 0x0000000083700000| PB 0x0000000083600000| Complete 
|  55|0x0000000083700000, 0x0000000083800000, 0x0000000083800000|100%| O|  |TAMS 0x0000000083800000| PB 0x0000000083800000| Untracked 
|  56|0x0000000083800000, 0x0000000083900000, 0x0000000083900000|100%| O|  |TAMS 0x0000000083900000| PB 0x0000000083900000| Untracked 
|  57|0x0000000083900000, 0x0000000083a00000, 0x0000000083a00000|100%| O|  |TAMS 0x0000000083a00000| PB 0x0000000083a00000| Untracked 
|  58|0x0000000083a00000, 0x0000000083b00000, 0x0000000083b00000|100%|HS|  |TAMS 0x0000000083b00000| PB 0x0000000083a00000| Complete 
|  59|0x0000000083b00000, 0x0000000083c00000, 0x0000000083c00000|100%|HC|  |TAMS 0x0000000083c00000| PB 0x0000000083b00000| Complete 
|  60|0x0000000083c00000, 0x0000000083d00000, 0x0000000083d00000|100%|HS|  |TAMS 0x0000000083d00000| PB 0x0000000083c00000| Complete 
|  61|0x0000000083d00000, 0x0000000083e00000, 0x0000000083e00000|100%|HC|  |TAMS 0x0000000083e00000| PB 0x0000000083d00000| Complete 
|  62|0x0000000083e00000, 0x0000000083f00000, 0x0000000083f00000|100%|HC|  |TAMS 0x0000000083f00000| PB 0x0000000083e00000| Complete 
|  63|0x0000000083f00000, 0x0000000084000000, 0x0000000084000000|100%|HS|  |TAMS 0x0000000084000000| PB 0x0000000083f00000| Complete 
|  64|0x0000000084000000, 0x0000000084100000, 0x0000000084100000|100%|HS|  |TAMS 0x0000000084100000| PB 0x0000000084000000| Complete 
|  65|0x0000000084100000, 0x0000000084200000, 0x0000000084200000|100%| O|  |TAMS 0x0000000084200000| PB 0x0000000084200000| Untracked 
|  66|0x0000000084200000, 0x0000000084300000, 0x0000000084300000|100%| O|  |TAMS 0x0000000084300000| PB 0x0000000084300000| Updating 
|  67|0x0000000084300000, 0x0000000084400000, 0x0000000084400000|100%| O|  |TAMS 0x0000000084400000| PB 0x0000000084400000| Untracked 
|  68|0x0000000084400000, 0x0000000084500000, 0x0000000084500000|100%| O|  |TAMS 0x0000000084500000| PB 0x0000000084500000| Untracked 
|  69|0x0000000084500000, 0x0000000084600000, 0x0000000084600000|100%| O|  |TAMS 0x0000000084600000| PB 0x0000000084600000| Untracked 
|  70|0x0000000084600000, 0x0000000084700000, 0x0000000084700000|100%| O|  |TAMS 0x0000000084700000| PB 0x0000000084700000| Untracked 
|  71|0x0000000084700000, 0x0000000084800000, 0x0000000084800000|100%|HS|  |TAMS 0x0000000084800000| PB 0x0000000084700000| Complete 
|  72|0x0000000084800000, 0x0000000084900000, 0x0000000084900000|100%|HC|  |TAMS 0x0000000084900000| PB 0x0000000084800000| Complete 
|  73|0x0000000084900000, 0x0000000084a00000, 0x0000000084a00000|100%|HC|  |TAMS 0x0000000084a00000| PB 0x0000000084900000| Complete 
|  74|0x0000000084a00000, 0x0000000084b00000, 0x0000000084b00000|100%| O|  |TAMS 0x0000000084b00000| PB 0x0000000084b00000| Untracked 
|  75|0x0000000084b00000, 0x0000000084c00000, 0x0000000084c00000|100%| O|  |TAMS 0x0000000084c00000| PB 0x0000000084c00000| Untracked 
|  76|0x0000000084c00000, 0x0000000084d00000, 0x0000000084d00000|100%| O|  |TAMS 0x0000000084d00000| PB 0x0000000084d00000| Untracked 
|  77|0x0000000084d00000, 0x0000000084e00000, 0x0000000084e00000|100%| O|  |TAMS 0x0000000084e00000| PB 0x0000000084e00000| Untracked 
|  78|0x0000000084e00000, 0x0000000084f00000, 0x0000000084f00000|100%| O|  |TAMS 0x0000000084f00000| PB 0x0000000084f00000| Untracked 
|  79|0x0000000084f00000, 0x0000000085000000, 0x0000000085000000|100%| O|  |TAMS 0x0000000085000000| PB 0x0000000085000000| Updating 
|  80|0x0000000085000000, 0x0000000085100000, 0x0000000085100000|100%| O|  |TAMS 0x0000000085100000| PB 0x0000000085100000| Untracked 
|  81|0x0000000085100000, 0x0000000085200000, 0x0000000085200000|100%| O|  |TAMS 0x0000000085200000| PB 0x0000000085200000| Updating 
|  82|0x0000000085200000, 0x0000000085300000, 0x0000000085300000|100%| O|  |TAMS 0x0000000085300000| PB 0x0000000085300000| Untracked 
|  83|0x0000000085300000, 0x0000000085400000, 0x0000000085400000|100%| O|  |TAMS 0x0000000085400000| PB 0x0000000085400000| Untracked 
|  84|0x0000000085400000, 0x0000000085500000, 0x0000000085500000|100%| O|  |TAMS 0x0000000085500000| PB 0x0000000085500000| Updating 
|  85|0x0000000085500000, 0x0000000085600000, 0x0000000085600000|100%| O|  |TAMS 0x0000000085600000| PB 0x0000000085600000| Untracked 
|  86|0x0000000085600000, 0x0000000085700000, 0x0000000085700000|100%| O|  |TAMS 0x0000000085700000| PB 0x0000000085700000| Untracked 
|  87|0x0000000085700000, 0x0000000085800000, 0x0000000085800000|100%| O|  |TAMS 0x0000000085800000| PB 0x0000000085800000| Untracked 
|  88|0x0000000085800000, 0x0000000085900000, 0x0000000085900000|100%| O|  |TAMS 0x0000000085900000| PB 0x0000000085900000| Untracked 
|  89|0x0000000085900000, 0x0000000085a00000, 0x0000000085a00000|100%| O|  |TAMS 0x0000000085a00000| PB 0x0000000085a00000| Untracked 
|  90|0x0000000085a00000, 0x0000000085b00000, 0x0000000085b00000|100%| O|  |TAMS 0x0000000085b00000| PB 0x0000000085b00000| Untracked 
|  91|0x0000000085b00000, 0x0000000085c00000, 0x0000000085c00000|100%| O|  |TAMS 0x0000000085c00000| PB 0x0000000085c00000| Untracked 
|  92|0x0000000085c00000, 0x0000000085d00000, 0x0000000085d00000|100%| O|  |TAMS 0x0000000085d00000| PB 0x0000000085d00000| Untracked 
|  93|0x0000000085d00000, 0x0000000085e00000, 0x0000000085e00000|100%| O|  |TAMS 0x0000000085e00000| PB 0x0000000085e00000| Untracked 
|  94|0x0000000085e00000, 0x0000000085f00000, 0x0000000085f00000|100%| O|  |TAMS 0x0000000085f00000| PB 0x0000000085f00000| Untracked 
|  95|0x0000000085f00000, 0x0000000086000000, 0x0000000086000000|100%| O|  |TAMS 0x0000000086000000| PB 0x0000000086000000| Untracked 
|  96|0x0000000086000000, 0x0000000086100000, 0x0000000086100000|100%| O|  |TAMS 0x0000000086100000| PB 0x0000000086100000| Untracked 
|  97|0x0000000086100000, 0x0000000086200000, 0x0000000086200000|100%| O|  |TAMS 0x0000000086200000| PB 0x0000000086200000| Untracked 
|  98|0x0000000086200000, 0x0000000086300000, 0x0000000086300000|100%| O|  |TAMS 0x0000000086200000| PB 0x0000000086200000| Untracked 
|  99|0x0000000086300000, 0x0000000086400000, 0x0000000086400000|100%| O|  |TAMS 0x0000000086400000| PB 0x0000000086400000| Updating 
| 100|0x0000000086400000, 0x0000000086500000, 0x0000000086500000|100%| O|  |TAMS 0x0000000086500000| PB 0x0000000086500000| Untracked 
| 101|0x0000000086500000, 0x0000000086600000, 0x0000000086600000|100%| O|  |TAMS 0x0000000086600000| PB 0x0000000086600000| Updating 
| 102|0x0000000086600000, 0x0000000086700000, 0x0000000086700000|100%| O|  |TAMS 0x0000000086700000| PB 0x0000000086700000| Updating 
| 103|0x0000000086700000, 0x0000000086800000, 0x0000000086800000|100%| O|  |TAMS 0x0000000086700000| PB 0x0000000086700000| Untracked 
| 104|0x0000000086800000, 0x0000000086900000, 0x0000000086900000|100%| O|  |TAMS 0x0000000086900000| PB 0x0000000086900000| Updating 
| 105|0x0000000086900000, 0x0000000086a00000, 0x0000000086a00000|100%| O|  |TAMS 0x0000000086a00000| PB 0x0000000086a00000| Updating 
| 106|0x0000000086a00000, 0x0000000086b00000, 0x0000000086b00000|100%| O|  |TAMS 0x0000000086a00000| PB 0x0000000086a00000| Untracked 
| 107|0x0000000086b00000, 0x0000000086c00000, 0x0000000086c00000|100%| O|  |TAMS 0x0000000086b00000| PB 0x0000000086b00000| Untracked 
| 108|0x0000000086c00000, 0x0000000086d00000, 0x0000000086d00000|100%| O|  |TAMS 0x0000000086d00000| PB 0x0000000086d00000| Updating 
| 109|0x0000000086d00000, 0x0000000086e00000, 0x0000000086e00000|100%| O|  |TAMS 0x0000000086e00000| PB 0x0000000086e00000| Updating 
| 110|0x0000000086e00000, 0x0000000086f00000, 0x0000000086f00000|100%| O|  |TAMS 0x0000000086f00000| PB 0x0000000086f00000| Updating 
| 111|0x0000000086f00000, 0x0000000087000000, 0x0000000087000000|100%| O|  |TAMS 0x0000000087000000| PB 0x0000000087000000| Untracked 
| 112|0x0000000087000000, 0x0000000087100000, 0x0000000087100000|100%| O|  |TAMS 0x0000000087100000| PB 0x0000000087100000| Untracked 
| 113|0x0000000087100000, 0x0000000087200000, 0x0000000087200000|100%| O|  |TAMS 0x0000000087200000| PB 0x0000000087200000| Updating 
| 114|0x0000000087200000, 0x0000000087300000, 0x0000000087300000|100%| O|  |TAMS 0x0000000087300000| PB 0x0000000087300000| Updating 
| 115|0x0000000087300000, 0x0000000087400000, 0x0000000087400000|100%| O|  |TAMS 0x0000000087400000| PB 0x0000000087400000| Updating 
| 116|0x0000000087400000, 0x0000000087500000, 0x0000000087500000|100%| O|  |TAMS 0x0000000087500000| PB 0x0000000087500000| Updating 
| 117|0x0000000087500000, 0x0000000087600000, 0x0000000087600000|100%| O|  |TAMS 0x0000000087600000| PB 0x0000000087600000| Updating 
| 118|0x0000000087600000, 0x0000000087700000, 0x0000000087700000|100%| O|  |TAMS 0x0000000087700000| PB 0x0000000087700000| Updating 
| 119|0x0000000087700000, 0x0000000087800000, 0x0000000087800000|100%| O|  |TAMS 0x0000000087800000| PB 0x0000000087800000| Updating 
| 120|0x0000000087800000, 0x0000000087900000, 0x0000000087900000|100%| O|  |TAMS 0x0000000087900000| PB 0x0000000087900000| Updating 
| 121|0x0000000087900000, 0x0000000087a00000, 0x0000000087a00000|100%| O|  |TAMS 0x0000000087a00000| PB 0x0000000087a00000| Updating 
| 122|0x0000000087a00000, 0x0000000087b00000, 0x0000000087b00000|100%| O|  |TAMS 0x0000000087b00000| PB 0x0000000087b00000| Updating 
| 123|0x0000000087b00000, 0x0000000087c00000, 0x0000000087c00000|100%| O|  |TAMS 0x0000000087c00000| PB 0x0000000087c00000| Updating 
| 124|0x0000000087c00000, 0x0000000087d00000, 0x0000000087d00000|100%| O|  |TAMS 0x0000000087d00000| PB 0x0000000087d00000| Updating 
| 125|0x0000000087d00000, 0x0000000087e00000, 0x0000000087e00000|100%| O|  |TAMS 0x0000000087e00000| PB 0x0000000087e00000| Updating 
| 126|0x0000000087e00000, 0x0000000087f00000, 0x0000000087f00000|100%| O|  |TAMS 0x0000000087f00000| PB 0x0000000087f00000| Updating 
| 127|0x0000000087f00000, 0x0000000088000000, 0x0000000088000000|100%| O|  |TAMS 0x0000000088000000| PB 0x0000000088000000| Untracked 
| 128|0x0000000088000000, 0x0000000088100000, 0x0000000088100000|100%| O|  |TAMS 0x0000000088100000| PB 0x0000000088100000| Untracked 
| 129|0x0000000088100000, 0x0000000088200000, 0x0000000088200000|100%| O|  |TAMS 0x0000000088200000| PB 0x0000000088200000| Untracked 
| 130|0x0000000088200000, 0x0000000088300000, 0x0000000088300000|100%| O|  |TAMS 0x0000000088300000| PB 0x0000000088300000| Updating 
| 131|0x0000000088300000, 0x0000000088400000, 0x0000000088400000|100%| O|  |TAMS 0x0000000088400000| PB 0x0000000088400000| Updating 
| 132|0x0000000088400000, 0x0000000088500000, 0x0000000088500000|100%| O|  |TAMS 0x0000000088500000| PB 0x0000000088500000| Updating 
| 133|0x0000000088500000, 0x0000000088600000, 0x0000000088600000|100%| O|  |TAMS 0x0000000088600000| PB 0x0000000088600000| Updating 
| 134|0x0000000088600000, 0x0000000088600000, 0x0000000088700000|  0%| F|  |TAMS 0x0000000088600000| PB 0x0000000088600000| Untracked 
| 135|0x0000000088700000, 0x0000000088700000, 0x0000000088800000|  0%| F|  |TAMS 0x0000000088700000| PB 0x0000000088700000| Untracked 
| 136|0x0000000088800000, 0x0000000088800000, 0x0000000088900000|  0%| F|  |TAMS 0x0000000088800000| PB 0x0000000088800000| Untracked 
| 137|0x0000000088900000, 0x0000000088900000, 0x0000000088a00000|  0%| F|  |TAMS 0x0000000088900000| PB 0x0000000088900000| Untracked 
| 138|0x0000000088a00000, 0x0000000088a00000, 0x0000000088b00000|  0%| F|  |TAMS 0x0000000088a00000| PB 0x0000000088a00000| Untracked 
| 139|0x0000000088b00000, 0x0000000088c00000, 0x0000000088c00000|100%| O|  |TAMS 0x0000000088c00000| PB 0x0000000088c00000| Updating 
| 140|0x0000000088c00000, 0x0000000088d00000, 0x0000000088d00000|100%| O|  |TAMS 0x0000000088d00000| PB 0x0000000088d00000| Updating 
| 141|0x0000000088d00000, 0x0000000088e00000, 0x0000000088e00000|100%| O|  |TAMS 0x0000000088decfa0| PB 0x0000000088decfa0| Updating 
| 142|0x0000000088e00000, 0x0000000088ed81a0, 0x0000000088f00000| 84%| O|  |TAMS 0x0000000088e00000| PB 0x0000000088e00000| Updating 
| 143|0x0000000088f00000, 0x0000000088f00000, 0x0000000089000000|  0%| F|  |TAMS 0x0000000088f00000| PB 0x0000000088f00000| Untracked 
| 144|0x0000000089000000, 0x0000000089000000, 0x0000000089100000|  0%| F|  |TAMS 0x0000000089000000| PB 0x0000000089000000| Untracked 
| 145|0x0000000089100000, 0x0000000089100000, 0x0000000089200000|  0%| F|  |TAMS 0x0000000089100000| PB 0x0000000089100000| Untracked 
| 146|0x0000000089200000, 0x0000000089200000, 0x0000000089300000|  0%| F|  |TAMS 0x0000000089200000| PB 0x0000000089200000| Untracked 
| 147|0x0000000089300000, 0x0000000089300000, 0x0000000089400000|  0%| F|  |TAMS 0x0000000089300000| PB 0x0000000089300000| Untracked 
| 148|0x0000000089400000, 0x0000000089400000, 0x0000000089500000|  0%| F|  |TAMS 0x0000000089400000| PB 0x0000000089400000| Untracked 
| 149|0x0000000089500000, 0x0000000089500000, 0x0000000089600000|  0%| F|  |TAMS 0x0000000089500000| PB 0x0000000089500000| Untracked 
| 150|0x0000000089600000, 0x0000000089600000, 0x0000000089700000|  0%| F|  |TAMS 0x0000000089600000| PB 0x0000000089600000| Untracked 
| 151|0x0000000089700000, 0x0000000089700000, 0x0000000089800000|  0%| F|  |TAMS 0x0000000089700000| PB 0x0000000089700000| Untracked 
| 152|0x0000000089800000, 0x0000000089800000, 0x0000000089900000|  0%| F|  |TAMS 0x0000000089800000| PB 0x0000000089800000| Untracked 
| 153|0x0000000089900000, 0x0000000089900000, 0x0000000089a00000|  0%| F|  |TAMS 0x0000000089900000| PB 0x0000000089900000| Untracked 
| 154|0x0000000089a00000, 0x0000000089a00000, 0x0000000089b00000|  0%| F|  |TAMS 0x0000000089a00000| PB 0x0000000089a00000| Untracked 
| 155|0x0000000089b00000, 0x0000000089b00000, 0x0000000089c00000|  0%| F|  |TAMS 0x0000000089b00000| PB 0x0000000089b00000| Untracked 
| 156|0x0000000089c00000, 0x0000000089c00000, 0x0000000089d00000|  0%| F|  |TAMS 0x0000000089c00000| PB 0x0000000089c00000| Untracked 
| 157|0x0000000089d00000, 0x0000000089d00000, 0x0000000089e00000|  0%| F|  |TAMS 0x0000000089d00000| PB 0x0000000089d00000| Untracked 
| 158|0x0000000089e00000, 0x0000000089e00000, 0x0000000089f00000|  0%| F|  |TAMS 0x0000000089e00000| PB 0x0000000089e00000| Untracked 
| 159|0x0000000089f00000, 0x0000000089f00000, 0x000000008a000000|  0%| F|  |TAMS 0x0000000089f00000| PB 0x0000000089f00000| Untracked 
| 160|0x000000008a000000, 0x000000008a000000, 0x000000008a100000|  0%| F|  |TAMS 0x000000008a000000| PB 0x000000008a000000| Untracked 
| 161|0x000000008a100000, 0x000000008a200000, 0x000000008a200000|100%| S|CS|TAMS 0x000000008a100000| PB 0x000000008a100000| Complete 
| 162|0x000000008a200000, 0x000000008a300000, 0x000000008a300000|100%| S|CS|TAMS 0x000000008a200000| PB 0x000000008a200000| Complete 
| 163|0x000000008a300000, 0x000000008a300000, 0x000000008a400000|  0%| F|  |TAMS 0x000000008a300000| PB 0x000000008a300000| Untracked 
| 164|0x000000008a400000, 0x000000008a400000, 0x000000008a500000|  0%| F|  |TAMS 0x000000008a400000| PB 0x000000008a400000| Untracked 
| 165|0x000000008a500000, 0x000000008a500000, 0x000000008a600000|  0%| F|  |TAMS 0x000000008a500000| PB 0x000000008a500000| Untracked 
| 166|0x000000008a600000, 0x000000008a600000, 0x000000008a700000|  0%| F|  |TAMS 0x000000008a600000| PB 0x000000008a600000| Untracked 
| 167|0x000000008a700000, 0x000000008a700000, 0x000000008a800000|  0%| F|  |TAMS 0x000000008a700000| PB 0x000000008a700000| Untracked 
| 168|0x000000008a800000, 0x000000008a800000, 0x000000008a900000|  0%| F|  |TAMS 0x000000008a800000| PB 0x000000008a800000| Untracked 
| 169|0x000000008a900000, 0x000000008a900000, 0x000000008aa00000|  0%| F|  |TAMS 0x000000008a900000| PB 0x000000008a900000| Untracked 
| 170|0x000000008aa00000, 0x000000008aa00000, 0x000000008ab00000|  0%| F|  |TAMS 0x000000008aa00000| PB 0x000000008aa00000| Untracked 
| 171|0x000000008ab00000, 0x000000008ab00000, 0x000000008ac00000|  0%| F|  |TAMS 0x000000008ab00000| PB 0x000000008ab00000| Untracked 
| 172|0x000000008ac00000, 0x000000008ac00000, 0x000000008ad00000|  0%| F|  |TAMS 0x000000008ac00000| PB 0x000000008ac00000| Untracked 
| 173|0x000000008ad00000, 0x000000008ad00000, 0x000000008ae00000|  0%| F|  |TAMS 0x000000008ad00000| PB 0x000000008ad00000| Untracked 
| 174|0x000000008ae00000, 0x000000008ae00000, 0x000000008af00000|  0%| F|  |TAMS 0x000000008ae00000| PB 0x000000008ae00000| Untracked 
| 175|0x000000008af00000, 0x000000008af00000, 0x000000008b000000|  0%| F|  |TAMS 0x000000008af00000| PB 0x000000008af00000| Untracked 
| 176|0x000000008b000000, 0x000000008b000000, 0x000000008b100000|  0%| F|  |TAMS 0x000000008b000000| PB 0x000000008b000000| Untracked 
| 177|0x000000008b100000, 0x000000008b100000, 0x000000008b200000|  0%| F|  |TAMS 0x000000008b100000| PB 0x000000008b100000| Untracked 
| 178|0x000000008b200000, 0x000000008b200000, 0x000000008b300000|  0%| F|  |TAMS 0x000000008b200000| PB 0x000000008b200000| Untracked 
| 179|0x000000008b300000, 0x000000008b300000, 0x000000008b400000|  0%| F|  |TAMS 0x000000008b300000| PB 0x000000008b300000| Untracked 
| 180|0x000000008b400000, 0x000000008b400000, 0x000000008b500000|  0%| F|  |TAMS 0x000000008b400000| PB 0x000000008b400000| Untracked 
| 181|0x000000008b500000, 0x000000008b500000, 0x000000008b600000|  0%| F|  |TAMS 0x000000008b500000| PB 0x000000008b500000| Untracked 
| 182|0x000000008b600000, 0x000000008b600000, 0x000000008b700000|  0%| F|  |TAMS 0x000000008b600000| PB 0x000000008b600000| Untracked 
| 183|0x000000008b700000, 0x000000008b700000, 0x000000008b800000|  0%| F|  |TAMS 0x000000008b700000| PB 0x000000008b700000| Untracked 
| 184|0x000000008b800000, 0x000000008b800000, 0x000000008b900000|  0%| F|  |TAMS 0x000000008b800000| PB 0x000000008b800000| Untracked 
| 185|0x000000008b900000, 0x000000008b900000, 0x000000008ba00000|  0%| F|  |TAMS 0x000000008b900000| PB 0x000000008b900000| Untracked 
| 186|0x000000008ba00000, 0x000000008ba00000, 0x000000008bb00000|  0%| F|  |TAMS 0x000000008ba00000| PB 0x000000008ba00000| Untracked 
| 187|0x000000008bb00000, 0x000000008bb00000, 0x000000008bc00000|  0%| F|  |TAMS 0x000000008bb00000| PB 0x000000008bb00000| Untracked 
| 188|0x000000008bc00000, 0x000000008bc00000, 0x000000008bd00000|  0%| F|  |TAMS 0x000000008bc00000| PB 0x000000008bc00000| Untracked 
| 189|0x000000008bd00000, 0x000000008bd00000, 0x000000008be00000|  0%| F|  |TAMS 0x000000008bd00000| PB 0x000000008bd00000| Untracked 
| 190|0x000000008be00000, 0x000000008be00000, 0x000000008bf00000|  0%| F|  |TAMS 0x000000008be00000| PB 0x000000008be00000| Untracked 
| 191|0x000000008bf00000, 0x000000008bf00000, 0x000000008c000000|  0%| F|  |TAMS 0x000000008bf00000| PB 0x000000008bf00000| Untracked 
| 192|0x000000008c000000, 0x000000008c000000, 0x000000008c100000|  0%| F|  |TAMS 0x000000008c000000| PB 0x000000008c000000| Untracked 
| 193|0x000000008c100000, 0x000000008c100000, 0x000000008c200000|  0%| F|  |TAMS 0x000000008c100000| PB 0x000000008c100000| Untracked 
| 194|0x000000008c200000, 0x000000008c200000, 0x000000008c300000|  0%| F|  |TAMS 0x000000008c200000| PB 0x000000008c200000| Untracked 
| 195|0x000000008c300000, 0x000000008c3f45b8, 0x000000008c400000| 95%| E|  |TAMS 0x000000008c300000| PB 0x000000008c300000| Complete 
| 196|0x000000008c400000, 0x000000008c500000, 0x000000008c500000|100%| E|CS|TAMS 0x000000008c400000| PB 0x000000008c400000| Complete 
| 197|0x000000008c500000, 0x000000008c600000, 0x000000008c600000|100%| E|CS|TAMS 0x000000008c500000| PB 0x000000008c500000| Complete 
| 198|0x000000008c600000, 0x000000008c700000, 0x000000008c700000|100%| E|CS|TAMS 0x000000008c600000| PB 0x000000008c600000| Complete 
| 199|0x000000008c700000, 0x000000008c800000, 0x000000008c800000|100%| E|  |TAMS 0x000000008c700000| PB 0x000000008c700000| Complete 
| 200|0x000000008c800000, 0x000000008c900000, 0x000000008c900000|100%| E|CS|TAMS 0x000000008c800000| PB 0x000000008c800000| Complete 
| 201|0x000000008c900000, 0x000000008ca00000, 0x000000008ca00000|100%| E|CS|TAMS 0x000000008c900000| PB 0x000000008c900000| Complete 
| 202|0x000000008ca00000, 0x000000008cb00000, 0x000000008cb00000|100%| E|CS|TAMS 0x000000008ca00000| PB 0x000000008ca00000| Complete 
| 203|0x000000008cb00000, 0x000000008cc00000, 0x000000008cc00000|100%| E|CS|TAMS 0x000000008cb00000| PB 0x000000008cb00000| Complete 
| 204|0x000000008cc00000, 0x000000008cd00000, 0x000000008cd00000|100%| E|CS|TAMS 0x000000008cc00000| PB 0x000000008cc00000| Complete 
|2031|0x00000000fef00000, 0x00000000ff000000, 0x00000000ff000000|100%| O|  |TAMS 0x00000000ff000000| PB 0x00000000ff000000| Updating 
|2032|0x00000000ff000000, 0x00000000ff100000, 0x00000000ff100000|100%| E|CS|TAMS 0x00000000ff000000| PB 0x00000000ff000000| Complete 
|2033|0x00000000ff100000, 0x00000000ff200000, 0x00000000ff200000|100%| E|CS|TAMS 0x00000000ff100000| PB 0x00000000ff100000| Complete 
|2034|0x00000000ff200000, 0x00000000ff300000, 0x00000000ff300000|100%| O|  |TAMS 0x00000000ff300000| PB 0x00000000ff300000| Untracked 
|2035|0x00000000ff300000, 0x00000000ff400000, 0x00000000ff400000|100%| O|  |TAMS 0x00000000ff400000| PB 0x00000000ff400000| Untracked 
|2036|0x00000000ff400000, 0x00000000ff500000, 0x00000000ff500000|100%| O|  |TAMS 0x00000000ff500000| PB 0x00000000ff500000| Untracked 
|2037|0x00000000ff500000, 0x00000000ff600000, 0x00000000ff600000|100%| O|  |TAMS 0x00000000ff600000| PB 0x00000000ff600000| Untracked 
|2038|0x00000000ff600000, 0x00000000ff700000, 0x00000000ff700000|100%| O|  |TAMS 0x00000000ff700000| PB 0x00000000ff700000| Untracked 
|2039|0x00000000ff700000, 0x00000000ff800000, 0x00000000ff800000|100%| O|  |TAMS 0x00000000ff800000| PB 0x00000000ff800000| Untracked 
|2040|0x00000000ff800000, 0x00000000ff900000, 0x00000000ff900000|100%| O|  |TAMS 0x00000000ff900000| PB 0x00000000ff900000| Untracked 
|2041|0x00000000ff900000, 0x00000000ffa00000, 0x00000000ffa00000|100%| O|  |TAMS 0x00000000ffa00000| PB 0x00000000ffa00000| Untracked 
|2042|0x00000000ffa00000, 0x00000000ffb00000, 0x00000000ffb00000|100%| E|CS|TAMS 0x00000000ffa00000| PB 0x00000000ffa00000| Complete 
|2043|0x00000000ffb00000, 0x00000000ffc00000, 0x00000000ffc00000|100%| O|  |TAMS 0x00000000ffc00000| PB 0x00000000ffc00000| Untracked 
|2044|0x00000000ffc00000, 0x00000000ffd00000, 0x00000000ffd00000|100%| O|  |TAMS 0x00000000ffd00000| PB 0x00000000ffd00000| Untracked 
|2045|0x00000000ffd00000, 0x00000000ffe00000, 0x00000000ffe00000|100%| O|  |TAMS 0x00000000ffe00000| PB 0x00000000ffe00000| Untracked 
|2046|0x00000000ffe00000, 0x00000000fff00000, 0x00000000fff00000|100%| O|  |TAMS 0x00000000fff00000| PB 0x00000000fff00000| Untracked 
|2047|0x00000000fff00000, 0x0000000100000000, 0x0000000100000000|100%| O|  |TAMS 0x0000000100000000| PB 0x0000000100000000| Untracked 

Card table byte_map: [0x0000016d7e850000,0x0000016d7ec50000] _byte_map_base: 0x0000016d7e450000

Marking Bits: (CMBitMap*) 0x0000016d6be03710
 Bits: [0x0000016d00000000, 0x0000016d02000000)

Polling page: 0x0000016d69be0000

Metaspace:

Usage:
  Non-class:    109.38 MB used.
      Class:     16.95 MB used.
       Both:    126.34 MB used.

Virtual space:
  Non-class space:      128.00 MB reserved,     110.50 MB ( 86%) committed,  2 nodes.
      Class space:        1.00 GB reserved,      18.12 MB (  2%) committed,  1 nodes.
             Both:        1.12 GB reserved,     128.62 MB ( 11%) committed. 

Chunk freelists:
   Non-Class:  1.39 MB
       Class:  13.92 MB
        Both:  15.31 MB

MaxMetaspaceSize: unlimited
CompressedClassSpaceSize: 1.00 GB
Initial GC threshold: 21.00 MB
Current GC threshold: 209.62 MB
CDS: off
 - commit_granule_bytes: 65536.
 - commit_granule_words: 8192.
 - virtual_space_node_default_size: 8388608.
 - enlarge_chunks_in_place: 1.
 - use_allocation_guard: 0.


Internal statistics:

num_allocs_failed_limit: 9.
num_arena_births: 4476.
num_arena_deaths: 0.
num_vsnodes_births: 3.
num_vsnodes_deaths: 0.
num_space_committed: 2057.
num_space_uncommitted: 0.
num_chunks_returned_to_freelist: 9.
num_chunks_taken_from_freelist: 9889.
num_chunk_merges: 6.
num_chunk_splits: 6451.
num_chunks_enlarged: 4077.
num_inconsistent_stats: 0.

CodeHeap 'non-profiled nmethods': size=120000Kb used=8140Kb max_used=8417Kb free=111859Kb
 bounds [0x0000016d769d0000, 0x0000016d77210000, 0x0000016d7df00000]
CodeHeap 'profiled nmethods': size=120000Kb used=25253Kb max_used=25853Kb free=94746Kb
 bounds [0x0000016d6ef00000, 0x0000016d70850000, 0x0000016d76430000]
CodeHeap 'non-nmethods': size=5760Kb used=2216Kb max_used=2251Kb free=3543Kb
 bounds [0x0000016d76430000, 0x0000016d766a0000, 0x0000016d769d0000]
 total_blobs=14516 nmethods=13584 adapters=836
 compilation: enabled
              stopped_count=0, restarted_count=0
 full_count=0

Compilation events (20 events):
Event: 111.535 Thread 0x0000016d7fac4420 16814       3       java.util.concurrent.atomic.AtomicInteger::getAndIncrement (12 bytes)
Event: 111.535 Thread 0x0000016d7fac4420 nmethod 16814 0x0000016d7083e210 code [0x0000016d7083e3a0, 0x0000016d7083e4b8]
Event: 111.535 Thread 0x0000016d7fac4420 16813   !   3       org.gradle.internal.event.DefaultListenerManager$ListenerDetails::dispatch (67 bytes)
Event: 111.537 Thread 0x0000016d7fac4420 nmethod 16813 0x0000016d7083e590 code [0x0000016d7083e820, 0x0000016d7083f3e8]
Event: 111.542 Thread 0x0000016d7fac4420 16816       1       org.gradle.internal.execution.steps.WorkspaceContext::shouldCaptureBeforeExecutionState (5 bytes)
Event: 111.542 Thread 0x0000016d7fac4420 nmethod 16816 0x0000016d77207e10 code [0x0000016d77207fa0, 0x0000016d77208070]
Event: 111.544 Thread 0x0000016d7fac4420 16817       3       org.gradle.internal.execution.steps.BeforeExecutionContext::getBeforeExecutionState (8 bytes)
Event: 111.544 Thread 0x0000016d7fac4420 nmethod 16817 0x0000016d7083f810 code [0x0000016d7083f9e0, 0x0000016d7083fd08]
Event: 111.544 Thread 0x0000016d7fac4420 16818       1       org.gradle.api.internal.tasks.TaskExecutionOutcome::getMessage (5 bytes)
Event: 111.544 Thread 0x0000016d7fac4420 nmethod 16818 0x0000016d77208110 code [0x0000016d772082a0, 0x0000016d77208368]
Event: 111.546 Thread 0x0000016d7fac4420 16819       3       org.gradle.api.internal.tasks.properties.FileParameterUtils::normalizerOrDefault (12 bytes)
Event: 111.547 Thread 0x0000016d7fac4420 nmethod 16819 0x0000016d7083fe10 code [0x0000016d7083ffa0, 0x0000016d708400d8]
Event: 111.547 Thread 0x0000016d7fac4420 16820       1       org.gradle.execution.plan.Node::getConsumerState (5 bytes)
Event: 111.548 Thread 0x0000016d7fac4420 nmethod 16820 0x0000016d77208410 code [0x0000016d772085a0, 0x0000016d77208668]
Event: 111.548 Thread 0x0000016d7fac4420 16821       3       org.gradle.internal.operations.logging.LoggingBuildOperationProgressBroadcaster::emit (16 bytes)
Event: 111.549 Thread 0x0000016d7fac4420 nmethod 16821 0x0000016d70840190 code [0x0000016d70840340, 0x0000016d70840560]
Event: 111.549 Thread 0x0000016d7fac4420 16822       3       org.gradle.api.internal.provider.AbstractProperty::implicitFinalizeValue (28 bytes)
Event: 111.549 Thread 0x0000016d7fac4420 nmethod 16822 0x0000016d70840690 code [0x0000016d70840880, 0x0000016d70840dd8]
Event: 111.549 Thread 0x0000016d7fac4420 16823       3       org.gradle.api.internal.provider.ValueState::disallowChangesAndFinalizeOnNextGet (9 bytes)
Event: 111.549 Thread 0x0000016d7fac4420 nmethod 16823 0x0000016d70840f90 code [0x0000016d70841140, 0x0000016d708413c8]

GC Heap History (20 events):
Event: 89.593 GC heap before
{Heap before GC invocations=42 (full 0):
 garbage-first heap   total 163840K, used 149594K [0x0000000080000000, 0x0000000100000000)
  region size 1024K, 54 young (55296K), 5 survivors (5120K)
 Metaspace       used 113354K, committed 115584K, reserved 1179648K
  class space    used 15293K, committed 16448K, reserved 1048576K
}
Event: 89.604 GC heap after
{Heap after GC invocations=43 (full 0):
 garbage-first heap   total 196608K, used 102375K [0x0000000080000000, 0x0000000100000000)
  region size 1024K, 6 young (6144K), 6 survivors (6144K)
 Metaspace       used 113354K, committed 115584K, reserved 1179648K
  class space    used 15293K, committed 16448K, reserved 1048576K
}
Event: 95.420 GC heap before
{Heap before GC invocations=44 (full 0):
 garbage-first heap   total 196608K, used 178151K [0x0000000080000000, 0x0000000100000000)
  region size 1024K, 80 young (81920K), 6 survivors (6144K)
 Metaspace       used 119660K, committed 121856K, reserved 1179648K
  class space    used 16147K, committed 17216K, reserved 1048576K
}
Event: 95.440 GC heap after
{Heap after GC invocations=45 (full 0):
 garbage-first heap   total 196608K, used 107000K [0x0000000080000000, 0x0000000100000000)
  region size 1024K, 8 young (8192K), 8 survivors (8192K)
 Metaspace       used 119660K, committed 121856K, reserved 1179648K
  class space    used 16147K, committed 17216K, reserved 1048576K
}
Event: 98.311 GC heap before
{Heap before GC invocations=45 (full 0):
 garbage-first heap   total 196608K, used 179704K [0x0000000080000000, 0x0000000100000000)
  region size 1024K, 75 young (76800K), 8 survivors (8192K)
 Metaspace       used 124965K, committed 127296K, reserved 1179648K
  class space    used 16767K, committed 17984K, reserved 1048576K
}
Event: 98.346 GC heap after
{Heap after GC invocations=46 (full 0):
 garbage-first heap   total 198656K, used 113938K [0x0000000080000000, 0x0000000100000000)
  region size 1024K, 10 young (10240K), 10 survivors (10240K)
 Metaspace       used 124965K, committed 127296K, reserved 1179648K
  class space    used 16767K, committed 17984K, reserved 1048576K
}
Event: 102.381 GC heap before
{Heap before GC invocations=46 (full 0):
 garbage-first heap   total 198656K, used 176402K [0x0000000080000000, 0x0000000100000000)
  region size 1024K, 71 young (72704K), 10 survivors (10240K)
 Metaspace       used 125149K, committed 127424K, reserved 1179648K
  class space    used 16776K, committed 17984K, reserved 1048576K
}
Event: 102.420 GC heap after
{Heap after GC invocations=47 (full 0):
 garbage-first heap   total 198656K, used 123107K [0x0000000080000000, 0x0000000100000000)
  region size 1024K, 9 young (9216K), 9 survivors (9216K)
 Metaspace       used 125149K, committed 127424K, reserved 1179648K
  class space    used 16776K, committed 17984K, reserved 1048576K
}
Event: 104.721 GC heap before
{Heap before GC invocations=48 (full 0):
 garbage-first heap   total 206848K, used 176355K [0x0000000080000000, 0x0000000100000000)
  region size 1024K, 62 young (63488K), 9 survivors (9216K)
 Metaspace       used 125663K, committed 127936K, reserved 1179648K
  class space    used 16874K, committed 18048K, reserved 1048576K
}
Event: 104.738 GC heap after
{Heap after GC invocations=49 (full 0):
 garbage-first heap   total 206848K, used 127458K [0x0000000080000000, 0x0000000100000000)
  region size 1024K, 5 young (5120K), 5 survivors (5120K)
 Metaspace       used 125663K, committed 127936K, reserved 1179648K
  class space    used 16874K, committed 18048K, reserved 1048576K
}
Event: 106.568 GC heap before
{Heap before GC invocations=49 (full 0):
 garbage-first heap   total 206848K, used 187874K [0x0000000080000000, 0x0000000100000000)
  region size 1024K, 65 young (66560K), 5 survivors (5120K)
 Metaspace       used 125808K, committed 128064K, reserved 1179648K
  class space    used 16885K, committed 18048K, reserved 1048576K
}
Event: 106.583 GC heap after
{Heap after GC invocations=50 (full 0):
 garbage-first heap   total 206848K, used 130541K [0x0000000080000000, 0x0000000100000000)
  region size 1024K, 8 young (8192K), 8 survivors (8192K)
 Metaspace       used 125808K, committed 128064K, reserved 1179648K
  class space    used 16885K, committed 18048K, reserved 1048576K
}
Event: 108.696 GC heap before
{Heap before GC invocations=50 (full 0):
 garbage-first heap   total 206848K, used 184813K [0x0000000080000000, 0x0000000100000000)
  region size 1024K, 62 young (63488K), 8 survivors (8192K)
 Metaspace       used 126503K, committed 128768K, reserved 1179648K
  class space    used 17005K, committed 18176K, reserved 1048576K
}
Event: 108.710 GC heap after
{Heap after GC invocations=51 (full 0):
 garbage-first heap   total 206848K, used 134546K [0x0000000080000000, 0x0000000100000000)
  region size 1024K, 8 young (8192K), 8 survivors (8192K)
 Metaspace       used 126503K, committed 128768K, reserved 1179648K
  class space    used 17005K, committed 18176K, reserved 1048576K
}
Event: 109.479 GC heap before
{Heap before GC invocations=52 (full 0):
 garbage-first heap   total 227328K, used 183698K [0x0000000080000000, 0x0000000100000000)
  region size 1024K, 57 young (58368K), 8 survivors (8192K)
 Metaspace       used 126586K, committed 128896K, reserved 1179648K
  class space    used 17014K, committed 18176K, reserved 1048576K
}
Event: 109.515 GC heap after
{Heap after GC invocations=53 (full 0):
 garbage-first heap   total 227328K, used 156959K [0x0000000080000000, 0x0000000100000000)
  region size 1024K, 8 young (8192K), 8 survivors (8192K)
 Metaspace       used 126586K, committed 128896K, reserved 1179648K
  class space    used 17014K, committed 18176K, reserved 1048576K
}
Event: 111.079 GC heap before
{Heap before GC invocations=53 (full 0):
 garbage-first heap   total 227328K, used 196895K [0x0000000080000000, 0x0000000100000000)
  region size 1024K, 47 young (48128K), 8 survivors (8192K)
 Metaspace       used 128898K, committed 131200K, reserved 1179648K
  class space    used 17276K, committed 18432K, reserved 1048576K
}
Event: 111.098 GC heap after
{Heap after GC invocations=54 (full 0):
 garbage-first heap   total 227328K, used 160280K [0x0000000080000000, 0x0000000100000000)
  region size 1024K, 5 young (5120K), 5 survivors (5120K)
 Metaspace       used 128898K, committed 131200K, reserved 1179648K
  class space    used 17276K, committed 18432K, reserved 1048576K
}
Event: 111.399 GC heap before
{Heap before GC invocations=54 (full 0):
 garbage-first heap   total 227328K, used 200216K [0x0000000080000000, 0x0000000100000000)
  region size 1024K, 45 young (46080K), 5 survivors (5120K)
 Metaspace       used 129307K, committed 131648K, reserved 1179648K
  class space    used 17352K, committed 18560K, reserved 1048576K
}
Event: 111.409 GC heap after
{Heap after GC invocations=55 (full 0):
 garbage-first heap   total 227328K, used 162656K [0x0000000080000000, 0x0000000100000000)
  region size 1024K, 2 young (2048K), 2 survivors (2048K)
 Metaspace       used 129307K, committed 131648K, reserved 1179648K
  class space    used 17352K, committed 18560K, reserved 1048576K
}

Dll operation events (3 events):
Event: 0.022 Loaded shared library C:\Program Files\Android\Android Studio\jbr\bin\java.dll
Event: 0.041 Loaded shared library C:\Program Files\Android\Android Studio\jbr\bin\zip.dll
Event: 1.476 Loaded shared library C:\Program Files\Android\Android Studio\jbr\bin\verify.dll

Deoptimization events (20 events):
Event: 111.314 Thread 0x0000016d13107fe0 DEOPT PACKING pc=0x0000016d70814066 sp=0x0000001cd63fcd80
Event: 111.314 Thread 0x0000016d13107fe0 DEOPT UNPACKING pc=0x0000016d76484e42 sp=0x0000001cd63fc2c8 mode 0
Event: 111.345 Thread 0x0000016d1333d020 DEOPT PACKING pc=0x0000016d70814066 sp=0x0000001cd48fa880
Event: 111.346 Thread 0x0000016d1333d020 DEOPT UNPACKING pc=0x0000016d76484e42 sp=0x0000001cd48f9dc8 mode 0
Event: 111.369 Thread 0x0000016d13108670 DEOPT PACKING pc=0x0000016d7081ac7a sp=0x0000001cd5bfd7c0
Event: 111.369 Thread 0x0000016d13108670 DEOPT UNPACKING pc=0x0000016d76484e42 sp=0x0000001cd5bfccd0 mode 0
Event: 111.374 Thread 0x0000016d13106c30 DEOPT PACKING pc=0x0000016d70814066 sp=0x0000001cd5afe030
Event: 111.374 Thread 0x0000016d13106c30 DEOPT UNPACKING pc=0x0000016d76484e42 sp=0x0000001cd5afd578 mode 0
Event: 111.425 Thread 0x0000016d1333d020 DEOPT PACKING pc=0x0000016d70814066 sp=0x0000001cd48fa110
Event: 111.425 Thread 0x0000016d1333d020 DEOPT UNPACKING pc=0x0000016d76484e42 sp=0x0000001cd48f9658 mode 0
Event: 111.471 Thread 0x0000016d131072c0 DEOPT PACKING pc=0x0000016d70814066 sp=0x0000001cd5ffded0
Event: 111.471 Thread 0x0000016d131072c0 DEOPT UNPACKING pc=0x0000016d76484e42 sp=0x0000001cd5ffd418 mode 0
Event: 111.527 Thread 0x0000016d127cb3a0 Uncommon trap: trap_request=0xffffff45 fr.pc=0x0000016d7709cce4 relative=0x0000000000000464
Event: 111.527 Thread 0x0000016d127cb3a0 Uncommon trap: reason=unstable_if action=reinterpret pc=0x0000016d7709cce4 method=java.util.StringJoiner.add(Ljava/lang/CharSequence;)Ljava/util/StringJoiner; @ 33 c2
Event: 111.527 Thread 0x0000016d127cb3a0 DEOPT PACKING pc=0x0000016d7709cce4 sp=0x0000001cdaffd5a0
Event: 111.527 Thread 0x0000016d127cb3a0 DEOPT UNPACKING pc=0x0000016d764846a2 sp=0x0000001cdaffd550 mode 2
Event: 111.541 Thread 0x0000016d1333f780 Uncommon trap: trap_request=0xffffffde fr.pc=0x0000016d7718a4ec relative=0x00000000000001ac
Event: 111.541 Thread 0x0000016d1333f780 Uncommon trap: reason=class_check action=maybe_recompile pc=0x0000016d7718a4ec method=org.gradle.internal.snapshot.AbstractIncompleteFileSystemNode.store(Lorg/gradle/internal/snapshot/VfsRelativePath;Lorg/gradle/internal/snapshot/CaseSensitivity;Lorg/grad
Event: 111.542 Thread 0x0000016d1333f780 DEOPT PACKING pc=0x0000016d7718a4ec sp=0x0000001cd45fa920
Event: 111.542 Thread 0x0000016d1333f780 DEOPT UNPACKING pc=0x0000016d764846a2 sp=0x0000001cd45fa8a8 mode 2

Classes loaded (20 events):
Event: 106.607 Loading class java/nio/file/FileTreeWalker$1
Event: 106.609 Loading class java/nio/file/FileTreeWalker$1 done
Event: 110.907 Loading class java/nio/file/TempFileHelper
Event: 110.909 Loading class java/nio/file/TempFileHelper done
Event: 111.020 Loading class java/rmi/RemoteException
Event: 111.022 Loading class java/rmi/RemoteException done
Event: 111.157 Loading class java/rmi/ConnectException
Event: 111.159 Loading class java/rmi/ConnectException done
Event: 111.160 Loading class java/rmi/ConnectIOException
Event: 111.161 Loading class java/rmi/ConnectIOException done
Event: 111.161 Loading class java/rmi/UnmarshalException
Event: 111.162 Loading class java/rmi/UnmarshalException done
Event: 111.175 Loading class java/rmi/server/RMIServerSocketFactory
Event: 111.176 Loading class java/rmi/server/RMIServerSocketFactory done
Event: 111.179 Loading class java/rmi/server/RMIClientSocketFactory
Event: 111.179 Loading class java/rmi/server/RMIClientSocketFactory done
Event: 111.246 Loading class java/lang/IllegalThreadStateException
Event: 111.247 Loading class java/lang/IllegalThreadStateException done
Event: 111.527 Loading class java/lang/ProcessImpl
Event: 111.530 Loading class java/lang/ProcessImpl done

Classes unloaded (0 events):
No events

Classes redefined (0 events):
No events

Internal exceptions (20 events):
Event: 97.348 Thread 0x0000016d124119e0 Exception <a 'java/lang/NoSuchMethodError'{0x0000000087a27ec8}: static Lorg/jetbrains/kotlin/gradle/plugin/statistics/MetricContainer;.<clinit>()V> (0x0000000087a27ec8) 
thrown [s\src\hotspot\share\prims\jni.cpp, line 1139]
Event: 97.408 Thread 0x0000016d0c5ae3f0 Exception <a 'java/lang/NoSuchMethodError'{0x000000008783b1b0}: static Lorg/gradle/internal/build/event/types/DefaultTaskSkippedResult;.<clinit>()V> (0x000000008783b1b0) 
thrown [s\src\hotspot\share\prims\jni.cpp, line 1139]
Event: 97.492 Thread 0x0000016d13341850 Exception <a 'java/lang/IncompatibleClassChangeError'{0x000000008773c0e0}: Found class java.lang.Object, but interface was expected> (0x000000008773c0e0) 
thrown [s\src\hotspot\share\interpreter\linkResolver.cpp, line 851]
Event: 97.800 Thread 0x0000016d13341850 Exception <a 'java/lang/NoSuchMethodError'{0x00000000874e1f58}: 'int java.lang.invoke.DirectMethodHandle$Holder.invokeSpecial(java.lang.Object, java.lang.Object, int)'> (0x00000000874e1f58) 
thrown [s\src\hotspot\share\interpreter\linkResolver.cpp, line 784]
Event: 103.406 Thread 0x0000016d13341850 Exception <a 'java/lang/NoSuchMethodError'{0x000000008a8d48b0}: 'int java.lang.invoke.DirectMethodHandle$Holder.invokeStaticInit(java.lang.Object, java.lang.Object, java.lang.Object, java.lang.Object, java.lang.Object)'> (0x000000008a8d48b0) 
thrown [s\src\hotspot\share\interpreter\linkResolver.cpp, line 784]
Event: 105.284 Thread 0x0000016d13343290 Exception <a 'java/lang/NoSuchMethodError'{0x000000008a78d358}: static Lcom/android/build/gradle/internal/scope/InternalArtifactType;.<clinit>()V> (0x000000008a78d358) 
thrown [s\src\hotspot\share\prims\jni.cpp, line 1139]
Event: 105.287 Thread 0x0000016d13343290 Exception <a 'java/lang/NoSuchMethodError'{0x000000008a78e9a0}: static Lcom/android/build/gradle/internal/scope/InternalArtifactType;.<clinit>()V> (0x000000008a78e9a0) 
thrown [s\src\hotspot\share\prims\jni.cpp, line 1139]
Event: 105.287 Thread 0x0000016d13343290 Exception <a 'java/lang/NoSuchMethodError'{0x000000008a7923d8}: static Lcom/android/build/api/artifact/Artifact$Single;.<clinit>()V> (0x000000008a7923d8) 
thrown [s\src\hotspot\share\prims\jni.cpp, line 1139]
Event: 105.287 Thread 0x0000016d13343290 Exception <a 'java/lang/NoSuchMethodError'{0x000000008a794570}: static Ljava/lang/Object;.<clinit>()V> (0x000000008a794570) 
thrown [s\src\hotspot\share\prims\jni.cpp, line 1139]
Event: 105.290 Thread 0x0000016d13343290 Exception <a 'java/lang/NoSuchMethodError'{0x000000008a7adfd0}: static Lcom/android/build/api/artifact/ArtifactKind;.<clinit>()V> (0x000000008a7adfd0) 
thrown [s\src\hotspot\share\prims\jni.cpp, line 1139]
Event: 105.290 Thread 0x0000016d13343290 Exception <a 'java/lang/NoSuchMethodError'{0x000000008a7af1d8}: static Lcom/android/build/api/artifact/ArtifactKind;.<clinit>()V> (0x000000008a7af1d8) 
thrown [s\src\hotspot\share\prims\jni.cpp, line 1139]
Event: 106.740 Thread 0x0000016d1333bc70 Exception <a 'java/lang/NoSuchMethodError'{0x00000000ff16d460}: 'int java.lang.invoke.DirectMethodHandle$Holder.invokeSpecial(java.lang.Object, java.lang.Object, java.lang.Object, java.lang.Object, java.lang.Object)'> (0x00000000ff16d460) 
thrown [s\src\hotspot\share\interpreter\linkResolver.cpp, line 784]
Event: 107.802 Thread 0x0000016d1333bc70 Exception <a 'java/lang/NoSuchMethodError'{0x0000000089d84238}: static Ljava/lang/Object;.<clinit>()V> (0x0000000089d84238) 
thrown [s\src\hotspot\share\prims\jni.cpp, line 1139]
Event: 109.147 Thread 0x0000016d1333bc70 Exception <a 'java/lang/NoSuchMethodError'{0x000000008bda1dd8}: static Lorg/jetbrains/kotlin/gradle/internal/kapt/incremental/ClasspathEntryData;.<clinit>()V> (0x000000008bda1dd8) 
thrown [s\src\hotspot\share\prims\jni.cpp, line 1139]
Event: 110.331 Thread 0x0000016d1333bc70 Exception <a 'java/lang/NoSuchMethodError'{0x000000008be4dfa0}: method resolution failed> (0x000000008be4dfa0) 
thrown [s\src\hotspot\share\prims\methodHandles.cpp, line 1144]
Event: 111.046 Thread 0x0000016d1333d020 Exception <a 'sun/nio/fs/WindowsException'{0x000000008abc1fe0}> (0x000000008abc1fe0) 
thrown [s\src\hotspot\share\prims\jni.cpp, line 535]
Event: 111.173 Thread 0x0000016d127cb3a0 Exception <a 'java/lang/NoSuchMethodError'{0x000000008c3e73e0}: 'long java.lang.invoke.DirectMethodHandle$Holder.invokeStatic(java.lang.Object)'> (0x000000008c3e73e0) 
thrown [s\src\hotspot\share\interpreter\linkResolver.cpp, line 784]
Event: 111.173 Thread 0x0000016d127cb3a0 Exception <a 'java/lang/NoSuchMethodError'{0x000000008c3fe0e0}: 'long java.lang.invoke.DirectMethodHandle$Holder.invokeStaticInit(java.lang.Object)'> (0x000000008c3fe0e0) 
thrown [s\src\hotspot\share\interpreter\linkResolver.cpp, line 784]
Event: 111.278 Thread 0x0000016d127cb3a0 Exception <a 'java/lang/NoSuchMethodError'{0x000000008b8c1960}: 'int java.lang.invoke.DirectMethodHandle$Holder.invokeStatic(java.lang.Object, long)'> (0x000000008b8c1960) 
thrown [s\src\hotspot\share\interpreter\linkResolver.cpp, line 784]
Event: 111.539 Thread 0x0000016d1333f780 Exception <a 'sun/nio/fs/WindowsException'{0x000000008c4189e8}> (0x000000008c4189e8) 
thrown [s\src\hotspot\share\prims\jni.cpp, line 535]

ZGC Phase Switch (0 events):
No events

VM Operations (20 events):
Event: 106.737 Executing VM operation: HandshakeAllThreads (Deoptimize) done
Event: 107.676 Executing VM operation: ICBufferFull
Event: 107.676 Executing VM operation: ICBufferFull done
Event: 108.678 Executing VM operation: Cleanup
Event: 108.678 Executing VM operation: Cleanup done
Event: 108.696 Executing VM operation: G1CollectForAllocation (G1 Evacuation Pause)
Event: 108.710 Executing VM operation: G1CollectForAllocation (G1 Evacuation Pause) done
Event: 108.851 Executing VM operation: G1PauseRemark
Event: 108.864 Executing VM operation: G1PauseRemark done
Event: 108.945 Executing VM operation: G1PauseCleanup
Event: 108.946 Executing VM operation: G1PauseCleanup done
Event: 109.478 Executing VM operation: G1CollectForAllocation (G1 Evacuation Pause)
Event: 109.515 Executing VM operation: G1CollectForAllocation (G1 Evacuation Pause) done
Event: 110.529 Executing VM operation: Cleanup
Event: 110.530 Executing VM operation: Cleanup done
Event: 111.079 Executing VM operation: G1CollectForAllocation (G1 Evacuation Pause)
Event: 111.098 Executing VM operation: G1CollectForAllocation (G1 Evacuation Pause) done
Event: 111.399 Executing VM operation: G1CollectForAllocation (G1 Evacuation Pause)
Event: 111.409 Executing VM operation: G1CollectForAllocation (G1 Evacuation Pause) done
Event: 111.583 Executing VM operation: G1PauseRemark

Memory protections (0 events):
No events

Nmethod flushes (20 events):
Event: 111.592 Thread 0x0000016d7f8fc770 flushing  nmethod 0x0000016d76b10990
Event: 111.592 Thread 0x0000016d7f8fc770 flushing  nmethod 0x0000016d770bff10
Event: 111.592 Thread 0x0000016d7f8fc770 flushing  nmethod 0x0000016d7718e710
Event: 111.592 Thread 0x0000016d7f8fc770 flushing  nmethod 0x0000016d6f6c9310
Event: 111.592 Thread 0x0000016d7f8fc770 flushing  nmethod 0x0000016d6f7bf290
Event: 111.592 Thread 0x0000016d7f8fc770 flushing  nmethod 0x0000016d6f7c0590
Event: 111.592 Thread 0x0000016d7f8fc770 flushing  nmethod 0x0000016d6f9cc610
Event: 111.592 Thread 0x0000016d7f8fc770 flushing  nmethod 0x0000016d6fa7c190
Event: 111.592 Thread 0x0000016d7f8fc770 flushing  nmethod 0x0000016d6fada510
Event: 111.592 Thread 0x0000016d7f8fc770 flushing  nmethod 0x0000016d6fb9d490
Event: 111.592 Thread 0x0000016d7f8fc770 flushing  nmethod 0x0000016d6fb9fe10
Event: 111.592 Thread 0x0000016d7f8fc770 flushing  nmethod 0x0000016d6fc13a10
Event: 111.592 Thread 0x0000016d7f8fc770 flushing  nmethod 0x0000016d6fc14a10
Event: 111.592 Thread 0x0000016d7f8fc770 flushing  nmethod 0x0000016d6fc16090
Event: 111.592 Thread 0x0000016d7f8fc770 flushing  nmethod 0x0000016d6fd3aa90
Event: 111.592 Thread 0x0000016d7f8fc770 flushing  nmethod 0x0000016d6fe51210
Event: 111.592 Thread 0x0000016d7f8fc770 flushing  nmethod 0x0000016d6fed2090
Event: 111.592 Thread 0x0000016d7f8fc770 flushing  nmethod 0x0000016d70054010
Event: 111.592 Thread 0x0000016d7f8fc770 flushing  nmethod 0x0000016d70176a90
Event: 111.592 Thread 0x0000016d7f8fc770 flushing  nmethod 0x0000016d701e1410

Events (20 events):
Event: 107.523 Thread 0x0000016d1333bc70 Thread added: 0x0000016d127c36f0
Event: 107.523 Thread 0x0000016d1333bc70 Thread added: 0x0000016d127c0900
Event: 107.523 Thread 0x0000016d1333bc70 Thread added: 0x0000016d127bc760
Event: 107.523 Thread 0x0000016d1333bc70 Thread added: 0x0000016d127c29d0
Event: 107.523 Thread 0x0000016d1333bc70 Thread added: 0x0000016d127bf550
Event: 107.524 Thread 0x0000016d1333bc70 Thread added: 0x0000016d127c0f90
Event: 107.524 Thread 0x0000016d1333bc70 Thread added: 0x0000016d127bcdf0
Event: 107.524 Thread 0x0000016d1333bc70 Thread added: 0x0000016d127c4410
Event: 107.525 Thread 0x0000016d1333bc70 Thread added: 0x0000016d127c3d80
Event: 107.525 Thread 0x0000016d1333bc70 Thread added: 0x0000016d127c1620
Event: 107.771 Thread 0x0000016d1333bc70 Thread added: 0x0000016d127bd480
Event: 107.772 Thread 0x0000016d1333bc70 Thread added: 0x0000016d127c4aa0
Event: 107.772 Thread 0x0000016d1333bc70 Thread added: 0x0000016d127c1cb0
Event: 107.772 Thread 0x0000016d1333bc70 Thread added: 0x0000016d127c2340
Event: 107.772 Thread 0x0000016d1333bc70 Thread added: 0x0000016d127bdb10
Event: 107.772 Thread 0x0000016d1333bc70 Thread added: 0x0000016d127c5130
Event: 107.773 Thread 0x0000016d1333bc70 Thread added: 0x0000016d127be1a0
Event: 107.773 Thread 0x0000016d1333bc70 Thread added: 0x0000016d127c57c0
Event: 110.980 Thread 0x0000016d1333bc70 Thread added: 0x0000016d127cb3a0
Event: 111.429 Loaded shared library C:\Users\gaurav\AppData\Local\Temp\native-platform11908390728886111460dir\native-platform.dll


Dynamic libraries:
0x00007ff77a410000 - 0x00007ff77a41a000 	C:\Program Files\Android\Android Studio\jbr\bin\java.exe
0x00007ffe09cf0000 - 0x00007ffe09f08000 	C:\WINDOWS\SYSTEM32\ntdll.dll
0x00007ffe07c10000 - 0x00007ffe07cd4000 	C:\WINDOWS\System32\KERNEL32.DLL
0x00007ffe07010000 - 0x00007ffe073e3000 	C:\WINDOWS\System32\KERNELBASE.dll
0x00007ffe07740000 - 0x00007ffe07851000 	C:\WINDOWS\System32\ucrtbase.dll
0x00007ffd83ab0000 - 0x00007ffd83acb000 	C:\Program Files\Android\Android Studio\jbr\bin\VCRUNTIME140.dll
0x00007ffdd2830000 - 0x00007ffdd2848000 	C:\Program Files\Android\Android Studio\jbr\bin\jli.dll
0x00007ffe08730000 - 0x00007ffe088e2000 	C:\WINDOWS\System32\USER32.dll
0x00007ffe06fe0000 - 0x00007ffe07006000 	C:\WINDOWS\System32\win32u.dll
0x00007ffdee6f0000 - 0x00007ffdee98c000 	C:\WINDOWS\WinSxS\amd64_microsoft.windows.common-controls_6595b64144ccf1df_6.0.22621.6060_none_2712eda17382d24b\COMCTL32.dll
0x00007ffe09be0000 - 0x00007ffe09c09000 	C:\WINDOWS\System32\GDI32.dll
0x00007ffe08d80000 - 0x00007ffe08e27000 	C:\WINDOWS\System32\msvcrt.dll
0x00007ffe07860000 - 0x00007ffe07983000 	C:\WINDOWS\System32\gdi32full.dll
0x00007ffe073f0000 - 0x00007ffe0748a000 	C:\WINDOWS\System32\msvcp_win.dll
0x00007ffe07ab0000 - 0x00007ffe07ae1000 	C:\WINDOWS\System32\IMM32.DLL
0x00007ffde4300000 - 0x00007ffde430c000 	C:\Program Files\Android\Android Studio\jbr\bin\vcruntime140_1.dll
0x00007ffdc1c00000 - 0x00007ffdc1c8d000 	C:\Program Files\Android\Android Studio\jbr\bin\msvcp140.dll
0x00007ffd83ad0000 - 0x00007ffd8475b000 	C:\Program Files\Android\Android Studio\jbr\bin\server\jvm.dll
0x00007ffe079e0000 - 0x00007ffe07a91000 	C:\WINDOWS\System32\ADVAPI32.dll
0x00007ffe08a30000 - 0x00007ffe08ad8000 	C:\WINDOWS\System32\sechost.dll
0x00007ffe06df0000 - 0x00007ffe06e18000 	C:\WINDOWS\System32\bcrypt.dll
0x00007ffe07af0000 - 0x00007ffe07c08000 	C:\WINDOWS\System32\RPCRT4.dll
0x00007ffe08fd0000 - 0x00007ffe09041000 	C:\WINDOWS\System32\WS2_32.dll
0x00007ffe06a60000 - 0x00007ffe06aad000 	C:\WINDOWS\SYSTEM32\POWRPROF.dll
0x00007ffe021b0000 - 0x00007ffe021e4000 	C:\WINDOWS\SYSTEM32\WINMM.dll
0x00007ffdff630000 - 0x00007ffdff63a000 	C:\WINDOWS\SYSTEM32\VERSION.dll
0x00007ffe06a40000 - 0x00007ffe06a53000 	C:\WINDOWS\SYSTEM32\UMPDC.dll
0x00007ffe05dc0000 - 0x00007ffe05dd8000 	C:\WINDOWS\SYSTEM32\kernel.appcore.dll
0x00007ffd83aa0000 - 0x00007ffd83aaa000 	C:\Program Files\Android\Android Studio\jbr\bin\jimage.dll
0x00007ffdfdf90000 - 0x00007ffdfe1c3000 	C:\WINDOWS\SYSTEM32\DBGHELP.DLL
0x00007ffe09840000 - 0x00007ffe09bd2000 	C:\WINDOWS\System32\combase.dll
0x00007ffe08650000 - 0x00007ffe08728000 	C:\WINDOWS\System32\OLEAUT32.dll
0x00007ffdede60000 - 0x00007ffdede92000 	C:\WINDOWS\SYSTEM32\dbgcore.DLL
0x00007ffe06f60000 - 0x00007ffe06fdb000 	C:\WINDOWS\System32\bcryptPrimitives.dll
0x00007ffdd2330000 - 0x00007ffdd233e000 	C:\Program Files\Android\Android Studio\jbr\bin\instrument.dll
0x00007ffd83a80000 - 0x00007ffd83aa0000 	C:\Program Files\Android\Android Studio\jbr\bin\java.dll
0x00007ffd83a60000 - 0x00007ffd83a78000 	C:\Program Files\Android\Android Studio\jbr\bin\zip.dll
0x00007ffe07d40000 - 0x00007ffe085de000 	C:\WINDOWS\System32\SHELL32.dll
0x00007ffe07490000 - 0x00007ffe075cf000 	C:\WINDOWS\System32\wintypes.dll
0x00007ffe04c90000 - 0x00007ffe055a8000 	C:\WINDOWS\SYSTEM32\windows.storage.dll
0x00007ffe08c70000 - 0x00007ffe08d74000 	C:\WINDOWS\System32\SHCORE.dll
0x00007ffe09070000 - 0x00007ffe090d9000 	C:\WINDOWS\System32\shlwapi.dll
0x00007ffe06d20000 - 0x00007ffe06d45000 	C:\WINDOWS\SYSTEM32\profapi.dll
0x00007ffd83a50000 - 0x00007ffd83a60000 	C:\Program Files\Android\Android Studio\jbr\bin\net.dll
0x00007ffe03b60000 - 0x00007ffe03c8c000 	C:\WINDOWS\SYSTEM32\WINHTTP.dll
0x00007ffe062a0000 - 0x00007ffe06309000 	C:\WINDOWS\system32\mswsock.dll
0x00007ffd83a30000 - 0x00007ffd83a46000 	C:\Program Files\Android\Android Studio\jbr\bin\nio.dll
0x00007ffd83a20000 - 0x00007ffd83a30000 	C:\Program Files\Android\Android Studio\jbr\bin\verify.dll
0x00007ffdf1f10000 - 0x00007ffdf1f37000 	C:\Users\gaurav\.gradle\native\1def1411415f61bf3af743bc5b6707747c0891f09f0c88961ee8f79bc544acac\windows-amd64\native-platform.dll
0x00007ffdbedd0000 - 0x00007ffdbee48000 	C:\Users\gaurav\.gradle\native\0.2.7\x86_64-windows-gnu\gradle-fileevents.dll
0x00007ffd835c0000 - 0x00007ffd835c9000 	C:\Program Files\Android\Android Studio\jbr\bin\management.dll
0x00007ffd835b0000 - 0x00007ffd835bb000 	C:\Program Files\Android\Android Studio\jbr\bin\management_ext.dll
0x00007ffe08970000 - 0x00007ffe08978000 	C:\WINDOWS\System32\PSAPI.DLL
0x00007ffe05800000 - 0x00007ffe0582d000 	C:\WINDOWS\SYSTEM32\IPHLPAPI.DLL
0x00007ffe08c40000 - 0x00007ffe08c49000 	C:\WINDOWS\System32\NSI.dll
0x00007ffd83620000 - 0x00007ffd83629000 	C:\Program Files\Android\Android Studio\jbr\bin\extnet.dll
0x00007ffe064f0000 - 0x00007ffe0650b000 	C:\WINDOWS\SYSTEM32\CRYPTSP.dll
0x00007ffe05d20000 - 0x00007ffe05d57000 	C:\WINDOWS\system32\rsaenh.dll
0x00007ffe06390000 - 0x00007ffe063b8000 	C:\WINDOWS\SYSTEM32\USERENV.dll
0x00007ffe06510000 - 0x00007ffe0651c000 	C:\WINDOWS\SYSTEM32\CRYPTBASE.dll
0x00007ffd85290000 - 0x00007ffd85298000 	C:\WINDOWS\system32\wshunix.dll
0x00007ffe05830000 - 0x00007ffe05928000 	C:\WINDOWS\SYSTEM32\DNSAPI.dll
0x00007ffe02a50000 - 0x00007ffe02a5a000 	C:\Windows\System32\rasadhlp.dll
0x00007ffe02870000 - 0x00007ffe028f4000 	C:\WINDOWS\System32\fwpuclnt.dll
0x00007ffd851a0000 - 0x00007ffd851b7000 	C:\WINDOWS\system32\napinsp.dll
0x00007ffd851e0000 - 0x00007ffd851fb000 	C:\WINDOWS\system32\pnrpnsp.dll
0x00007ffd851c0000 - 0x00007ffd851d1000 	C:\WINDOWS\System32\winrnr.dll
0x00007ffddbcb0000 - 0x00007ffddbcc5000 	C:\WINDOWS\system32\wshbth.dll
0x00007ffdc86d0000 - 0x00007ffdc86f1000 	C:\WINDOWS\system32\nlansp_c.dll
0x00007ffdd2860000 - 0x00007ffdd287e000 	C:\Users\gaurav\AppData\Local\Temp\native-platform11908390728886111460dir\native-platform.dll

dbghelp: loaded successfully - version: 4.0.5 - missing functions: none
symbol engine: initialized successfully - sym options: 0x614 - pdb path: .;C:\Program Files\Android\Android Studio\jbr\bin;C:\WINDOWS\SYSTEM32;C:\WINDOWS\WinSxS\amd64_microsoft.windows.common-controls_6595b64144ccf1df_6.0.22621.6060_none_2712eda17382d24b;C:\Program Files\Android\Android Studio\jbr\bin\server;C:\Users\gaurav\.gradle\native\1def1411415f61bf3af743bc5b6707747c0891f09f0c88961ee8f79bc544acac\windows-amd64;C:\Users\gaurav\.gradle\native\0.2.7\x86_64-windows-gnu;C:\Users\gaurav\AppData\Local\Temp\native-platform11908390728886111460dir

VM Arguments:
jvm_args: --add-opens=java.base/java.lang=ALL-UNNAMED --add-opens=java.base/java.lang.invoke=ALL-UNNAMED --add-opens=java.base/java.util=ALL-UNNAMED --add-opens=java.prefs/java.util.prefs=ALL-UNNAMED --add-exports=jdk.compiler/com.sun.tools.javac.api=ALL-UNNAMED --add-exports=jdk.compiler/com.sun.tools.javac.util=ALL-UNNAMED --add-opens=java.base/java.util=ALL-UNNAMED --add-opens=java.prefs/java.util.prefs=ALL-UNNAMED --add-opens=java.base/java.nio.charset=ALL-UNNAMED --add-opens=java.base/java.net=ALL-UNNAMED --add-opens=java.base/java.util.concurrent.atomic=ALL-UNNAMED --add-opens=java.xml/javax.xml.namespace=ALL-UNNAMED -Xmx2048m -Dfile.encoding=UTF-8 -Duser.country=US -Duser.language=en -Duser.variant -javaagent:C:\Users\gaurav\.gradle\wrapper\dists\gradle-8.13-bin\5xuhj0ry160q40clulazy9h7d\gradle-8.13\lib\agents\gradle-instrumentation-agent-8.13.jar 
java_command: org.gradle.launcher.daemon.bootstrap.GradleDaemon 8.13
java_class_path (initial): C:\Users\gaurav\.gradle\wrapper\dists\gradle-8.13-bin\5xuhj0ry160q40clulazy9h7d\gradle-8.13\lib\gradle-daemon-main-8.13.jar
Launcher Type: SUN_STANDARD

[Global flags]
     intx CICompilerCount                          = 4                                         {product} {ergonomic}
     uint ConcGCThreads                            = 3                                         {product} {ergonomic}
     uint G1ConcRefinementThreads                  = 10                                        {product} {ergonomic}
   size_t G1HeapRegionSize                         = 1048576                                   {product} {ergonomic}
    uintx GCDrainStackTargetSize                   = 64                                        {product} {ergonomic}
   size_t InitialHeapSize                          = 123731968                                 {product} {ergonomic}
   size_t MarkStackSize                            = 4194304                                   {product} {ergonomic}
   size_t MaxHeapSize                              = 2147483648                                {product} {command line}
   size_t MaxNewSize                               = 1287651328                                {product} {ergonomic}
   size_t MinHeapDeltaBytes                        = 1048576                                   {product} {ergonomic}
   size_t MinHeapSize                              = 8388608                                   {product} {ergonomic}
    uintx NonNMethodCodeHeapSize                   = 5839372                                {pd product} {ergonomic}
    uintx NonProfiledCodeHeapSize                  = 122909434                              {pd product} {ergonomic}
    uintx ProfiledCodeHeapSize                     = 122909434                              {pd product} {ergonomic}
    uintx ReservedCodeCacheSize                    = 251658240                              {pd product} {ergonomic}
     bool SegmentedCodeCache                       = true                                      {product} {ergonomic}
   size_t SoftMaxHeapSize                          = 2147483648                             {manageable} {ergonomic}
     bool UseCompressedOops                        = true                           {product lp64_product} {ergonomic}
     bool UseG1GC                                  = true                                      {product} {ergonomic}
     bool UseLargePagesIndividualAllocation        = false                                  {pd product} {ergonomic}

Logging:
Log output configuration:
 #0: stdout all=warning uptime,level,tags foldmultilines=false
 #1: stderr all=off uptime,level,tags foldmultilines=false

Environment Variables:
JAVA_HOME=D:\amazon\jdk11.0.28_6
PATH=D:\amazon\jdk11.0.28_6\bin;C:\Users\gaurav\.jdks\openjdk-21.0.1\bin;C:\Program Files\HP\HP One Agent;C:\Program Files\Git\cmd;C:\Users\gaurav\Downloads\kobweb-0.9.21\kobweb-0.9.21\bin;C:\Users\gaurav\AppData\Local\Microsoft\WindowsApps;C:\Users\gaurav\Downloads\flutter_windows_3.13.0-stable\flutter\bin;C:\Users\gaurav\AppData\Local\Programs\Microsoft VS Code\bin;C:\Program Files\JetBrains\IntelliJ IDEA Community Edition 2023.2.3\bin;C:\Users\gaurav\AppData\Local\JetBrains\Toolbox\scripts;
USERNAME=gaurav
OS=Windows_NT
PROCESSOR_IDENTIFIER=AMD64 Family 23 Model 104 Stepping 1, AuthenticAMD
TMP=C:\Users\gaurav\AppData\Local\Temp
TEMP=C:\Users\gaurav\AppData\Local\Temp




Periodic native trim disabled

JNI global refs:
JNI global refs: 27, weak refs: 11

JNI global refs memory usage: 835, weak refs: 833

Process memory usage:
Resident Set Size: 417468K (5% of 7681732K total physical memory with 366132K free physical memory)

OOME stack traces (most recent first):
Classloader memory used:
Loader org.gradle.internal.classloader.VisitableURLClassLoader                         : 47467K
Loader org.gradle.internal.classloader.VisitableURLClassLoader$InstrumentingVisitableURLClassLoader: 34814K
Loader bootstrap                                                                       : 33233K
Loader org.gradle.initialization.MixInLegacyTypesClassLoader                           : 11999K
Loader jdk.internal.loader.ClassLoaders$PlatformClassLoader                            : 793K
Loader jdk.internal.reflect.DelegatingClassLoader                                      : 507K
Loader org.gradle.internal.classloader.VisitableURLClassLoader                         : 318K
Loader jdk.internal.loader.ClassLoaders$AppClassLoader                                 : 235K

Classes loaded by more than one classloader:
Class Program                                                                         : loaded 5 times (x 68B)
Class Build_gradle                                                                    : loaded 3 times (x 126B)
Class Build_gradle$1                                                                  : loaded 3 times (x 70B)
Class org.gradle.internal.classloader.FilteringClassLoader                            : loaded 2 times (x 101B)
Class net.rubygrapefruit.platform.internal.Platform$FreeBSD64Bit                      : loaded 2 times (x 78B)
Class [Lcom.google.common.base.AbstractIterator$State;                                : loaded 2 times (x 65B)
Class com.google.common.base.CharMatcher$IsEither                                     : loaded 2 times (x 107B)
Class org.gradle.internal.classloader.ClassLoaderHierarchy                            : loaded 2 times (x 66B)
Class net.rubygrapefruit.platform.internal.Platform$FreeBSD                           : loaded 2 times (x 78B)
Class com.google.common.collect.ImmutableEnumSet                                      : loaded 2 times (x 142B)
Class com.google.common.util.concurrent.ExecutionError                                : loaded 2 times (x 78B)
Class com.google.common.collect.ImmutableList$1                                       : loaded 2 times (x 93B)
Class org.gradle.api.internal.classpath.ManifestUtil                                  : loaded 2 times (x 67B)
Class net.rubygrapefruit.platform.NativeException                                     : loaded 2 times (x 78B)
Class com.google.common.collect.RegularImmutableMap                                   : loaded 2 times (x 117B)
Class com.google.common.collect.ImmutableMap$MapViewOfValuesAsSingletonSets           : loaded 2 times (x 121B)
Class [Lorg.objectweb.asm.Symbol;                                                     : loaded 2 times (x 65B)
Class org.objectweb.asm.ClassVisitor                                                  : loaded 2 times (x 84B)
Class com.google.common.collect.UnmodifiableListIterator                              : loaded 2 times (x 91B)
Class org.objectweb.asm.MethodTooLargeException                                       : loaded 2 times (x 79B)
Class [Lcom.google.common.cache.CacheBuilder$OneWeigher;                              : loaded 2 times (x 65B)
Class com.google.common.base.Suppliers                                                : loaded 2 times (x 67B)
Class com.google.common.base.Platform$JdkPatternCompiler                              : loaded 2 times (x 71B)
Class org.gradle.internal.classloader.DefaultClassLoaderFactory                       : loaded 2 times (x 78B)
Class com.google.common.base.CharMatcher$None                                         : loaded 2 times (x 108B)
Class org.gradle.internal.classloader.ClassLoaderVisitor                              : loaded 2 times (x 72B)
Class net.rubygrapefruit.platform.NativeIntegrationUnavailableException               : loaded 2 times (x 78B)
Class net.rubygrapefruit.platform.internal.Platform                                   : loaded 2 times (x 75B)
Class [Lcom.google.common.collect.ImmutableMapEntry;                                  : loaded 2 times (x 65B)
Class org.gradle.api.internal.classpath.EffectiveClassPath                            : loaded 2 times (x 86B)
Class com.google.common.collect.ImmutableRangeSet                                     : loaded 2 times (x 111B)
Class com.google.common.collect.ImmutableEnumMap                                      : loaded 2 times (x 121B)
Class com.google.common.collect.ListMultimap                                          : loaded 2 times (x 66B)
Class com.google.common.collect.ImmutableSet$SerializedForm                           : loaded 2 times (x 69B)
Class com.google.common.collect.Sets$1                                                : loaded 2 times (x 135B)
Class org.objectweb.asm.AnnotationVisitor                                             : loaded 2 times (x 74B)
Class com.google.common.base.Splitter                                                 : loaded 2 times (x 68B)
Class org.gradle.api.internal.DefaultClassPathProvider                                : loaded 2 times (x 72B)
Class com.google.common.collect.Sets$2                                                : loaded 2 times (x 135B)
Class [Lorg.gradle.api.internal.ClassPathProvider;                                    : loaded 2 times (x 65B)
Class org.gradle.api.internal.ClassPathProvider                                       : loaded 2 times (x 66B)
Class [Lorg.objectweb.asm.AnnotationVisitor;                                          : loaded 2 times (x 65B)
Class com.google.common.collect.Sets$3                                                : loaded 2 times (x 135B)
Class com.google.common.util.concurrent.AbstractFuture$SafeAtomicHelper               : loaded 2 times (x 75B)
Class com.google.common.cache.LocalCache$LocalLoadingCache                            : loaded 2 times (x 130B)
Class com.google.common.base.AbstractIterator$State                                   : loaded 2 times (x 75B)
Class org.gradle.internal.service.UnknownServiceException                             : loaded 2 times (x 79B)
Class com.google.common.collect.Sets$4                                                : loaded 2 times (x 135B)
Class org.objectweb.asm.ModuleVisitor                                                 : loaded 2 times (x 77B)
Class com.google.common.cache.LocalCache$Strength$1                                   : loaded 2 times (x 77B)
Class net.rubygrapefruit.platform.internal.Platform$MacOs64Bit                        : loaded 2 times (x 78B)
Class com.google.common.util.concurrent.SettableFuture                                : loaded 2 times (x 110B)
Class com.google.common.cache.LocalCache$Strength$2                                   : loaded 2 times (x 77B)
Class net.rubygrapefruit.platform.internal.Platform$Posix                             : loaded 2 times (x 77B)
Class com.google.common.cache.LocalCache$Strength$3                                   : loaded 2 times (x 77B)
Class com.google.common.collect.MapDifference                                         : loaded 2 times (x 66B)
Class com.google.common.base.Splitter$1                                               : loaded 2 times (x 73B)
Class org.objectweb.asm.FieldWriter                                                   : loaded 2 times (x 74B)
Class com.google.common.cache.CacheBuilder$NullListener                               : loaded 2 times (x 78B)
Class org.gradle.internal.classpath.TransformedClassPath                              : loaded 2 times (x 92B)
Class org.gradle.internal.classloader.InstrumentingClassLoader                        : loaded 2 times (x 66B)
Class com.google.common.collect.ImmutableRangeSet$AsSet                               : loaded 2 times (x 295B)
Class com.google.common.cache.CacheLoader$FunctionToCacheLoader                       : loaded 2 times (x 71B)
Class com.google.common.collect.Iterators$ArrayItr                                    : loaded 2 times (x 93B)
Class com.google.common.collect.ImmutableCollection$Builder                           : loaded 2 times (x 72B)
Class com.google.common.base.Joiner                                                   : loaded 2 times (x 75B)
Class com.google.common.base.MoreObjects                                              : loaded 2 times (x 67B)
Class [Lorg.objectweb.asm.Type;                                                       : loaded 2 times (x 65B)
Class com.google.common.collect.Platform                                              : loaded 2 times (x 67B)
Class com.google.common.collect.UnmodifiableIterator                                  : loaded 2 times (x 76B)
Class org.gradle.internal.service.ServiceLocator                                      : loaded 2 times (x 66B)
Class com.google.common.base.Ascii                                                    : loaded 2 times (x 67B)
Class com.google.common.collect.SingletonImmutableBiMap                               : loaded 2 times (x 139B)
Class com.google.common.cache.LocalCache$1                                            : loaded 2 times (x 85B)
Class com.google.common.collect.AbstractMapEntry                                      : loaded 2 times (x 77B)
Class com.google.common.collect.Sets$ImprovedAbstractSet                              : loaded 2 times (x 131B)
Class com.google.common.collect.ImmutableList$Builder                                 : loaded 2 times (x 73B)
Class com.google.common.cache.LocalCache$2                                            : loaded 2 times (x 138B)
Class com.google.common.collect.AbstractMultimap                                      : loaded 2 times (x 119B)
Class com.google.common.collect.ImmutableRangeSet$1                                   : loaded 2 times (x 205B)
Class com.google.common.util.concurrent.AbstractFuture$UnsafeAtomicHelper$1           : loaded 2 times (x 72B)
Class com.google.common.collect.RegularImmutableAsList                                : loaded 2 times (x 212B)
Class com.google.common.collect.Range                                                 : loaded 2 times (x 83B)
Class com.google.common.util.concurrent.AbstractFuture$Trusted                        : loaded 2 times (x 66B)
Class com.google.common.collect.Iterators                                             : loaded 2 times (x 67B)
Class com.google.common.base.CharMatcher$RangesMatcher                                : loaded 2 times (x 108B)
Class net.rubygrapefruit.platform.internal.Platform$Linux32Bit                        : loaded 2 times (x 79B)
Class com.google.common.util.concurrent.UncheckedExecutionException                   : loaded 2 times (x 78B)
Class com.google.common.collect.Lists$StringAsImmutableList                           : loaded 2 times (x 203B)
Class org.gradle.kotlin.dsl.VersionCatalogAccessorsKt                                 : loaded 2 times (x 67B)
Class net.rubygrapefruit.platform.Native                                              : loaded 2 times (x 67B)
Class net.rubygrapefruit.platform.NativeIntegration                                   : loaded 2 times (x 66B)
Class com.google.common.collect.ImmutableSortedSetFauxverideShim                      : loaded 2 times (x 143B)
Class com.google.common.base.CharMatcher$JavaLetterOrDigit                            : loaded 2 times (x 107B)
Class org.gradle.internal.InternalTransformer                                         : loaded 2 times (x 66B)
Class [Lnet.rubygrapefruit.platform.internal.FunctionResult$Failure;                  : loaded 2 times (x 65B)
Class com.google.common.collect.AbstractMapBasedMultimap$KeySet$1                     : loaded 2 times (x 78B)
Class org.objectweb.asm.ClassWriter                                                   : loaded 2 times (x 102B)
Class com.google.common.cache.CacheLoader$UnsupportedLoadingOperationException        : loaded 2 times (x 78B)
Class com.google.common.base.CharMatcher$And                                          : loaded 2 times (x 108B)
Class org.gradle.internal.classloader.ClasspathUtil$1                                 : loaded 2 times (x 72B)
Class com.google.common.base.Objects                                                  : loaded 2 times (x 67B)
Class org.objectweb.asm.FieldVisitor                                                  : loaded 2 times (x 73B)
Class com.google.common.collect.IndexedImmutableSet                                   : loaded 2 times (x 146B)
Class com.google.common.collect.ImmutableMap$1                                        : loaded 2 times (x 77B)
Class com.google.common.collect.BiMap                                                 : loaded 2 times (x 66B)
Class org.gradle.api.internal.classpath.DefaultModuleRegistry$DefaultModule           : loaded 2 times (x 82B)
Class com.google.common.primitives.Ints                                               : loaded 2 times (x 67B)
Class com.google.common.collect.AbstractIterator                                      : loaded 2 times (x 78B)
Class com.google.common.math.MathPreconditions                                        : loaded 2 times (x 67B)
Class com.google.common.collect.RegularImmutableMap$KeySet                            : loaded 2 times (x 146B)
Class com.google.common.collect.ArrayListMultimapGwtSerializationDependencies         : loaded 2 times (x 168B)
Class com.google.common.collect.ObjectArrays                                          : loaded 2 times (x 67B)
Class com.google.common.collect.AbstractIndexedListIterator                           : loaded 2 times (x 92B)
Class com.google.common.collect.ImmutableMapEntrySet                                  : loaded 2 times (x 147B)
Class org.gradle.api.internal.classpath.Module                                        : loaded 2 times (x 66B)
Class com.google.common.cache.Weigher                                                 : loaded 2 times (x 66B)
Class org.gradle.api.internal.classpath.UnknownModuleException                        : loaded 2 times (x 78B)
Class com.google.common.base.Stopwatch                                                : loaded 2 times (x 68B)
Class com.google.common.cache.LocalCache$Strength                                     : loaded 2 times (x 77B)
Class com.google.common.cache.Cache                                                   : loaded 2 times (x 66B)
Class com.google.common.util.concurrent.AbstractFuture$Cancellation                   : loaded 2 times (x 68B)
Class com.google.common.collect.ImmutableMap$Builder                                  : loaded 2 times (x 78B)
Class com.google.common.base.NullnessCasts                                            : loaded 2 times (x 67B)
Class net.rubygrapefruit.platform.internal.FunctionResult                             : loaded 2 times (x 73B)
Class com.google.common.cache.RemovalListener                                         : loaded 2 times (x 66B)
Class org.gradle.api.internal.DefaultClassPathRegistry                                : loaded 2 times (x 72B)
Class net.rubygrapefruit.platform.NativeIntegrationLinkageException                   : loaded 2 times (x 78B)
Class com.google.common.primitives.IntsMethodsForWeb                                  : loaded 2 times (x 67B)
Class com.google.common.collect.Multimap                                              : loaded 2 times (x 66B)
Class org.gradle.api.internal.ClassPathRegistry                                       : loaded 2 times (x 66B)
Class org.gradle.internal.classpath.DefaultClassPath$ImmutableUniqueList              : loaded 2 times (x 195B)
Class com.google.common.base.ExtraObjectsMethodsForWeb                                : loaded 2 times (x 67B)
Class com.google.common.base.PairwiseEquivalence                                      : loaded 2 times (x 79B)
Class net.rubygrapefruit.platform.internal.jni.NativeLibraryFunctions                 : loaded 2 times (x 67B)
Class com.google.common.cache.CacheBuilder                                            : loaded 2 times (x 68B)
Class com.google.common.collect.SingletonImmutableList                                : loaded 2 times (x 203B)
Class Settings_gradle$1                                                               : loaded 2 times (x 70B)
Class org.gradle.internal.classpath.ClassPath                                         : loaded 2 times (x 66B)
Class org.gradle.api.UncheckedIOException                                             : loaded 2 times (x 78B)
Class com.google.common.collect.ImmutableList$ReverseImmutableList                    : loaded 2 times (x 204B)
Class com.google.common.base.JdkPattern                                               : loaded 2 times (x 71B)
Class net.rubygrapefruit.platform.internal.Platform$Windows                           : loaded 2 times (x 75B)
Class org.objectweb.asm.SymbolTable$Entry                                             : loaded 2 times (x 70B)
Class com.google.common.util.concurrent.AbstractFuture$AtomicHelper                   : loaded 2 times (x 74B)
Class org.objectweb.asm.Edge                                                          : loaded 2 times (x 68B)
Class com.google.common.base.Suppliers$SupplierOfInstance                             : loaded 2 times (x 75B)
Class com.google.common.collect.Iterators$1                                           : loaded 2 times (x 77B)
Class com.google.common.cache.LocalCache$ComputingValueReference                      : loaded 2 times (x 92B)
Class com.google.common.collect.SingletonImmutableSet                                 : loaded 2 times (x 142B)
Class com.google.common.collect.ImmutableMap$IteratorBasedImmutableMap                : loaded 2 times (x 121B)
Class com.google.common.cache.LocalCache$Segment                                      : loaded 2 times (x 150B)
Class net.rubygrapefruit.platform.internal.LibraryDef                                 : loaded 2 times (x 68B)
Class com.google.common.collect.SortedIterable                                        : loaded 2 times (x 66B)
Class [Lorg.objectweb.asm.SymbolTable$Entry;                                          : loaded 2 times (x 65B)
Class com.google.common.cache.CacheLoader                                             : loaded 2 times (x 70B)
Class com.google.common.collect.Iterators$4                                           : loaded 2 times (x 78B)
Class com.google.common.collect.ImmutableBiMap                                        : loaded 2 times (x 139B)
Class com.google.common.collect.AbstractListMultimap                                  : loaded 2 times (x 168B)
Class org.gradle.internal.installation.GradleInstallation$1                           : loaded 2 times (x 71B)
Class org.gradle.api.internal.classpath.ModuleRegistry                                : loaded 2 times (x 66B)
Class com.google.common.util.concurrent.internal.InternalFutureFailureAccess          : loaded 2 times (x 68B)
Class com.google.common.collect.Iterators$5                                           : loaded 2 times (x 78B)
Class com.google.common.collect.ImmutableSet$JdkBackedSetBuilderImpl                  : loaded 2 times (x 72B)
Class com.google.common.base.Splitter$SplittingIterator                               : loaded 2 times (x 80B)
Class com.google.common.util.concurrent.AbstractFuture$UnsafeAtomicHelper             : loaded 2 times (x 74B)
Class com.google.common.cache.LocalCache$LocalManualCache$1                           : loaded 2 times (x 71B)
Class com.google.common.base.CharMatcher$ForPredicate                                 : loaded 2 times (x 108B)
Class net.rubygrapefruit.platform.internal.Platform$Window32Bit                       : loaded 2 times (x 75B)
Class com.google.common.collect.ImmutableCollection                                   : loaded 2 times (x 121B)
Class com.google.common.base.CharMatcher$AnyOf                                        : loaded 2 times (x 108B)
Class org.gradle.api.internal.classpath.DefaultModuleRegistry                         : loaded 2 times (x 82B)
Class com.google.common.util.concurrent.ListenableFuture                              : loaded 2 times (x 66B)
Class com.google.common.cache.ReferenceEntry                                          : loaded 2 times (x 66B)
Class com.google.common.collect.ImmutableSet$CachingAsList                            : loaded 2 times (x 143B)
Class com.google.common.base.Converter                                                : loaded 2 times (x 86B)
Class com.google.common.collect.Lists                                                 : loaded 2 times (x 67B)
Class com.google.common.base.CharMatcher$Any                                          : loaded 2 times (x 108B)
Class com.google.common.util.concurrent.AbstractFuture                                : loaded 2 times (x 102B)
Class com.google.common.base.FunctionalEquivalence                                    : loaded 2 times (x 79B)
Class com.google.common.collect.Iterators$9                                           : loaded 2 times (x 77B)
Class com.google.common.collect.AbstractMapBasedMultimap                              : loaded 2 times (x 135B)
Class com.google.common.collect.ImmutableAsList                                       : loaded 2 times (x 205B)
Class org.objectweb.asm.RecordComponentVisitor                                        : loaded 2 times (x 73B)
Class com.google.common.cache.CacheLoader$SupplierToCacheLoader                       : loaded 2 times (x 71B)
Class com.google.common.collect.Maps$EntryTransformer                                 : loaded 2 times (x 66B)
Class org.gradle.internal.service.ServiceLookupException                              : loaded 2 times (x 78B)
Class com.google.common.collect.ImmutableSortedSet                                    : loaded 2 times (x 295B)
Class [Lcom.google.common.cache.LocalCache$EntryFactory;                              : loaded 2 times (x 65B)
Class com.google.common.base.CharMatcher$JavaLetter                                   : loaded 2 times (x 107B)
Class org.gradle.internal.classloader.ClassLoaderFactory                              : loaded 2 times (x 66B)
Class net.rubygrapefruit.platform.internal.Platform$Linux                             : loaded 2 times (x 79B)
Class com.google.common.cache.LocalCache$LocalManualCache                             : loaded 2 times (x 95B)
Class com.google.common.base.CharMatcher$IsNot                                        : loaded 2 times (x 107B)
Class com.google.common.base.CommonPattern                                            : loaded 2 times (x 70B)
Class org.gradle.internal.service.CachingServiceLocator                               : loaded 2 times (x 78B)
Class com.google.common.collect.AbstractMapBasedMultimap$KeySet                       : loaded 2 times (x 133B)
Class com.google.common.collect.RegularImmutableSortedSet                             : loaded 2 times (x 295B)
Class com.google.common.math.IntMath                                                  : loaded 2 times (x 67B)
Class com.google.common.collect.Iterators$10                                          : loaded 2 times (x 77B)
Class com.google.common.collect.ImmutableMapEntry                                     : loaded 2 times (x 81B)
Class com.google.common.base.CharMatcher$JavaDigit                                    : loaded 2 times (x 107B)
Class com.google.common.base.Equivalence                                              : loaded 2 times (x 78B)
Class com.google.common.collect.ImmutableMapEntry$NonTerminalImmutableMapEntry        : loaded 2 times (x 81B)
Class com.google.common.base.Function                                                 : loaded 2 times (x 66B)
Class com.google.common.collect.IndexedImmutableSet$1                                 : loaded 2 times (x 208B)
Class com.google.common.cache.CacheBuilder$OneWeigher                                 : loaded 2 times (x 78B)
Class com.google.common.collect.RegularImmutableList                                  : loaded 2 times (x 208B)
Class net.rubygrapefruit.platform.internal.Platform$Unsupported                       : loaded 2 times (x 75B)
Class net.rubygrapefruit.platform.internal.Platform$FreeBSD32Bit                      : loaded 2 times (x 78B)
Class com.google.common.collect.ImmutableBiMapFauxverideShim                          : loaded 2 times (x 116B)
Class org.gradle.internal.classloader.ClasspathUtil                                   : loaded 2 times (x 67B)
Class net.rubygrapefruit.platform.internal.Platform$Unix                              : loaded 2 times (x 78B)
Class com.google.common.base.Charsets                                                 : loaded 2 times (x 67B)
Class com.google.common.util.concurrent.Uninterruptibles                              : loaded 2 times (x 67B)
Class com.google.common.collect.Maps                                                  : loaded 2 times (x 67B)
Class com.google.common.base.CharMatcher$JavaUpperCase                                : loaded 2 times (x 107B)
Class org.gradle.api.specs.Spec                                                       : loaded 2 times (x 66B)
Class [Lcom.google.common.collect.ImmutableEntry;                                     : loaded 2 times (x 65B)
Class com.google.common.cache.LocalCache$LoadingValueReference                        : loaded 2 times (x 92B)
Class com.google.common.collect.Multiset                                              : loaded 2 times (x 66B)
Class com.google.common.base.Platform                                                 : loaded 2 times (x 67B)
Class [Lorg.objectweb.asm.AnnotationWriter;                                           : loaded 2 times (x 65B)
Class com.google.common.primitives.Ints$IntConverter                                  : loaded 2 times (x 86B)
Class com.google.common.collect.Maps$8                                                : loaded 2 times (x 78B)
Class com.google.common.collect.ImmutableRangeSet$Builder                             : loaded 2 times (x 73B)
Class com.google.common.collect.Sets$SetView                                          : loaded 2 times (x 134B)
Class com.google.common.cache.LocalCache$StrongValueReference                         : loaded 2 times (x 86B)
Class com.google.common.util.concurrent.AbstractFuture$SynchronizedHelper             : loaded 2 times (x 74B)
Class com.google.common.base.CharMatcher$Invisible                                    : loaded 2 times (x 108B)
Class org.objectweb.asm.Type                                                          : loaded 2 times (x 68B)
Class org.gradle.internal.classloader.VisitableURLClassLoader$InstrumentingVisitableURLClassLoader: loaded 2 times (x 119B)
Class org.objectweb.asm.ByteVector                                                    : loaded 2 times (x 75B)
Class [Lcom.google.common.cache.CacheBuilder$NullListener;                            : loaded 2 times (x 65B)
Class com.google.common.math.IntMath$1                                                : loaded 2 times (x 67B)
Class org.gradle.internal.classloader.VisitableURLClassLoader$Spec                    : loaded 2 times (x 70B)
Class org.gradle.internal.classpath.DefaultClassPath                                  : loaded 2 times (x 86B)
Class org.objectweb.asm.Symbol                                                        : loaded 2 times (x 69B)
Class com.google.common.base.AbstractIterator                                         : loaded 2 times (x 76B)
Class com.google.common.collect.RegularImmutableMap$Values                            : loaded 2 times (x 203B)
Class com.google.common.collect.ImmutableSet                                          : loaded 2 times (x 141B)
Class com.google.common.base.CharMatcher$Ascii                                        : loaded 2 times (x 108B)
Class com.google.common.base.CharMatcher$BitSetMatcher                                : loaded 2 times (x 108B)
Class org.gradle.internal.classloader.ClassLoaderSpec                                 : loaded 2 times (x 67B)
Class net.rubygrapefruit.platform.internal.Platform$MacOs32Bit                        : loaded 2 times (x 78B)
Class net.rubygrapefruit.platform.internal.Platform$Linux64Bit                        : loaded 2 times (x 79B)
Class org.objectweb.asm.AnnotationWriter                                              : loaded 2 times (x 75B)
Class com.google.common.cache.CacheStats                                              : loaded 2 times (x 67B)
Class org.objectweb.asm.RecordComponentWriter                                         : loaded 2 times (x 74B)
Class com.google.common.util.concurrent.AbstractFuture$Listener                       : loaded 2 times (x 68B)
Class com.google.common.base.CharMatcher$Or                                           : loaded 2 times (x 108B)
Class Settings_gradle$1$1                                                             : loaded 2 times (x 70B)
Class org.objectweb.asm.Attribute                                                     : loaded 2 times (x 73B)
Class com.google.common.base.Supplier                                                 : loaded 2 times (x 66B)
Class org.gradle.internal.classloader.VisitableURLClassLoader                         : loaded 2 times (x 113B)
Class net.rubygrapefruit.platform.internal.FunctionResult$Failure                     : loaded 2 times (x 75B)
Class net.rubygrapefruit.platform.internal.NativeLibraryLoader                        : loaded 2 times (x 69B)
Class com.google.common.util.concurrent.AbstractFuture$Waiter                         : loaded 2 times (x 68B)
Class Settings_gradle                                                                 : loaded 2 times (x 124B)
Class org.gradle.internal.Cast                                                        : loaded 2 times (x 67B)
Class org.gradle.api.Action                                                           : loaded 2 times (x 66B)
Class com.google.common.collect.Sets                                                  : loaded 2 times (x 67B)
Class org.objectweb.asm.Handler                                                       : loaded 2 times (x 68B)
Class com.google.common.base.Ticker                                                   : loaded 2 times (x 68B)
Class com.google.common.base.Strings                                                  : loaded 2 times (x 67B)
Class com.google.common.base.CharMatcher$FastMatcher                                  : loaded 2 times (x 107B)
Class [Lcom.google.common.cache.LocalCache$Segment;                                   : loaded 2 times (x 65B)
Class [Lcom.google.common.cache.LocalCache$Strength;                                  : loaded 2 times (x 65B)
Class com.google.common.cache.CacheBuilder$1                                          : loaded 2 times (x 81B)
Class com.google.common.collect.ImmutableMap                                          : loaded 2 times (x 116B)
Class com.google.common.base.Predicate                                                : loaded 2 times (x 66B)
Class org.gradle.internal.classpath.DefaultClassPath$ImmutableUniqueList$Builder      : loaded 2 times (x 71B)
Class com.google.common.collect.AbstractRangeSet                                      : loaded 2 times (x 110B)
Class com.google.common.cache.LocalCache                                              : loaded 2 times (x 183B)
Class com.google.common.cache.CacheBuilder$2                                          : loaded 2 times (x 68B)
Class com.google.common.base.CharMatcher$NegatedFastMatcher                           : loaded 2 times (x 109B)
Class [Lcom.google.common.collect.AbstractMapEntry;                                   : loaded 2 times (x 65B)
Class com.google.common.collect.ImmutableEntry                                        : loaded 2 times (x 78B)
Class com.google.common.collect.ArrayListMultimap                                     : loaded 2 times (x 168B)
Class com.google.common.base.AbstractIterator$1                                       : loaded 2 times (x 67B)
Class com.google.common.base.CharMatcher$Digit                                        : loaded 2 times (x 108B)
Class org.gradle.api.GradleException                                                  : loaded 2 times (x 78B)
Class com.google.common.collect.CollectPreconditions                                  : loaded 2 times (x 67B)
Class com.google.common.base.CharMatcher$JavaIsoControl                               : loaded 2 times (x 108B)
Class com.google.common.collect.SortedMapDifference                                   : loaded 2 times (x 66B)
Class com.google.common.base.CharMatcher$JavaLowerCase                                : loaded 2 times (x 107B)
Class net.rubygrapefruit.platform.internal.NativeLibraryLocator                       : loaded 2 times (x 69B)
Class net.rubygrapefruit.platform.Process                                             : loaded 2 times (x 66B)
Class com.google.common.cache.LocalCache$WriteThroughEntry                            : loaded 2 times (x 75B)
Class com.google.common.cache.LocalCache$HashIterator                                 : loaded 2 times (x 82B)
Class com.google.common.cache.LocalCache$EntryFactory                                 : loaded 2 times (x 79B)
Class com.google.common.cache.LocalCache$AbstractReferenceEntry                       : loaded 2 times (x 103B)
Class com.google.common.base.Splitter$1$1                                             : loaded 2 times (x 82B)
Class com.google.common.base.CharMatcher$Whitespace                                   : loaded 2 times (x 108B)
Class org.gradle.internal.IoActions                                                   : loaded 2 times (x 67B)
Class com.google.common.collect.ImmutableRangeSet$ComplementRanges                    : loaded 2 times (x 203B)
Class org.objectweb.asm.SymbolTable                                                   : loaded 2 times (x 68B)
Class com.google.common.cache.CacheLoader$InvalidCacheLoadException                   : loaded 2 times (x 78B)
Class com.google.common.collect.ImmutableSet$RegularSetBuilderImpl                    : loaded 2 times (x 73B)
Class com.google.common.base.CharMatcher$SingleWidth                                  : loaded 2 times (x 108B)
Class org.gradle.internal.classloader.SystemClassLoaderSpec                           : loaded 2 times (x 67B)
Class com.google.common.cache.LocalCache$StrongEntry                                  : loaded 2 times (x 104B)
Class com.google.common.util.concurrent.AbstractFuture$TrustedFuture                  : loaded 2 times (x 110B)
Class com.google.common.cache.LoadingCache                                            : loaded 2 times (x 66B)
Class net.rubygrapefruit.platform.ProcessLauncher                                     : loaded 2 times (x 66B)
Class org.objectweb.asm.MethodWriter                                                  : loaded 2 times (x 102B)
Class [Lcom.google.common.cache.Weigher;                                              : loaded 2 times (x 65B)
Class com.google.common.collect.RegularImmutableMap$BucketOverflowException           : loaded 2 times (x 78B)
Class com.google.common.collect.RegularImmutableBiMap                                 : loaded 2 times (x 144B)
Class com.google.common.cache.LocalCache$ValueReference                               : loaded 2 times (x 66B)
Class com.google.common.base.CharMatcher$Is                                           : loaded 2 times (x 107B)
Class com.google.common.base.CharMatcher$Negated                                      : loaded 2 times (x 109B)
Class com.google.common.util.concurrent.AbstractFuture$Failure                        : loaded 2 times (x 68B)
Class com.google.common.base.Equivalence$Equals                                       : loaded 2 times (x 78B)
Class com.google.common.collect.Hashing                                               : loaded 2 times (x 67B)
Class com.google.common.base.PatternCompiler                                          : loaded 2 times (x 66B)
Class com.google.common.base.Preconditions                                            : loaded 2 times (x 67B)
Class com.google.common.base.Joiner$1                                                 : loaded 2 times (x 76B)
Class org.objectweb.asm.Label                                                         : loaded 2 times (x 69B)
Class org.objectweb.asm.CurrentFrame                                                  : loaded 2 times (x 69B)
Class org.objectweb.asm.ClassTooLargeException                                        : loaded 2 times (x 79B)
Class com.google.common.collect.PeekingIterator                                       : loaded 2 times (x 66B)
Class com.google.common.base.CharMatcher                                              : loaded 2 times (x 107B)
Class com.google.common.collect.Maps$IteratorBasedAbstractMap                         : loaded 2 times (x 121B)
Class com.google.common.collect.RangeGwtSerializationDependencies                     : loaded 2 times (x 67B)
Class com.google.common.base.Joiner$2                                                 : loaded 2 times (x 75B)
Class org.objectweb.asm.Frame                                                         : loaded 2 times (x 69B)
Class org.objectweb.asm.MethodVisitor                                                 : loaded 2 times (x 101B)
Class com.google.common.cache.LocalCache$EntryFactory$1                               : loaded 2 times (x 79B)
Class [Lcom.google.common.cache.RemovalListener;                                      : loaded 2 times (x 65B)
Class com.google.common.base.CharMatcher$1                                            : loaded 2 times (x 109B)
Class com.google.common.base.CharMatcher$NamedFastMatcher                             : loaded 2 times (x 108B)
Class com.google.common.collect.RangeSet                                              : loaded 2 times (x 66B)
Class com.google.common.cache.LocalCache$EntryFactory$2                               : loaded 2 times (x 79B)
Class org.gradle.api.internal.classpath.GlobalCacheRootsProvider                      : loaded 2 times (x 66B)
Class com.google.common.collect.CollectCollectors                                     : loaded 2 times (x 67B)
Class org.objectweb.asm.ModuleWriter                                                  : loaded 2 times (x 78B)
Class com.google.common.cache.LocalCache$EntryFactory$3                               : loaded 2 times (x 79B)
Class com.google.common.base.Ticker$1                                                 : loaded 2 times (x 68B)
Class com.google.common.collect.ImmutableMapEntrySet$RegularEntrySet                  : loaded 2 times (x 147B)
Class com.google.common.collect.Maps$BiMapConverter                                   : loaded 2 times (x 86B)
Class net.rubygrapefruit.platform.internal.Platform$MacOs                             : loaded 2 times (x 78B)
Class net.rubygrapefruit.platform.internal.Platform$Window64Bit                       : loaded 2 times (x 75B)
Class com.google.common.cache.LocalCache$EntryFactory$4                               : loaded 2 times (x 79B)
Class com.google.common.collect.ImmutableSet$Builder                                  : loaded 2 times (x 81B)
Class com.google.common.base.CharMatcher$InRange                                      : loaded 2 times (x 107B)
Class com.google.common.cache.LocalCache$EntryFactory$5                               : loaded 2 times (x 79B)
Class com.google.common.base.Equivalence$Identity                                     : loaded 2 times (x 78B)
Class com.google.common.cache.LocalCache$EntryFactory$6                               : loaded 2 times (x 79B)
Class org.gradle.internal.installation.CurrentGradleInstallationLocator               : loaded 2 times (x 67B)
Class com.google.common.collect.Maps$KeySet                                           : loaded 2 times (x 133B)
Class com.google.common.cache.LocalCache$EntryFactory$7                               : loaded 2 times (x 79B)
Class com.google.common.collect.ImmutableSet$EmptySetBuilderImpl                      : loaded 2 times (x 72B)
Class com.google.common.collect.ImmutableList                                         : loaded 2 times (x 202B)
Class org.gradle.internal.service.DefaultServiceLocator                               : loaded 2 times (x 79B)
Class com.google.common.cache.LocalCache$EntryFactory$8                               : loaded 2 times (x 79B)
Class com.google.common.collect.ImmutableSet$SetBuilderImpl                           : loaded 2 times (x 72B)
Class org.gradle.internal.installation.CurrentGradleInstallation                      : loaded 2 times (x 69B)
Class com.google.common.cache.CacheLoader$1                                           : loaded 2 times (x 71B)
Class com.google.common.collect.ForwardingObject                                      : loaded 2 times (x 68B)
Class com.google.common.collect.ImmutableList$SubList                                 : loaded 2 times (x 204B)
Class org.gradle.util.internal.GUtil                                                  : loaded 2 times (x 67B)
Class com.google.common.util.concurrent.AbstractFuture$SetFuture                      : loaded 2 times (x 71B)
Class com.google.common.cache.AbstractCache$StatsCounter                              : loaded 2 times (x 66B)
Class com.google.common.collect.Iterators$MergingIterator                             : loaded 2 times (x 77B)
Class com.google.common.collect.RegularImmutableSet                                   : loaded 2 times (x 144B)
Class org.gradle.internal.installation.GradleInstallation                             : loaded 2 times (x 71B)
Class com.google.common.collect.Iterables                                             : loaded 2 times (x 67B)
Class com.google.common.base.Splitter$Strategy                                        : loaded 2 times (x 66B)

---------------  S Y S T E M  ---------------

OS:
 Windows 11 , 64 bit Build 22621 (10.0.22621.5415)
OS uptime: 2 days 15:20 hours
Hyper-V role detected

CPU: total 12 (initial active 12) (12 cores per cpu, 2 threads per core) family 23 model 104 stepping 1 microcode 0x0, cx8, cmov, fxsr, ht, mmx, 3dnowpref, sse, sse2, sse3, ssse3, sse4a, sse4.1, sse4.2, popcnt, lzcnt, tsc, tscinvbit, avx, avx2, aes, clmul, bmi1, bmi2, adx, sha, fma, vzeroupper, clflush, clflushopt, hv, rdtscp, rdpid, f16c
Processor Information for processor 0
  Max Mhz: 2100, Current Mhz: 1893, Mhz Limit: 2100
Processor Information for processor 1
  Max Mhz: 2100, Current Mhz: 1893, Mhz Limit: 2100
Processor Information for processor 2
  Max Mhz: 2100, Current Mhz: 1893, Mhz Limit: 2100
Processor Information for processor 3
  Max Mhz: 2100, Current Mhz: 1893, Mhz Limit: 2100
Processor Information for processor 4
  Max Mhz: 2100, Current Mhz: 1893, Mhz Limit: 2100
Processor Information for processor 5
  Max Mhz: 2100, Current Mhz: 1893, Mhz Limit: 2100
Processor Information for processor 6
  Max Mhz: 2100, Current Mhz: 1893, Mhz Limit: 2100
Processor Information for processor 7
  Max Mhz: 2100, Current Mhz: 1813, Mhz Limit: 2100
Processor Information for processor 8
  Max Mhz: 2100, Current Mhz: 1893, Mhz Limit: 2100
Processor Information for processor 9
  Max Mhz: 2100, Current Mhz: 1813, Mhz Limit: 2100
Processor Information for processor 10
  Max Mhz: 2100, Current Mhz: 1813, Mhz Limit: 2100
Processor Information for processor 11
  Max Mhz: 2100, Current Mhz: 1813, Mhz Limit: 2100

Memory: 4k page, system-wide physical 7501M (351M free)
TotalPageFile size 22683M (AvailPageFile size 15M)
current process WorkingSet (physical memory assigned to process): 408M, peak: 420M
current process commit charge ("private bytes"): 585M, peak: 621M

vm_info: OpenJDK 64-Bit Server VM (21.0.6+-13391695-b895.109) for windows-amd64 JRE (21.0.6+-13391695-b895.109), built on 2025-04-22T21:19:17Z by "builder" with MS VC++ 16.10 / 16.11 (VS2019)

END.
