#
# There is insufficient memory for the Java Runtime Environment to continue.
# Native memory allocation (malloc) failed to allocate 2593728 bytes. Error detail: Chunk::new
# Possible reasons:
#   The system is out of physical RAM or swap space
#   This process is running with CompressedOops enabled, and the Java Heap may be blocking the growth of the native heap
# Possible solutions:
#   Reduce memory load on the system
#   Increase physical memory or swap space
#   Check if swap backing store is full
#   Decrease Java heap size (-Xmx/-Xms)
#   Decrease number of Java threads
#   Decrease Java thread stack sizes (-Xss)
#   Set larger code cache with -XX:ReservedCodeCacheSize=
#   JVM is running with Unscaled Compressed Oops mode in which the Java heap is
#     placed in the first 4GB address space. The Java Heap base address is the
#     maximum limit for the native heap growth. Please use -XX:HeapBaseMinAddress
#     to set the Java Heap base and to place the Java Heap above 4GB virtual address.
# This output file may be truncated or incomplete.
#
#  Out of Memory Error (arena.cpp:168), pid=12444, tid=23376
#
# JRE version: OpenJDK Runtime Environment (21.0.5) (build 21.0.5+-12932927-b750.29)
# Java VM: OpenJDK 64-Bit Server VM (21.0.5+-12932927-b750.29, mixed mode, tiered, compressed oops, compressed class ptrs, g1 gc, windows-amd64)
# No core dump will be written. Minidumps are not enabled by default on client versions of Windows
#

---------------  S U M M A R Y ------------

Command Line: --add-opens=java.base/java.util=ALL-UNNAMED --add-opens=java.base/java.lang=ALL-UNNAMED --add-opens=java.base/java.lang.invoke=ALL-UNNAMED --add-opens=java.prefs/java.util.prefs=ALL-UNNAMED --add-exports=jdk.compiler/com.sun.tools.javac.api=ALL-UNNAMED --add-exports=jdk.compiler/com.sun.tools.javac.util=ALL-UNNAMED --add-opens=java.base/java.nio.charset=ALL-UNNAMED --add-opens=java.base/java.net=ALL-UNNAMED --add-opens=java.base/java.util.concurrent.atomic=ALL-UNNAMED -Xmx2048m -Dfile.encoding=UTF-8 -Duser.country=US -Duser.language=en -Duser.variant -javaagent:C:\Users\gaurav\.gradle\wrapper\dists\gradle-8.9-bin\90cnw93cvbtalezasaz0blq0a\gradle-8.9\lib\agents\gradle-instrumentation-agent-8.9.jar org.gradle.launcher.daemon.bootstrap.GradleDaemon 8.9

Host: AMD Ryzen 5 5500U with Radeon Graphics         , 12 cores, 7G,  Windows 11 , 64 bit Build 22621 (10.0.22621.5415)
Time: Sat Oct 25 01:36:10 2025 India Standard Time elapsed time: 63.981202 seconds (0d 0h 1m 3s)

---------------  T H R E A D  ---------------

Current thread (0x000002551e07f620):  JavaThread "C2 CompilerThread0" daemon [_thread_in_native, id=23376, stack(0x000000b760000000,0x000000b760100000) (1024K)]


Current CompileTask:
C2:63981 11943       4       org.gradle.internal.instantiation.generator.AbstractClassGenerator::inspectType (560 bytes)

Stack: [0x000000b760000000,0x000000b760100000]
Native frames: (J=compiled Java code, j=interpreted, Vv=VM code, C=native code)
V  [jvm.dll+0x6cfb29]
V  [jvm.dll+0x85ded3]
V  [jvm.dll+0x86042e]
V  [jvm.dll+0x860b13]
V  [jvm.dll+0x27e6b6]
V  [jvm.dll+0xbff6d]
V  [jvm.dll+0xc04a3]
V  [jvm.dll+0x3b5ffb]
V  [jvm.dll+0x381f97]
V  [jvm.dll+0x38140a]
V  [jvm.dll+0x247c62]
V  [jvm.dll+0x247231]
V  [jvm.dll+0x1c5ee4]
V  [jvm.dll+0x25697c]
V  [jvm.dll+0x254ec6]
V  [jvm.dll+0x3f0ce6]
V  [jvm.dll+0x806368]
V  [jvm.dll+0x6ce3fd]
C  [ucrtbase.dll+0x29333]
C  [KERNEL32.DLL+0x1259d]
C  [ntdll.dll+0x5af78]


---------------  P R O C E S S  ---------------

Threads class SMR info:
_java_thread_list=0x000002551f0e4080, length=100, elements={
0x00000255021c0c00, 0x000002551e063bc0, 0x000002551e0645e0, 0x000002551e07ac80,
0x000002551e07e300, 0x000002551e07e960, 0x000002551e07efc0, 0x000002551e07f620,
0x000002551e07fdf0, 0x000002551e1a8f40, 0x000002551e345de0, 0x000002551fc370d0,
0x000002551fc13150, 0x000002551edaf090, 0x000002551fdd1c70, 0x000002551edc6320,
0x000002551fd39370, 0x000002551f3747f0, 0x000002551fe20630, 0x000002551fe22700,
0x000002551fe22070, 0x000002551fe20cc0, 0x000002551fe22d90, 0x000002551fe23420,
0x000002551fe1ffa0, 0x000002551fe21350, 0x00000255207d94a0, 0x00000255207d9b30,
0x00000255207d8e10, 0x00000255207da1c0, 0x00000255207dcfb0, 0x00000255207da850,
0x00000255207db570, 0x00000255207daee0, 0x00000255207dbc00, 0x00000255207dc290,
0x00000255207dc920, 0x00000255207dd640, 0x00000255207ddcd0, 0x00000255207d80f0,
0x00000255207de360, 0x00000255207d73d0, 0x00000255207de9f0, 0x00000255207d7a60,
0x000002551f37d050, 0x000002551f37c9c0, 0x000002551f37dd70, 0x000002551f37d6e0,
0x000002551f378190, 0x000002551f37b610, 0x000002551f379540, 0x000002551f37bca0,
0x000002551f37e400, 0x000002551f377b00, 0x000002551f378820, 0x0000025520b26b30,
0x0000025520b2acd0, 0x0000025520b2b360, 0x0000025520b27850, 0x0000025520b2c080,
0x0000025520b28c00, 0x0000025520b2b9f0, 0x0000025520b2cda0, 0x0000025520b2c710,
0x0000025520b29fb0, 0x0000025520b271c0, 0x0000025520b2dac0, 0x0000025520b27ee0,
0x000002551f37c330, 0x00000255233f78c0, 0x00000255233f6ba0, 0x00000255233f7f50,
0x00000255233f85e0, 0x00000255233fa020, 0x00000255233f8c70, 0x00000255233f9300,
0x00000255233f57f0, 0x00000255233f9990, 0x00000255233fa6b0, 0x00000255233fad40,
0x00000255233fce10, 0x00000255233fba60, 0x00000255233fc0f0, 0x00000255233fc780,
0x00000255233f5e80, 0x00000255233f6510, 0x00000255233f7230, 0x0000025522d09220,
0x0000025522d077e0, 0x0000025522d05da0, 0x0000025522d098b0, 0x0000025522d06430,
0x0000025522d07e70, 0x0000025522d03cd0, 0x0000025522d09f40, 0x0000025522d0a5d0,
0x0000025522d08500, 0x0000025522d0ac60, 0x0000025522d0b2f0, 0x00000255224a2040
}

Java Threads: ( => current thread )
  0x00000255021c0c00 JavaThread "main"                              [_thread_blocked, id=14404, stack(0x000000b75f200000,0x000000b75f300000) (1024K)]
  0x000002551e063bc0 JavaThread "Reference Handler"          daemon [_thread_blocked, id=13968, stack(0x000000b75fa00000,0x000000b75fb00000) (1024K)]
  0x000002551e0645e0 JavaThread "Finalizer"                  daemon [_thread_blocked, id=23720, stack(0x000000b75fb00000,0x000000b75fc00000) (1024K)]
  0x000002551e07ac80 JavaThread "Signal Dispatcher"          daemon [_thread_blocked, id=3476, stack(0x000000b75fc00000,0x000000b75fd00000) (1024K)]
  0x000002551e07e300 JavaThread "Attach Listener"            daemon [_thread_blocked, id=14184, stack(0x000000b75fd00000,0x000000b75fe00000) (1024K)]
  0x000002551e07e960 JavaThread "Service Thread"             daemon [_thread_blocked, id=21740, stack(0x000000b75fe00000,0x000000b75ff00000) (1024K)]
  0x000002551e07efc0 JavaThread "Monitor Deflation Thread"   daemon [_thread_blocked, id=14380, stack(0x000000b75ff00000,0x000000b760000000) (1024K)]
=>0x000002551e07f620 JavaThread "C2 CompilerThread0"         daemon [_thread_in_native, id=23376, stack(0x000000b760000000,0x000000b760100000) (1024K)]
  0x000002551e07fdf0 JavaThread "C1 CompilerThread0"         daemon [_thread_blocked, id=7032, stack(0x000000b760100000,0x000000b760200000) (1024K)]
  0x000002551e1a8f40 JavaThread "Common-Cleaner"             daemon [_thread_blocked, id=20712, stack(0x000000b760200000,0x000000b760300000) (1024K)]
  0x000002551e345de0 JavaThread "Notification Thread"        daemon [_thread_blocked, id=4860, stack(0x000000b760300000,0x000000b760400000) (1024K)]
  0x000002551fc370d0 JavaThread "Daemon health stats"               [_thread_blocked, id=22524, stack(0x000000b760800000,0x000000b760900000) (1024K)]
  0x000002551fc13150 JavaThread "Incoming local TCP Connector on port 62987"        [_thread_in_native, id=10564, stack(0x000000b760900000,0x000000b760a00000) (1024K)]
  0x000002551edaf090 JavaThread "Daemon periodic checks"            [_thread_blocked, id=22760, stack(0x000000b760a00000,0x000000b760b00000) (1024K)]
  0x000002551fdd1c70 JavaThread "Daemon"                            [_thread_blocked, id=17664, stack(0x000000b760b00000,0x000000b760c00000) (1024K)]
  0x000002551edc6320 JavaThread "Handler for socket connection from /127.0.0.1:62987 to /127.0.0.1:62988"        [_thread_in_native, id=23492, stack(0x000000b760c00000,0x000000b760d00000) (1024K)]
  0x000002551fd39370 JavaThread "Cancel handler"                    [_thread_blocked, id=21124, stack(0x000000b760d00000,0x000000b760e00000) (1024K)]
  0x000002551f3747f0 JavaThread "Daemon worker"                     [_thread_in_native, id=22204, stack(0x000000b760e00000,0x000000b760f00000) (1024K)]
  0x000002551fe20630 JavaThread "Asynchronous log dispatcher for DefaultDaemonConnection: socket connection from /127.0.0.1:62987 to /127.0.0.1:62988"        [_thread_blocked, id=11812, stack(0x000000b760f00000,0x000000b761000000) (1024K)]
  0x000002551fe22700 JavaThread "Stdin handler"                     [_thread_blocked, id=15808, stack(0x000000b761000000,0x000000b761100000) (1024K)]
  0x000002551fe22070 JavaThread "Daemon client event forwarder"        [_thread_blocked, id=23224, stack(0x000000b761100000,0x000000b761200000) (1024K)]
  0x000002551fe20cc0 JavaThread "Cache worker for journal cache (C:\Users\gaurav\.gradle\caches\journal-1)"        [_thread_blocked, id=25808, stack(0x000000b761900000,0x000000b761a00000) (1024K)]
  0x000002551fe22d90 JavaThread "File lock request listener"        [_thread_in_native, id=8128, stack(0x000000b761a00000,0x000000b761b00000) (1024K)]
  0x000002551fe23420 JavaThread "Cache worker for file hash cache (C:\Users\gaurav\.gradle\caches\8.9\fileHashes)"        [_thread_blocked, id=14516, stack(0x000000b761b00000,0x000000b761c00000) (1024K)]
  0x000002551fe1ffa0 JavaThread "File lock release action executor"        [_thread_blocked, id=7476, stack(0x000000b761c00000,0x000000b761d00000) (1024K)]
  0x000002551fe21350 JavaThread "Cache worker for file hash cache (D:\Gaurav\ImageVista\.gradle\8.9\fileHashes)"        [_thread_blocked, id=1568, stack(0x000000b761d00000,0x000000b761e00000) (1024K)]
  0x00000255207d94a0 JavaThread "Cache worker for Build Output Cleanup Cache (D:\Gaurav\ImageVista\.gradle\buildOutputCleanup)"        [_thread_blocked, id=5128, stack(0x000000b761e00000,0x000000b761f00000) (1024K)]
  0x00000255207d9b30 JavaThread "File watcher server"        daemon [_thread_in_native, id=13800, stack(0x000000b761f00000,0x000000b762000000) (1024K)]
  0x00000255207d8e10 JavaThread "File watcher consumer"      daemon [_thread_blocked, id=20420, stack(0x000000b762000000,0x000000b762100000) (1024K)]
  0x00000255207da1c0 JavaThread "jar transforms"                    [_thread_blocked, id=10812, stack(0x000000b762100000,0x000000b762200000) (1024K)]
  0x00000255207dcfb0 JavaThread "jar transforms Thread 2"           [_thread_blocked, id=25776, stack(0x000000b762200000,0x000000b762300000) (1024K)]
  0x00000255207da850 JavaThread "jar transforms Thread 3"           [_thread_blocked, id=16848, stack(0x000000b762300000,0x000000b762400000) (1024K)]
  0x00000255207db570 JavaThread "jar transforms Thread 4"           [_thread_blocked, id=2668, stack(0x000000b762400000,0x000000b762500000) (1024K)]
  0x00000255207daee0 JavaThread "jar transforms Thread 5"           [_thread_blocked, id=24948, stack(0x000000b762500000,0x000000b762600000) (1024K)]
  0x00000255207dbc00 JavaThread "jar transforms Thread 6"           [_thread_blocked, id=26204, stack(0x000000b762600000,0x000000b762700000) (1024K)]
  0x00000255207dc290 JavaThread "jar transforms Thread 7"           [_thread_blocked, id=24652, stack(0x000000b762700000,0x000000b762800000) (1024K)]
  0x00000255207dc920 JavaThread "jar transforms Thread 8"           [_thread_blocked, id=3976, stack(0x000000b762800000,0x000000b762900000) (1024K)]
  0x00000255207dd640 JavaThread "jar transforms Thread 9"           [_thread_blocked, id=23896, stack(0x000000b762900000,0x000000b762a00000) (1024K)]
  0x00000255207ddcd0 JavaThread "jar transforms Thread 10"          [_thread_blocked, id=4044, stack(0x000000b762a00000,0x000000b762b00000) (1024K)]
  0x00000255207d80f0 JavaThread "jar transforms Thread 11"          [_thread_blocked, id=4560, stack(0x000000b762b00000,0x000000b762c00000) (1024K)]
  0x00000255207de360 JavaThread "jar transforms Thread 12"          [_thread_blocked, id=8788, stack(0x000000b762c00000,0x000000b762d00000) (1024K)]
  0x00000255207d73d0 JavaThread "Cache worker for checksums cache (D:\Gaurav\ImageVista\.gradle\8.9\checksums)"        [_thread_blocked, id=20244, stack(0x000000b762d00000,0x000000b762e00000) (1024K)]
  0x00000255207de9f0 JavaThread "Cache worker for file content cache (C:\Users\gaurav\.gradle\caches\8.9\fileContent)"        [_thread_blocked, id=10444, stack(0x000000b762e00000,0x000000b762f00000) (1024K)]
  0x00000255207d7a60 JavaThread "Cache worker for cache directory md-rule (C:\Users\gaurav\.gradle\caches\8.9\md-rule)"        [_thread_blocked, id=11440, stack(0x000000b762f00000,0x000000b763000000) (1024K)]
  0x000002551f37d050 JavaThread "Cache worker for cache directory md-supplier (C:\Users\gaurav\.gradle\caches\8.9\md-supplier)"        [_thread_blocked, id=9060, stack(0x000000b763000000,0x000000b763100000) (1024K)]
  0x000002551f37c9c0 JavaThread "Unconstrained build operations"        [_thread_blocked, id=24844, stack(0x000000b763100000,0x000000b763200000) (1024K)]
  0x000002551f37dd70 JavaThread "Unconstrained build operations Thread 2"        [_thread_blocked, id=1980, stack(0x000000b763200000,0x000000b763300000) (1024K)]
  0x000002551f37d6e0 JavaThread "Unconstrained build operations Thread 3"        [_thread_blocked, id=16408, stack(0x000000b763300000,0x000000b763400000) (1024K)]
  0x000002551f378190 JavaThread "Unconstrained build operations Thread 4"        [_thread_blocked, id=15856, stack(0x000000b763400000,0x000000b763500000) (1024K)]
  0x000002551f37b610 JavaThread "Unconstrained build operations Thread 5"        [_thread_blocked, id=14400, stack(0x000000b763500000,0x000000b763600000) (1024K)]
  0x000002551f379540 JavaThread "Unconstrained build operations Thread 6"        [_thread_blocked, id=15340, stack(0x000000b763600000,0x000000b763700000) (1024K)]
  0x000002551f37bca0 JavaThread "Unconstrained build operations Thread 7"        [_thread_blocked, id=20972, stack(0x000000b763700000,0x000000b763800000) (1024K)]
  0x000002551f37e400 JavaThread "Unconstrained build operations Thread 8"        [_thread_blocked, id=23288, stack(0x000000b763800000,0x000000b763900000) (1024K)]
  0x000002551f377b00 JavaThread "Unconstrained build operations Thread 9"        [_thread_blocked, id=2284, stack(0x000000b763900000,0x000000b763a00000) (1024K)]
  0x000002551f378820 JavaThread "Unconstrained build operations Thread 10"        [_thread_blocked, id=20472, stack(0x000000b763a00000,0x000000b763b00000) (1024K)]
  0x0000025520b26b30 JavaThread "Unconstrained build operations Thread 11"        [_thread_blocked, id=24680, stack(0x000000b763b00000,0x000000b763c00000) (1024K)]
  0x0000025520b2acd0 JavaThread "Unconstrained build operations Thread 12"        [_thread_blocked, id=17724, stack(0x000000b763c00000,0x000000b763d00000) (1024K)]
  0x0000025520b2b360 JavaThread "Unconstrained build operations Thread 13"        [_thread_blocked, id=10616, stack(0x000000b763d00000,0x000000b763e00000) (1024K)]
  0x0000025520b27850 JavaThread "Unconstrained build operations Thread 14"        [_thread_blocked, id=21136, stack(0x000000b763e00000,0x000000b763f00000) (1024K)]
  0x0000025520b2c080 JavaThread "Unconstrained build operations Thread 15"        [_thread_blocked, id=12700, stack(0x000000b763f00000,0x000000b764000000) (1024K)]
  0x0000025520b28c00 JavaThread "Unconstrained build operations Thread 16"        [_thread_blocked, id=6684, stack(0x000000b764000000,0x000000b764100000) (1024K)]
  0x0000025520b2b9f0 JavaThread "Unconstrained build operations Thread 17"        [_thread_blocked, id=18932, stack(0x000000b764100000,0x000000b764200000) (1024K)]
  0x0000025520b2cda0 JavaThread "Unconstrained build operations Thread 18"        [_thread_blocked, id=20812, stack(0x000000b764200000,0x000000b764300000) (1024K)]
  0x0000025520b2c710 JavaThread "Unconstrained build operations Thread 19"        [_thread_blocked, id=18732, stack(0x000000b764300000,0x000000b764400000) (1024K)]
  0x0000025520b29fb0 JavaThread "Unconstrained build operations Thread 20"        [_thread_blocked, id=14784, stack(0x000000b764400000,0x000000b764500000) (1024K)]
  0x0000025520b271c0 JavaThread "Unconstrained build operations Thread 21"        [_thread_blocked, id=22288, stack(0x000000b764500000,0x000000b764600000) (1024K)]
  0x0000025520b2dac0 JavaThread "Unconstrained build operations Thread 22"        [_thread_blocked, id=23356, stack(0x000000b764700000,0x000000b764800000) (1024K)]
  0x0000025520b27ee0 JavaThread "Unconstrained build operations Thread 23"        [_thread_blocked, id=13548, stack(0x000000b764800000,0x000000b764900000) (1024K)]
  0x000002551f37c330 JavaThread "Unconstrained build operations Thread 24"        [_thread_blocked, id=19680, stack(0x000000b764900000,0x000000b764a00000) (1024K)]
  0x00000255233f78c0 JavaThread "Unconstrained build operations Thread 25"        [_thread_blocked, id=19904, stack(0x000000b764a00000,0x000000b764b00000) (1024K)]
  0x00000255233f6ba0 JavaThread "Unconstrained build operations Thread 26"        [_thread_blocked, id=12920, stack(0x000000b764b00000,0x000000b764c00000) (1024K)]
  0x00000255233f7f50 JavaThread "Unconstrained build operations Thread 27"        [_thread_blocked, id=11356, stack(0x000000b764c00000,0x000000b764d00000) (1024K)]
  0x00000255233f85e0 JavaThread "Unconstrained build operations Thread 28"        [_thread_blocked, id=14496, stack(0x000000b764d00000,0x000000b764e00000) (1024K)]
  0x00000255233fa020 JavaThread "Unconstrained build operations Thread 29"        [_thread_blocked, id=10964, stack(0x000000b764e00000,0x000000b764f00000) (1024K)]
  0x00000255233f8c70 JavaThread "Unconstrained build operations Thread 30"        [_thread_blocked, id=17656, stack(0x000000b764f00000,0x000000b765000000) (1024K)]
  0x00000255233f9300 JavaThread "Unconstrained build operations Thread 31"        [_thread_blocked, id=20116, stack(0x000000b765000000,0x000000b765100000) (1024K)]
  0x00000255233f57f0 JavaThread "Unconstrained build operations Thread 32"        [_thread_blocked, id=9868, stack(0x000000b765100000,0x000000b765200000) (1024K)]
  0x00000255233f9990 JavaThread "Unconstrained build operations Thread 33"        [_thread_blocked, id=23464, stack(0x000000b765200000,0x000000b765300000) (1024K)]
  0x00000255233fa6b0 JavaThread "Unconstrained build operations Thread 34"        [_thread_blocked, id=9172, stack(0x000000b765300000,0x000000b765400000) (1024K)]
  0x00000255233fad40 JavaThread "Unconstrained build operations Thread 35"        [_thread_blocked, id=15868, stack(0x000000b765400000,0x000000b765500000) (1024K)]
  0x00000255233fce10 JavaThread "Unconstrained build operations Thread 36"        [_thread_blocked, id=12696, stack(0x000000b765500000,0x000000b765600000) (1024K)]
  0x00000255233fba60 JavaThread "Unconstrained build operations Thread 37"        [_thread_blocked, id=19760, stack(0x000000b765600000,0x000000b765700000) (1024K)]
  0x00000255233fc0f0 JavaThread "Unconstrained build operations Thread 38"        [_thread_blocked, id=20752, stack(0x000000b765700000,0x000000b765800000) (1024K)]
  0x00000255233fc780 JavaThread "Unconstrained build operations Thread 39"        [_thread_blocked, id=8648, stack(0x000000b765800000,0x000000b765900000) (1024K)]
  0x00000255233f5e80 JavaThread "Unconstrained build operations Thread 40"        [_thread_blocked, id=20024, stack(0x000000b765900000,0x000000b765a00000) (1024K)]
  0x00000255233f6510 JavaThread "Unconstrained build operations Thread 41"        [_thread_blocked, id=22400, stack(0x000000b765a00000,0x000000b765b00000) (1024K)]
  0x00000255233f7230 JavaThread "Unconstrained build operations Thread 42"        [_thread_blocked, id=22236, stack(0x000000b765b00000,0x000000b765c00000) (1024K)]
  0x0000025522d09220 JavaThread "Unconstrained build operations Thread 43"        [_thread_blocked, id=2120, stack(0x000000b765c00000,0x000000b765d00000) (1024K)]
  0x0000025522d077e0 JavaThread "Unconstrained build operations Thread 44"        [_thread_blocked, id=26240, stack(0x000000b765d00000,0x000000b765e00000) (1024K)]
  0x0000025522d05da0 JavaThread "Unconstrained build operations Thread 45"        [_thread_blocked, id=8776, stack(0x000000b765e00000,0x000000b765f00000) (1024K)]
  0x0000025522d098b0 JavaThread "Unconstrained build operations Thread 46"        [_thread_blocked, id=24588, stack(0x000000b765f00000,0x000000b766000000) (1024K)]
  0x0000025522d06430 JavaThread "Unconstrained build operations Thread 47"        [_thread_blocked, id=6740, stack(0x000000b766000000,0x000000b766100000) (1024K)]
  0x0000025522d07e70 JavaThread "Unconstrained build operations Thread 48"        [_thread_blocked, id=14560, stack(0x000000b766100000,0x000000b766200000) (1024K)]
  0x0000025522d03cd0 JavaThread "Unconstrained build operations Thread 49"        [_thread_blocked, id=19852, stack(0x000000b766200000,0x000000b766300000) (1024K)]
  0x0000025522d09f40 JavaThread "Unconstrained build operations Thread 50"        [_thread_blocked, id=12380, stack(0x000000b766300000,0x000000b766400000) (1024K)]
  0x0000025522d0a5d0 JavaThread "Unconstrained build operations Thread 51"        [_thread_blocked, id=13392, stack(0x000000b766400000,0x000000b766500000) (1024K)]
  0x0000025522d08500 JavaThread "Unconstrained build operations Thread 52"        [_thread_blocked, id=5924, stack(0x000000b766500000,0x000000b766600000) (1024K)]
  0x0000025522d0ac60 JavaThread "Unconstrained build operations Thread 53"        [_thread_blocked, id=11320, stack(0x000000b766600000,0x000000b766700000) (1024K)]
  0x0000025522d0b2f0 JavaThread "Unconstrained build operations Thread 54"        [_thread_blocked, id=2672, stack(0x000000b766700000,0x000000b766800000) (1024K)]
  0x00000255224a2040 JavaThread "Memory manager"                    [_thread_blocked, id=24660, stack(0x000000b75ef00000,0x000000b75f000000) (1024K)]
Total: 100

Other Threads:
  0x0000025519d1eb80 VMThread "VM Thread"                           [id=23384, stack(0x000000b75f900000,0x000000b75fa00000) (1024K)]
  0x0000025519c9b150 WatcherThread "VM Periodic Task Thread"        [id=20916, stack(0x000000b75f800000,0x000000b75f900000) (1024K)]
  0x0000025502215210 WorkerThread "GC Thread#0"                     [id=14620, stack(0x000000b75f300000,0x000000b75f400000) (1024K)]
  0x000002551e482260 WorkerThread "GC Thread#1"                     [id=25820, stack(0x000000b760400000,0x000000b760500000) (1024K)]
  0x000002551eb0e460 WorkerThread "GC Thread#2"                     [id=2988, stack(0x000000b760500000,0x000000b760600000) (1024K)]
  0x000002551eb0e800 WorkerThread "GC Thread#3"                     [id=17660, stack(0x000000b760600000,0x000000b760700000) (1024K)]
  0x000002551ee3d470 WorkerThread "GC Thread#4"                     [id=16684, stack(0x000000b760700000,0x000000b760800000) (1024K)]
  0x000002551fada890 WorkerThread "GC Thread#5"                     [id=11892, stack(0x000000b761200000,0x000000b761300000) (1024K)]
  0x000002551f2e39e0 WorkerThread "GC Thread#6"                     [id=15396, stack(0x000000b761300000,0x000000b761400000) (1024K)]
  0x000002551f2e3d80 WorkerThread "GC Thread#7"                     [id=21832, stack(0x000000b761400000,0x000000b761500000) (1024K)]
  0x000002551f2e4120 WorkerThread "GC Thread#8"                     [id=13736, stack(0x000000b761500000,0x000000b761600000) (1024K)]
  0x000002551fad5a30 WorkerThread "GC Thread#9"                     [id=22372, stack(0x000000b761600000,0x000000b761700000) (1024K)]
  0x000002557fffcf90 ConcurrentGCThread "G1 Main Marker"            [id=20560, stack(0x000000b75f400000,0x000000b75f500000) (1024K)]
  0x000002557fffd6a0 WorkerThread "G1 Conc#0"                       [id=20044, stack(0x000000b75f500000,0x000000b75f600000) (1024K)]
  0x000002551fad5dd0 WorkerThread "G1 Conc#1"                       [id=14948, stack(0x000000b761700000,0x000000b761800000) (1024K)]
  0x000002551fad52f0 WorkerThread "G1 Conc#2"                       [id=23508, stack(0x000000b761800000,0x000000b761900000) (1024K)]
  0x000002550227e8b0 ConcurrentGCThread "G1 Refine#0"               [id=11552, stack(0x000000b75f600000,0x000000b75f700000) (1024K)]
  0x0000025519b69280 ConcurrentGCThread "G1 Service"                [id=11940, stack(0x000000b75f700000,0x000000b75f800000) (1024K)]
Total: 18

Threads with active compile tasks:
C2 CompilerThread0  64330 11943       4       org.gradle.internal.instantiation.generator.AbstractClassGenerator::inspectType (560 bytes)
Total: 1

VM state: not at safepoint (normal execution)

VM Mutex/Monitor currently owned by a thread: None

Heap address: 0x0000000080000000, size: 2048 MB, Compressed Oops mode: 32-bit

CDS archive(s) not mapped
Compressed class space mapped at: 0x0000000100000000-0x0000000140000000, reserved size: 1073741824
Narrow klass base: 0x0000000000000000, Narrow klass shift: 3, Narrow klass range: 0x140000000

GC Precious Log:
 CardTable entry size: 512
 Card Set container configuration: InlinePtr #cards 5 size 8 Array Of Cards #cards 12 size 40 Howl #buckets 4 coarsen threshold 1843 Howl Bitmap #cards 512 size 80 coarsen threshold 460 Card regions per heap region 1 cards per card region 2048
 CPUs: 12 total, 12 available
 Memory: 7501M
 Large Page Support: Disabled
 NUMA Support: Disabled
 Compressed Oops: Enabled (32-bit)
 Heap Region Size: 1M
 Heap Min Capacity: 8M
 Heap Initial Capacity: 118M
 Heap Max Capacity: 2G
 Pre-touch: Disabled
 Parallel Workers: 10
 Concurrent Workers: 3
 Concurrent Refinement Workers: 10
 Periodic GC: Disabled

Heap:
 garbage-first heap   total 244736K, used 167658K [0x0000000080000000, 0x0000000100000000)
  region size 1024K, 28 young (28672K), 6 survivors (6144K)
 Metaspace       used 100327K, committed 102272K, reserved 1179648K
  class space    used 13334K, committed 14272K, reserved 1048576K

Heap Regions: E=young(eden), S=young(survivor), O=old, HS=humongous(starts), HC=humongous(continues), CS=collection set, F=free, TAMS=top-at-mark-start, PB=parsable bottom
|   0|0x0000000080000000, 0x0000000080100000, 0x0000000080100000|100%|HS|  |TAMS 0x0000000080000000| PB 0x0000000080000000| Complete 
|   1|0x0000000080100000, 0x0000000080200000, 0x0000000080200000|100%|HC|  |TAMS 0x0000000080100000| PB 0x0000000080100000| Complete 
|   2|0x0000000080200000, 0x0000000080300000, 0x0000000080300000|100%|HC|  |TAMS 0x0000000080200000| PB 0x0000000080200000| Complete 
|   3|0x0000000080300000, 0x0000000080400000, 0x0000000080400000|100%|HC|  |TAMS 0x0000000080300000| PB 0x0000000080300000| Complete 
|   4|0x0000000080400000, 0x0000000080500000, 0x0000000080500000|100%| O|  |TAMS 0x0000000080400000| PB 0x0000000080400000| Untracked 
|   5|0x0000000080500000, 0x0000000080600000, 0x0000000080600000|100%| O|  |TAMS 0x0000000080500000| PB 0x0000000080500000| Untracked 
|   6|0x0000000080600000, 0x0000000080700000, 0x0000000080700000|100%| O|  |TAMS 0x0000000080600000| PB 0x0000000080600000| Untracked 
|   7|0x0000000080700000, 0x0000000080800000, 0x0000000080800000|100%| O|  |TAMS 0x0000000080700000| PB 0x0000000080700000| Untracked 
|   8|0x0000000080800000, 0x0000000080900000, 0x0000000080900000|100%| O|  |TAMS 0x0000000080800000| PB 0x0000000080800000| Untracked 
|   9|0x0000000080900000, 0x0000000080a00000, 0x0000000080a00000|100%| O|  |TAMS 0x0000000080900000| PB 0x0000000080900000| Untracked 
|  10|0x0000000080a00000, 0x0000000080b00000, 0x0000000080b00000|100%|HS|  |TAMS 0x0000000080a00000| PB 0x0000000080a00000| Complete 
|  11|0x0000000080b00000, 0x0000000080c00000, 0x0000000080c00000|100%|HS|  |TAMS 0x0000000080b00000| PB 0x0000000080b00000| Complete 
|  12|0x0000000080c00000, 0x0000000080d00000, 0x0000000080d00000|100%|HS|  |TAMS 0x0000000080c00000| PB 0x0000000080c00000| Complete 
|  13|0x0000000080d00000, 0x0000000080e00000, 0x0000000080e00000|100%|HC|  |TAMS 0x0000000080d00000| PB 0x0000000080d00000| Complete 
|  14|0x0000000080e00000, 0x0000000080f00000, 0x0000000080f00000|100%|HC|  |TAMS 0x0000000080e00000| PB 0x0000000080e00000| Complete 
|  15|0x0000000080f00000, 0x0000000081000000, 0x0000000081000000|100%|HC|  |TAMS 0x0000000080f00000| PB 0x0000000080f00000| Complete 
|  16|0x0000000081000000, 0x0000000081100000, 0x0000000081100000|100%|HC|  |TAMS 0x0000000081000000| PB 0x0000000081000000| Complete 
|  17|0x0000000081100000, 0x0000000081200000, 0x0000000081200000|100%|HC|  |TAMS 0x0000000081100000| PB 0x0000000081100000| Complete 
|  18|0x0000000081200000, 0x0000000081300000, 0x0000000081300000|100%|HS|  |TAMS 0x0000000081200000| PB 0x0000000081200000| Complete 
|  19|0x0000000081300000, 0x0000000081400000, 0x0000000081400000|100%|HS|  |TAMS 0x0000000081300000| PB 0x0000000081300000| Complete 
|  20|0x0000000081400000, 0x0000000081500000, 0x0000000081500000|100%|HC|  |TAMS 0x0000000081400000| PB 0x0000000081400000| Complete 
|  21|0x0000000081500000, 0x0000000081600000, 0x0000000081600000|100%|HC|  |TAMS 0x0000000081500000| PB 0x0000000081500000| Complete 
|  22|0x0000000081600000, 0x0000000081700000, 0x0000000081700000|100%|HC|  |TAMS 0x0000000081600000| PB 0x0000000081600000| Complete 
|  23|0x0000000081700000, 0x0000000081800000, 0x0000000081800000|100%|HS|  |TAMS 0x0000000081700000| PB 0x0000000081700000| Complete 
|  24|0x0000000081800000, 0x0000000081900000, 0x0000000081900000|100%|HC|  |TAMS 0x0000000081800000| PB 0x0000000081800000| Complete 
|  25|0x0000000081900000, 0x0000000081a00000, 0x0000000081a00000|100%| O|  |TAMS 0x0000000081900000| PB 0x0000000081900000| Untracked 
|  26|0x0000000081a00000, 0x0000000081b00000, 0x0000000081b00000|100%|HS|  |TAMS 0x0000000081a00000| PB 0x0000000081a00000| Complete 
|  27|0x0000000081b00000, 0x0000000081c00000, 0x0000000081c00000|100%|HS|  |TAMS 0x0000000081b00000| PB 0x0000000081b00000| Complete 
|  28|0x0000000081c00000, 0x0000000081d00000, 0x0000000081d00000|100%|HC|  |TAMS 0x0000000081c00000| PB 0x0000000081c00000| Complete 
|  29|0x0000000081d00000, 0x0000000081e00000, 0x0000000081e00000|100%|HC|  |TAMS 0x0000000081d00000| PB 0x0000000081d00000| Complete 
|  30|0x0000000081e00000, 0x0000000081f00000, 0x0000000081f00000|100%|HC|  |TAMS 0x0000000081e00000| PB 0x0000000081e00000| Complete 
|  31|0x0000000081f00000, 0x0000000082000000, 0x0000000082000000|100%| O|  |TAMS 0x0000000081f00000| PB 0x0000000081f00000| Untracked 
|  32|0x0000000082000000, 0x0000000082100000, 0x0000000082100000|100%| O|  |TAMS 0x0000000082000000| PB 0x0000000082000000| Untracked 
|  33|0x0000000082100000, 0x0000000082200000, 0x0000000082200000|100%| O|  |TAMS 0x0000000082100000| PB 0x0000000082100000| Untracked 
|  34|0x0000000082200000, 0x0000000082300000, 0x0000000082300000|100%| O|  |TAMS 0x0000000082200000| PB 0x0000000082200000| Untracked 
|  35|0x0000000082300000, 0x0000000082400000, 0x0000000082400000|100%| O|  |TAMS 0x0000000082300000| PB 0x0000000082300000| Untracked 
|  36|0x0000000082400000, 0x0000000082500000, 0x0000000082500000|100%| O|  |TAMS 0x0000000082400000| PB 0x0000000082400000| Untracked 
|  37|0x0000000082500000, 0x0000000082600000, 0x0000000082600000|100%| O|  |TAMS 0x0000000082500000| PB 0x0000000082500000| Untracked 
|  38|0x0000000082600000, 0x0000000082700000, 0x0000000082700000|100%|HS|  |TAMS 0x0000000082600000| PB 0x0000000082600000| Complete 
|  39|0x0000000082700000, 0x0000000082800000, 0x0000000082800000|100%|HC|  |TAMS 0x0000000082700000| PB 0x0000000082700000| Complete 
|  40|0x0000000082800000, 0x0000000082900000, 0x0000000082900000|100%|HC|  |TAMS 0x0000000082800000| PB 0x0000000082800000| Complete 
|  41|0x0000000082900000, 0x0000000082a00000, 0x0000000082a00000|100%|HC|  |TAMS 0x0000000082900000| PB 0x0000000082900000| Complete 
|  42|0x0000000082a00000, 0x0000000082b00000, 0x0000000082b00000|100%|HC|  |TAMS 0x0000000082a00000| PB 0x0000000082a00000| Complete 
|  43|0x0000000082b00000, 0x0000000082c00000, 0x0000000082c00000|100%|HC|  |TAMS 0x0000000082b00000| PB 0x0000000082b00000| Complete 
|  44|0x0000000082c00000, 0x0000000082d00000, 0x0000000082d00000|100%|HS|  |TAMS 0x0000000082c00000| PB 0x0000000082c00000| Complete 
|  45|0x0000000082d00000, 0x0000000082e00000, 0x0000000082e00000|100%|HC|  |TAMS 0x0000000082d00000| PB 0x0000000082d00000| Complete 
|  46|0x0000000082e00000, 0x0000000082f00000, 0x0000000082f00000|100%|HS|  |TAMS 0x0000000082e00000| PB 0x0000000082e00000| Complete 
|  47|0x0000000082f00000, 0x0000000083000000, 0x0000000083000000|100%| O|  |TAMS 0x0000000082f00000| PB 0x0000000082f00000| Untracked 
|  48|0x0000000083000000, 0x0000000083100000, 0x0000000083100000|100%| O|  |TAMS 0x0000000083000000| PB 0x0000000083000000| Untracked 
|  49|0x0000000083100000, 0x0000000083200000, 0x0000000083200000|100%| O|  |TAMS 0x0000000083100000| PB 0x0000000083100000| Untracked 
|  50|0x0000000083200000, 0x0000000083300000, 0x0000000083300000|100%|HS|  |TAMS 0x0000000083200000| PB 0x0000000083200000| Complete 
|  51|0x0000000083300000, 0x0000000083400000, 0x0000000083400000|100%| O|  |TAMS 0x0000000083300000| PB 0x0000000083300000| Untracked 
|  52|0x0000000083400000, 0x0000000083500000, 0x0000000083500000|100%| O|  |TAMS 0x0000000083400000| PB 0x0000000083400000| Untracked 
|  53|0x0000000083500000, 0x0000000083600000, 0x0000000083600000|100%| O|  |TAMS 0x0000000083500000| PB 0x0000000083500000| Untracked 
|  54|0x0000000083600000, 0x0000000083700000, 0x0000000083700000|100%| O|  |TAMS 0x0000000083600000| PB 0x0000000083600000| Untracked 
|  55|0x0000000083700000, 0x0000000083800000, 0x0000000083800000|100%| O|  |TAMS 0x0000000083700000| PB 0x0000000083700000| Untracked 
|  56|0x0000000083800000, 0x0000000083900000, 0x0000000083900000|100%| O|  |TAMS 0x0000000083800000| PB 0x0000000083800000| Untracked 
|  57|0x0000000083900000, 0x0000000083a00000, 0x0000000083a00000|100%|HS|  |TAMS 0x0000000083900000| PB 0x0000000083900000| Complete 
|  58|0x0000000083a00000, 0x0000000083b00000, 0x0000000083b00000|100%|HC|  |TAMS 0x0000000083a00000| PB 0x0000000083a00000| Complete 
|  59|0x0000000083b00000, 0x0000000083c00000, 0x0000000083c00000|100%| O|  |TAMS 0x0000000083b00000| PB 0x0000000083b00000| Untracked 
|  60|0x0000000083c00000, 0x0000000083d00000, 0x0000000083d00000|100%| O|  |TAMS 0x0000000083c00000| PB 0x0000000083c00000| Untracked 
|  61|0x0000000083d00000, 0x0000000083e00000, 0x0000000083e00000|100%| O|  |TAMS 0x0000000083d00000| PB 0x0000000083d00000| Untracked 
|  62|0x0000000083e00000, 0x0000000083f00000, 0x0000000083f00000|100%| O|  |TAMS 0x0000000083e00000| PB 0x0000000083e00000| Untracked 
|  63|0x0000000083f00000, 0x0000000084000000, 0x0000000084000000|100%| O|  |TAMS 0x0000000083f00000| PB 0x0000000083f00000| Untracked 
|  64|0x0000000084000000, 0x0000000084100000, 0x0000000084100000|100%| O|  |TAMS 0x0000000084000000| PB 0x0000000084000000| Untracked 
|  65|0x0000000084100000, 0x0000000084200000, 0x0000000084200000|100%| O|  |TAMS 0x0000000084100000| PB 0x0000000084100000| Untracked 
|  66|0x0000000084200000, 0x0000000084300000, 0x0000000084300000|100%|HS|  |TAMS 0x0000000084200000| PB 0x0000000084200000| Complete 
|  67|0x0000000084300000, 0x0000000084400000, 0x0000000084400000|100%|HC|  |TAMS 0x0000000084300000| PB 0x0000000084300000| Complete 
|  68|0x0000000084400000, 0x0000000084500000, 0x0000000084500000|100%|HC|  |TAMS 0x0000000084400000| PB 0x0000000084400000| Complete 
|  69|0x0000000084500000, 0x0000000084600000, 0x0000000084600000|100%|HC|  |TAMS 0x0000000084500000| PB 0x0000000084500000| Complete 
|  70|0x0000000084600000, 0x0000000084700000, 0x0000000084700000|100%|HC|  |TAMS 0x0000000084600000| PB 0x0000000084600000| Complete 
|  71|0x0000000084700000, 0x0000000084800000, 0x0000000084800000|100%|HC|  |TAMS 0x0000000084700000| PB 0x0000000084700000| Complete 
|  72|0x0000000084800000, 0x0000000084900000, 0x0000000084900000|100%|HS|  |TAMS 0x0000000084800000| PB 0x0000000084800000| Complete 
|  73|0x0000000084900000, 0x0000000084a00000, 0x0000000084a00000|100%|HS|  |TAMS 0x0000000084900000| PB 0x0000000084900000| Complete 
|  74|0x0000000084a00000, 0x0000000084b00000, 0x0000000084b00000|100%|HS|  |TAMS 0x0000000084a00000| PB 0x0000000084a00000| Complete 
|  75|0x0000000084b00000, 0x0000000084c00000, 0x0000000084c00000|100%| O|  |TAMS 0x0000000084b00000| PB 0x0000000084b00000| Untracked 
|  76|0x0000000084c00000, 0x0000000084d00000, 0x0000000084d00000|100%| O|  |TAMS 0x0000000084c00000| PB 0x0000000084c00000| Untracked 
|  77|0x0000000084d00000, 0x0000000084e00000, 0x0000000084e00000|100%| O|  |TAMS 0x0000000084d00000| PB 0x0000000084d00000| Untracked 
|  78|0x0000000084e00000, 0x0000000084f00000, 0x0000000084f00000|100%| O|  |TAMS 0x0000000084e00000| PB 0x0000000084e00000| Untracked 
|  79|0x0000000084f00000, 0x0000000085000000, 0x0000000085000000|100%| O|  |TAMS 0x0000000084f00000| PB 0x0000000084f00000| Untracked 
|  80|0x0000000085000000, 0x0000000085100000, 0x0000000085100000|100%| O|  |TAMS 0x0000000085000000| PB 0x0000000085000000| Untracked 
|  81|0x0000000085100000, 0x0000000085200000, 0x0000000085200000|100%| O|  |TAMS 0x0000000085100000| PB 0x0000000085100000| Untracked 
|  82|0x0000000085200000, 0x0000000085300000, 0x0000000085300000|100%| O|  |TAMS 0x0000000085200000| PB 0x0000000085200000| Untracked 
|  83|0x0000000085300000, 0x0000000085400000, 0x0000000085400000|100%| O|  |TAMS 0x0000000085300000| PB 0x0000000085300000| Untracked 
|  84|0x0000000085400000, 0x0000000085500000, 0x0000000085500000|100%| O|  |TAMS 0x0000000085400000| PB 0x0000000085400000| Untracked 
|  85|0x0000000085500000, 0x0000000085600000, 0x0000000085600000|100%| O|  |TAMS 0x0000000085500000| PB 0x0000000085500000| Untracked 
|  86|0x0000000085600000, 0x0000000085700000, 0x0000000085700000|100%| O|Cm|TAMS 0x0000000085600000| PB 0x0000000085600000| Complete 
|  87|0x0000000085700000, 0x0000000085800000, 0x0000000085800000|100%|HS|  |TAMS 0x0000000085700000| PB 0x0000000085700000| Complete 
|  88|0x0000000085800000, 0x0000000085900000, 0x0000000085900000|100%|HC|  |TAMS 0x0000000085800000| PB 0x0000000085800000| Complete 
|  89|0x0000000085900000, 0x0000000085a00000, 0x0000000085a00000|100%|HC|  |TAMS 0x0000000085900000| PB 0x0000000085900000| Complete 
|  90|0x0000000085a00000, 0x0000000085b00000, 0x0000000085b00000|100%|HC|  |TAMS 0x0000000085a00000| PB 0x0000000085a00000| Complete 
|  91|0x0000000085b00000, 0x0000000085c00000, 0x0000000085c00000|100%|HC|  |TAMS 0x0000000085b00000| PB 0x0000000085b00000| Complete 
|  92|0x0000000085c00000, 0x0000000085d00000, 0x0000000085d00000|100%|HC|  |TAMS 0x0000000085c00000| PB 0x0000000085c00000| Complete 
|  93|0x0000000085d00000, 0x0000000085e00000, 0x0000000085e00000|100%| O|  |TAMS 0x0000000085d00000| PB 0x0000000085d00000| Untracked 
|  94|0x0000000085e00000, 0x0000000085f00000, 0x0000000085f00000|100%| O|  |TAMS 0x0000000085e00000| PB 0x0000000085e00000| Untracked 
|  95|0x0000000085f00000, 0x0000000086000000, 0x0000000086000000|100%| O|  |TAMS 0x0000000085f00000| PB 0x0000000085f00000| Untracked 
|  96|0x0000000086000000, 0x0000000086100000, 0x0000000086100000|100%| O|  |TAMS 0x0000000086000000| PB 0x0000000086000000| Untracked 
|  97|0x0000000086100000, 0x0000000086200000, 0x0000000086200000|100%| O|  |TAMS 0x0000000086100000| PB 0x0000000086100000| Untracked 
|  98|0x0000000086200000, 0x0000000086300000, 0x0000000086300000|100%| O|  |TAMS 0x0000000086200000| PB 0x0000000086200000| Untracked 
|  99|0x0000000086300000, 0x0000000086300000, 0x0000000086400000|  0%| F|  |TAMS 0x0000000086300000| PB 0x0000000086300000| Untracked 
| 100|0x0000000086400000, 0x0000000086500000, 0x0000000086500000|100%| O|  |TAMS 0x0000000086400000| PB 0x0000000086400000| Untracked 
| 101|0x0000000086500000, 0x0000000086600000, 0x0000000086600000|100%| O|  |TAMS 0x0000000086500000| PB 0x0000000086500000| Untracked 
| 102|0x0000000086600000, 0x0000000086600000, 0x0000000086700000|  0%| F|  |TAMS 0x0000000086600000| PB 0x0000000086600000| Untracked 
| 103|0x0000000086700000, 0x0000000086800000, 0x0000000086800000|100%| O|Cm|TAMS 0x0000000086700000| PB 0x0000000086700000| Complete 
| 104|0x0000000086800000, 0x0000000086900000, 0x0000000086900000|100%|HS|  |TAMS 0x0000000086800000| PB 0x0000000086800000| Complete 
| 105|0x0000000086900000, 0x0000000086a00000, 0x0000000086a00000|100%|HC|  |TAMS 0x0000000086900000| PB 0x0000000086900000| Complete 
| 106|0x0000000086a00000, 0x0000000086b00000, 0x0000000086b00000|100%|HS|  |TAMS 0x0000000086a00000| PB 0x0000000086a00000| Complete 
| 107|0x0000000086b00000, 0x0000000086c00000, 0x0000000086c00000|100%|HC|  |TAMS 0x0000000086b00000| PB 0x0000000086b00000| Complete 
| 108|0x0000000086c00000, 0x0000000086d00000, 0x0000000086d00000|100%|HS|  |TAMS 0x0000000086c00000| PB 0x0000000086c00000| Complete 
| 109|0x0000000086d00000, 0x0000000086e00000, 0x0000000086e00000|100%|HS|  |TAMS 0x0000000086d00000| PB 0x0000000086d00000| Complete 
| 110|0x0000000086e00000, 0x0000000086f00000, 0x0000000086f00000|100%|HC|  |TAMS 0x0000000086e00000| PB 0x0000000086e00000| Complete 
| 111|0x0000000086f00000, 0x0000000087000000, 0x0000000087000000|100%|HC|  |TAMS 0x0000000086f00000| PB 0x0000000086f00000| Complete 
| 112|0x0000000087000000, 0x0000000087100000, 0x0000000087100000|100%|HS|  |TAMS 0x0000000087000000| PB 0x0000000087000000| Complete 
| 113|0x0000000087100000, 0x0000000087200000, 0x0000000087200000|100%| O|  |TAMS 0x0000000087100000| PB 0x0000000087100000| Untracked 
| 114|0x0000000087200000, 0x0000000087300000, 0x0000000087300000|100%|HS|  |TAMS 0x0000000087200000| PB 0x0000000087200000| Complete 
| 115|0x0000000087300000, 0x0000000087400000, 0x0000000087400000|100%|HS|  |TAMS 0x0000000087300000| PB 0x0000000087300000| Complete 
| 116|0x0000000087400000, 0x0000000087500000, 0x0000000087500000|100%| O|  |TAMS 0x0000000087400000| PB 0x0000000087400000| Untracked 
| 117|0x0000000087500000, 0x0000000087600000, 0x0000000087600000|100%| O|  |TAMS 0x0000000087500000| PB 0x0000000087500000| Untracked 
| 118|0x0000000087600000, 0x0000000087700000, 0x0000000087700000|100%| O|  |TAMS 0x0000000087600000| PB 0x0000000087600000| Untracked 
| 119|0x0000000087700000, 0x0000000087800000, 0x0000000087800000|100%| O|  |TAMS 0x0000000087700000| PB 0x0000000087700000| Untracked 
| 120|0x0000000087800000, 0x0000000087900000, 0x0000000087900000|100%| O|  |TAMS 0x0000000087800000| PB 0x0000000087800000| Untracked 
| 121|0x0000000087900000, 0x0000000087a00000, 0x0000000087a00000|100%| O|  |TAMS 0x0000000087900000| PB 0x0000000087900000| Untracked 
| 122|0x0000000087a00000, 0x0000000087b00000, 0x0000000087b00000|100%| O|  |TAMS 0x0000000087a00000| PB 0x0000000087a00000| Untracked 
| 123|0x0000000087b00000, 0x0000000087c00000, 0x0000000087c00000|100%| O|  |TAMS 0x0000000087b00000| PB 0x0000000087b00000| Untracked 
| 124|0x0000000087c00000, 0x0000000087d00000, 0x0000000087d00000|100%| O|  |TAMS 0x0000000087c00000| PB 0x0000000087c00000| Untracked 
| 125|0x0000000087d00000, 0x0000000087d00000, 0x0000000087e00000|  0%| F|  |TAMS 0x0000000087d00000| PB 0x0000000087d00000| Untracked 
| 126|0x0000000087e00000, 0x0000000087e00000, 0x0000000087f00000|  0%| F|  |TAMS 0x0000000087e00000| PB 0x0000000087e00000| Untracked 
| 127|0x0000000087f00000, 0x0000000088000000, 0x0000000088000000|100%|HS|  |TAMS 0x0000000087f00000| PB 0x0000000087f00000| Complete 
| 128|0x0000000088000000, 0x0000000088100000, 0x0000000088100000|100%| O|  |TAMS 0x0000000088000000| PB 0x0000000088000000| Untracked 
| 129|0x0000000088100000, 0x0000000088114720, 0x0000000088200000|  7%| O|  |TAMS 0x0000000088100000| PB 0x0000000088100000| Untracked 
| 130|0x0000000088200000, 0x0000000088200000, 0x0000000088300000|  0%| F|  |TAMS 0x0000000088200000| PB 0x0000000088200000| Untracked 
| 131|0x0000000088300000, 0x0000000088300000, 0x0000000088400000|  0%| F|  |TAMS 0x0000000088300000| PB 0x0000000088300000| Untracked 
| 132|0x0000000088400000, 0x0000000088400000, 0x0000000088500000|  0%| F|  |TAMS 0x0000000088400000| PB 0x0000000088400000| Untracked 
| 133|0x0000000088500000, 0x0000000088600000, 0x0000000088600000|100%| O|  |TAMS 0x0000000088500000| PB 0x0000000088500000| Untracked 
| 134|0x0000000088600000, 0x0000000088700000, 0x0000000088700000|100%| O|  |TAMS 0x0000000088600000| PB 0x0000000088600000| Untracked 
| 135|0x0000000088700000, 0x0000000088800000, 0x0000000088800000|100%| O|  |TAMS 0x0000000088700000| PB 0x0000000088700000| Untracked 
| 136|0x0000000088800000, 0x0000000088800000, 0x0000000088900000|  0%| F|  |TAMS 0x0000000088800000| PB 0x0000000088800000| Untracked 
| 137|0x0000000088900000, 0x0000000088900000, 0x0000000088a00000|  0%| F|  |TAMS 0x0000000088900000| PB 0x0000000088900000| Untracked 
| 138|0x0000000088a00000, 0x0000000088a00000, 0x0000000088b00000|  0%| F|  |TAMS 0x0000000088a00000| PB 0x0000000088a00000| Untracked 
| 139|0x0000000088b00000, 0x0000000088b00000, 0x0000000088c00000|  0%| F|  |TAMS 0x0000000088b00000| PB 0x0000000088b00000| Untracked 
| 140|0x0000000088c00000, 0x0000000088c00000, 0x0000000088d00000|  0%| F|  |TAMS 0x0000000088c00000| PB 0x0000000088c00000| Untracked 
| 141|0x0000000088d00000, 0x0000000088d00000, 0x0000000088e00000|  0%| F|  |TAMS 0x0000000088d00000| PB 0x0000000088d00000| Untracked 
| 142|0x0000000088e00000, 0x0000000088e00000, 0x0000000088f00000|  0%| F|  |TAMS 0x0000000088e00000| PB 0x0000000088e00000| Untracked 
| 143|0x0000000088f00000, 0x0000000088f00000, 0x0000000089000000|  0%| F|  |TAMS 0x0000000088f00000| PB 0x0000000088f00000| Untracked 
| 144|0x0000000089000000, 0x0000000089000000, 0x0000000089100000|  0%| F|  |TAMS 0x0000000089000000| PB 0x0000000089000000| Untracked 
| 145|0x0000000089100000, 0x0000000089100000, 0x0000000089200000|  0%| F|  |TAMS 0x0000000089100000| PB 0x0000000089100000| Untracked 
| 146|0x0000000089200000, 0x0000000089200000, 0x0000000089300000|  0%| F|  |TAMS 0x0000000089200000| PB 0x0000000089200000| Untracked 
| 147|0x0000000089300000, 0x0000000089300000, 0x0000000089400000|  0%| F|  |TAMS 0x0000000089300000| PB 0x0000000089300000| Untracked 
| 148|0x0000000089400000, 0x0000000089400000, 0x0000000089500000|  0%| F|  |TAMS 0x0000000089400000| PB 0x0000000089400000| Untracked 
| 149|0x0000000089500000, 0x0000000089500000, 0x0000000089600000|  0%| F|  |TAMS 0x0000000089500000| PB 0x0000000089500000| Untracked 
| 150|0x0000000089600000, 0x0000000089600000, 0x0000000089700000|  0%| F|  |TAMS 0x0000000089600000| PB 0x0000000089600000| Untracked 
| 151|0x0000000089700000, 0x0000000089700000, 0x0000000089800000|  0%| F|  |TAMS 0x0000000089700000| PB 0x0000000089700000| Untracked 
| 152|0x0000000089800000, 0x0000000089800000, 0x0000000089900000|  0%| F|  |TAMS 0x0000000089800000| PB 0x0000000089800000| Untracked 
| 153|0x0000000089900000, 0x0000000089900000, 0x0000000089a00000|  0%| F|  |TAMS 0x0000000089900000| PB 0x0000000089900000| Untracked 
| 154|0x0000000089a00000, 0x0000000089a00000, 0x0000000089b00000|  0%| F|  |TAMS 0x0000000089a00000| PB 0x0000000089a00000| Untracked 
| 155|0x0000000089b00000, 0x0000000089b00000, 0x0000000089c00000|  0%| F|  |TAMS 0x0000000089b00000| PB 0x0000000089b00000| Untracked 
| 156|0x0000000089c00000, 0x0000000089c00000, 0x0000000089d00000|  0%| F|  |TAMS 0x0000000089c00000| PB 0x0000000089c00000| Untracked 
| 157|0x0000000089d00000, 0x0000000089d00000, 0x0000000089e00000|  0%| F|  |TAMS 0x0000000089d00000| PB 0x0000000089d00000| Untracked 
| 158|0x0000000089e00000, 0x0000000089e00000, 0x0000000089f00000|  0%| F|  |TAMS 0x0000000089e00000| PB 0x0000000089e00000| Untracked 
| 159|0x0000000089f00000, 0x0000000089f00000, 0x000000008a000000|  0%| F|  |TAMS 0x0000000089f00000| PB 0x0000000089f00000| Untracked 
| 160|0x000000008a000000, 0x000000008a000000, 0x000000008a100000|  0%| F|  |TAMS 0x000000008a000000| PB 0x000000008a000000| Untracked 
| 161|0x000000008a100000, 0x000000008a100000, 0x000000008a200000|  0%| F|  |TAMS 0x000000008a100000| PB 0x000000008a100000| Untracked 
| 162|0x000000008a200000, 0x000000008a200000, 0x000000008a300000|  0%| F|  |TAMS 0x000000008a200000| PB 0x000000008a200000| Untracked 
| 163|0x000000008a300000, 0x000000008a300000, 0x000000008a400000|  0%| F|  |TAMS 0x000000008a300000| PB 0x000000008a300000| Untracked 
| 164|0x000000008a400000, 0x000000008a400000, 0x000000008a500000|  0%| F|  |TAMS 0x000000008a400000| PB 0x000000008a400000| Untracked 
| 165|0x000000008a500000, 0x000000008a500000, 0x000000008a600000|  0%| F|  |TAMS 0x000000008a500000| PB 0x000000008a500000| Untracked 
| 166|0x000000008a600000, 0x000000008a600000, 0x000000008a700000|  0%| F|  |TAMS 0x000000008a600000| PB 0x000000008a600000| Untracked 
| 167|0x000000008a700000, 0x000000008a700000, 0x000000008a800000|  0%| F|  |TAMS 0x000000008a700000| PB 0x000000008a700000| Untracked 
| 168|0x000000008a800000, 0x000000008a800000, 0x000000008a900000|  0%| F|  |TAMS 0x000000008a800000| PB 0x000000008a800000| Untracked 
| 169|0x000000008a900000, 0x000000008a900000, 0x000000008aa00000|  0%| F|  |TAMS 0x000000008a900000| PB 0x000000008a900000| Untracked 
| 170|0x000000008aa00000, 0x000000008aa00000, 0x000000008ab00000|  0%| F|  |TAMS 0x000000008aa00000| PB 0x000000008aa00000| Untracked 
| 171|0x000000008ab00000, 0x000000008ab00000, 0x000000008ac00000|  0%| F|  |TAMS 0x000000008ab00000| PB 0x000000008ab00000| Untracked 
| 172|0x000000008ac00000, 0x000000008ac00000, 0x000000008ad00000|  0%| F|  |TAMS 0x000000008ac00000| PB 0x000000008ac00000| Untracked 
| 173|0x000000008ad00000, 0x000000008ad00000, 0x000000008ae00000|  0%| F|  |TAMS 0x000000008ad00000| PB 0x000000008ad00000| Untracked 
| 174|0x000000008ae00000, 0x000000008ae00000, 0x000000008af00000|  0%| F|  |TAMS 0x000000008ae00000| PB 0x000000008ae00000| Untracked 
| 175|0x000000008af00000, 0x000000008af00000, 0x000000008b000000|  0%| F|  |TAMS 0x000000008af00000| PB 0x000000008af00000| Untracked 
| 176|0x000000008b000000, 0x000000008b000000, 0x000000008b100000|  0%| F|  |TAMS 0x000000008b000000| PB 0x000000008b000000| Untracked 
| 177|0x000000008b100000, 0x000000008b100000, 0x000000008b200000|  0%| F|  |TAMS 0x000000008b100000| PB 0x000000008b100000| Untracked 
| 178|0x000000008b200000, 0x000000008b200000, 0x000000008b300000|  0%| F|  |TAMS 0x000000008b200000| PB 0x000000008b200000| Untracked 
| 179|0x000000008b300000, 0x000000008b300000, 0x000000008b400000|  0%| F|  |TAMS 0x000000008b300000| PB 0x000000008b300000| Untracked 
| 180|0x000000008b400000, 0x000000008b4a6320, 0x000000008b500000| 64%| S|CS|TAMS 0x000000008b400000| PB 0x000000008b400000| Complete 
| 181|0x000000008b500000, 0x000000008b500000, 0x000000008b600000|  0%| F|  |TAMS 0x000000008b500000| PB 0x000000008b500000| Untracked 
| 182|0x000000008b600000, 0x000000008b600000, 0x000000008b700000|  0%| F|  |TAMS 0x000000008b600000| PB 0x000000008b600000| Untracked 
| 183|0x000000008b700000, 0x000000008b700000, 0x000000008b800000|  0%| F|  |TAMS 0x000000008b700000| PB 0x000000008b700000| Untracked 
| 184|0x000000008b800000, 0x000000008b800000, 0x000000008b900000|  0%| F|  |TAMS 0x000000008b800000| PB 0x000000008b800000| Untracked 
| 185|0x000000008b900000, 0x000000008b900000, 0x000000008ba00000|  0%| F|  |TAMS 0x000000008b900000| PB 0x000000008b900000| Untracked 
| 186|0x000000008ba00000, 0x000000008ba00000, 0x000000008bb00000|  0%| F|  |TAMS 0x000000008ba00000| PB 0x000000008ba00000| Untracked 
| 187|0x000000008bb00000, 0x000000008bb00000, 0x000000008bc00000|  0%| F|  |TAMS 0x000000008bb00000| PB 0x000000008bb00000| Untracked 
| 188|0x000000008bc00000, 0x000000008bc00000, 0x000000008bd00000|  0%| F|  |TAMS 0x000000008bc00000| PB 0x000000008bc00000| Untracked 
| 189|0x000000008bd00000, 0x000000008be00000, 0x000000008be00000|100%| S|CS|TAMS 0x000000008bd00000| PB 0x000000008bd00000| Complete 
| 190|0x000000008be00000, 0x000000008bf00000, 0x000000008bf00000|100%| S|CS|TAMS 0x000000008be00000| PB 0x000000008be00000| Complete 
| 191|0x000000008bf00000, 0x000000008c000000, 0x000000008c000000|100%| S|CS|TAMS 0x000000008bf00000| PB 0x000000008bf00000| Complete 
| 192|0x000000008c000000, 0x000000008c100000, 0x000000008c100000|100%| S|CS|TAMS 0x000000008c000000| PB 0x000000008c000000| Complete 
| 193|0x000000008c100000, 0x000000008c200000, 0x000000008c200000|100%| S|CS|TAMS 0x000000008c100000| PB 0x000000008c100000| Complete 
| 194|0x000000008c200000, 0x000000008c200000, 0x000000008c300000|  0%| F|  |TAMS 0x000000008c200000| PB 0x000000008c200000| Untracked 
| 195|0x000000008c300000, 0x000000008c300000, 0x000000008c400000|  0%| F|  |TAMS 0x000000008c300000| PB 0x000000008c300000| Untracked 
| 196|0x000000008c400000, 0x000000008c400000, 0x000000008c500000|  0%| F|  |TAMS 0x000000008c400000| PB 0x000000008c400000| Untracked 
| 197|0x000000008c500000, 0x000000008c500000, 0x000000008c600000|  0%| F|  |TAMS 0x000000008c500000| PB 0x000000008c500000| Untracked 
| 198|0x000000008c600000, 0x000000008c600000, 0x000000008c700000|  0%| F|  |TAMS 0x000000008c600000| PB 0x000000008c600000| Untracked 
| 199|0x000000008c700000, 0x000000008c700000, 0x000000008c800000|  0%| F|  |TAMS 0x000000008c700000| PB 0x000000008c700000| Untracked 
| 200|0x000000008c800000, 0x000000008c800000, 0x000000008c900000|  0%| F|  |TAMS 0x000000008c800000| PB 0x000000008c800000| Untracked 
| 201|0x000000008c900000, 0x000000008c900000, 0x000000008ca00000|  0%| F|  |TAMS 0x000000008c900000| PB 0x000000008c900000| Untracked 
| 202|0x000000008ca00000, 0x000000008ca00000, 0x000000008cb00000|  0%| F|  |TAMS 0x000000008ca00000| PB 0x000000008ca00000| Untracked 
| 203|0x000000008cb00000, 0x000000008cb00000, 0x000000008cc00000|  0%| F|  |TAMS 0x000000008cb00000| PB 0x000000008cb00000| Untracked 
| 204|0x000000008cc00000, 0x000000008cc00000, 0x000000008cd00000|  0%| F|  |TAMS 0x000000008cc00000| PB 0x000000008cc00000| Untracked 
| 205|0x000000008cd00000, 0x000000008cd00000, 0x000000008ce00000|  0%| F|  |TAMS 0x000000008cd00000| PB 0x000000008cd00000| Untracked 
| 206|0x000000008ce00000, 0x000000008ce00000, 0x000000008cf00000|  0%| F|  |TAMS 0x000000008ce00000| PB 0x000000008ce00000| Untracked 
| 207|0x000000008cf00000, 0x000000008cf00000, 0x000000008d000000|  0%| F|  |TAMS 0x000000008cf00000| PB 0x000000008cf00000| Untracked 
| 208|0x000000008d000000, 0x000000008d080000, 0x000000008d100000| 50%| E|  |TAMS 0x000000008d000000| PB 0x000000008d000000| Complete 
| 209|0x000000008d100000, 0x000000008d200000, 0x000000008d200000|100%| E|CS|TAMS 0x000000008d100000| PB 0x000000008d100000| Complete 
| 210|0x000000008d200000, 0x000000008d300000, 0x000000008d300000|100%| E|CS|TAMS 0x000000008d200000| PB 0x000000008d200000| Complete 
| 211|0x000000008d300000, 0x000000008d400000, 0x000000008d400000|100%| E|CS|TAMS 0x000000008d300000| PB 0x000000008d300000| Complete 
| 212|0x000000008d400000, 0x000000008d500000, 0x000000008d500000|100%| E|CS|TAMS 0x000000008d400000| PB 0x000000008d400000| Complete 
| 213|0x000000008d500000, 0x000000008d600000, 0x000000008d600000|100%| E|CS|TAMS 0x000000008d500000| PB 0x000000008d500000| Complete 
| 214|0x000000008d600000, 0x000000008d700000, 0x000000008d700000|100%| E|CS|TAMS 0x000000008d600000| PB 0x000000008d600000| Complete 
| 215|0x000000008d700000, 0x000000008d800000, 0x000000008d800000|100%| E|CS|TAMS 0x000000008d700000| PB 0x000000008d700000| Complete 
| 216|0x000000008d800000, 0x000000008d900000, 0x000000008d900000|100%| E|CS|TAMS 0x000000008d800000| PB 0x000000008d800000| Complete 
| 217|0x000000008d900000, 0x000000008da00000, 0x000000008da00000|100%| E|CS|TAMS 0x000000008d900000| PB 0x000000008d900000| Complete 
| 218|0x000000008da00000, 0x000000008db00000, 0x000000008db00000|100%| E|CS|TAMS 0x000000008da00000| PB 0x000000008da00000| Complete 
| 219|0x000000008db00000, 0x000000008dc00000, 0x000000008dc00000|100%| E|CS|TAMS 0x000000008db00000| PB 0x000000008db00000| Complete 
| 220|0x000000008dc00000, 0x000000008dd00000, 0x000000008dd00000|100%| E|CS|TAMS 0x000000008dc00000| PB 0x000000008dc00000| Complete 
| 221|0x000000008dd00000, 0x000000008de00000, 0x000000008de00000|100%| E|CS|TAMS 0x000000008dd00000| PB 0x000000008dd00000| Complete 
| 222|0x000000008de00000, 0x000000008df00000, 0x000000008df00000|100%| E|CS|TAMS 0x000000008de00000| PB 0x000000008de00000| Complete 
| 223|0x000000008df00000, 0x000000008e000000, 0x000000008e000000|100%| E|CS|TAMS 0x000000008df00000| PB 0x000000008df00000| Complete 
| 224|0x000000008e000000, 0x000000008e100000, 0x000000008e100000|100%| E|CS|TAMS 0x000000008e000000| PB 0x000000008e000000| Complete 
| 225|0x000000008e100000, 0x000000008e200000, 0x000000008e200000|100%| E|CS|TAMS 0x000000008e100000| PB 0x000000008e100000| Complete 
| 226|0x000000008e200000, 0x000000008e300000, 0x000000008e300000|100%| E|CS|TAMS 0x000000008e200000| PB 0x000000008e200000| Complete 
| 227|0x000000008e300000, 0x000000008e400000, 0x000000008e400000|100%| E|CS|TAMS 0x000000008e300000| PB 0x000000008e300000| Complete 
|2037|0x00000000ff500000, 0x00000000ff600000, 0x00000000ff600000|100%| E|CS|TAMS 0x00000000ff500000| PB 0x00000000ff500000| Complete 
|2038|0x00000000ff600000, 0x00000000ff700000, 0x00000000ff700000|100%| O|  |TAMS 0x00000000ff600000| PB 0x00000000ff600000| Untracked 
|2039|0x00000000ff700000, 0x00000000ff800000, 0x00000000ff800000|100%| E|CS|TAMS 0x00000000ff700000| PB 0x00000000ff700000| Complete 
|2040|0x00000000ff800000, 0x00000000ff900000, 0x00000000ff900000|100%| O|  |TAMS 0x00000000ff800000| PB 0x00000000ff800000| Untracked 
|2041|0x00000000ff900000, 0x00000000ffa00000, 0x00000000ffa00000|100%| O|  |TAMS 0x00000000ff900000| PB 0x00000000ff900000| Untracked 
|2042|0x00000000ffa00000, 0x00000000ffb00000, 0x00000000ffb00000|100%| O|  |TAMS 0x00000000ffa00000| PB 0x00000000ffa00000| Untracked 
|2043|0x00000000ffb00000, 0x00000000ffc00000, 0x00000000ffc00000|100%| O|  |TAMS 0x00000000ffb00000| PB 0x00000000ffb00000| Untracked 
|2044|0x00000000ffc00000, 0x00000000ffd00000, 0x00000000ffd00000|100%| O|  |TAMS 0x00000000ffc00000| PB 0x00000000ffc00000| Untracked 
|2045|0x00000000ffd00000, 0x00000000ffe00000, 0x00000000ffe00000|100%| O|  |TAMS 0x00000000ffd00000| PB 0x00000000ffd00000| Untracked 
|2046|0x00000000ffe00000, 0x00000000fff00000, 0x00000000fff00000|100%| O|  |TAMS 0x00000000ffe00000| PB 0x00000000ffe00000| Untracked 
|2047|0x00000000fff00000, 0x0000000100000000, 0x0000000100000000|100%| O|  |TAMS 0x00000000fff00000| PB 0x00000000fff00000| Untracked 

Card table byte_map: [0x0000025514c70000,0x0000025515070000] _byte_map_base: 0x0000025514870000

Marking Bits: (CMBitMap*) 0x0000025502215910
 Bits: [0x0000025515070000, 0x0000025517070000)

Polling page: 0x0000025500170000

Metaspace:

Usage:
  Non-class:     84.96 MB used.
      Class:     13.02 MB used.
       Both:     97.98 MB used.

Virtual space:
  Non-class space:      128.00 MB reserved,      85.94 MB ( 67%) committed,  2 nodes.
      Class space:        1.00 GB reserved,      13.94 MB (  1%) committed,  1 nodes.
             Both:        1.12 GB reserved,      99.88 MB (  9%) committed. 

Chunk freelists:
   Non-Class:  9.66 MB
       Class:  1.94 MB
        Both:  11.59 MB

MaxMetaspaceSize: unlimited
CompressedClassSpaceSize: 1.00 GB
Initial GC threshold: 21.00 MB
Current GC threshold: 160.00 MB
CDS: off
 - commit_granule_bytes: 65536.
 - commit_granule_words: 8192.
 - virtual_space_node_default_size: 8388608.
 - enlarge_chunks_in_place: 1.
 - use_allocation_guard: 0.


Internal statistics:

num_allocs_failed_limit: 8.
num_arena_births: 3594.
num_arena_deaths: 4.
num_vsnodes_births: 3.
num_vsnodes_deaths: 0.
num_space_committed: 1598.
num_space_uncommitted: 0.
num_chunks_returned_to_freelist: 17.
num_chunks_taken_from_freelist: 7616.
num_chunk_merges: 5.
num_chunk_splits: 4984.
num_chunks_enlarged: 3185.
num_inconsistent_stats: 0.

CodeHeap 'non-profiled nmethods': size=120000Kb used=5595Kb max_used=5595Kb free=114404Kb
 bounds [0x000002550cde0000, 0x000002550d360000, 0x0000025514310000]
CodeHeap 'profiled nmethods': size=120000Kb used=17788Kb max_used=17965Kb free=102211Kb
 bounds [0x0000025505310000, 0x00000255064c0000, 0x000002550c840000]
CodeHeap 'non-nmethods': size=5760Kb used=2861Kb max_used=2906Kb free=2898Kb
 bounds [0x000002550c840000, 0x000002550cb30000, 0x000002550cde0000]
 total_blobs=10815 nmethods=9842 adapters=876
 compilation: enabled
              stopped_count=0, restarted_count=0
 full_count=0

Compilation events (20 events):
Event: 63.691 Thread 0x000002551e07fdf0 nmethod 11983 0x000002550d352b90 code [0x000002550d352d20, 0x000002550d352dd0]
Event: 63.691 Thread 0x000002551e07fdf0 11984       3       org.gradle.api.internal.artifacts.configurations.DefaultConfiguration::validateMutationType (8 bytes)
Event: 63.692 Thread 0x000002551e07fdf0 nmethod 11984 0x0000025505b71310 code [0x0000025505b71500, 0x0000025505b71b40]
Event: 63.692 Thread 0x000002551e07fdf0 11985       3       org.gradle.api.internal.artifacts.configurations.DefaultConfiguration$$Lambda/0x00000001007a2d98::<init> (15 bytes)
Event: 63.692 Thread 0x000002551e07fdf0 nmethod 11985 0x0000025505e72610 code [0x0000025505e727c0, 0x0000025505e729e0]
Event: 63.692 Thread 0x000002551e07fdf0 11986       3       org.gradle.api.internal.DefaultNamedDomainObjectCollection$UnfilteredIndex::getPending (14 bytes)
Event: 63.693 Thread 0x000002551e07fdf0 nmethod 11986 0x0000025505e71f10 code [0x0000025505e720c0, 0x0000025505e72388]
Event: 63.693 Thread 0x000002551e07fdf0 11987       3       org.gradle.util.Path::<init> (15 bytes)
Event: 63.693 Thread 0x000002551e07fdf0 nmethod 11987 0x0000025505fb1b90 code [0x0000025505fb1d40, 0x0000025505fb1f08]
Event: 63.694 Thread 0x000002551e07fdf0 11988       3       org.gradle.api.internal.project.DefaultProjectStateRegistry$CalculatedModelValueImpl::get (41 bytes)
Event: 63.694 Thread 0x000002551e07fdf0 nmethod 11988 0x00000255057afe10 code [0x00000255057b0060, 0x00000255057b0840]
Event: 63.694 Thread 0x000002551e07fdf0 11989   !   3       org.gradle.api.internal.DynamicPropertyNamer::determineName (107 bytes)
Event: 63.695 Thread 0x000002551e07fdf0 nmethod 11989 0x00000255057ae990 code [0x00000255057aec20, 0x00000255057afa00]
Event: 63.742 Thread 0x00000255237f8d20 nmethod 11944 0x000002550d352e90 code [0x000002550d3531c0, 0x000002550d354a08]
Event: 63.742 Thread 0x00000255237f8d20 11961       4       java.util.Optional::of (12 bytes)
Event: 63.744 Thread 0x00000255237f8d20 nmethod 11961 0x000002550d355a10 code [0x000002550d355ba0, 0x000002550d355d18]
Event: 63.744 Thread 0x00000255237f8d20 11940       4       java.util.TreeMap$PrivateEntryIterator::hasNext (13 bytes)
Event: 63.744 Thread 0x00000255237f8d20 nmethod 11940 0x000002550d355e10 code [0x000002550d355fa0, 0x000002550d356030]
Event: 63.744 Thread 0x00000255237f8d20 11970       4       org.gradle.internal.instantiation.generator.ParamsMatchingConstructorSelector::vetoParameters (1 bytes)
Event: 63.745 Thread 0x00000255237f8d20 nmethod 11970 0x000002550d356110 code [0x000002550d3562a0, 0x000002550d356328]

GC Heap History (20 events):
Event: 33.846 GC heap before
{Heap before GC invocations=28 (full 0):
 garbage-first heap   total 168960K, used 144032K [0x0000000080000000, 0x0000000100000000)
  region size 1024K, 47 young (48128K), 4 survivors (4096K)
 Metaspace       used 74121K, committed 75840K, reserved 1114112K
  class space    used 10037K, committed 10880K, reserved 1048576K
}
Event: 33.854 GC heap after
{Heap after GC invocations=29 (full 0):
 garbage-first heap   total 168960K, used 102486K [0x0000000080000000, 0x0000000100000000)
  region size 1024K, 4 young (4096K), 4 survivors (4096K)
 Metaspace       used 74121K, committed 75840K, reserved 1114112K
  class space    used 10037K, committed 10880K, reserved 1048576K
}
Event: 37.688 GC heap before
{Heap before GC invocations=29 (full 0):
 garbage-first heap   total 168960K, used 153686K [0x0000000080000000, 0x0000000100000000)
  region size 1024K, 55 young (56320K), 4 survivors (4096K)
 Metaspace       used 81372K, committed 83200K, reserved 1179648K
  class space    used 11038K, committed 11904K, reserved 1048576K
}
Event: 37.699 GC heap after
{Heap after GC invocations=30 (full 0):
 garbage-first heap   total 168960K, used 105859K [0x0000000080000000, 0x0000000100000000)
  region size 1024K, 7 young (7168K), 7 survivors (7168K)
 Metaspace       used 81372K, committed 83200K, reserved 1179648K
  class space    used 11038K, committed 11904K, reserved 1048576K
}
Event: 51.772 GC heap before
{Heap before GC invocations=30 (full 0):
 garbage-first heap   total 168960K, used 150915K [0x0000000080000000, 0x0000000100000000)
  region size 1024K, 52 young (53248K), 7 survivors (7168K)
 Metaspace       used 85584K, committed 87360K, reserved 1179648K
  class space    used 11542K, committed 12416K, reserved 1048576K
}
Event: 51.798 GC heap after
{Heap after GC invocations=31 (full 0):
 garbage-first heap   total 168960K, used 111966K [0x0000000080000000, 0x0000000100000000)
  region size 1024K, 7 young (7168K), 7 survivors (7168K)
 Metaspace       used 85584K, committed 87360K, reserved 1179648K
  class space    used 11542K, committed 12416K, reserved 1048576K
}
Event: 53.704 GC heap before
{Heap before GC invocations=32 (full 0):
 garbage-first heap   total 188416K, used 149854K [0x0000000080000000, 0x0000000100000000)
  region size 1024K, 45 young (46080K), 7 survivors (7168K)
 Metaspace       used 85808K, committed 87616K, reserved 1179648K
  class space    used 11533K, committed 12416K, reserved 1048576K
}
Event: 53.715 GC heap after
{Heap after GC invocations=33 (full 0):
 garbage-first heap   total 188416K, used 114535K [0x0000000080000000, 0x0000000100000000)
  region size 1024K, 2 young (2048K), 2 survivors (2048K)
 Metaspace       used 85808K, committed 87616K, reserved 1179648K
  class space    used 11533K, committed 12416K, reserved 1048576K
}
Event: 55.287 GC heap before
{Heap before GC invocations=33 (full 0):
 garbage-first heap   total 188416K, used 170855K [0x0000000080000000, 0x0000000100000000)
  region size 1024K, 58 young (59392K), 2 survivors (2048K)
 Metaspace       used 85851K, committed 87680K, reserved 1179648K
  class space    used 11534K, committed 12416K, reserved 1048576K
}
Event: 55.295 GC heap after
{Heap after GC invocations=34 (full 0):
 garbage-first heap   total 188416K, used 116469K [0x0000000080000000, 0x0000000100000000)
  region size 1024K, 4 young (4096K), 4 survivors (4096K)
 Metaspace       used 85851K, committed 87680K, reserved 1179648K
  class space    used 11534K, committed 12416K, reserved 1048576K
}
Event: 56.862 GC heap before
{Heap before GC invocations=34 (full 0):
 garbage-first heap   total 188416K, used 132853K [0x0000000080000000, 0x0000000100000000)
  region size 1024K, 22 young (22528K), 4 survivors (4096K)
 Metaspace       used 85989K, committed 87808K, reserved 1179648K
  class space    used 11555K, committed 12480K, reserved 1048576K
}
Event: 56.869 GC heap after
{Heap after GC invocations=35 (full 0):
 garbage-first heap   total 188416K, used 117228K [0x0000000080000000, 0x0000000100000000)
  region size 1024K, 5 young (5120K), 5 survivors (5120K)
 Metaspace       used 85989K, committed 87808K, reserved 1179648K
  class space    used 11555K, committed 12480K, reserved 1048576K
}
Event: 58.655 GC heap before
{Heap before GC invocations=36 (full 0):
 garbage-first heap   total 204800K, used 184812K [0x0000000080000000, 0x0000000100000000)
  region size 1024K, 58 young (59392K), 5 survivors (5120K)
 Metaspace       used 89569K, committed 91456K, reserved 1179648K
  class space    used 11994K, committed 12928K, reserved 1048576K
}
Event: 58.663 GC heap after
{Heap after GC invocations=37 (full 0):
 garbage-first heap   total 204800K, used 138143K [0x0000000080000000, 0x0000000100000000)
  region size 1024K, 8 young (8192K), 8 survivors (8192K)
 Metaspace       used 89569K, committed 91456K, reserved 1179648K
  class space    used 11994K, committed 12928K, reserved 1048576K
}
Event: 59.910 GC heap before
{Heap before GC invocations=37 (full 0):
 garbage-first heap   total 204800K, used 185247K [0x0000000080000000, 0x0000000100000000)
  region size 1024K, 55 young (56320K), 8 survivors (8192K)
 Metaspace       used 95043K, committed 97024K, reserved 1179648K
  class space    used 12592K, committed 13568K, reserved 1048576K
}
Event: 59.920 GC heap after
{Heap after GC invocations=38 (full 0):
 garbage-first heap   total 204800K, used 139756K [0x0000000080000000, 0x0000000100000000)
  region size 1024K, 2 young (2048K), 2 survivors (2048K)
 Metaspace       used 95043K, committed 97024K, reserved 1179648K
  class space    used 12592K, committed 13568K, reserved 1048576K
}
Event: 60.922 GC heap before
{Heap before GC invocations=38 (full 0):
 garbage-first heap   total 204800K, used 154092K [0x0000000080000000, 0x0000000100000000)
  region size 1024K, 17 young (17408K), 2 survivors (2048K)
 Metaspace       used 96311K, committed 98304K, reserved 1179648K
  class space    used 12790K, committed 13760K, reserved 1048576K
}
Event: 60.929 GC heap after
{Heap after GC invocations=39 (full 0):
 garbage-first heap   total 204800K, used 141183K [0x0000000080000000, 0x0000000100000000)
  region size 1024K, 4 young (4096K), 4 survivors (4096K)
 Metaspace       used 96311K, committed 98304K, reserved 1179648K
  class space    used 12790K, committed 13760K, reserved 1048576K
}
Event: 62.589 GC heap before
{Heap before GC invocations=40 (full 0):
 garbage-first heap   total 244736K, used 191359K [0x0000000080000000, 0x0000000100000000)
  region size 1024K, 48 young (49152K), 4 survivors (4096K)
 Metaspace       used 98754K, committed 100736K, reserved 1179648K
  class space    used 13132K, committed 14080K, reserved 1048576K
}
Event: 62.599 GC heap after
{Heap after GC invocations=41 (full 0):
 garbage-first heap   total 244736K, used 146154K [0x0000000080000000, 0x0000000100000000)
  region size 1024K, 6 young (6144K), 6 survivors (6144K)
 Metaspace       used 98754K, committed 100736K, reserved 1179648K
  class space    used 13132K, committed 14080K, reserved 1048576K
}

Dll operation events (3 events):
Event: 0.057 Loaded shared library D:\AndroidLatest\jbr\bin\java.dll
Event: 0.126 Loaded shared library D:\AndroidLatest\jbr\bin\zip.dll
Event: 2.664 Loaded shared library D:\AndroidLatest\jbr\bin\verify.dll

Deoptimization events (20 events):
Event: 63.533 Thread 0x000002551f3747f0 DEOPT PACKING pc=0x000002550d0536bc sp=0x000000b760ef5bf0
Event: 63.533 Thread 0x000002551f3747f0 DEOPT UNPACKING pc=0x000002550c8946a2 sp=0x000000b760ef5bb0 mode 2
Event: 63.564 Thread 0x000002551f3747f0 DEOPT PACKING pc=0x0000025505f640c6 sp=0x000000b760ef56d0
Event: 63.564 Thread 0x000002551f3747f0 DEOPT UNPACKING pc=0x000002550c894e42 sp=0x000000b760ef4c80 mode 0
Event: 63.606 Thread 0x000002551f3747f0 Uncommon trap: trap_request=0xffffffde fr.pc=0x000002550d275ebc relative=0x00000000000003bc
Event: 63.606 Thread 0x000002551f3747f0 Uncommon trap: reason=class_check action=maybe_recompile pc=0x000002550d275ebc method=java.lang.StringConcatHelper.stringOf(Ljava/lang/Object;)Ljava/lang/String; @ 5 c2
Event: 63.606 Thread 0x000002551f3747f0 DEOPT PACKING pc=0x000002550d275ebc sp=0x000000b760ef4dc0
Event: 63.606 Thread 0x000002551f3747f0 DEOPT UNPACKING pc=0x000002550c8946a2 sp=0x000000b760ef4d00 mode 2
Event: 63.666 Thread 0x000002551f3747f0 Uncommon trap: trap_request=0xffffff45 fr.pc=0x000002550ce6fcec relative=0x000000000000014c
Event: 63.666 Thread 0x000002551f3747f0 Uncommon trap: reason=unstable_if action=reinterpret pc=0x000002550ce6fcec method=org.objectweb.asm.ByteVector.putByteArray([BII)Lorg/objectweb/asm/ByteVector; @ 20 c2
Event: 63.666 Thread 0x000002551f3747f0 DEOPT PACKING pc=0x000002550ce6fcec sp=0x000000b760ef4920
Event: 63.666 Thread 0x000002551f3747f0 DEOPT UNPACKING pc=0x000002550c8946a2 sp=0x000000b760ef48f0 mode 2
Event: 63.666 Thread 0x000002551f3747f0 Uncommon trap: trap_request=0xffffff45 fr.pc=0x000002550d198678 relative=0x0000000000000af8
Event: 63.666 Thread 0x000002551f3747f0 Uncommon trap: reason=unstable_if action=reinterpret pc=0x000002550d198678 method=org.objectweb.asm.Label.resolve([BLorg/objectweb/asm/ByteVector;I)Z @ 81 c2
Event: 63.666 Thread 0x000002551f3747f0 DEOPT PACKING pc=0x000002550d198678 sp=0x000000b760ef4940
Event: 63.666 Thread 0x000002551f3747f0 DEOPT UNPACKING pc=0x000002550c8946a2 sp=0x000000b760ef4868 mode 2
Event: 63.666 Thread 0x000002551f3747f0 Uncommon trap: trap_request=0xffffff45 fr.pc=0x000002550cf98a60 relative=0x0000000000000240
Event: 63.666 Thread 0x000002551f3747f0 Uncommon trap: reason=unstable_if action=reinterpret pc=0x000002550cf98a60 method=org.objectweb.asm.Label.resolve([BLorg/objectweb/asm/ByteVector;I)Z @ 81 c2
Event: 63.666 Thread 0x000002551f3747f0 DEOPT PACKING pc=0x000002550cf98a60 sp=0x000000b760ef48d0
Event: 63.666 Thread 0x000002551f3747f0 DEOPT UNPACKING pc=0x000002550c8946a2 sp=0x000000b760ef4860 mode 2

Classes loaded (20 events):
Event: 60.870 Loading class sun/security/util/JarConstraintsParameters
Event: 60.871 Loading class sun/security/util/JarConstraintsParameters done
Event: 60.873 Loading class java/util/Base64
Event: 60.874 Loading class java/util/Base64 done
Event: 60.874 Loading class java/util/Base64$Decoder
Event: 60.876 Loading class java/util/Base64$Decoder done
Event: 60.876 Loading class java/util/Base64$Encoder
Event: 60.876 Loading class java/util/Base64$Encoder done
Event: 60.879 Loading class java/util/jar/JarVerifier$VerifierStream
Event: 60.881 Loading class java/util/jar/JarVerifier$VerifierStream done
Event: 60.881 Loading class sun/security/util/ManifestEntryVerifier$SunProviderHolder
Event: 60.881 Loading class sun/security/util/ManifestEntryVerifier$SunProviderHolder done
Event: 61.797 Loading class java/lang/foreign/ValueLayout
Event: 61.801 Loading class java/lang/foreign/MemoryLayout
Event: 61.803 Loading class java/lang/foreign/MemoryLayout done
Event: 61.803 Loading class java/lang/foreign/ValueLayout done
Event: 63.442 Loading class javax/xml/stream/XMLStreamException
Event: 63.449 Loading class javax/xml/stream/XMLStreamException done
Event: 63.525 Loading class sun/reflect/annotation/AnnotationInvocationHandler$1
Event: 63.528 Loading class sun/reflect/annotation/AnnotationInvocationHandler$1 done

Classes unloaded (12 events):
Event: 51.875 Thread 0x0000025519d1eb80 Unloading class 0x0000000100905948 '_BuildScript_$_run_closure1$_closure3'
Event: 51.875 Thread 0x0000025519d1eb80 Unloading class 0x0000000100905548 '_BuildScript_$_run_closure1$_closure2'
Event: 51.875 Thread 0x0000025519d1eb80 Unloading class 0x0000000100905148 '_BuildScript_$_run_closure1'
Event: 51.875 Thread 0x0000025519d1eb80 Unloading class 0x0000000100904c00 '_BuildScript_'
Event: 51.875 Thread 0x0000025519d1eb80 Unloading class 0x0000000100904800 'JetGradlePlugin$_apply_closure1$_closure2$_closure3'
Event: 51.875 Thread 0x0000025519d1eb80 Unloading class 0x0000000100904400 'JetGradlePlugin$_apply_closure1$_closure2'
Event: 51.875 Thread 0x0000025519d1eb80 Unloading class 0x0000000100904000 'JetGradlePlugin$_apply_closure1'
Event: 51.875 Thread 0x0000025519d1eb80 Unloading class 0x00000001008fd2e0 'JetGradlePlugin'
Event: 51.875 Thread 0x0000025519d1eb80 Unloading class 0x00000001008fd000 'RegistryProcessor'
Event: 51.876 Thread 0x0000025519d1eb80 Unloading class 0x00000001008e4948 '_BuildScript_$_run_closure1$_closure2'
Event: 51.876 Thread 0x0000025519d1eb80 Unloading class 0x00000001008e4548 '_BuildScript_$_run_closure1'
Event: 51.876 Thread 0x0000025519d1eb80 Unloading class 0x00000001008e4000 '_BuildScript_'

Classes redefined (0 events):
No events

Internal exceptions (20 events):
Event: 36.801 Thread 0x000002551f3747f0 Exception <a 'java/lang/NoSuchMethodError'{0x0000000087dad560}: static Lorg/gradle/api/internal/catalog/DependencyModel;.<clinit>()V> (0x0000000087dad560) 
thrown [s\src\hotspot\share\prims\jni.cpp, line 1135]
Event: 36.801 Thread 0x000002551f3747f0 Exception <a 'java/lang/NoSuchMethodError'{0x0000000087db21f0}: static Lorg/gradle/api/internal/catalog/AbstractContextAwareModel;.<clinit>()V> (0x0000000087db21f0) 
thrown [s\src\hotspot\share\prims\jni.cpp, line 1135]
Event: 36.804 Thread 0x000002551f3747f0 Exception <a 'java/lang/NoSuchMethodError'{0x0000000087dcd310}: static Lorg/gradle/api/internal/artifacts/dependencies/AbstractVersionConstraint;.<clinit>()V> (0x0000000087dcd310) 
thrown [s\src\hotspot\share\prims\jni.cpp, line 1135]
Event: 36.817 Thread 0x000002551f3747f0 Exception <a 'java/lang/NoSuchMethodError'{0x0000000087c21c58}: static Lorg/gradle/api/internal/catalog/PluginModel;.<clinit>()V> (0x0000000087c21c58) 
thrown [s\src\hotspot\share\prims\jni.cpp, line 1135]
Event: 36.847 Thread 0x000002551f3747f0 Exception <a 'java/lang/NoSuchMethodError'{0x0000000087c3c188}: static Lorg/gradle/api/internal/catalog/VersionModel;.<clinit>()V> (0x0000000087c3c188) 
thrown [s\src\hotspot\share\prims\jni.cpp, line 1135]
Event: 37.063 Thread 0x000002551f3747f0 Exception <a 'java/lang/NoSuchMethodError'{0x00000000878b40a8}: 'int java.lang.invoke.DirectMethodHandle$Holder.invokeSpecialIFC(java.lang.Object, java.lang.Object, java.lang.Object)'> (0x00000000878b40a8) 
thrown [s\src\hotspot\share\interpreter\linkResolver.cpp, line 784]
Event: 37.202 Thread 0x000002551f3747f0 Exception <a 'java/lang/NoSuchMethodError'{0x0000000087469c40}: 'java.lang.Object java.lang.invoke.DirectMethodHandle$Holder.invokeSpecial(java.lang.Object, java.lang.Object, java.lang.Object, java.lang.Object, java.lang.Object, long)'> (0x0000000087469c40) 
thrown [s\src\hotspot\share\interpreter\linkResolver.cpp, line 784]
Event: 37.205 Thread 0x000002551f3747f0 Exception <a 'java/lang/NoSuchMethodError'{0x000000008748aee8}: 'void java.lang.invoke.DirectMethodHandle$Holder.invokeStatic(java.lang.Object, java.lang.Object, java.lang.Object, int, java.lang.Object)'> (0x000000008748aee8) 
thrown [s\src\hotspot\share\interpreter\linkResolver.cpp, line 784]
Event: 37.222 Thread 0x000002551f3747f0 Implicit null exception at 0x000002550d13c31d to 0x000002550d13c584
Event: 37.336 Thread 0x000002551f3747f0 Exception <a 'sun/nio/fs/WindowsException'{0x000000008716dae0}> (0x000000008716dae0) 
thrown [s\src\hotspot\share\prims\jni.cpp, line 535]
Event: 51.815 Thread 0x000002551e0645e0 Implicit null exception at 0x000002550d2a620b to 0x000002550d2a62cc
Event: 54.962 Thread 0x0000025522d03cd0 Implicit null exception at 0x000002550d2e33e9 to 0x000002550d2e3494
Event: 55.780 Thread 0x0000025522d05da0 Implicit null exception at 0x000002550d302f6b to 0x000002550d303024
Event: 56.817 Thread 0x000002551f3747f0 Implicit null exception at 0x000002550d23d15d to 0x000002550d23d5e0
Event: 56.817 Thread 0x000002551f3747f0 Implicit null exception at 0x000002550d23dddf to 0x000002550d23e248
Event: 59.835 Thread 0x000002551f3747f0 Exception <a 'java/lang/NoSuchMethodError'{0x00000000891896c0}: 'java.lang.Object java.lang.invoke.DirectMethodHandle$Holder.newInvokeSpecial(java.lang.Object, java.lang.Object, java.lang.Object, java.lang.Object, java.lang.Object, java.lang.Object, java.lang.Object, java.lang.Object, java.lang.Object, java.lang.Object, java.lang.Object, java.lang.Object, java.lang.Object, java.lang.Object, java.lang.Object, java.lang.Object)'> (0x00000000891896c0) 
thrown [s\src\hotspot\share\interpreter\linkResolver.cpp,
Event: 59.835 Thread 0x000002551f3747f0 Exception <a 'java/lang/NoSuchMethodError'{0x0000000089190658}: 'java.lang.Object java.lang.invoke.DirectMethodHandle$Holder.invokeSpecial(java.lang.Object, java.lang.Object, java.lang.Object, java.lang.Object, java.lang.Object, java.lang.Object, java.lang.Object, java.lang.Object, java.lang.Object, java.lang.Object, java.lang.Object, java.lang.Object, java.lang.Object, java.lang.Object, java.lang.Object, java.lang.Object, java.lang.Object)'> (0x0000000089190658) 
thrown [s\src\hotspot\share\interpreter\li
Event: 59.836 Thread 0x000002551f3747f0 Exception <a 'java/lang/NoSuchMethodError'{0x0000000089196558}: 'java.lang.Object java.lang.invoke.DelegatingMethodHandle$Holder.reinvoke_L(java.lang.Object, java.lang.Object, java.lang.Object, java.lang.Object, java.lang.Object, java.lang.Object, java.lang.Object, java.lang.Object, java.lang.Object, java.lang.Object, java.lang.Object, java.lang.Object, java.lang.Object, java.lang.Object, java.lang.Object, java.lang.Object)'> (0x0000000089196558) 
thrown [s\src\hotspot\share\interpreter\linkResolver.cpp, l
Event: 60.839 Thread 0x000002551f3747f0 Implicit null exception at 0x000002550d1fea5d to 0x000002550d1feca0
Event: 63.666 Thread 0x000002551f3747f0 Implicit null exception at 0x000002550ce6fbf5 to 0x000002550ce6fcd0

ZGC Phase Switch (0 events):
No events

VM Operations (20 events):
Event: 59.670 Executing VM operation: Cleanup
Event: 59.670 Executing VM operation: Cleanup done
Event: 59.910 Executing VM operation: G1CollectForAllocation (G1 Evacuation Pause)
Event: 59.920 Executing VM operation: G1CollectForAllocation (G1 Evacuation Pause) done
Event: 60.126 Executing VM operation: HandshakeAllThreads (HandshakeForDeflation)
Event: 60.126 Executing VM operation: HandshakeAllThreads (HandshakeForDeflation) done
Event: 60.126 Executing VM operation: RendezvousGCThreads
Event: 60.126 Executing VM operation: RendezvousGCThreads done
Event: 60.922 Executing VM operation: G1TryInitiateConcMark (G1 Humongous Allocation)
Event: 60.930 Executing VM operation: G1TryInitiateConcMark (G1 Humongous Allocation) done
Event: 61.011 Executing VM operation: G1PauseRemark
Event: 61.021 Executing VM operation: G1PauseRemark done
Event: 61.053 Executing VM operation: G1PauseCleanup
Event: 61.053 Executing VM operation: G1PauseCleanup done
Event: 62.056 Executing VM operation: Cleanup
Event: 62.056 Executing VM operation: Cleanup done
Event: 62.589 Executing VM operation: G1CollectForAllocation (G1 Evacuation Pause)
Event: 62.599 Executing VM operation: G1CollectForAllocation (G1 Evacuation Pause) done
Event: 63.607 Executing VM operation: Cleanup
Event: 63.607 Executing VM operation: Cleanup done

Memory protections (0 events):
No events

Nmethod flushes (20 events):
Event: 61.018 Thread 0x0000025519d1eb80 flushing  nmethod 0x0000025505c2f910
Event: 61.018 Thread 0x0000025519d1eb80 flushing  nmethod 0x0000025505c31b10
Event: 61.018 Thread 0x0000025519d1eb80 flushing  nmethod 0x0000025505c94290
Event: 61.018 Thread 0x0000025519d1eb80 flushing  nmethod 0x0000025505ce7790
Event: 61.018 Thread 0x0000025519d1eb80 flushing  nmethod 0x0000025505e68b90
Event: 61.018 Thread 0x0000025519d1eb80 flushing  nmethod 0x0000025505e69190
Event: 61.018 Thread 0x0000025519d1eb80 flushing  nmethod 0x0000025505e6cb10
Event: 61.018 Thread 0x0000025519d1eb80 flushing  nmethod 0x0000025505f6f090
Event: 61.018 Thread 0x0000025519d1eb80 flushing  nmethod 0x0000025505f73510
Event: 61.018 Thread 0x0000025519d1eb80 flushing  nmethod 0x0000025505f74290
Event: 61.018 Thread 0x0000025519d1eb80 flushing  nmethod 0x0000025505f77f90
Event: 61.018 Thread 0x0000025519d1eb80 flushing  nmethod 0x0000025505f78290
Event: 61.018 Thread 0x0000025519d1eb80 flushing  nmethod 0x0000025505fb1490
Event: 61.018 Thread 0x0000025519d1eb80 flushing  nmethod 0x0000025505fb3090
Event: 61.018 Thread 0x0000025519d1eb80 flushing  nmethod 0x000002550610a410
Event: 61.018 Thread 0x0000025519d1eb80 flushing  nmethod 0x0000025506275410
Event: 61.018 Thread 0x0000025519d1eb80 flushing  nmethod 0x00000255062b0010
Event: 61.018 Thread 0x0000025519d1eb80 flushing  nmethod 0x00000255062b2c90
Event: 61.018 Thread 0x0000025519d1eb80 flushing  nmethod 0x00000255062b3390
Event: 61.018 Thread 0x0000025519d1eb80 flushing  nmethod 0x0000025506373590

Events (20 events):
Event: 51.325 Thread 0x000002551f3747f0 Thread added: 0x0000025522d09220
Event: 51.601 Thread 0x000002551e07f620 Thread added: 0x0000025522528d80
Event: 51.811 Thread 0x0000025522528d80 Thread exited: 0x0000025522528d80
Event: 51.969 Thread 0x000002551e07fdf0 Thread added: 0x0000025521b4a660
Event: 52.191 Thread 0x0000025521b4a660 Thread exited: 0x0000025521b4a660
Event: 52.254 Thread 0x000002551e07fdf0 Thread added: 0x0000025521b4a660
Event: 52.689 Thread 0x0000025521b4a660 Thread exited: 0x0000025521b4a660
Event: 53.300 Thread 0x000002551f3747f0 Thread added: 0x0000025522d077e0
Event: 53.300 Thread 0x000002551f3747f0 Thread added: 0x0000025522d05da0
Event: 53.301 Thread 0x000002551f3747f0 Thread added: 0x0000025522d098b0
Event: 53.302 Thread 0x000002551f3747f0 Thread added: 0x0000025522d06430
Event: 53.302 Thread 0x000002551f3747f0 Thread added: 0x0000025522d07e70
Event: 53.303 Thread 0x000002551f3747f0 Thread added: 0x0000025522d03cd0
Event: 53.303 Thread 0x000002551f3747f0 Thread added: 0x0000025522d09f40
Event: 53.304 Thread 0x000002551f3747f0 Thread added: 0x0000025522d0a5d0
Event: 53.305 Thread 0x000002551f3747f0 Thread added: 0x0000025522d08500
Event: 53.305 Thread 0x000002551f3747f0 Thread added: 0x0000025522d0ac60
Event: 53.307 Thread 0x000002551f3747f0 Thread added: 0x0000025522d0b2f0
Event: 60.148 Thread 0x000002551f3747f0 Thread added: 0x00000255224a2040
Event: 63.684 Thread 0x000002551e07fdf0 Thread added: 0x00000255237f8d20


Dynamic libraries:
0x00007ff7aeab0000 - 0x00007ff7aeaba000 	D:\AndroidLatest\jbr\bin\java.exe
0x00007ffe09cf0000 - 0x00007ffe09f08000 	C:\WINDOWS\SYSTEM32\ntdll.dll
0x00007ffe07c10000 - 0x00007ffe07cd4000 	C:\WINDOWS\System32\KERNEL32.DLL
0x00007ffe07010000 - 0x00007ffe073e3000 	C:\WINDOWS\System32\KERNELBASE.dll
0x00007ffe07740000 - 0x00007ffe07851000 	C:\WINDOWS\System32\ucrtbase.dll
0x00007ffdcb620000 - 0x00007ffdcb638000 	D:\AndroidLatest\jbr\bin\jli.dll
0x00007ffde9880000 - 0x00007ffde989b000 	D:\AndroidLatest\jbr\bin\VCRUNTIME140.dll
0x00007ffe08730000 - 0x00007ffe088e2000 	C:\WINDOWS\System32\USER32.dll
0x00007ffe06fe0000 - 0x00007ffe07006000 	C:\WINDOWS\System32\win32u.dll
0x00007ffdee6f0000 - 0x00007ffdee98c000 	C:\WINDOWS\WinSxS\amd64_microsoft.windows.common-controls_6595b64144ccf1df_6.0.22621.6060_none_2712eda17382d24b\COMCTL32.dll
0x00007ffe09be0000 - 0x00007ffe09c09000 	C:\WINDOWS\System32\GDI32.dll
0x00007ffe08d80000 - 0x00007ffe08e27000 	C:\WINDOWS\System32\msvcrt.dll
0x00007ffe07860000 - 0x00007ffe07983000 	C:\WINDOWS\System32\gdi32full.dll
0x00007ffe073f0000 - 0x00007ffe0748a000 	C:\WINDOWS\System32\msvcp_win.dll
0x00007ffe07ab0000 - 0x00007ffe07ae1000 	C:\WINDOWS\System32\IMM32.DLL
0x00007ffe00160000 - 0x00007ffe0016c000 	D:\AndroidLatest\jbr\bin\vcruntime140_1.dll
0x00007ffdc16c0000 - 0x00007ffdc174d000 	D:\AndroidLatest\jbr\bin\msvcp140.dll
0x00007ffd8e510000 - 0x00007ffd8f19a000 	D:\AndroidLatest\jbr\bin\server\jvm.dll
0x00007ffe079e0000 - 0x00007ffe07a91000 	C:\WINDOWS\System32\ADVAPI32.dll
0x00007ffe08a30000 - 0x00007ffe08ad8000 	C:\WINDOWS\System32\sechost.dll
0x00007ffe06df0000 - 0x00007ffe06e18000 	C:\WINDOWS\System32\bcrypt.dll
0x00007ffe07af0000 - 0x00007ffe07c08000 	C:\WINDOWS\System32\RPCRT4.dll
0x00007ffe08fd0000 - 0x00007ffe09041000 	C:\WINDOWS\System32\WS2_32.dll
0x00007ffe021b0000 - 0x00007ffe021e4000 	C:\WINDOWS\SYSTEM32\WINMM.dll
0x00007ffdff630000 - 0x00007ffdff63a000 	C:\WINDOWS\SYSTEM32\VERSION.dll
0x00007ffe06a60000 - 0x00007ffe06aad000 	C:\WINDOWS\SYSTEM32\POWRPROF.dll
0x00007ffe06a40000 - 0x00007ffe06a53000 	C:\WINDOWS\SYSTEM32\UMPDC.dll
0x00007ffe05dc0000 - 0x00007ffe05dd8000 	C:\WINDOWS\SYSTEM32\kernel.appcore.dll
0x00007ffdda850000 - 0x00007ffdda85a000 	D:\AndroidLatest\jbr\bin\jimage.dll
0x00007ffdfdf90000 - 0x00007ffdfe1c3000 	C:\WINDOWS\SYSTEM32\DBGHELP.DLL
0x00007ffe09840000 - 0x00007ffe09bd2000 	C:\WINDOWS\System32\combase.dll
0x00007ffe08650000 - 0x00007ffe08728000 	C:\WINDOWS\System32\OLEAUT32.dll
0x00007ffdede60000 - 0x00007ffdede92000 	C:\WINDOWS\SYSTEM32\dbgcore.DLL
0x00007ffe06f60000 - 0x00007ffe06fdb000 	C:\WINDOWS\System32\bcryptPrimitives.dll
0x00007ffdda1f0000 - 0x00007ffdda1fe000 	D:\AndroidLatest\jbr\bin\instrument.dll
0x00007ffdc9380000 - 0x00007ffdc93a0000 	D:\AndroidLatest\jbr\bin\java.dll
0x00007ffdc8b40000 - 0x00007ffdc8b58000 	D:\AndroidLatest\jbr\bin\zip.dll
0x00007ffe07d40000 - 0x00007ffe085de000 	C:\WINDOWS\System32\SHELL32.dll
0x00007ffe07490000 - 0x00007ffe075cf000 	C:\WINDOWS\System32\wintypes.dll
0x00007ffe04c90000 - 0x00007ffe055a8000 	C:\WINDOWS\SYSTEM32\windows.storage.dll
0x00007ffe08c70000 - 0x00007ffe08d74000 	C:\WINDOWS\System32\SHCORE.dll
0x00007ffe09070000 - 0x00007ffe090d9000 	C:\WINDOWS\System32\shlwapi.dll
0x00007ffe06d20000 - 0x00007ffe06d45000 	C:\WINDOWS\SYSTEM32\profapi.dll
0x00007ffdd2e80000 - 0x00007ffdd2e90000 	D:\AndroidLatest\jbr\bin\net.dll
0x00007ffe03b60000 - 0x00007ffe03c8c000 	C:\WINDOWS\SYSTEM32\WINHTTP.dll
0x00007ffe062a0000 - 0x00007ffe06309000 	C:\WINDOWS\system32\mswsock.dll
0x00007ffdc89c0000 - 0x00007ffdc89d6000 	D:\AndroidLatest\jbr\bin\nio.dll
0x00007ffdd26e0000 - 0x00007ffdd26f0000 	D:\AndroidLatest\jbr\bin\verify.dll
0x00007ffdc6c20000 - 0x00007ffdc6c47000 	C:\Users\gaurav\.gradle\native\c067742578af261105cb4f569cf0c3c89f3d7b1fecec35dd04571415982c5e48\windows-amd64\native-platform.dll
0x00007ffdc11b0000 - 0x00007ffdc12f4000 	C:\Users\gaurav\.gradle\native\100fb08df4bc3b14c8652ba06237920a3bd2aa13389f12d3474272988ae205f9\windows-amd64\native-platform-file-events.dll
0x00007ffdcc9c0000 - 0x00007ffdcc9c9000 	D:\AndroidLatest\jbr\bin\management.dll
0x00007ffdcb430000 - 0x00007ffdcb43b000 	D:\AndroidLatest\jbr\bin\management_ext.dll
0x00007ffe08970000 - 0x00007ffe08978000 	C:\WINDOWS\System32\PSAPI.DLL
0x00007ffe064f0000 - 0x00007ffe0650b000 	C:\WINDOWS\SYSTEM32\CRYPTSP.dll
0x00007ffe05d20000 - 0x00007ffe05d57000 	C:\WINDOWS\system32\rsaenh.dll
0x00007ffe06390000 - 0x00007ffe063b8000 	C:\WINDOWS\SYSTEM32\USERENV.dll
0x00007ffe06510000 - 0x00007ffe0651c000 	C:\WINDOWS\SYSTEM32\CRYPTBASE.dll
0x00007ffe05800000 - 0x00007ffe0582d000 	C:\WINDOWS\SYSTEM32\IPHLPAPI.DLL
0x00007ffe08c40000 - 0x00007ffe08c49000 	C:\WINDOWS\System32\NSI.dll
0x00007ffdc9490000 - 0x00007ffdc9499000 	D:\AndroidLatest\jbr\bin\extnet.dll
0x00007ffd85290000 - 0x00007ffd85298000 	C:\WINDOWS\system32\wshunix.dll
0x00007ffe05830000 - 0x00007ffe05928000 	C:\WINDOWS\SYSTEM32\DNSAPI.dll
0x00007ffe02a50000 - 0x00007ffe02a5a000 	C:\Windows\System32\rasadhlp.dll
0x00007ffe02870000 - 0x00007ffe028f4000 	C:\WINDOWS\System32\fwpuclnt.dll

dbghelp: loaded successfully - version: 4.0.5 - missing functions: none
symbol engine: initialized successfully - sym options: 0x614 - pdb path: .;D:\AndroidLatest\jbr\bin;C:\WINDOWS\SYSTEM32;C:\WINDOWS\WinSxS\amd64_microsoft.windows.common-controls_6595b64144ccf1df_6.0.22621.6060_none_2712eda17382d24b;D:\AndroidLatest\jbr\bin\server;C:\Users\gaurav\.gradle\native\c067742578af261105cb4f569cf0c3c89f3d7b1fecec35dd04571415982c5e48\windows-amd64;C:\Users\gaurav\.gradle\native\100fb08df4bc3b14c8652ba06237920a3bd2aa13389f12d3474272988ae205f9\windows-amd64

VM Arguments:
jvm_args: --add-opens=java.base/java.util=ALL-UNNAMED --add-opens=java.base/java.lang=ALL-UNNAMED --add-opens=java.base/java.lang.invoke=ALL-UNNAMED --add-opens=java.prefs/java.util.prefs=ALL-UNNAMED --add-exports=jdk.compiler/com.sun.tools.javac.api=ALL-UNNAMED --add-exports=jdk.compiler/com.sun.tools.javac.util=ALL-UNNAMED --add-opens=java.base/java.nio.charset=ALL-UNNAMED --add-opens=java.base/java.net=ALL-UNNAMED --add-opens=java.base/java.util.concurrent.atomic=ALL-UNNAMED -Xmx2048m -Dfile.encoding=UTF-8 -Duser.country=US -Duser.language=en -Duser.variant -javaagent:C:\Users\gaurav\.gradle\wrapper\dists\gradle-8.9-bin\90cnw93cvbtalezasaz0blq0a\gradle-8.9\lib\agents\gradle-instrumentation-agent-8.9.jar 
java_command: org.gradle.launcher.daemon.bootstrap.GradleDaemon 8.9
java_class_path (initial): C:\Users\gaurav\.gradle\wrapper\dists\gradle-8.9-bin\90cnw93cvbtalezasaz0blq0a\gradle-8.9\lib\gradle-daemon-main-8.9.jar
Launcher Type: SUN_STANDARD

[Global flags]
     intx CICompilerCount                          = 4                                         {product} {ergonomic}
     uint ConcGCThreads                            = 3                                         {product} {ergonomic}
     uint G1ConcRefinementThreads                  = 10                                        {product} {ergonomic}
   size_t G1HeapRegionSize                         = 1048576                                   {product} {ergonomic}
    uintx GCDrainStackTargetSize                   = 64                                        {product} {ergonomic}
   size_t InitialHeapSize                          = 123731968                                 {product} {ergonomic}
   size_t MarkStackSize                            = 4194304                                   {product} {ergonomic}
   size_t MaxHeapSize                              = 2147483648                                {product} {command line}
   size_t MaxNewSize                               = 1287651328                                {product} {ergonomic}
   size_t MinHeapDeltaBytes                        = 1048576                                   {product} {ergonomic}
   size_t MinHeapSize                              = 8388608                                   {product} {ergonomic}
    uintx NonNMethodCodeHeapSize                   = 5839372                                {pd product} {ergonomic}
    uintx NonProfiledCodeHeapSize                  = 122909434                              {pd product} {ergonomic}
    uintx ProfiledCodeHeapSize                     = 122909434                              {pd product} {ergonomic}
    uintx ReservedCodeCacheSize                    = 251658240                              {pd product} {ergonomic}
     bool SegmentedCodeCache                       = true                                      {product} {ergonomic}
   size_t SoftMaxHeapSize                          = 2147483648                             {manageable} {ergonomic}
     bool UseCompressedOops                        = true                           {product lp64_product} {ergonomic}
     bool UseG1GC                                  = true                                      {product} {ergonomic}
     bool UseLargePagesIndividualAllocation        = false                                  {pd product} {ergonomic}

Logging:
Log output configuration:
 #0: stdout all=warning uptime,level,tags foldmultilines=false
 #1: stderr all=off uptime,level,tags foldmultilines=false

Environment Variables:
JAVA_HOME=D:\amazon\jdk11.0.28_6
PATH=D:\amazon\jdk11.0.28_6\bin;C:\Users\gaurav\.jdks\openjdk-21.0.1\bin;C:\Program Files\HP\HP One Agent;C:\Program Files\Git\cmd;C:\Users\gaurav\Downloads\kobweb-0.9.21\kobweb-0.9.21\bin;C:\Users\gaurav\AppData\Local\Microsoft\WindowsApps;C:\Users\gaurav\Downloads\flutter_windows_3.13.0-stable\flutter\bin;C:\Users\gaurav\AppData\Local\Programs\Microsoft VS Code\bin;C:\Program Files\JetBrains\IntelliJ IDEA Community Edition 2023.2.3\bin;C:\Users\gaurav\AppData\Local\JetBrains\Toolbox\scripts;
USERNAME=gaurav
OS=Windows_NT
PROCESSOR_IDENTIFIER=AMD64 Family 23 Model 104 Stepping 1, AuthenticAMD
TMP=C:\Users\gaurav\AppData\Local\Temp
TEMP=C:\Users\gaurav\AppData\Local\Temp




Periodic native trim disabled

JNI global refs:
JNI global refs: 29, weak refs: 0

JNI global refs memory usage: 835, weak refs: 833

Process memory usage:
Resident Set Size: 376744K (4% of 7681732K total physical memory with 470040K free physical memory)

OOME stack traces (most recent first):
Classloader memory used:
Loader org.gradle.internal.classloader.VisitableURLClassLoader                         : 43272K
Loader bootstrap                                                                       : 29478K
Loader org.gradle.initialization.MixInLegacyTypesClassLoader                           : 13072K
Loader org.gradle.internal.classloader.VisitableURLClassLoader$InstrumentingVisitableURLClassLoader: 12035K
Loader org.gradle.internal.classloader.VisitableURLClassLoader                         : 1069K
Loader jdk.internal.loader.ClassLoaders$PlatformClassLoader                            : 779K
Loader jdk.internal.reflect.DelegatingClassLoader                                      : 283K
Loader jdk.internal.loader.ClassLoaders$AppClassLoader                                 : 230K
Loader org.gradle.groovy.scripts.internal.DefaultScriptCompilationHandler$ScriptClassLoader: 90792B
Loader org.codehaus.groovy.runtime.callsite.CallSiteClassLoader                        : 48696B

Classes loaded by more than one classloader:
Class Program                                                                         : loaded 4 times (x 70B)
Class org.gradle.api.GradleException                                                  : loaded 3 times (x 78B)
Class com.google.common.collect.RegularImmutableMap$KeySet                            : loaded 2 times (x 146B)
Class kotlin.NotImplementedError                                                      : loaded 2 times (x 78B)
Class org.gradle.internal.classloader.FilteringClassLoader                            : loaded 2 times (x 101B)
Class [Lcom.google.common.base.AbstractIterator$State;                                : loaded 2 times (x 65B)
Class com.google.common.base.CharMatcher$IsEither                                     : loaded 2 times (x 107B)
Class org.gradle.internal.classloader.ClassLoaderHierarchy                            : loaded 2 times (x 66B)
Class com.google.common.collect.ImmutableEnumSet                                      : loaded 2 times (x 142B)
Class com.google.common.util.concurrent.ExecutionError                                : loaded 2 times (x 78B)
Class com.google.common.collect.ImmutableList$1                                       : loaded 2 times (x 93B)
Class org.gradle.api.internal.classpath.ManifestUtil                                  : loaded 2 times (x 67B)
Class com.google.common.collect.RegularImmutableMap                                   : loaded 2 times (x 117B)
Class com.google.common.collect.ImmutableMap$MapViewOfValuesAsSingletonSets           : loaded 2 times (x 121B)
Class org.jetbrains.plugins.gradle.model.GradleExtensions                             : loaded 2 times (x 66B)
Class org.jetbrains.plugins.gradle.model.AnnotationProcessingModel                    : loaded 2 times (x 66B)
Class [Lorg.objectweb.asm.Symbol;                                                     : loaded 2 times (x 65B)
Class org.objectweb.asm.ClassVisitor                                                  : loaded 2 times (x 84B)
Class com.google.common.collect.UnmodifiableListIterator                              : loaded 2 times (x 91B)
Class org.gradle.internal.operations.MultipleBuildOperationFailures                   : loaded 2 times (x 91B)
Class org.objectweb.asm.MethodTooLargeException                                       : loaded 2 times (x 79B)
Class [Lcom.google.common.cache.CacheBuilder$OneWeigher;                              : loaded 2 times (x 65B)
Class com.google.common.base.Suppliers                                                : loaded 2 times (x 67B)
Class com.google.common.base.Platform$JdkPatternCompiler                              : loaded 2 times (x 71B)
Class org.gradle.internal.classloader.DefaultClassLoaderFactory                       : loaded 2 times (x 78B)
Class com.google.common.base.CharMatcher$None                                         : loaded 2 times (x 108B)
Class kotlin.collections.AbstractList$Companion                                       : loaded 2 times (x 67B)
Class org.gradle.internal.classloader.ClassLoaderVisitor                              : loaded 2 times (x 72B)
Class [Lcom.google.common.collect.ImmutableMapEntry;                                  : loaded 2 times (x 65B)
Class org.gradle.api.internal.classpath.EffectiveClassPath                            : loaded 2 times (x 86B)
Class com.google.common.collect.ImmutableEnumMap                                      : loaded 2 times (x 121B)
Class com.google.common.collect.ListMultimap                                          : loaded 2 times (x 66B)
Class org.gradle.tooling.internal.gradle.DefaultProjectIdentifier                     : loaded 2 times (x 82B)
Class com.google.common.collect.Sets$1                                                : loaded 2 times (x 135B)
Class org.objectweb.asm.AnnotationVisitor                                             : loaded 2 times (x 74B)
Class com.google.common.base.Splitter                                                 : loaded 2 times (x 68B)
Class org.gradle.api.internal.DefaultClassPathProvider                                : loaded 2 times (x 72B)
Class com.google.common.collect.Sets$2                                                : loaded 2 times (x 135B)
Class [Lorg.gradle.api.internal.ClassPathProvider;                                    : loaded 2 times (x 65B)
Class org.gradle.api.internal.ClassPathProvider                                       : loaded 2 times (x 66B)
Class [Lorg.objectweb.asm.AnnotationVisitor;                                          : loaded 2 times (x 65B)
Class com.google.common.collect.Sets$3                                                : loaded 2 times (x 135B)
Class com.google.common.util.concurrent.AbstractFuture$SafeAtomicHelper               : loaded 2 times (x 75B)
Class com.google.common.cache.LocalCache$LocalLoadingCache                            : loaded 2 times (x 130B)
Class com.google.common.base.AbstractIterator$State                                   : loaded 2 times (x 75B)
Class org.gradle.internal.service.UnknownServiceException                             : loaded 2 times (x 79B)
Class com.google.common.collect.Sets$4                                                : loaded 2 times (x 135B)
Class org.objectweb.asm.ModuleVisitor                                                 : loaded 2 times (x 77B)
Class com.google.common.cache.LocalCache$Strength$1                                   : loaded 2 times (x 77B)
Class org.jetbrains.kotlin.idea.gradleTooling.KotlinDslScriptAdditionalTask           : loaded 2 times (x 66B)
Class com.google.common.util.concurrent.SettableFuture                                : loaded 2 times (x 110B)
Class com.google.common.cache.LocalCache$Strength$2                                   : loaded 2 times (x 77B)
Class com.google.common.cache.LocalCache$Strength$3                                   : loaded 2 times (x 77B)
Class com.google.common.collect.MapDifference                                         : loaded 2 times (x 66B)
Class com.google.common.base.Splitter$1                                               : loaded 2 times (x 73B)
Class org.objectweb.asm.FieldWriter                                                   : loaded 2 times (x 74B)
Class com.google.common.cache.CacheBuilder$NullListener                               : loaded 2 times (x 78B)
Class org.gradle.internal.classpath.TransformedClassPath                              : loaded 2 times (x 92B)
Class com.google.common.cache.CacheLoader$FunctionToCacheLoader                       : loaded 2 times (x 71B)
Class com.google.common.collect.Iterators$ArrayItr                                    : loaded 2 times (x 93B)
Class com.google.common.collect.ImmutableCollection$Builder                           : loaded 2 times (x 72B)
Class kotlin.enums.EnumEntriesList                                                    : loaded 2 times (x 219B)
Class com.google.common.base.Joiner                                                   : loaded 2 times (x 75B)
Class com.google.common.base.MoreObjects                                              : loaded 2 times (x 67B)
Class com.google.common.base.Equivalence$Identity                                     : loaded 2 times (x 78B)
Class com.google.common.collect.Platform                                              : loaded 2 times (x 67B)
Class com.google.common.collect.UnmodifiableIterator                                  : loaded 2 times (x 76B)
Class org.jetbrains.kotlin.idea.gradleTooling.KotlinSourceSetContainer                : loaded 2 times (x 66B)
Class org.jetbrains.plugins.gradle.model.IntelliJSettings                             : loaded 2 times (x 66B)
Class org.gradle.internal.service.ServiceLocator                                      : loaded 2 times (x 66B)
Class com.google.common.base.Ascii                                                    : loaded 2 times (x 67B)
Class com.google.common.collect.SingletonImmutableBiMap                               : loaded 2 times (x 139B)
Class com.google.common.cache.LocalCache$1                                            : loaded 2 times (x 85B)
Class com.google.common.collect.AbstractMapEntry                                      : loaded 2 times (x 77B)
Class org.gradle.tooling.model.UnsupportedMethodException                             : loaded 2 times (x 78B)
Class com.google.common.cache.LocalCache$2                                            : loaded 2 times (x 138B)
Class com.google.common.collect.AbstractMultimap                                      : loaded 2 times (x 119B)
Class com.google.common.util.concurrent.AbstractFuture$UnsafeAtomicHelper$1           : loaded 2 times (x 72B)
Class com.google.common.collect.RegularImmutableAsList                                : loaded 2 times (x 212B)
Class com.google.common.util.concurrent.AbstractFuture$Trusted                        : loaded 2 times (x 66B)
Class com.google.common.collect.Iterators                                             : loaded 2 times (x 67B)
Class com.google.common.base.CharMatcher$RangesMatcher                                : loaded 2 times (x 108B)
Class com.intellij.compose.ide.plugin.gradleTooling.rt.ComposeResourcesModel          : loaded 2 times (x 66B)
Class com.google.common.util.concurrent.UncheckedExecutionException                   : loaded 2 times (x 78B)
Class com.google.common.collect.Lists$StringAsImmutableList                           : loaded 2 times (x 203B)
Class org.gradle.kotlin.dsl.VersionCatalogAccessorsKt                                 : loaded 2 times (x 67B)
Class com.google.common.base.CharMatcher$JavaLetterOrDigit                            : loaded 2 times (x 107B)
Class org.gradle.internal.InternalTransformer                                         : loaded 2 times (x 66B)
Class org.objectweb.asm.ClassWriter                                                   : loaded 2 times (x 102B)
Class com.google.common.cache.CacheLoader$UnsupportedLoadingOperationException        : loaded 2 times (x 78B)
Class com.google.common.base.CharMatcher$And                                          : loaded 2 times (x 108B)
Class org.gradle.internal.time.DefaultTimer                                           : loaded 2 times (x 76B)
Class org.gradle.internal.classloader.ClasspathUtil$1                                 : loaded 2 times (x 72B)
Class org.objectweb.asm.FieldVisitor                                                  : loaded 2 times (x 73B)
Class com.google.common.collect.IndexedImmutableSet                                   : loaded 2 times (x 146B)
Class com.google.common.collect.ImmutableMap$1                                        : loaded 2 times (x 77B)
Class com.google.common.collect.BiMap                                                 : loaded 2 times (x 66B)
Class org.gradle.api.internal.classpath.DefaultModuleRegistry$DefaultModule           : loaded 2 times (x 82B)
Class com.google.common.primitives.Ints                                               : loaded 2 times (x 67B)
Class com.google.common.collect.AbstractIterator                                      : loaded 2 times (x 78B)
Class com.google.common.math.MathPreconditions                                        : loaded 2 times (x 67B)
Class com.google.common.collect.Multiset                                              : loaded 2 times (x 66B)
Class com.google.common.collect.ArrayListMultimapGwtSerializationDependencies         : loaded 2 times (x 168B)
Class com.google.common.collect.ObjectArrays                                          : loaded 2 times (x 67B)
Class com.google.common.collect.AbstractIndexedListIterator                           : loaded 2 times (x 92B)
Class org.gradle.internal.time.DefaultCountdownTimer                                  : loaded 2 times (x 84B)
Class com.google.common.collect.ImmutableMapEntrySet                                  : loaded 2 times (x 147B)
Class org.gradle.tooling.internal.gradle.DefaultBuildIdentifier                       : loaded 2 times (x 75B)
Class kotlin.Function                                                                 : loaded 2 times (x 66B)
Class org.gradle.api.internal.classpath.Module                                        : loaded 2 times (x 66B)
Class com.google.common.cache.Weigher                                                 : loaded 2 times (x 66B)
Class org.gradle.api.internal.classpath.UnknownModuleException                        : loaded 2 times (x 78B)
Class com.google.common.base.Stopwatch                                                : loaded 2 times (x 68B)
Class com.google.common.cache.LocalCache$Strength                                     : loaded 2 times (x 77B)
Class com.google.common.cache.Cache                                                   : loaded 2 times (x 66B)
Class com.intellij.openapi.externalSystem.model.project.dependencies.ProjectDependencies: loaded 2 times (x 66B)
Class com.google.common.util.concurrent.AbstractFuture$Cancellation                   : loaded 2 times (x 68B)
Class com.google.common.collect.ImmutableMap$Builder                                  : loaded 2 times (x 78B)
Class com.google.common.base.NullnessCasts                                            : loaded 2 times (x 67B)
Class com.google.common.cache.RemovalListener                                         : loaded 2 times (x 66B)
Class org.gradle.tooling.internal.gradle.GradleProjectIdentity                        : loaded 2 times (x 66B)
Class org.gradle.api.internal.DefaultClassPathRegistry                                : loaded 2 times (x 72B)
Class com.google.common.primitives.IntsMethodsForWeb                                  : loaded 2 times (x 67B)
Class com.google.common.collect.Multimap                                              : loaded 2 times (x 66B)
Class org.gradle.api.internal.ClassPathRegistry                                       : loaded 2 times (x 66B)
Class org.gradle.internal.classpath.DefaultClassPath$ImmutableUniqueList              : loaded 2 times (x 195B)
Class com.google.common.cache.CacheBuilder                                            : loaded 2 times (x 68B)
Class com.google.common.collect.SingletonImmutableList                                : loaded 2 times (x 203B)
Class [Lorg.objectweb.asm.Type;                                                       : loaded 2 times (x 65B)
Class Settings_gradle$1                                                               : loaded 2 times (x 70B)
Class org.gradle.internal.classpath.ClassPath                                         : loaded 2 times (x 66B)
Class org.gradle.api.UncheckedIOException                                             : loaded 2 times (x 78B)
Class com.google.common.collect.ImmutableList$ReverseImmutableList                    : loaded 2 times (x 204B)
Class com.google.common.base.JdkPattern                                               : loaded 2 times (x 71B)
Class org.objectweb.asm.SymbolTable$Entry                                             : loaded 2 times (x 70B)
Class com.google.common.util.concurrent.AbstractFuture$AtomicHelper                   : loaded 2 times (x 74B)
Class org.jetbrains.kotlin.idea.gradleTooling.KotlinGradleModel                       : loaded 2 times (x 66B)
Class org.objectweb.asm.Edge                                                          : loaded 2 times (x 68B)
Class com.google.common.base.Suppliers$SupplierOfInstance                             : loaded 2 times (x 75B)
Class com.google.common.collect.Iterators$1                                           : loaded 2 times (x 77B)
Class org.gradle.tooling.model.Model                                                  : loaded 2 times (x 66B)
Class com.google.common.cache.LocalCache$ComputingValueReference                      : loaded 2 times (x 92B)
Class com.google.common.collect.SingletonImmutableSet                                 : loaded 2 times (x 142B)
Class com.google.common.collect.ImmutableMap$IteratorBasedImmutableMap                : loaded 2 times (x 121B)
Class kotlin.UninitializedPropertyAccessException                                     : loaded 2 times (x 78B)
Class com.google.common.cache.LocalCache$Segment                                      : loaded 2 times (x 150B)
Class org.jetbrains.plugins.gradle.model.IntelliJProjectSettings                      : loaded 2 times (x 66B)
Class [Lorg.objectweb.asm.SymbolTable$Entry;                                          : loaded 2 times (x 65B)
Class com.google.common.cache.CacheLoader                                             : loaded 2 times (x 70B)
Class com.google.common.collect.Iterators$4                                           : loaded 2 times (x 78B)
Class com.google.common.collect.ImmutableBiMap                                        : loaded 2 times (x 139B)
Class com.google.common.collect.AbstractListMultimap                                  : loaded 2 times (x 168B)
Class org.gradle.internal.installation.GradleInstallation$1                           : loaded 2 times (x 71B)
Class org.gradle.api.internal.classpath.ModuleRegistry                                : loaded 2 times (x 66B)
Class com.google.common.util.concurrent.internal.InternalFutureFailureAccess          : loaded 2 times (x 68B)
Class com.google.common.collect.Iterators$5                                           : loaded 2 times (x 78B)
Class com.google.common.collect.ImmutableSet$JdkBackedSetBuilderImpl                  : loaded 2 times (x 72B)
Class com.google.common.base.Splitter$SplittingIterator                               : loaded 2 times (x 80B)
Class org.jetbrains.plugins.gradle.model.VersionCatalogsModel                         : loaded 2 times (x 66B)
Class com.google.common.util.concurrent.AbstractFuture$UnsafeAtomicHelper             : loaded 2 times (x 74B)
Class com.google.common.cache.LocalCache$LocalManualCache$1                           : loaded 2 times (x 71B)
Class com.google.common.base.CharMatcher$ForPredicate                                 : loaded 2 times (x 108B)
Class com.google.common.collect.ImmutableCollection                                   : loaded 2 times (x 121B)
Class com.google.common.base.CharMatcher$AnyOf                                        : loaded 2 times (x 108B)
Class org.gradle.api.internal.classpath.DefaultModuleRegistry                         : loaded 2 times (x 79B)
Class com.google.common.util.concurrent.ListenableFuture                              : loaded 2 times (x 66B)
Class com.google.common.cache.ReferenceEntry                                          : loaded 2 times (x 66B)
Class com.google.common.collect.ImmutableSet$CachingAsList                            : loaded 2 times (x 143B)
Class com.google.common.base.Converter                                                : loaded 2 times (x 86B)
Class com.google.common.collect.Lists                                                 : loaded 2 times (x 67B)
Class com.google.common.base.CharMatcher$Any                                          : loaded 2 times (x 108B)
Class com.google.common.util.concurrent.AbstractFuture                                : loaded 2 times (x 102B)
Class com.google.common.base.FunctionalEquivalence                                    : loaded 2 times (x 79B)
Class com.google.common.collect.Iterators$9                                           : loaded 2 times (x 77B)
Class com.google.common.collect.AbstractMapBasedMultimap                              : loaded 2 times (x 135B)
Class com.google.common.collect.ImmutableAsList                                       : loaded 2 times (x 205B)
Class org.objectweb.asm.RecordComponentVisitor                                        : loaded 2 times (x 73B)
Class com.google.common.cache.CacheLoader$SupplierToCacheLoader                       : loaded 2 times (x 71B)
Class com.google.common.collect.Maps$EntryTransformer                                 : loaded 2 times (x 66B)
Class org.gradle.internal.time.MonotonicClock                                         : loaded 2 times (x 73B)
Class org.gradle.internal.service.ServiceLookupException                              : loaded 2 times (x 78B)
Class [Lcom.google.common.cache.LocalCache$EntryFactory;                              : loaded 2 times (x 65B)
Class com.google.common.base.CharMatcher$JavaLetter                                   : loaded 2 times (x 107B)
Class org.gradle.internal.classloader.ClassLoaderFactory                              : loaded 2 times (x 66B)
Class com.google.common.cache.LocalCache$LocalManualCache                             : loaded 2 times (x 95B)
Class com.google.common.base.CharMatcher$IsNot                                        : loaded 2 times (x 107B)
Class com.google.common.base.CommonPattern                                            : loaded 2 times (x 70B)
Class org.gradle.internal.service.CachingServiceLocator                               : loaded 2 times (x 78B)
Class com.google.common.math.IntMath                                                  : loaded 2 times (x 67B)
Class org.jetbrains.plugins.gradle.model.RepositoryModels                             : loaded 2 times (x 66B)
Class org.objectweb.asm.commons.InstructionAdapter                                    : loaded 2 times (x 184B)
Class com.google.common.collect.Iterators$10                                          : loaded 2 times (x 77B)
Class com.google.common.collect.ImmutableMapEntry                                     : loaded 2 times (x 81B)
Class com.google.common.base.CharMatcher$JavaDigit                                    : loaded 2 times (x 107B)
Class org.gradle.internal.time.TimeSource                                             : loaded 2 times (x 66B)
Class com.google.common.base.Equivalence                                              : loaded 2 times (x 78B)
Class com.google.common.collect.ImmutableMapEntry$NonTerminalImmutableMapEntry        : loaded 2 times (x 81B)
Class com.google.common.base.Function                                                 : loaded 2 times (x 66B)
Class org.gradle.tooling.internal.gradle.GradleBuildIdentity                          : loaded 2 times (x 66B)
Class kotlin.enums.EnumEntries                                                        : loaded 2 times (x 66B)
Class com.google.common.collect.IndexedImmutableSet$1                                 : loaded 2 times (x 208B)
Class com.google.common.cache.CacheBuilder$OneWeigher                                 : loaded 2 times (x 78B)
Class com.google.common.collect.RegularImmutableList                                  : loaded 2 times (x 208B)
Class org.gradle.internal.exceptions.ResolutionProvider                               : loaded 2 times (x 66B)
Class com.google.common.collect.ImmutableBiMapFauxverideShim                          : loaded 2 times (x 116B)
Class org.gradle.tooling.model.ProjectIdentifier                                      : loaded 2 times (x 66B)
Class org.gradle.internal.classloader.ClasspathUtil                                   : loaded 2 times (x 67B)
Class org.jetbrains.kotlin.tooling.core.HasExtras                                     : loaded 2 times (x 66B)
Class com.google.common.base.Charsets                                                 : loaded 2 times (x 67B)
Class com.google.common.util.concurrent.Uninterruptibles                              : loaded 2 times (x 67B)
Class com.google.common.collect.Maps                                                  : loaded 2 times (x 67B)
Class com.google.common.base.CharMatcher$JavaUpperCase                                : loaded 2 times (x 107B)
Class org.gradle.internal.time.TimeSource$1                                           : loaded 2 times (x 73B)
Class kotlin.jvm.internal.DefaultConstructorMarker                                    : loaded 2 times (x 67B)
Class org.gradle.api.specs.Spec                                                       : loaded 2 times (x 66B)
Class [Lcom.google.common.collect.ImmutableEntry;                                     : loaded 2 times (x 65B)
Class com.google.common.cache.LocalCache$LoadingValueReference                        : loaded 2 times (x 92B)
Class com.google.common.base.Platform                                                 : loaded 2 times (x 67B)
Class Build_gradle$1                                                                  : loaded 2 times (x 74B)
Class org.gradle.internal.time.Clock                                                  : loaded 2 times (x 66B)
Class [Lorg.objectweb.asm.AnnotationWriter;                                           : loaded 2 times (x 65B)
Class com.google.common.primitives.Ints$IntConverter                                  : loaded 2 times (x 86B)
Class com.google.common.collect.Maps$8                                                : loaded 2 times (x 78B)
Class kotlin.collections.AbstractList                                                 : loaded 2 times (x 193B)
Class kotlin.collections.AbstractCollection                                           : loaded 2 times (x 113B)
Class com.google.common.collect.Sets$SetView                                          : loaded 2 times (x 134B)
Class com.google.common.cache.LocalCache$StrongValueReference                         : loaded 2 times (x 86B)
Class com.google.common.util.concurrent.AbstractFuture$SynchronizedHelper             : loaded 2 times (x 74B)
Class com.google.common.base.CharMatcher$Invisible                                    : loaded 2 times (x 108B)
Class org.objectweb.asm.Type                                                          : loaded 2 times (x 68B)
Class org.gradle.internal.classloader.VisitableURLClassLoader$InstrumentingVisitableURLClassLoader: loaded 2 times (x 119B)
Class org.objectweb.asm.ByteVector                                                    : loaded 2 times (x 75B)
Class [Lcom.google.common.cache.CacheBuilder$NullListener;                            : loaded 2 times (x 65B)
Class com.google.common.math.IntMath$1                                                : loaded 2 times (x 67B)
Class org.gradle.internal.classloader.VisitableURLClassLoader$Spec                    : loaded 2 times (x 70B)
Class org.gradle.internal.classpath.DefaultClassPath                                  : loaded 2 times (x 86B)
Class org.objectweb.asm.Symbol                                                        : loaded 2 times (x 69B)
Class com.google.common.base.AbstractIterator                                         : loaded 2 times (x 76B)
Class com.google.common.collect.RegularImmutableMap$Values                            : loaded 2 times (x 203B)
Class com.google.common.collect.ImmutableSet                                          : loaded 2 times (x 141B)
Class com.google.common.base.CharMatcher$BitSetMatcher                                : loaded 2 times (x 108B)
Class com.google.common.base.CharMatcher$Ascii                                        : loaded 2 times (x 108B)
Class org.gradle.internal.classloader.ClassLoaderSpec                                 : loaded 2 times (x 67B)
Class org.objectweb.asm.AnnotationWriter                                              : loaded 2 times (x 75B)
Class com.google.common.cache.CacheStats                                              : loaded 2 times (x 67B)
Class org.objectweb.asm.RecordComponentWriter                                         : loaded 2 times (x 74B)
Class com.google.common.util.concurrent.AbstractFuture$Listener                       : loaded 2 times (x 68B)
Class com.google.common.base.CharMatcher$Or                                           : loaded 2 times (x 108B)
Class Settings_gradle$1$1                                                             : loaded 2 times (x 70B)
Class kotlin.Unit                                                                     : loaded 2 times (x 67B)
Class org.objectweb.asm.Attribute                                                     : loaded 2 times (x 73B)
Class com.google.common.base.Supplier                                                 : loaded 2 times (x 66B)
Class org.gradle.internal.classloader.VisitableURLClassLoader                         : loaded 2 times (x 113B)
Class com.google.common.util.concurrent.AbstractFuture$Waiter                         : loaded 2 times (x 68B)
Class Settings_gradle                                                                 : loaded 2 times (x 124B)
Class org.gradle.internal.Cast                                                        : loaded 2 times (x 67B)
Class org.gradle.api.Action                                                           : loaded 2 times (x 66B)
Class com.google.common.collect.Sets                                                  : loaded 2 times (x 67B)
Class org.objectweb.asm.Handler                                                       : loaded 2 times (x 68B)
Class com.google.common.base.Ticker                                                   : loaded 2 times (x 68B)
Class com.google.common.base.Strings                                                  : loaded 2 times (x 67B)
Class com.google.common.base.CharMatcher$FastMatcher                                  : loaded 2 times (x 107B)
Class kotlin.jvm.functions.Function1                                                  : loaded 2 times (x 66B)
Class org.gradle.internal.agents.InstrumentingClassLoader                             : loaded 2 times (x 66B)
Class [Lcom.google.common.cache.LocalCache$Segment;                                   : loaded 2 times (x 65B)
Class [Lcom.google.common.cache.LocalCache$Strength;                                  : loaded 2 times (x 65B)
Class com.google.common.cache.CacheBuilder$1                                          : loaded 2 times (x 81B)
Class com.google.common.collect.ImmutableMap                                          : loaded 2 times (x 116B)
Class com.google.common.base.Predicate                                                : loaded 2 times (x 66B)
Class org.gradle.internal.classpath.DefaultClassPath$ImmutableUniqueList$Builder      : loaded 2 times (x 71B)
Class com.google.common.cache.LocalCache                                              : loaded 2 times (x 183B)
Class com.google.common.cache.CacheBuilder$2                                          : loaded 2 times (x 68B)
Class com.google.common.base.CharMatcher$NegatedFastMatcher                           : loaded 2 times (x 109B)
Class ijInit6_c62jy1rx1smyfmer24pmypiii                                               : loaded 2 times (x 175B)
Class [Lcom.google.common.collect.AbstractMapEntry;                                   : loaded 2 times (x 65B)
Class com.google.common.collect.ImmutableEntry                                        : loaded 2 times (x 78B)
Class com.google.common.collect.ArrayListMultimap                                     : loaded 2 times (x 168B)
Class com.google.common.base.AbstractIterator$1                                       : loaded 2 times (x 67B)
Class com.google.common.base.CharMatcher$Digit                                        : loaded 2 times (x 108B)
Class com.google.common.base.PairwiseEquivalence                                      : loaded 2 times (x 79B)
Class org.gradle.internal.exceptions.NonGradleCauseExceptionsHolder                   : loaded 2 times (x 66B)
Class com.google.common.collect.CollectPreconditions                                  : loaded 2 times (x 67B)
Class com.google.common.base.CharMatcher$JavaIsoControl                               : loaded 2 times (x 108B)
Class com.google.common.collect.SortedMapDifference                                   : loaded 2 times (x 66B)
Class com.google.common.base.CharMatcher$JavaLowerCase                                : loaded 2 times (x 107B)
Class org.jetbrains.plugins.gradle.tooling.ModelBuilderService$Parameter              : loaded 2 times (x 66B)
Class com.google.common.cache.LocalCache$EntryFactory                                 : loaded 2 times (x 79B)
Class org.jetbrains.kotlin.tooling.core.HasMutableExtras                              : loaded 2 times (x 66B)
Class com.google.common.cache.LocalCache$AbstractReferenceEntry                       : loaded 2 times (x 103B)
Class com.google.common.base.Splitter$1$1                                             : loaded 2 times (x 82B)
Class com.google.common.base.CharMatcher$Whitespace                                   : loaded 2 times (x 108B)
Class kotlin.enums.EnumEntriesKt                                                      : loaded 2 times (x 67B)
Class org.gradle.internal.IoActions                                                   : loaded 2 times (x 67B)
Class org.objectweb.asm.SymbolTable                                                   : loaded 2 times (x 68B)
Class com.google.common.cache.CacheLoader$InvalidCacheLoadException                   : loaded 2 times (x 78B)
Class com.google.common.collect.ImmutableSet$RegularSetBuilderImpl                    : loaded 2 times (x 73B)
Class com.google.common.base.CharMatcher$SingleWidth                                  : loaded 2 times (x 108B)
Class org.gradle.internal.classloader.SystemClassLoaderSpec                           : loaded 2 times (x 67B)
Class com.google.common.cache.LocalCache$StrongEntry                                  : loaded 2 times (x 104B)
Class com.google.common.util.concurrent.AbstractFuture$TrustedFuture                  : loaded 2 times (x 110B)
Class com.google.common.cache.LoadingCache                                            : loaded 2 times (x 66B)
Class org.gradle.internal.exceptions.MultiCauseException                              : loaded 2 times (x 66B)
Class org.gradle.internal.time.CountdownTimer                                         : loaded 2 times (x 66B)
Class kotlin.jvm.internal.Intrinsics                                                  : loaded 2 times (x 67B)
Class org.objectweb.asm.MethodWriter                                                  : loaded 2 times (x 102B)
Class [Lcom.google.common.cache.Weigher;                                              : loaded 2 times (x 65B)
Class com.google.common.collect.RegularImmutableMap$BucketOverflowException           : loaded 2 times (x 78B)
Class org.gradle.tooling.model.ProjectModel                                           : loaded 2 times (x 66B)
Class kotlin.KotlinNullPointerException                                               : loaded 2 times (x 79B)
Class com.google.common.collect.RegularImmutableBiMap                                 : loaded 2 times (x 144B)
Class com.google.common.cache.LocalCache$ValueReference                               : loaded 2 times (x 66B)
Class com.google.common.base.CharMatcher$Negated                                      : loaded 2 times (x 109B)
Class com.google.common.base.CharMatcher$Is                                           : loaded 2 times (x 107B)
Class org.jetbrains.plugins.gradle.model.tests.ExternalTestsModel                     : loaded 2 times (x 66B)
Class org.gradle.internal.exceptions.DefaultMultiCauseException                       : loaded 2 times (x 91B)
Class com.google.common.util.concurrent.AbstractFuture$Failure                        : loaded 2 times (x 68B)
Class com.google.common.base.Equivalence$Equals                                       : loaded 2 times (x 78B)
Class com.google.common.collect.Hashing                                               : loaded 2 times (x 67B)
Class com.google.common.base.PatternCompiler                                          : loaded 2 times (x 66B)
Class com.google.common.base.Preconditions                                            : loaded 2 times (x 67B)
Class com.google.common.base.Joiner$1                                                 : loaded 2 times (x 76B)
Class org.objectweb.asm.Label                                                         : loaded 2 times (x 69B)
Class org.objectweb.asm.CurrentFrame                                                  : loaded 2 times (x 69B)
Class org.objectweb.asm.ClassTooLargeException                                        : loaded 2 times (x 79B)
Class com.google.common.collect.PeekingIterator                                       : loaded 2 times (x 66B)
Class com.google.common.base.CharMatcher                                              : loaded 2 times (x 107B)
Class org.gradle.internal.time.Time                                                   : loaded 2 times (x 67B)
Class com.google.common.base.Joiner$2                                                 : loaded 2 times (x 75B)
Class org.objectweb.asm.Frame                                                         : loaded 2 times (x 69B)
Class org.objectweb.asm.MethodVisitor                                                 : loaded 2 times (x 101B)
Class com.google.common.cache.LocalCache$EntryFactory$1                               : loaded 2 times (x 79B)
Class [Lcom.google.common.cache.RemovalListener;                                      : loaded 2 times (x 65B)
Class com.google.common.base.CharMatcher$1                                            : loaded 2 times (x 109B)
Class com.google.common.base.CharMatcher$NamedFastMatcher                             : loaded 2 times (x 108B)
Class sync_studio_tooling_5urioukbr6lai3irk841ddvdy                                   : loaded 2 times (x 175B)
Class com.google.common.cache.LocalCache$EntryFactory$2                               : loaded 2 times (x 79B)
Class org.jetbrains.plugins.gradle.model.DependencyAccessorsModel                     : loaded 2 times (x 66B)
Class org.objectweb.asm.ModuleWriter                                                  : loaded 2 times (x 78B)
Class com.google.common.cache.LocalCache$EntryFactory$3                               : loaded 2 times (x 79B)
Class com.google.common.base.Ticker$1                                                 : loaded 2 times (x 68B)
Class com.google.common.collect.ImmutableMapEntrySet$RegularEntrySet                  : loaded 2 times (x 147B)
Class com.google.common.collect.Maps$BiMapConverter                                   : loaded 2 times (x 86B)
Class org.jetbrains.kotlin.idea.gradleTooling.KotlinMPPGradleModel                    : loaded 2 times (x 66B)
Class org.gradle.tooling.model.BuildIdentifier                                        : loaded 2 times (x 66B)
Class com.google.common.cache.LocalCache$EntryFactory$4                               : loaded 2 times (x 79B)
Class com.google.common.collect.ImmutableSet$Builder                                  : loaded 2 times (x 81B)
Class com.google.common.base.CharMatcher$InRange                                      : loaded 2 times (x 107B)
Class org.jetbrains.kotlin.idea.gradleTooling.PrepareKotlinIdeImportTaskModel         : loaded 2 times (x 66B)
Class com.google.common.cache.LocalCache$EntryFactory$5                               : loaded 2 times (x 79B)
Class com.google.common.cache.LocalCache$EntryFactory$6                               : loaded 2 times (x 79B)
Class Build_gradle                                                                    : loaded 2 times (x 68B)
Class org.gradle.internal.time.Timer                                                  : loaded 2 times (x 66B)
Class kotlin.jvm.internal.markers.KMappedMarker                                       : loaded 2 times (x 66B)
Class org.gradle.internal.installation.CurrentGradleInstallationLocator               : loaded 2 times (x 67B)
Class com.google.common.cache.LocalCache$EntryFactory$7                               : loaded 2 times (x 79B)
Class com.google.common.collect.ImmutableSet$EmptySetBuilderImpl                      : loaded 2 times (x 72B)
Class com.google.common.collect.ImmutableList                                         : loaded 2 times (x 202B)
Class org.gradle.internal.service.DefaultServiceLocator                               : loaded 2 times (x 79B)
Class com.google.common.cache.LocalCache$EntryFactory$8                               : loaded 2 times (x 79B)
Class com.google.common.collect.ImmutableSet$SetBuilderImpl                           : loaded 2 times (x 72B)
Class org.gradle.util.GradleVersion                                                   : loaded 2 times (x 75B)
Class org.gradle.internal.installation.CurrentGradleInstallation                      : loaded 2 times (x 69B)
Class com.google.common.cache.CacheLoader$1                                           : loaded 2 times (x 71B)
Class com.google.common.collect.ImmutableList$SubList                                 : loaded 2 times (x 204B)
Class org.jetbrains.plugins.gradle.javaModel.JavaGradleManifestModel                  : loaded 2 times (x 66B)
Class org.gradle.util.internal.GUtil                                                  : loaded 2 times (x 67B)
Class com.google.common.util.concurrent.AbstractFuture$SetFuture                      : loaded 2 times (x 71B)
Class com.google.common.cache.AbstractCache$StatsCounter                              : loaded 2 times (x 66B)
Class com.google.common.collect.Iterators$MergingIterator                             : loaded 2 times (x 77B)
Class com.google.common.collect.RegularImmutableSet                                   : loaded 2 times (x 144B)
Class org.gradle.internal.installation.GradleInstallation                             : loaded 2 times (x 71B)
Class com.google.common.collect.Iterables                                             : loaded 2 times (x 67B)
Class com.google.common.base.Splitter$Strategy                                        : loaded 2 times (x 66B)

---------------  S Y S T E M  ---------------

OS:
 Windows 11 , 64 bit Build 22621 (10.0.22621.5415)
OS uptime: 2 days 15:29 hours
Hyper-V role detected

CPU: total 12 (initial active 12) (12 cores per cpu, 2 threads per core) family 23 model 104 stepping 1 microcode 0x0, cx8, cmov, fxsr, ht, mmx, 3dnowpref, sse, sse2, sse3, ssse3, sse4a, sse4.1, sse4.2, popcnt, lzcnt, tsc, tscinvbit, avx, avx2, aes, clmul, bmi1, bmi2, adx, sha, fma, vzeroupper, clflush, clflushopt, hv, rdtscp, rdpid, f16c
Processor Information for processor 0
  Max Mhz: 2100, Current Mhz: 1893, Mhz Limit: 2100
Processor Information for processor 1
  Max Mhz: 2100, Current Mhz: 1893, Mhz Limit: 2100
Processor Information for processor 2
  Max Mhz: 2100, Current Mhz: 1813, Mhz Limit: 2100
Processor Information for processor 3
  Max Mhz: 2100, Current Mhz: 1893, Mhz Limit: 2100
Processor Information for processor 4
  Max Mhz: 2100, Current Mhz: 1893, Mhz Limit: 2100
Processor Information for processor 5
  Max Mhz: 2100, Current Mhz: 1813, Mhz Limit: 2100
Processor Information for processor 6
  Max Mhz: 2100, Current Mhz: 1813, Mhz Limit: 2100
Processor Information for processor 7
  Max Mhz: 2100, Current Mhz: 1813, Mhz Limit: 2100
Processor Information for processor 8
  Max Mhz: 2100, Current Mhz: 1813, Mhz Limit: 2100
Processor Information for processor 9
  Max Mhz: 2100, Current Mhz: 1813, Mhz Limit: 2100
Processor Information for processor 10
  Max Mhz: 2100, Current Mhz: 1813, Mhz Limit: 2100
Processor Information for processor 11
  Max Mhz: 2100, Current Mhz: 1813, Mhz Limit: 2100

Memory: 4k page, system-wide physical 7501M (462M free)
TotalPageFile size 23501M (AvailPageFile size 6M)
current process WorkingSet (physical memory assigned to process): 370M, peak: 370M
current process commit charge ("private bytes"): 544M, peak: 548M

vm_info: OpenJDK 64-Bit Server VM (21.0.5+-12932927-b750.29) for windows-amd64 JRE (21.0.5+-12932927-b750.29), built on 2025-01-17T02:01:10Z by "builder" with MS VC++ 16.10 / 16.11 (VS2019)

END.
