#
# There is insufficient memory for the Java Runtime Environment to continue.
# Native memory allocation (mmap) failed to map 234881024 bytes. Error detail: G1 virtual space
# Possible reasons:
#   The system is out of physical RAM or swap space
#   This process is running with CompressedOops enabled, and the Java Heap may be blocking the growth of the native heap
# Possible solutions:
#   Reduce memory load on the system
#   Increase physical memory or swap space
#   Check if swap backing store is full
#   Decrease Java heap size (-Xmx/-Xms)
#   Decrease number of Java threads
#   Decrease Java thread stack sizes (-Xss)
#   Set larger code cache with -XX:ReservedCodeCacheSize=
#   JVM is running with Unscaled Compressed Oops mode in which the Java heap is
#     placed in the first 4GB address space. The Java Heap base address is the
#     maximum limit for the native heap growth. Please use -XX:HeapBaseMinAddress
#     to set the Java Heap base and to place the Java Heap above 4GB virtual address.
# This output file may be truncated or incomplete.
#
#  Out of Memory Error (os_windows.cpp:3898), pid=7512, tid=12024
#
# JRE version: OpenJDK Runtime Environment (21.0.6) (build 21.0.6+-13391695-b895.109)
# Java VM: OpenJDK 64-Bit Server VM (21.0.6+-13391695-b895.109, mixed mode, tiered, compressed oops, compressed class ptrs, g1 gc, windows-amd64)
# No core dump will be written. Minidumps are not enabled by default on client versions of Windows
#

---------------  S U M M A R Y ------------

Command Line: --add-opens=java.base/java.lang=ALL-UNNAMED --add-opens=java.base/java.lang.invoke=ALL-UNNAMED --add-opens=java.base/java.util=ALL-UNNAMED --add-opens=java.prefs/java.util.prefs=ALL-UNNAMED --add-exports=jdk.compiler/com.sun.tools.javac.api=ALL-UNNAMED --add-exports=jdk.compiler/com.sun.tools.javac.util=ALL-UNNAMED --add-opens=java.base/java.util=ALL-UNNAMED --add-opens=java.prefs/java.util.prefs=ALL-UNNAMED --add-opens=java.base/java.nio.charset=ALL-UNNAMED --add-opens=java.base/java.net=ALL-UNNAMED --add-opens=java.base/java.util.concurrent.atomic=ALL-UNNAMED --add-opens=java.xml/javax.xml.namespace=ALL-UNNAMED -Xmx2048m -Dfile.encoding=UTF-8 -Duser.country=US -Duser.language=en -Duser.variant -javaagent:C:\Users\gaurav\.gradle\wrapper\dists\gradle-8.13-bin\5xuhj0ry160q40clulazy9h7d\gradle-8.13\lib\agents\gradle-instrumentation-agent-8.13.jar org.gradle.launcher.daemon.bootstrap.GradleDaemon 8.13

Host: AMD Ryzen 5 5500U with Radeon Graphics         , 12 cores, 7G,  Windows 11 , 64 bit Build 22621 (10.0.22621.5415)
Time: Sat Oct 25 08:47:15 2025 India Standard Time elapsed time: 928.291548 seconds (0d 0h 15m 28s)

---------------  T H R E A D  ---------------

Current thread (0x000001bcfc5d8c10):  VMThread "VM Thread"          [id=12024, stack(0x0000009c79800000,0x0000009c79900000) (1024K)]

Stack: [0x0000009c79800000,0x0000009c79900000]
Native frames: (J=compiled Java code, j=interpreted, Vv=VM code, C=native code)
V  [jvm.dll+0x6d0639]
V  [jvm.dll+0x85eb03]
V  [jvm.dll+0x86105e]
V  [jvm.dll+0x861743]
V  [jvm.dll+0x27e6e6]
V  [jvm.dll+0x6ccfd5]
V  [jvm.dll+0x6c0a8a]
V  [jvm.dll+0x35537b]
V  [jvm.dll+0x35cfd6]
V  [jvm.dll+0x3aef86]
V  [jvm.dll+0x3af258]
V  [jvm.dll+0x327a2c]
V  [jvm.dll+0x327ab7]
V  [jvm.dll+0x36d93c]
V  [jvm.dll+0x36c0ee]
V  [jvm.dll+0x327181]
V  [jvm.dll+0x36bb1b]
V  [jvm.dll+0x8674c8]
V  [jvm.dll+0x868844]
V  [jvm.dll+0x868d80]
V  [jvm.dll+0x869013]
V  [jvm.dll+0x806ed8]
V  [jvm.dll+0x6cef0d]
C  [ucrtbase.dll+0x29333]
C  [KERNEL32.DLL+0x1259d]
C  [ntdll.dll+0x5af78]

VM_Operation (0x0000009c007f3050): G1TryInitiateConcMark, mode: safepoint, requested by thread 0x000001bc861b98f0


---------------  P R O C E S S  ---------------

Threads class SMR info:
_java_thread_list=0x000001bc8d759cc0, length=94, elements={
0x000001bce4970160, 0x000001bcfc64aea0, 0x000001bcfc64c190, 0x000001bcfc64f170,
0x000001bcfc64d040, 0x000001bcfc64d6a0, 0x000001bcfc64e500, 0x000001bcfc650a80,
0x000001bcfc653520, 0x000001bcfc75fc00, 0x000001bcfc8d5b20, 0x000001bcfe03a530,
0x000001bcfdd780b0, 0x000001bcfe06d8a0, 0x000001bcfdfb0080, 0x000001bcfdfb0710,
0x000001bcfdfb3500, 0x000001bc846bcdd0, 0x000001bc846c1c90, 0x000001bc846bb390,
0x000001bc846c0250, 0x000001bc846be180, 0x000001bc846be810, 0x000001bc846c08e0,
0x000001bc846beea0, 0x000001bc846bf530, 0x000001bc846bc740, 0x000001bc846bfbc0,
0x000001bc846c0f70, 0x000001bc846c1600, 0x000001bc846bad00, 0x000001bc846bd460,
0x000001bcfe8dcf40, 0x000001bcff0541a0, 0x000001bc861b5de0, 0x000001bc84faa280,
0x000001bc90bfb340, 0x000001bc8e529f50, 0x000001bc9e95f7c0, 0x000001bc9e9604e0,
0x000001bc861b7190, 0x000001bc861b7820, 0x000001bc861b98f0, 0x000001bc9e516a10,
0x000001bc9e5142b0, 0x000001bc9e5170a0, 0x000001bc9e514fd0, 0x000001bc9e517730,
0x000001bc9e515660, 0x000001bc9e515cf0, 0x000001bc9113d230, 0x000001bc9113ec70,
0x000001bc9113d8c0, 0x000001bc9113e5e0, 0x000001bc9113df50, 0x000001bc9113f300,
0x000001bc8cfd1cf0, 0x000001bc9e95d060, 0x000001bc9e95eaa0, 0x000001bc9e95d6f0,
0x000001bc9e95f130, 0x000001bc9eeef710, 0x000001bc9eef0ac0, 0x000001bc9eef2500,
0x000001bc9eef1150, 0x000001bc9eef17e0, 0x000001bc9eef1e70, 0x000001bc9eeefda0,
0x000001bca2bfd3c0, 0x000001bca2bfc010, 0x000001bca2bfda50, 0x000001bca2bfcd30,
0x000001bc861b9260, 0x000001bc861b7eb0, 0x000001bc861b8540, 0x000001bc861b8bd0,
0x000001bc90c01c40, 0x000001bc90bfe130, 0x000001bc90bfe7c0, 0x000001bc90bfee50,
0x000001bc90bff4e0, 0x000001bc90bfacb0, 0x000001bc90bfb9d0, 0x000001bc9e4f5520,
0x000001bca3fb9e60, 0x000001bca3fbb210, 0x000001bca3fb9140, 0x000001bc8dcaf0a0,
0x000001bc8dcb0450, 0x000001bc8dcb0ae0, 0x000001bc8dcb1170, 0x000001bc8dcb1800,
0x000001bc9e639080, 0x000001bc9edb7300
}

Java Threads: ( => current thread )
  0x000001bce4970160 JavaThread "main"                              [_thread_blocked, id=7756, stack(0x0000009c79100000,0x0000009c79200000) (1024K)]
  0x000001bcfc64aea0 JavaThread "Reference Handler"          daemon [_thread_blocked, id=25936, stack(0x0000009c79900000,0x0000009c79a00000) (1024K)]
  0x000001bcfc64c190 JavaThread "Finalizer"                  daemon [_thread_blocked, id=15392, stack(0x0000009c79a00000,0x0000009c79b00000) (1024K)]
  0x000001bcfc64f170 JavaThread "Signal Dispatcher"          daemon [_thread_blocked, id=23160, stack(0x0000009c79b00000,0x0000009c79c00000) (1024K)]
  0x000001bcfc64d040 JavaThread "Attach Listener"            daemon [_thread_blocked, id=17580, stack(0x0000009c79c00000,0x0000009c79d00000) (1024K)]
  0x000001bcfc64d6a0 JavaThread "Service Thread"             daemon [_thread_blocked, id=25000, stack(0x0000009c79d00000,0x0000009c79e00000) (1024K)]
  0x000001bcfc64e500 JavaThread "Monitor Deflation Thread"   daemon [_thread_blocked, id=23988, stack(0x0000009c79e00000,0x0000009c79f00000) (1024K)]
  0x000001bcfc650a80 JavaThread "C2 CompilerThread0"         daemon [_thread_blocked, id=22944, stack(0x0000009c79f00000,0x0000009c7a000000) (1024K)]
  0x000001bcfc653520 JavaThread "C1 CompilerThread0"         daemon [_thread_blocked, id=23928, stack(0x0000009c7a000000,0x0000009c7a100000) (1024K)]
  0x000001bcfc75fc00 JavaThread "Common-Cleaner"             daemon [_thread_blocked, id=6352, stack(0x0000009c7a100000,0x0000009c7a200000) (1024K)]
  0x000001bcfc8d5b20 JavaThread "Notification Thread"        daemon [_thread_blocked, id=15304, stack(0x0000009c7a200000,0x0000009c7a300000) (1024K)]
  0x000001bcfe03a530 JavaThread "Daemon health stats"               [_thread_blocked, id=8124, stack(0x0000009c7a700000,0x0000009c7a800000) (1024K)]
  0x000001bcfdd780b0 JavaThread "Incoming local TCP Connector on port 56045"        [_thread_in_native, id=25108, stack(0x0000009c7a800000,0x0000009c7a900000) (1024K)]
  0x000001bcfe06d8a0 JavaThread "Daemon periodic checks"            [_thread_blocked, id=9716, stack(0x0000009c7a900000,0x0000009c7aa00000) (1024K)]
  0x000001bcfdfb0080 JavaThread "Cache worker for journal cache (C:\Users\gaurav\.gradle\caches\journal-1)"        [_thread_blocked, id=14540, stack(0x0000009c7b800000,0x0000009c7b900000) (1024K)]
  0x000001bcfdfb0710 JavaThread "File lock request listener"        [_thread_in_native, id=9728, stack(0x0000009c7b900000,0x0000009c7ba00000) (1024K)]
  0x000001bcfdfb3500 JavaThread "Cache worker for file hash cache (C:\Users\gaurav\.gradle\caches\8.13\fileHashes)"        [_thread_blocked, id=7000, stack(0x0000009c7ba00000,0x0000009c7bb00000) (1024K)]
  0x000001bc846bcdd0 JavaThread "File watcher server"        daemon [_thread_blocked, id=8672, stack(0x0000009c7be00000,0x0000009c7bf00000) (1024K)]
  0x000001bc846c1c90 JavaThread "File watcher consumer"      daemon [_thread_blocked, id=22980, stack(0x0000009c7bf00000,0x0000009c7c000000) (1024K)]
  0x000001bc846bb390 JavaThread "jar transforms"                    [_thread_blocked, id=13944, stack(0x0000009c7c000000,0x0000009c7c100000) (1024K)]
  0x000001bc846c0250 JavaThread "jar transforms Thread 2"           [_thread_blocked, id=2984, stack(0x0000009c7c100000,0x0000009c7c200000) (1024K)]
  0x000001bc846be180 JavaThread "jar transforms Thread 3"           [_thread_blocked, id=15904, stack(0x0000009c7c200000,0x0000009c7c300000) (1024K)]
  0x000001bc846be810 JavaThread "jar transforms Thread 4"           [_thread_blocked, id=7408, stack(0x0000009c7c300000,0x0000009c7c400000) (1024K)]
  0x000001bc846c08e0 JavaThread "jar transforms Thread 5"           [_thread_blocked, id=23972, stack(0x0000009c7c400000,0x0000009c7c500000) (1024K)]
  0x000001bc846beea0 JavaThread "jar transforms Thread 6"           [_thread_blocked, id=19348, stack(0x0000009c7c500000,0x0000009c7c600000) (1024K)]
  0x000001bc846bf530 JavaThread "jar transforms Thread 7"           [_thread_blocked, id=17892, stack(0x0000009c7c600000,0x0000009c7c700000) (1024K)]
  0x000001bc846bc740 JavaThread "jar transforms Thread 8"           [_thread_blocked, id=14848, stack(0x0000009c7c700000,0x0000009c7c800000) (1024K)]
  0x000001bc846bfbc0 JavaThread "jar transforms Thread 9"           [_thread_blocked, id=21244, stack(0x0000009c7c800000,0x0000009c7c900000) (1024K)]
  0x000001bc846c0f70 JavaThread "jar transforms Thread 10"          [_thread_blocked, id=25412, stack(0x0000009c7c900000,0x0000009c7ca00000) (1024K)]
  0x000001bc846c1600 JavaThread "jar transforms Thread 11"          [_thread_blocked, id=4188, stack(0x0000009c7ca00000,0x0000009c7cb00000) (1024K)]
  0x000001bc846bad00 JavaThread "jar transforms Thread 12"          [_thread_blocked, id=19696, stack(0x0000009c7cb00000,0x0000009c7cc00000) (1024K)]
  0x000001bc846bd460 JavaThread "Cache worker for file content cache (C:\Users\gaurav\.gradle\caches\8.13\fileContent)"        [_thread_blocked, id=18736, stack(0x0000009c7cf00000,0x0000009c7d000000) (1024K)]
  0x000001bcfe8dcf40 JavaThread "Memory manager"                    [_thread_blocked, id=22800, stack(0x0000009c00500000,0x0000009c00600000) (1024K)]
  0x000001bcff0541a0 JavaThread "pool-3-thread-1"                   [_thread_blocked, id=26024, stack(0x0000009c00400000,0x0000009c00500000) (1024K)]
  0x000001bc861b5de0 JavaThread "pool-6-thread-1"                   [_thread_blocked, id=23556, stack(0x0000009c00200000,0x0000009c00300000) (1024K)]
  0x000001bc84faa280 JavaThread "pool-9-thread-1"                   [_thread_blocked, id=2852, stack(0x0000009c03300000,0x0000009c03400000) (1024K)]
  0x000001bc90bfb340 JavaThread "pool-12-thread-1"                  [_thread_blocked, id=18460, stack(0x0000009c02a00000,0x0000009c02b00000) (1024K)]
  0x000001bc8e529f50 JavaThread "pool-15-thread-1"                  [_thread_blocked, id=16332, stack(0x0000009c02800000,0x0000009c02900000) (1024K)]
  0x000001bc9e95f7c0 JavaThread "Daemon Thread 6"                   [_thread_blocked, id=1532, stack(0x0000009c00000000,0x0000009c00100000) (1024K)]
  0x000001bc9e9604e0 JavaThread "Daemon Thread 7"                   [_thread_blocked, id=25700, stack(0x0000009c00100000,0x0000009c00200000) (1024K)]
  0x000001bc861b7190 JavaThread "Handler for socket connection from /127.0.0.1:56045 to /127.0.0.1:56394"        [_thread_in_native, id=7372, stack(0x0000009c00600000,0x0000009c00700000) (1024K)]
  0x000001bc861b7820 JavaThread "Cancel handler"                    [_thread_blocked, id=22132, stack(0x0000009c00300000,0x0000009c00400000) (1024K)]
  0x000001bc861b98f0 JavaThread "Daemon worker Thread 5"            [_thread_blocked, id=17864, stack(0x0000009c00700000,0x0000009c00800000) (1024K)]
  0x000001bc9e516a10 JavaThread "Asynchronous log dispatcher for DefaultDaemonConnection: socket connection from /127.0.0.1:56045 to /127.0.0.1:56394"        [_thread_blocked, id=22076, stack(0x0000009c00800000,0x0000009c00900000) (1024K)]
  0x000001bc9e5142b0 JavaThread "Stdin handler"                     [_thread_blocked, id=20524, stack(0x0000009c00900000,0x0000009c00a00000) (1024K)]
  0x000001bc9e5170a0 JavaThread "Daemon client event forwarder"        [_thread_blocked, id=2340, stack(0x0000009c00a00000,0x0000009c00b00000) (1024K)]
  0x000001bc9e514fd0 JavaThread "Cache worker for file hash cache (D:\Gaurav\MindMingle\.gradle\8.13\fileHashes)"        [_thread_blocked, id=13952, stack(0x0000009c00b00000,0x0000009c00c00000) (1024K)]
  0x000001bc9e517730 JavaThread "Cache worker for Build Output Cleanup Cache (D:\Gaurav\MindMingle\.gradle\buildOutputCleanup)"        [_thread_blocked, id=24104, stack(0x0000009c00c00000,0x0000009c00d00000) (1024K)]
  0x000001bc9e515660 JavaThread "Cache worker for checksums cache (D:\Gaurav\MindMingle\.gradle\8.13\checksums)"        [_thread_blocked, id=22584, stack(0x0000009c00d00000,0x0000009c00e00000) (1024K)]
  0x000001bc9e515cf0 JavaThread "Cache worker for cache directory md-supplier (C:\Users\gaurav\.gradle\caches\8.13\md-supplier)"        [_thread_blocked, id=14860, stack(0x0000009c00e00000,0x0000009c00f00000) (1024K)]
  0x000001bc9113d230 JavaThread "Cache worker for cache directory md-rule (C:\Users\gaurav\.gradle\caches\8.13\md-rule)"        [_thread_blocked, id=13004, stack(0x0000009c00f00000,0x0000009c01000000) (1024K)]
  0x000001bc9113ec70 JavaThread "Unconstrained build operations"        [_thread_blocked, id=14444, stack(0x0000009c01000000,0x0000009c01100000) (1024K)]
  0x000001bc9113d8c0 JavaThread "Unconstrained build operations Thread 2"        [_thread_blocked, id=22688, stack(0x0000009c01100000,0x0000009c01200000) (1024K)]
  0x000001bc9113e5e0 JavaThread "Unconstrained build operations Thread 3"        [_thread_blocked, id=24008, stack(0x0000009c01200000,0x0000009c01300000) (1024K)]
  0x000001bc9113df50 JavaThread "Unconstrained build operations Thread 4"        [_thread_blocked, id=18696, stack(0x0000009c01300000,0x0000009c01400000) (1024K)]
  0x000001bc9113f300 JavaThread "Unconstrained build operations Thread 5"        [_thread_blocked, id=12084, stack(0x0000009c01400000,0x0000009c01500000) (1024K)]
  0x000001bc8cfd1cf0 JavaThread "Unconstrained build operations Thread 6"        [_thread_blocked, id=5712, stack(0x0000009c01500000,0x0000009c01600000) (1024K)]
  0x000001bc9e95d060 JavaThread "Unconstrained build operations Thread 7"        [_thread_blocked, id=17232, stack(0x0000009c01600000,0x0000009c01700000) (1024K)]
  0x000001bc9e95eaa0 JavaThread "Unconstrained build operations Thread 8"        [_thread_blocked, id=8876, stack(0x0000009c01700000,0x0000009c01800000) (1024K)]
  0x000001bc9e95d6f0 JavaThread "Unconstrained build operations Thread 9"        [_thread_blocked, id=6428, stack(0x0000009c01800000,0x0000009c01900000) (1024K)]
  0x000001bc9e95f130 JavaThread "Unconstrained build operations Thread 10"        [_thread_blocked, id=3740, stack(0x0000009c01900000,0x0000009c01a00000) (1024K)]
  0x000001bc9eeef710 JavaThread "Unconstrained build operations Thread 11"        [_thread_blocked, id=26288, stack(0x0000009c01a00000,0x0000009c01b00000) (1024K)]
  0x000001bc9eef0ac0 JavaThread "Unconstrained build operations Thread 12"        [_thread_blocked, id=22340, stack(0x0000009c01b00000,0x0000009c01c00000) (1024K)]
  0x000001bc9eef2500 JavaThread "Unconstrained build operations Thread 13"        [_thread_blocked, id=10492, stack(0x0000009c01c00000,0x0000009c01d00000) (1024K)]
  0x000001bc9eef1150 JavaThread "Unconstrained build operations Thread 14"        [_thread_blocked, id=20024, stack(0x0000009c01d00000,0x0000009c01e00000) (1024K)]
  0x000001bc9eef17e0 JavaThread "Unconstrained build operations Thread 15"        [_thread_blocked, id=11488, stack(0x0000009c01e00000,0x0000009c01f00000) (1024K)]
  0x000001bc9eef1e70 JavaThread "Unconstrained build operations Thread 16"        [_thread_blocked, id=20348, stack(0x0000009c01f00000,0x0000009c02000000) (1024K)]
  0x000001bc9eeefda0 JavaThread "Unconstrained build operations Thread 17"        [_thread_blocked, id=8572, stack(0x0000009c02000000,0x0000009c02100000) (1024K)]
  0x000001bca2bfd3c0 JavaThread "Unconstrained build operations Thread 18"        [_thread_blocked, id=21820, stack(0x0000009c02100000,0x0000009c02200000) (1024K)]
  0x000001bca2bfc010 JavaThread "Unconstrained build operations Thread 19"        [_thread_blocked, id=14732, stack(0x0000009c02200000,0x0000009c02300000) (1024K)]
  0x000001bca2bfda50 JavaThread "Unconstrained build operations Thread 20"        [_thread_blocked, id=24000, stack(0x0000009c02300000,0x0000009c02400000) (1024K)]
  0x000001bca2bfcd30 JavaThread "Unconstrained build operations Thread 21"        [_thread_blocked, id=26008, stack(0x0000009c02400000,0x0000009c02500000) (1024K)]
  0x000001bc861b9260 JavaThread "Unconstrained build operations Thread 22"        [_thread_blocked, id=24948, stack(0x0000009c02500000,0x0000009c02600000) (1024K)]
  0x000001bc861b7eb0 JavaThread "Unconstrained build operations Thread 23"        [_thread_blocked, id=25400, stack(0x0000009c02600000,0x0000009c02700000) (1024K)]
  0x000001bc861b8540 JavaThread "Unconstrained build operations Thread 24"        [_thread_blocked, id=18492, stack(0x0000009c02700000,0x0000009c02800000) (1024K)]
  0x000001bc861b8bd0 JavaThread "Unconstrained build operations Thread 25"        [_thread_blocked, id=8968, stack(0x0000009c02900000,0x0000009c02a00000) (1024K)]
  0x000001bc90c01c40 JavaThread "Unconstrained build operations Thread 26"        [_thread_blocked, id=10072, stack(0x0000009c02b00000,0x0000009c02c00000) (1024K)]
  0x000001bc90bfe130 JavaThread "Unconstrained build operations Thread 27"        [_thread_blocked, id=3132, stack(0x0000009c02c00000,0x0000009c02d00000) (1024K)]
  0x000001bc90bfe7c0 JavaThread "Unconstrained build operations Thread 28"        [_thread_blocked, id=24784, stack(0x0000009c02d00000,0x0000009c02e00000) (1024K)]
  0x000001bc90bfee50 JavaThread "Unconstrained build operations Thread 29"        [_thread_blocked, id=23996, stack(0x0000009c02e00000,0x0000009c02f00000) (1024K)]
  0x000001bc90bff4e0 JavaThread "Unconstrained build operations Thread 30"        [_thread_blocked, id=24648, stack(0x0000009c02f00000,0x0000009c03000000) (1024K)]
  0x000001bc90bfacb0 JavaThread "Unconstrained build operations Thread 31"        [_thread_blocked, id=3848, stack(0x0000009c03000000,0x0000009c03100000) (1024K)]
  0x000001bc90bfb9d0 JavaThread "Unconstrained build operations Thread 32"        [_thread_blocked, id=16552, stack(0x0000009c03100000,0x0000009c03200000) (1024K)]
  0x000001bc9e4f5520 JavaThread "Unconstrained build operations Thread 33"        [_thread_blocked, id=3328, stack(0x0000009c03200000,0x0000009c03300000) (1024K)]
  0x000001bca3fb9e60 JavaThread "Unconstrained build operations Thread 34"        [_thread_blocked, id=14468, stack(0x0000009c03400000,0x0000009c03500000) (1024K)]
  0x000001bca3fbb210 JavaThread "Unconstrained build operations Thread 35"        [_thread_blocked, id=24076, stack(0x0000009c03500000,0x0000009c03600000) (1024K)]
  0x000001bca3fb9140 JavaThread "Unconstrained build operations Thread 36"        [_thread_blocked, id=21716, stack(0x0000009c03600000,0x0000009c03700000) (1024K)]
  0x000001bc8dcaf0a0 JavaThread "Unconstrained build operations Thread 37"        [_thread_blocked, id=25204, stack(0x0000009c03700000,0x0000009c03800000) (1024K)]
  0x000001bc8dcb0450 JavaThread "Unconstrained build operations Thread 38"        [_thread_blocked, id=14712, stack(0x0000009c03800000,0x0000009c03900000) (1024K)]
  0x000001bc8dcb0ae0 JavaThread "Unconstrained build operations Thread 39"        [_thread_blocked, id=15204, stack(0x0000009c03900000,0x0000009c03a00000) (1024K)]
  0x000001bc8dcb1170 JavaThread "Unconstrained build operations Thread 40"        [_thread_blocked, id=9148, stack(0x0000009c03a00000,0x0000009c03b00000) (1024K)]
  0x000001bc8dcb1800 JavaThread "Unconstrained build operations Thread 41"        [_thread_blocked, id=4048, stack(0x0000009c03b00000,0x0000009c03c00000) (1024K)]
  0x000001bc9e639080 JavaThread "Unconstrained build operations Thread 42"        [_thread_blocked, id=2804, stack(0x0000009c03c00000,0x0000009c03d00000) (1024K)]
  0x000001bc9edb7300 JavaThread "Unconstrained build operations Thread 43"        [_thread_blocked, id=25512, stack(0x0000009c03d00000,0x0000009c03e00000) (1024K)]
Total: 94

Other Threads:
=>0x000001bcfc5d8c10 VMThread "VM Thread"                           [id=12024, stack(0x0000009c79800000,0x0000009c79900000) (1024K)]
  0x000001bcfc4285b0 WatcherThread "VM Periodic Task Thread"        [id=11924, stack(0x0000009c79700000,0x0000009c79800000) (1024K)]
  0x000001bce272e040 WorkerThread "GC Thread#0"                     [id=10192, stack(0x0000009c79200000,0x0000009c79300000) (1024K)]
  0x000001bcfc975350 WorkerThread "GC Thread#1"                     [id=18948, stack(0x0000009c7a500000,0x0000009c7a600000) (1024K)]
  0x000001bcfcc25300 WorkerThread "GC Thread#2"                     [id=6812, stack(0x0000009c7a600000,0x0000009c7a700000) (1024K)]
  0x000001bcfd12b1b0 WorkerThread "GC Thread#3"                     [id=13980, stack(0x0000009c7a300000,0x0000009c7a400000) (1024K)]
  0x000001bcfd12ae10 WorkerThread "GC Thread#4"                     [id=22452, stack(0x0000009c7a400000,0x0000009c7a500000) (1024K)]
  0x000001bcfd12bc90 WorkerThread "GC Thread#5"                     [id=7692, stack(0x0000009c7b100000,0x0000009c7b200000) (1024K)]
  0x000001bcfd12a330 WorkerThread "GC Thread#6"                     [id=9832, stack(0x0000009c7b200000,0x0000009c7b300000) (1024K)]
  0x000001bcfd12a6d0 WorkerThread "GC Thread#7"                     [id=2428, stack(0x0000009c7b300000,0x0000009c7b400000) (1024K)]
  0x000001bcfd12aa70 WorkerThread "GC Thread#8"                     [id=12044, stack(0x0000009c7b400000,0x0000009c7b500000) (1024K)]
  0x000001bcfcc0e4f0 WorkerThread "GC Thread#9"                     [id=8596, stack(0x0000009c7b500000,0x0000009c7b600000) (1024K)]
  0x000001bce49d42d0 ConcurrentGCThread "G1 Main Marker"            [id=11032, stack(0x0000009c79300000,0x0000009c79400000) (1024K)]
  0x000001bce49d4cf0 WorkerThread "G1 Conc#0"                       [id=25768, stack(0x0000009c79400000,0x0000009c79500000) (1024K)]
  0x000001bcfcc0e890 WorkerThread "G1 Conc#1"                       [id=23940, stack(0x0000009c7b600000,0x0000009c7b700000) (1024K)]
  0x000001bcfcc0ec30 WorkerThread "G1 Conc#2"                       [id=17836, stack(0x0000009c7b700000,0x0000009c7b800000) (1024K)]
  0x000001bce4a2e630 ConcurrentGCThread "G1 Refine#0"               [id=6804, stack(0x0000009c79500000,0x0000009c79600000) (1024K)]
  0x000001bcfc2fc240 ConcurrentGCThread "G1 Service"                [id=22352, stack(0x0000009c79600000,0x0000009c79700000) (1024K)]
Total: 18

Threads with active compile tasks:
C2 CompilerThread0  928383 47992   !   4       org.jetbrains.kotlin.metadata.ProtoBuf$Annotation::<init> (344 bytes)
Total: 1

VM state: at safepoint (normal execution)

VM Mutex/Monitor currently owned by a thread:  ([mutex/lock_event])
[0x00007ffdbf8ce3a0] Threads_lock - owner thread: 0x000001bcfc5d8c10
[0x00007ffdbf8ce4a0] Heap_lock - owner thread: 0x000001bc861b98f0

Heap address: 0x0000000080000000, size: 2048 MB, Compressed Oops mode: 32-bit

CDS archive(s) not mapped
Compressed class space mapped at: 0x0000000100000000-0x0000000140000000, reserved size: 1073741824
Narrow klass base: 0x0000000000000000, Narrow klass shift: 3, Narrow klass range: 0x140000000

GC Precious Log:
 CardTable entry size: 512
 Card Set container configuration: InlinePtr #cards 5 size 8 Array Of Cards #cards 12 size 40 Howl #buckets 4 coarsen threshold 1843 Howl Bitmap #cards 512 size 80 coarsen threshold 460 Card regions per heap region 1 cards per card region 2048
 CPUs: 12 total, 12 available
 Memory: 7501M
 Large Page Support: Disabled
 NUMA Support: Disabled
 Compressed Oops: Enabled (32-bit)
 Heap Region Size: 1M
 Heap Min Capacity: 8M
 Heap Initial Capacity: 118M
 Heap Max Capacity: 2G
 Pre-touch: Disabled
 Parallel Workers: 10
 Concurrent Workers: 3
 Concurrent Refinement Workers: 10
 Periodic GC: Disabled

Heap:
 garbage-first heap   total 952320K, used 679713K [0x0000000080000000, 0x0000000100000000)
  region size 1024K, 8 young (8192K), 8 survivors (8192K)
 Metaspace       used 302992K, committed 306368K, reserved 1376256K
  class space    used 36631K, committed 38336K, reserved 1048576K

Heap Regions: E=young(eden), S=young(survivor), O=old, HS=humongous(starts), HC=humongous(continues), CS=collection set, F=free, TAMS=top-at-mark-start, PB=parsable bottom
|   0|0x0000000080000000, 0x0000000080100000, 0x0000000080100000|100%|HS|  |TAMS 0x0000000080100000| PB 0x0000000080000000| Complete 
|   1|0x0000000080100000, 0x0000000080200000, 0x0000000080200000|100%|HC|  |TAMS 0x0000000080200000| PB 0x0000000080100000| Complete 
|   2|0x0000000080200000, 0x0000000080300000, 0x0000000080300000|100%|HC|  |TAMS 0x0000000080300000| PB 0x0000000080200000| Complete 
|   3|0x0000000080300000, 0x0000000080400000, 0x0000000080400000|100%| O|  |TAMS 0x0000000080400000| PB 0x0000000080300000| Untracked 
|   4|0x0000000080400000, 0x0000000080500000, 0x0000000080500000|100%| O|  |TAMS 0x0000000080500000| PB 0x0000000080400000| Untracked 
|   5|0x0000000080500000, 0x0000000080600000, 0x0000000080600000|100%| O|  |TAMS 0x0000000080600000| PB 0x0000000080500000| Untracked 
|   6|0x0000000080600000, 0x0000000080700000, 0x0000000080700000|100%|HS|  |TAMS 0x0000000080700000| PB 0x0000000080600000| Complete 
|   7|0x0000000080700000, 0x0000000080800000, 0x0000000080800000|100%| O|  |TAMS 0x0000000080800000| PB 0x0000000080700000| Untracked 
|   8|0x0000000080800000, 0x0000000080900000, 0x0000000080900000|100%| O|  |TAMS 0x0000000080900000| PB 0x0000000080800000| Untracked 
|   9|0x0000000080900000, 0x0000000080a00000, 0x0000000080a00000|100%| O|  |TAMS 0x0000000080a00000| PB 0x0000000080900000| Untracked 
|  10|0x0000000080a00000, 0x0000000080b00000, 0x0000000080b00000|100%| O|  |TAMS 0x0000000080b00000| PB 0x0000000080a00000| Untracked 
|  11|0x0000000080b00000, 0x0000000080c00000, 0x0000000080c00000|100%| O|  |TAMS 0x0000000080c00000| PB 0x0000000080b00000| Untracked 
|  12|0x0000000080c00000, 0x0000000080d00000, 0x0000000080d00000|100%| O|  |TAMS 0x0000000080d00000| PB 0x0000000080c00000| Untracked 
|  13|0x0000000080d00000, 0x0000000080e00000, 0x0000000080e00000|100%| O|  |TAMS 0x0000000080e00000| PB 0x0000000080d00000| Untracked 
|  14|0x0000000080e00000, 0x0000000080f00000, 0x0000000080f00000|100%| O|  |TAMS 0x0000000080f00000| PB 0x0000000080e00000| Untracked 
|  15|0x0000000080f00000, 0x0000000081000000, 0x0000000081000000|100%| O|  |TAMS 0x0000000081000000| PB 0x0000000080f00000| Untracked 
|  16|0x0000000081000000, 0x0000000081100000, 0x0000000081100000|100%| O|  |TAMS 0x0000000081100000| PB 0x0000000081000000| Untracked 
|  17|0x0000000081100000, 0x0000000081200000, 0x0000000081200000|100%| O|  |TAMS 0x0000000081200000| PB 0x0000000081100000| Untracked 
|  18|0x0000000081200000, 0x0000000081300000, 0x0000000081300000|100%| O|  |TAMS 0x0000000081300000| PB 0x0000000081200000| Untracked 
|  19|0x0000000081300000, 0x0000000081400000, 0x0000000081400000|100%| O|  |TAMS 0x0000000081400000| PB 0x0000000081300000| Untracked 
|  20|0x0000000081400000, 0x0000000081500000, 0x0000000081500000|100%| O|  |TAMS 0x0000000081500000| PB 0x0000000081400000| Untracked 
|  21|0x0000000081500000, 0x0000000081600000, 0x0000000081600000|100%| O|  |TAMS 0x0000000081600000| PB 0x0000000081500000| Untracked 
|  22|0x0000000081600000, 0x0000000081700000, 0x0000000081700000|100%|HS|  |TAMS 0x0000000081700000| PB 0x0000000081600000| Complete 
|  23|0x0000000081700000, 0x0000000081800000, 0x0000000081800000|100%|HC|  |TAMS 0x0000000081800000| PB 0x0000000081700000| Complete 
|  24|0x0000000081800000, 0x0000000081900000, 0x0000000081900000|100%|HC|  |TAMS 0x0000000081900000| PB 0x0000000081800000| Complete 
|  25|0x0000000081900000, 0x0000000081a00000, 0x0000000081a00000|100%|HC|  |TAMS 0x0000000081a00000| PB 0x0000000081900000| Complete 
|  26|0x0000000081a00000, 0x0000000081b00000, 0x0000000081b00000|100%|HC|  |TAMS 0x0000000081b00000| PB 0x0000000081a00000| Complete 
|  27|0x0000000081b00000, 0x0000000081c00000, 0x0000000081c00000|100%|HC|  |TAMS 0x0000000081c00000| PB 0x0000000081b00000| Complete 
|  28|0x0000000081c00000, 0x0000000081d00000, 0x0000000081d00000|100%|HS|  |TAMS 0x0000000081d00000| PB 0x0000000081c00000| Complete 
|  29|0x0000000081d00000, 0x0000000081e00000, 0x0000000081e00000|100%|HS|  |TAMS 0x0000000081e00000| PB 0x0000000081d00000| Complete 
|  30|0x0000000081e00000, 0x0000000081f00000, 0x0000000081f00000|100%|HS|  |TAMS 0x0000000081f00000| PB 0x0000000081e00000| Complete 
|  31|0x0000000081f00000, 0x0000000082000000, 0x0000000082000000|100%| O|  |TAMS 0x0000000082000000| PB 0x0000000081f00000| Untracked 
|  32|0x0000000082000000, 0x0000000082100000, 0x0000000082100000|100%|HS|  |TAMS 0x0000000082100000| PB 0x0000000082000000| Complete 
|  33|0x0000000082100000, 0x0000000082200000, 0x0000000082200000|100%|HC|  |TAMS 0x0000000082200000| PB 0x0000000082100000| Complete 
|  34|0x0000000082200000, 0x0000000082300000, 0x0000000082300000|100%|HC|  |TAMS 0x0000000082300000| PB 0x0000000082200000| Complete 
|  35|0x0000000082300000, 0x0000000082400000, 0x0000000082400000|100%|HC|  |TAMS 0x0000000082400000| PB 0x0000000082300000| Complete 
|  36|0x0000000082400000, 0x0000000082500000, 0x0000000082500000|100%| O|  |TAMS 0x0000000082500000| PB 0x0000000082400000| Untracked 
|  37|0x0000000082500000, 0x0000000082600000, 0x0000000082600000|100%| O|  |TAMS 0x0000000082600000| PB 0x0000000082500000| Untracked 
|  38|0x0000000082600000, 0x0000000082700000, 0x0000000082700000|100%| O|  |TAMS 0x0000000082700000| PB 0x0000000082600000| Untracked 
|  39|0x0000000082700000, 0x0000000082800000, 0x0000000082800000|100%|HS|  |TAMS 0x0000000082800000| PB 0x0000000082700000| Complete 
|  40|0x0000000082800000, 0x0000000082900000, 0x0000000082900000|100%|HC|  |TAMS 0x0000000082900000| PB 0x0000000082800000| Complete 
|  41|0x0000000082900000, 0x0000000082a00000, 0x0000000082a00000|100%|HS|  |TAMS 0x0000000082a00000| PB 0x0000000082900000| Complete 
|  42|0x0000000082a00000, 0x0000000082b00000, 0x0000000082b00000|100%|HC|  |TAMS 0x0000000082b00000| PB 0x0000000082a00000| Complete 
|  43|0x0000000082b00000, 0x0000000082c00000, 0x0000000082c00000|100%|HC|  |TAMS 0x0000000082c00000| PB 0x0000000082b00000| Complete 
|  44|0x0000000082c00000, 0x0000000082d00000, 0x0000000082d00000|100%|HC|  |TAMS 0x0000000082d00000| PB 0x0000000082c00000| Complete 
|  45|0x0000000082d00000, 0x0000000082e00000, 0x0000000082e00000|100%|HC|  |TAMS 0x0000000082e00000| PB 0x0000000082d00000| Complete 
|  46|0x0000000082e00000, 0x0000000082f00000, 0x0000000082f00000|100%|HC|  |TAMS 0x0000000082f00000| PB 0x0000000082e00000| Complete 
|  47|0x0000000082f00000, 0x0000000083000000, 0x0000000083000000|100%|HS|  |TAMS 0x0000000083000000| PB 0x0000000082f00000| Complete 
|  48|0x0000000083000000, 0x0000000083100000, 0x0000000083100000|100%|HS|  |TAMS 0x0000000083100000| PB 0x0000000083000000| Complete 
|  49|0x0000000083100000, 0x0000000083200000, 0x0000000083200000|100%|HC|  |TAMS 0x0000000083200000| PB 0x0000000083100000| Complete 
|  50|0x0000000083200000, 0x0000000083300000, 0x0000000083300000|100%|HC|  |TAMS 0x0000000083300000| PB 0x0000000083200000| Complete 
|  51|0x0000000083300000, 0x0000000083400000, 0x0000000083400000|100%|HC|  |TAMS 0x0000000083400000| PB 0x0000000083300000| Complete 
|  52|0x0000000083400000, 0x0000000083500000, 0x0000000083500000|100%| O|  |TAMS 0x0000000083500000| PB 0x0000000083400000| Untracked 
|  53|0x0000000083500000, 0x0000000083600000, 0x0000000083600000|100%| O|  |TAMS 0x0000000083600000| PB 0x0000000083500000| Untracked 
|  54|0x0000000083600000, 0x0000000083700000, 0x0000000083700000|100%| O|  |TAMS 0x0000000083700000| PB 0x0000000083600000| Untracked 
|  55|0x0000000083700000, 0x0000000083800000, 0x0000000083800000|100%| O|  |TAMS 0x0000000083800000| PB 0x0000000083700000| Untracked 
|  56|0x0000000083800000, 0x0000000083900000, 0x0000000083900000|100%| O|  |TAMS 0x0000000083900000| PB 0x0000000083800000| Untracked 
|  57|0x0000000083900000, 0x0000000083a00000, 0x0000000083a00000|100%|HS|  |TAMS 0x0000000083a00000| PB 0x0000000083900000| Complete 
|  58|0x0000000083a00000, 0x0000000083b00000, 0x0000000083b00000|100%|HC|  |TAMS 0x0000000083b00000| PB 0x0000000083a00000| Complete 
|  59|0x0000000083b00000, 0x0000000083c00000, 0x0000000083c00000|100%| O|  |TAMS 0x0000000083c00000| PB 0x0000000083b00000| Untracked 
|  60|0x0000000083c00000, 0x0000000083d00000, 0x0000000083d00000|100%| O|  |TAMS 0x0000000083d00000| PB 0x0000000083c00000| Untracked 
|  61|0x0000000083d00000, 0x0000000083e00000, 0x0000000083e00000|100%| O|  |TAMS 0x0000000083e00000| PB 0x0000000083d00000| Untracked 
|  62|0x0000000083e00000, 0x0000000083f00000, 0x0000000083f00000|100%| O|  |TAMS 0x0000000083f00000| PB 0x0000000083e00000| Untracked 
|  63|0x0000000083f00000, 0x0000000084000000, 0x0000000084000000|100%| O|  |TAMS 0x0000000084000000| PB 0x0000000083f00000| Untracked 
|  64|0x0000000084000000, 0x0000000084100000, 0x0000000084100000|100%| O|  |TAMS 0x0000000084100000| PB 0x0000000084000000| Untracked 
|  65|0x0000000084100000, 0x0000000084200000, 0x0000000084200000|100%|HS|  |TAMS 0x0000000084200000| PB 0x0000000084100000| Complete 
|  66|0x0000000084200000, 0x0000000084300000, 0x0000000084300000|100%|HC|  |TAMS 0x0000000084300000| PB 0x0000000084200000| Complete 
|  67|0x0000000084300000, 0x0000000084400000, 0x0000000084400000|100%|HS|  |TAMS 0x0000000084400000| PB 0x0000000084300000| Complete 
|  68|0x0000000084400000, 0x0000000084500000, 0x0000000084500000|100%|HC|  |TAMS 0x0000000084500000| PB 0x0000000084400000| Complete 
|  69|0x0000000084500000, 0x0000000084600000, 0x0000000084600000|100%|HC|  |TAMS 0x0000000084600000| PB 0x0000000084500000| Complete 
|  70|0x0000000084600000, 0x0000000084700000, 0x0000000084700000|100%|HC|  |TAMS 0x0000000084700000| PB 0x0000000084600000| Complete 
|  71|0x0000000084700000, 0x0000000084800000, 0x0000000084800000|100%|HC|  |TAMS 0x0000000084800000| PB 0x0000000084700000| Complete 
|  72|0x0000000084800000, 0x0000000084900000, 0x0000000084900000|100%|HC|  |TAMS 0x0000000084900000| PB 0x0000000084800000| Complete 
|  73|0x0000000084900000, 0x0000000084a00000, 0x0000000084a00000|100%|HS|  |TAMS 0x0000000084a00000| PB 0x0000000084900000| Complete 
|  74|0x0000000084a00000, 0x0000000084b00000, 0x0000000084b00000|100%| O|  |TAMS 0x0000000084b00000| PB 0x0000000084a00000| Untracked 
|  75|0x0000000084b00000, 0x0000000084c00000, 0x0000000084c00000|100%| O|  |TAMS 0x0000000084c00000| PB 0x0000000084b00000| Untracked 
|  76|0x0000000084c00000, 0x0000000084d00000, 0x0000000084d00000|100%|HS|  |TAMS 0x0000000084d00000| PB 0x0000000084c00000| Complete 
|  77|0x0000000084d00000, 0x0000000084e00000, 0x0000000084e00000|100%|HC|  |TAMS 0x0000000084e00000| PB 0x0000000084d00000| Complete 
|  78|0x0000000084e00000, 0x0000000084f00000, 0x0000000084f00000|100%|HC|  |TAMS 0x0000000084f00000| PB 0x0000000084e00000| Complete 
|  79|0x0000000084f00000, 0x0000000085000000, 0x0000000085000000|100%|HC|  |TAMS 0x0000000085000000| PB 0x0000000084f00000| Complete 
|  80|0x0000000085000000, 0x0000000085100000, 0x0000000085100000|100%|HC|  |TAMS 0x0000000085100000| PB 0x0000000085000000| Complete 
|  81|0x0000000085100000, 0x0000000085200000, 0x0000000085200000|100%|HC|  |TAMS 0x0000000085200000| PB 0x0000000085100000| Complete 
|  82|0x0000000085200000, 0x0000000085300000, 0x0000000085300000|100%|HS|  |TAMS 0x0000000085300000| PB 0x0000000085200000| Complete 
|  83|0x0000000085300000, 0x0000000085400000, 0x0000000085400000|100%| O|  |TAMS 0x0000000085400000| PB 0x0000000085300000| Untracked 
|  84|0x0000000085400000, 0x0000000085500000, 0x0000000085500000|100%| O|  |TAMS 0x0000000085500000| PB 0x0000000085400000| Untracked 
|  85|0x0000000085500000, 0x0000000085600000, 0x0000000085600000|100%| O|  |TAMS 0x0000000085600000| PB 0x0000000085500000| Untracked 
|  86|0x0000000085600000, 0x0000000085700000, 0x0000000085700000|100%| O|  |TAMS 0x0000000085700000| PB 0x0000000085600000| Untracked 
|  87|0x0000000085700000, 0x0000000085800000, 0x0000000085800000|100%| O|  |TAMS 0x0000000085800000| PB 0x0000000085700000| Untracked 
|  88|0x0000000085800000, 0x0000000085900000, 0x0000000085900000|100%| O|  |TAMS 0x0000000085900000| PB 0x0000000085800000| Untracked 
|  89|0x0000000085900000, 0x0000000085a00000, 0x0000000085a00000|100%| O|  |TAMS 0x0000000085a00000| PB 0x0000000085900000| Untracked 
|  90|0x0000000085a00000, 0x0000000085b00000, 0x0000000085b00000|100%| O|  |TAMS 0x0000000085b00000| PB 0x0000000085a00000| Untracked 
|  91|0x0000000085b00000, 0x0000000085c00000, 0x0000000085c00000|100%| O|  |TAMS 0x0000000085c00000| PB 0x0000000085b00000| Untracked 
|  92|0x0000000085c00000, 0x0000000085d00000, 0x0000000085d00000|100%| O|  |TAMS 0x0000000085d00000| PB 0x0000000085c00000| Untracked 
|  93|0x0000000085d00000, 0x0000000085e00000, 0x0000000085e00000|100%| O|  |TAMS 0x0000000085e00000| PB 0x0000000085d00000| Untracked 
|  94|0x0000000085e00000, 0x0000000085f00000, 0x0000000085f00000|100%| O|  |TAMS 0x0000000085f00000| PB 0x0000000085e00000| Untracked 
|  95|0x0000000085f00000, 0x0000000086000000, 0x0000000086000000|100%| O|  |TAMS 0x0000000086000000| PB 0x0000000085f00000| Untracked 
|  96|0x0000000086000000, 0x0000000086100000, 0x0000000086100000|100%| O|  |TAMS 0x0000000086100000| PB 0x0000000086000000| Untracked 
|  97|0x0000000086100000, 0x0000000086200000, 0x0000000086200000|100%| O|  |TAMS 0x0000000086200000| PB 0x0000000086100000| Untracked 
|  98|0x0000000086200000, 0x0000000086300000, 0x0000000086300000|100%| O|  |TAMS 0x0000000086300000| PB 0x0000000086200000| Untracked 
|  99|0x0000000086300000, 0x0000000086400000, 0x0000000086400000|100%| O|  |TAMS 0x0000000086400000| PB 0x0000000086300000| Untracked 
| 100|0x0000000086400000, 0x0000000086500000, 0x0000000086500000|100%| O|  |TAMS 0x0000000086500000| PB 0x0000000086400000| Untracked 
| 101|0x0000000086500000, 0x0000000086600000, 0x0000000086600000|100%| O|  |TAMS 0x0000000086600000| PB 0x0000000086500000| Untracked 
| 102|0x0000000086600000, 0x0000000086700000, 0x0000000086700000|100%|HS|  |TAMS 0x0000000086700000| PB 0x0000000086600000| Complete 
| 103|0x0000000086700000, 0x0000000086800000, 0x0000000086800000|100%|HS|  |TAMS 0x0000000086800000| PB 0x0000000086700000| Complete 
| 104|0x0000000086800000, 0x0000000086900000, 0x0000000086900000|100%|HS|  |TAMS 0x0000000086900000| PB 0x0000000086800000| Complete 
| 105|0x0000000086900000, 0x0000000086a00000, 0x0000000086a00000|100%|HC|  |TAMS 0x0000000086a00000| PB 0x0000000086900000| Complete 
| 106|0x0000000086a00000, 0x0000000086b00000, 0x0000000086b00000|100%|HS|  |TAMS 0x0000000086b00000| PB 0x0000000086a00000| Complete 
| 107|0x0000000086b00000, 0x0000000086c00000, 0x0000000086c00000|100%|HC|  |TAMS 0x0000000086c00000| PB 0x0000000086b00000| Complete 
| 108|0x0000000086c00000, 0x0000000086d00000, 0x0000000086d00000|100%|HS|  |TAMS 0x0000000086d00000| PB 0x0000000086c00000| Complete 
| 109|0x0000000086d00000, 0x0000000086e00000, 0x0000000086e00000|100%|HS|  |TAMS 0x0000000086e00000| PB 0x0000000086d00000| Complete 
| 110|0x0000000086e00000, 0x0000000086f00000, 0x0000000086f00000|100%|HC|  |TAMS 0x0000000086f00000| PB 0x0000000086e00000| Complete 
| 111|0x0000000086f00000, 0x0000000087000000, 0x0000000087000000|100%|HC|  |TAMS 0x0000000087000000| PB 0x0000000086f00000| Complete 
| 112|0x0000000087000000, 0x0000000087100000, 0x0000000087100000|100%|HS|  |TAMS 0x0000000087100000| PB 0x0000000087000000| Complete 
| 113|0x0000000087100000, 0x0000000087200000, 0x0000000087200000|100%| O|  |TAMS 0x0000000087200000| PB 0x0000000087100000| Untracked 
| 114|0x0000000087200000, 0x0000000087300000, 0x0000000087300000|100%|HS|  |TAMS 0x0000000087300000| PB 0x0000000087200000| Complete 
| 115|0x0000000087300000, 0x0000000087400000, 0x0000000087400000|100%|HS|  |TAMS 0x0000000087400000| PB 0x0000000087300000| Complete 
| 116|0x0000000087400000, 0x0000000087500000, 0x0000000087500000|100%| O|  |TAMS 0x0000000087500000| PB 0x0000000087400000| Untracked 
| 117|0x0000000087500000, 0x0000000087600000, 0x0000000087600000|100%| O|  |TAMS 0x0000000087600000| PB 0x0000000087500000| Untracked 
| 118|0x0000000087600000, 0x0000000087700000, 0x0000000087700000|100%| O|  |TAMS 0x0000000087700000| PB 0x0000000087600000| Untracked 
| 119|0x0000000087700000, 0x0000000087800000, 0x0000000087800000|100%| O|  |TAMS 0x0000000087800000| PB 0x0000000087700000| Untracked 
| 120|0x0000000087800000, 0x0000000087900000, 0x0000000087900000|100%| O|  |TAMS 0x0000000087900000| PB 0x0000000087800000| Untracked 
| 121|0x0000000087900000, 0x0000000087a00000, 0x0000000087a00000|100%| O|  |TAMS 0x0000000087a00000| PB 0x0000000087900000| Untracked 
| 122|0x0000000087a00000, 0x0000000087b00000, 0x0000000087b00000|100%| O|  |TAMS 0x0000000087b00000| PB 0x0000000087a00000| Untracked 
| 123|0x0000000087b00000, 0x0000000087c00000, 0x0000000087c00000|100%| O|  |TAMS 0x0000000087c00000| PB 0x0000000087b00000| Untracked 
| 124|0x0000000087c00000, 0x0000000087d00000, 0x0000000087d00000|100%| O|  |TAMS 0x0000000087d00000| PB 0x0000000087c00000| Untracked 
| 125|0x0000000087d00000, 0x0000000087e00000, 0x0000000087e00000|100%| O|  |TAMS 0x0000000087e00000| PB 0x0000000087d00000| Untracked 
| 126|0x0000000087e00000, 0x0000000087f00000, 0x0000000087f00000|100%| O|  |TAMS 0x0000000087f00000| PB 0x0000000087e00000| Untracked 
| 127|0x0000000087f00000, 0x0000000088000000, 0x0000000088000000|100%| O|  |TAMS 0x0000000088000000| PB 0x0000000087f00000| Untracked 
| 128|0x0000000088000000, 0x0000000088100000, 0x0000000088100000|100%| O|  |TAMS 0x0000000088100000| PB 0x0000000088000000| Untracked 
| 129|0x0000000088100000, 0x0000000088200000, 0x0000000088200000|100%| O|  |TAMS 0x0000000088200000| PB 0x0000000088100000| Untracked 
| 130|0x0000000088200000, 0x0000000088300000, 0x0000000088300000|100%|HS|  |TAMS 0x0000000088300000| PB 0x0000000088200000| Complete 
| 131|0x0000000088300000, 0x0000000088400000, 0x0000000088400000|100%| O|  |TAMS 0x0000000088400000| PB 0x0000000088300000| Untracked 
| 132|0x0000000088400000, 0x0000000088500000, 0x0000000088500000|100%| O|  |TAMS 0x0000000088500000| PB 0x0000000088400000| Untracked 
| 133|0x0000000088500000, 0x0000000088600000, 0x0000000088600000|100%| O|  |TAMS 0x0000000088600000| PB 0x0000000088500000| Untracked 
| 134|0x0000000088600000, 0x0000000088700000, 0x0000000088700000|100%| O|  |TAMS 0x0000000088700000| PB 0x0000000088600000| Untracked 
| 135|0x0000000088700000, 0x0000000088800000, 0x0000000088800000|100%| O|  |TAMS 0x0000000088800000| PB 0x0000000088700000| Untracked 
| 136|0x0000000088800000, 0x0000000088900000, 0x0000000088900000|100%|HS|  |TAMS 0x0000000088900000| PB 0x0000000088800000| Complete 
| 137|0x0000000088900000, 0x0000000088a00000, 0x0000000088a00000|100%|HC|  |TAMS 0x0000000088a00000| PB 0x0000000088900000| Complete 
| 138|0x0000000088a00000, 0x0000000088b00000, 0x0000000088b00000|100%|HC|  |TAMS 0x0000000088b00000| PB 0x0000000088a00000| Complete 
| 139|0x0000000088b00000, 0x0000000088c00000, 0x0000000088c00000|100%| O|  |TAMS 0x0000000088c00000| PB 0x0000000088b00000| Untracked 
| 140|0x0000000088c00000, 0x0000000088d00000, 0x0000000088d00000|100%| O|  |TAMS 0x0000000088d00000| PB 0x0000000088c00000| Untracked 
| 141|0x0000000088d00000, 0x0000000088e00000, 0x0000000088e00000|100%| O|  |TAMS 0x0000000088e00000| PB 0x0000000088d00000| Untracked 
| 142|0x0000000088e00000, 0x0000000088f00000, 0x0000000088f00000|100%| O|  |TAMS 0x0000000088f00000| PB 0x0000000088e00000| Untracked 
| 143|0x0000000088f00000, 0x0000000089000000, 0x0000000089000000|100%| O|  |TAMS 0x0000000089000000| PB 0x0000000088f00000| Untracked 
| 144|0x0000000089000000, 0x0000000089100000, 0x0000000089100000|100%| O|  |TAMS 0x0000000089100000| PB 0x0000000089000000| Untracked 
| 145|0x0000000089100000, 0x0000000089200000, 0x0000000089200000|100%| O|  |TAMS 0x0000000089200000| PB 0x0000000089100000| Untracked 
| 146|0x0000000089200000, 0x0000000089300000, 0x0000000089300000|100%| O|  |TAMS 0x0000000089300000| PB 0x0000000089200000| Untracked 
| 147|0x0000000089300000, 0x0000000089400000, 0x0000000089400000|100%| O|  |TAMS 0x0000000089400000| PB 0x0000000089300000| Untracked 
| 148|0x0000000089400000, 0x0000000089500000, 0x0000000089500000|100%| O|  |TAMS 0x0000000089500000| PB 0x0000000089400000| Untracked 
| 149|0x0000000089500000, 0x0000000089600000, 0x0000000089600000|100%|HS|  |TAMS 0x0000000089600000| PB 0x0000000089500000| Complete 
| 150|0x0000000089600000, 0x0000000089700000, 0x0000000089700000|100%|HC|  |TAMS 0x0000000089700000| PB 0x0000000089600000| Complete 
| 151|0x0000000089700000, 0x0000000089800000, 0x0000000089800000|100%| O|  |TAMS 0x0000000089800000| PB 0x0000000089700000| Untracked 
| 152|0x0000000089800000, 0x0000000089900000, 0x0000000089900000|100%| O|  |TAMS 0x0000000089900000| PB 0x0000000089800000| Untracked 
| 153|0x0000000089900000, 0x0000000089a00000, 0x0000000089a00000|100%| O|  |TAMS 0x0000000089a00000| PB 0x0000000089900000| Untracked 
| 154|0x0000000089a00000, 0x0000000089b00000, 0x0000000089b00000|100%| O|  |TAMS 0x0000000089b00000| PB 0x0000000089a00000| Untracked 
| 155|0x0000000089b00000, 0x0000000089c00000, 0x0000000089c00000|100%| O|  |TAMS 0x0000000089c00000| PB 0x0000000089b00000| Untracked 
| 156|0x0000000089c00000, 0x0000000089d00000, 0x0000000089d00000|100%| O|  |TAMS 0x0000000089d00000| PB 0x0000000089c00000| Untracked 
| 157|0x0000000089d00000, 0x0000000089e00000, 0x0000000089e00000|100%| O|  |TAMS 0x0000000089e00000| PB 0x0000000089d00000| Untracked 
| 158|0x0000000089e00000, 0x0000000089f00000, 0x0000000089f00000|100%| O|  |TAMS 0x0000000089f00000| PB 0x0000000089e00000| Untracked 
| 159|0x0000000089f00000, 0x000000008a000000, 0x000000008a000000|100%| O|  |TAMS 0x000000008a000000| PB 0x0000000089f00000| Untracked 
| 160|0x000000008a000000, 0x000000008a100000, 0x000000008a100000|100%| O|  |TAMS 0x000000008a100000| PB 0x000000008a000000| Untracked 
| 161|0x000000008a100000, 0x000000008a200000, 0x000000008a200000|100%| O|  |TAMS 0x000000008a200000| PB 0x000000008a100000| Untracked 
| 162|0x000000008a200000, 0x000000008a300000, 0x000000008a300000|100%| O|  |TAMS 0x000000008a300000| PB 0x000000008a200000| Untracked 
| 163|0x000000008a300000, 0x000000008a400000, 0x000000008a400000|100%| O|  |TAMS 0x000000008a400000| PB 0x000000008a300000| Untracked 
| 164|0x000000008a400000, 0x000000008a500000, 0x000000008a500000|100%| O|  |TAMS 0x000000008a500000| PB 0x000000008a400000| Untracked 
| 165|0x000000008a500000, 0x000000008a600000, 0x000000008a600000|100%| O|  |TAMS 0x000000008a600000| PB 0x000000008a500000| Untracked 
| 166|0x000000008a600000, 0x000000008a700000, 0x000000008a700000|100%| O|  |TAMS 0x000000008a700000| PB 0x000000008a600000| Untracked 
| 167|0x000000008a700000, 0x000000008a800000, 0x000000008a800000|100%| O|  |TAMS 0x000000008a800000| PB 0x000000008a700000| Untracked 
| 168|0x000000008a800000, 0x000000008a900000, 0x000000008a900000|100%| O|  |TAMS 0x000000008a900000| PB 0x000000008a800000| Untracked 
| 169|0x000000008a900000, 0x000000008aa00000, 0x000000008aa00000|100%| O|  |TAMS 0x000000008aa00000| PB 0x000000008a900000| Untracked 
| 170|0x000000008aa00000, 0x000000008ab00000, 0x000000008ab00000|100%| O|  |TAMS 0x000000008ab00000| PB 0x000000008aa00000| Untracked 
| 171|0x000000008ab00000, 0x000000008ac00000, 0x000000008ac00000|100%| O|  |TAMS 0x000000008ac00000| PB 0x000000008ab00000| Untracked 
| 172|0x000000008ac00000, 0x000000008ad00000, 0x000000008ad00000|100%| O|  |TAMS 0x000000008ad00000| PB 0x000000008ac00000| Untracked 
| 173|0x000000008ad00000, 0x000000008ae00000, 0x000000008ae00000|100%| O|  |TAMS 0x000000008ae00000| PB 0x000000008ad00000| Untracked 
| 174|0x000000008ae00000, 0x000000008af00000, 0x000000008af00000|100%| O|  |TAMS 0x000000008af00000| PB 0x000000008ae00000| Untracked 
| 175|0x000000008af00000, 0x000000008b000000, 0x000000008b000000|100%| O|  |TAMS 0x000000008b000000| PB 0x000000008af00000| Untracked 
| 176|0x000000008b000000, 0x000000008b100000, 0x000000008b100000|100%| O|  |TAMS 0x000000008b100000| PB 0x000000008b000000| Untracked 
| 177|0x000000008b100000, 0x000000008b200000, 0x000000008b200000|100%| O|  |TAMS 0x000000008b200000| PB 0x000000008b100000| Untracked 
| 178|0x000000008b200000, 0x000000008b300000, 0x000000008b300000|100%| O|  |TAMS 0x000000008b300000| PB 0x000000008b200000| Untracked 
| 179|0x000000008b300000, 0x000000008b400000, 0x000000008b400000|100%| O|  |TAMS 0x000000008b400000| PB 0x000000008b300000| Untracked 
| 180|0x000000008b400000, 0x000000008b500000, 0x000000008b500000|100%| O|  |TAMS 0x000000008b500000| PB 0x000000008b400000| Untracked 
| 181|0x000000008b500000, 0x000000008b600000, 0x000000008b600000|100%| O|  |TAMS 0x000000008b600000| PB 0x000000008b500000| Untracked 
| 182|0x000000008b600000, 0x000000008b700000, 0x000000008b700000|100%| O|  |TAMS 0x000000008b700000| PB 0x000000008b600000| Untracked 
| 183|0x000000008b700000, 0x000000008b800000, 0x000000008b800000|100%| O|  |TAMS 0x000000008b800000| PB 0x000000008b700000| Untracked 
| 184|0x000000008b800000, 0x000000008b900000, 0x000000008b900000|100%| O|  |TAMS 0x000000008b900000| PB 0x000000008b800000| Untracked 
| 185|0x000000008b900000, 0x000000008ba00000, 0x000000008ba00000|100%| O|  |TAMS 0x000000008ba00000| PB 0x000000008b900000| Untracked 
| 186|0x000000008ba00000, 0x000000008bb00000, 0x000000008bb00000|100%| O|  |TAMS 0x000000008bb00000| PB 0x000000008ba00000| Untracked 
| 187|0x000000008bb00000, 0x000000008bc00000, 0x000000008bc00000|100%| O|  |TAMS 0x000000008bc00000| PB 0x000000008bb00000| Untracked 
| 188|0x000000008bc00000, 0x000000008bd00000, 0x000000008bd00000|100%| O|  |TAMS 0x000000008bd00000| PB 0x000000008bc00000| Untracked 
| 189|0x000000008bd00000, 0x000000008be00000, 0x000000008be00000|100%| O|  |TAMS 0x000000008be00000| PB 0x000000008bd00000| Untracked 
| 190|0x000000008be00000, 0x000000008bf00000, 0x000000008bf00000|100%| O|  |TAMS 0x000000008bf00000| PB 0x000000008be00000| Untracked 
| 191|0x000000008bf00000, 0x000000008c000000, 0x000000008c000000|100%| O|  |TAMS 0x000000008c000000| PB 0x000000008bf00000| Untracked 
| 192|0x000000008c000000, 0x000000008c100000, 0x000000008c100000|100%| O|  |TAMS 0x000000008c100000| PB 0x000000008c000000| Untracked 
| 193|0x000000008c100000, 0x000000008c200000, 0x000000008c200000|100%| O|  |TAMS 0x000000008c200000| PB 0x000000008c100000| Untracked 
| 194|0x000000008c200000, 0x000000008c300000, 0x000000008c300000|100%| O|  |TAMS 0x000000008c300000| PB 0x000000008c200000| Untracked 
| 195|0x000000008c300000, 0x000000008c400000, 0x000000008c400000|100%| O|  |TAMS 0x000000008c400000| PB 0x000000008c300000| Untracked 
| 196|0x000000008c400000, 0x000000008c500000, 0x000000008c500000|100%| O|  |TAMS 0x000000008c500000| PB 0x000000008c400000| Untracked 
| 197|0x000000008c500000, 0x000000008c600000, 0x000000008c600000|100%| O|  |TAMS 0x000000008c600000| PB 0x000000008c500000| Untracked 
| 198|0x000000008c600000, 0x000000008c700000, 0x000000008c700000|100%| O|  |TAMS 0x000000008c700000| PB 0x000000008c600000| Untracked 
| 199|0x000000008c700000, 0x000000008c800000, 0x000000008c800000|100%| O|  |TAMS 0x000000008c800000| PB 0x000000008c700000| Untracked 
| 200|0x000000008c800000, 0x000000008c900000, 0x000000008c900000|100%| O|  |TAMS 0x000000008c900000| PB 0x000000008c800000| Untracked 
| 201|0x000000008c900000, 0x000000008ca00000, 0x000000008ca00000|100%|HS|  |TAMS 0x000000008ca00000| PB 0x000000008c900000| Complete 
| 202|0x000000008ca00000, 0x000000008cb00000, 0x000000008cb00000|100%| O|  |TAMS 0x000000008cb00000| PB 0x000000008ca00000| Untracked 
| 203|0x000000008cb00000, 0x000000008cc00000, 0x000000008cc00000|100%| O|  |TAMS 0x000000008cc00000| PB 0x000000008cb00000| Untracked 
| 204|0x000000008cc00000, 0x000000008cd00000, 0x000000008cd00000|100%| O|  |TAMS 0x000000008cd00000| PB 0x000000008cc00000| Untracked 
| 205|0x000000008cd00000, 0x000000008ce00000, 0x000000008ce00000|100%| O|  |TAMS 0x000000008ce00000| PB 0x000000008cd00000| Untracked 
| 206|0x000000008ce00000, 0x000000008cf00000, 0x000000008cf00000|100%| O|  |TAMS 0x000000008cf00000| PB 0x000000008ce00000| Untracked 
| 207|0x000000008cf00000, 0x000000008d000000, 0x000000008d000000|100%| O|  |TAMS 0x000000008d000000| PB 0x000000008cf00000| Untracked 
| 208|0x000000008d000000, 0x000000008d100000, 0x000000008d100000|100%| O|  |TAMS 0x000000008d100000| PB 0x000000008d000000| Untracked 
| 209|0x000000008d100000, 0x000000008d200000, 0x000000008d200000|100%| O|  |TAMS 0x000000008d200000| PB 0x000000008d100000| Untracked 
| 210|0x000000008d200000, 0x000000008d300000, 0x000000008d300000|100%| O|  |TAMS 0x000000008d300000| PB 0x000000008d200000| Untracked 
| 211|0x000000008d300000, 0x000000008d400000, 0x000000008d400000|100%| O|  |TAMS 0x000000008d400000| PB 0x000000008d300000| Untracked 
| 212|0x000000008d400000, 0x000000008d500000, 0x000000008d500000|100%| O|  |TAMS 0x000000008d500000| PB 0x000000008d400000| Untracked 
| 213|0x000000008d500000, 0x000000008d600000, 0x000000008d600000|100%| O|  |TAMS 0x000000008d600000| PB 0x000000008d500000| Untracked 
| 214|0x000000008d600000, 0x000000008d700000, 0x000000008d700000|100%| O|  |TAMS 0x000000008d700000| PB 0x000000008d600000| Untracked 
| 215|0x000000008d700000, 0x000000008d800000, 0x000000008d800000|100%| O|  |TAMS 0x000000008d800000| PB 0x000000008d700000| Untracked 
| 216|0x000000008d800000, 0x000000008d900000, 0x000000008d900000|100%| O|  |TAMS 0x000000008d900000| PB 0x000000008d800000| Untracked 
| 217|0x000000008d900000, 0x000000008da00000, 0x000000008da00000|100%| O|  |TAMS 0x000000008da00000| PB 0x000000008d900000| Untracked 
| 218|0x000000008da00000, 0x000000008db00000, 0x000000008db00000|100%| O|  |TAMS 0x000000008db00000| PB 0x000000008da00000| Untracked 
| 219|0x000000008db00000, 0x000000008dc00000, 0x000000008dc00000|100%| O|  |TAMS 0x000000008dc00000| PB 0x000000008db00000| Untracked 
| 220|0x000000008dc00000, 0x000000008dd00000, 0x000000008dd00000|100%|HS|  |TAMS 0x000000008dd00000| PB 0x000000008dc00000| Complete 
| 221|0x000000008dd00000, 0x000000008de00000, 0x000000008de00000|100%|HC|  |TAMS 0x000000008de00000| PB 0x000000008dd00000| Complete 
| 222|0x000000008de00000, 0x000000008df00000, 0x000000008df00000|100%|HC|  |TAMS 0x000000008df00000| PB 0x000000008de00000| Complete 
| 223|0x000000008df00000, 0x000000008e000000, 0x000000008e000000|100%|HC|  |TAMS 0x000000008e000000| PB 0x000000008df00000| Complete 
| 224|0x000000008e000000, 0x000000008e100000, 0x000000008e100000|100%| O|  |TAMS 0x000000008e100000| PB 0x000000008e000000| Untracked 
| 225|0x000000008e100000, 0x000000008e200000, 0x000000008e200000|100%| O|  |TAMS 0x000000008e200000| PB 0x000000008e100000| Untracked 
| 226|0x000000008e200000, 0x000000008e300000, 0x000000008e300000|100%| O|  |TAMS 0x000000008e300000| PB 0x000000008e200000| Untracked 
| 227|0x000000008e300000, 0x000000008e400000, 0x000000008e400000|100%| O|  |TAMS 0x000000008e400000| PB 0x000000008e300000| Untracked 
| 228|0x000000008e400000, 0x000000008e500000, 0x000000008e500000|100%| O|  |TAMS 0x000000008e500000| PB 0x000000008e400000| Untracked 
| 229|0x000000008e500000, 0x000000008e600000, 0x000000008e600000|100%| O|  |TAMS 0x000000008e600000| PB 0x000000008e500000| Untracked 
| 230|0x000000008e600000, 0x000000008e700000, 0x000000008e700000|100%| O|  |TAMS 0x000000008e700000| PB 0x000000008e600000| Untracked 
| 231|0x000000008e700000, 0x000000008e800000, 0x000000008e800000|100%| O|  |TAMS 0x000000008e800000| PB 0x000000008e700000| Untracked 
| 232|0x000000008e800000, 0x000000008e900000, 0x000000008e900000|100%| O|  |TAMS 0x000000008e900000| PB 0x000000008e800000| Untracked 
| 233|0x000000008e900000, 0x000000008ea00000, 0x000000008ea00000|100%| O|  |TAMS 0x000000008ea00000| PB 0x000000008e900000| Untracked 
| 234|0x000000008ea00000, 0x000000008eb00000, 0x000000008eb00000|100%| O|  |TAMS 0x000000008eb00000| PB 0x000000008ea00000| Untracked 
| 235|0x000000008eb00000, 0x000000008ec00000, 0x000000008ec00000|100%| O|  |TAMS 0x000000008ec00000| PB 0x000000008eb00000| Untracked 
| 236|0x000000008ec00000, 0x000000008ed00000, 0x000000008ed00000|100%| O|  |TAMS 0x000000008ed00000| PB 0x000000008ec00000| Untracked 
| 237|0x000000008ed00000, 0x000000008ee00000, 0x000000008ee00000|100%| O|  |TAMS 0x000000008ee00000| PB 0x000000008ed00000| Untracked 
| 238|0x000000008ee00000, 0x000000008ef00000, 0x000000008ef00000|100%| O|  |TAMS 0x000000008ef00000| PB 0x000000008ee00000| Untracked 
| 239|0x000000008ef00000, 0x000000008f000000, 0x000000008f000000|100%| O|  |TAMS 0x000000008f000000| PB 0x000000008ef00000| Untracked 
| 240|0x000000008f000000, 0x000000008f100000, 0x000000008f100000|100%| O|  |TAMS 0x000000008f100000| PB 0x000000008f000000| Untracked 
| 241|0x000000008f100000, 0x000000008f200000, 0x000000008f200000|100%| O|  |TAMS 0x000000008f200000| PB 0x000000008f100000| Untracked 
| 242|0x000000008f200000, 0x000000008f300000, 0x000000008f300000|100%| O|  |TAMS 0x000000008f300000| PB 0x000000008f200000| Untracked 
| 243|0x000000008f300000, 0x000000008f400000, 0x000000008f400000|100%| O|  |TAMS 0x000000008f400000| PB 0x000000008f300000| Untracked 
| 244|0x000000008f400000, 0x000000008f500000, 0x000000008f500000|100%| O|  |TAMS 0x000000008f500000| PB 0x000000008f400000| Untracked 
| 245|0x000000008f500000, 0x000000008f600000, 0x000000008f600000|100%| O|  |TAMS 0x000000008f600000| PB 0x000000008f500000| Untracked 
| 246|0x000000008f600000, 0x000000008f700000, 0x000000008f700000|100%| O|  |TAMS 0x000000008f700000| PB 0x000000008f600000| Untracked 
| 247|0x000000008f700000, 0x000000008f800000, 0x000000008f800000|100%| O|  |TAMS 0x000000008f800000| PB 0x000000008f700000| Untracked 
| 248|0x000000008f800000, 0x000000008f900000, 0x000000008f900000|100%| O|  |TAMS 0x000000008f900000| PB 0x000000008f800000| Untracked 
| 249|0x000000008f900000, 0x000000008fa00000, 0x000000008fa00000|100%| O|  |TAMS 0x000000008fa00000| PB 0x000000008f900000| Untracked 
| 250|0x000000008fa00000, 0x000000008fb00000, 0x000000008fb00000|100%| O|  |TAMS 0x000000008fb00000| PB 0x000000008fa00000| Untracked 
| 251|0x000000008fb00000, 0x000000008fc00000, 0x000000008fc00000|100%| O|  |TAMS 0x000000008fc00000| PB 0x000000008fb00000| Untracked 
| 252|0x000000008fc00000, 0x000000008fd00000, 0x000000008fd00000|100%| O|  |TAMS 0x000000008fd00000| PB 0x000000008fc00000| Untracked 
| 253|0x000000008fd00000, 0x000000008fe00000, 0x000000008fe00000|100%| O|  |TAMS 0x000000008fe00000| PB 0x000000008fd00000| Untracked 
| 254|0x000000008fe00000, 0x000000008ff00000, 0x000000008ff00000|100%| O|  |TAMS 0x000000008ff00000| PB 0x000000008fe00000| Untracked 
| 255|0x000000008ff00000, 0x0000000090000000, 0x0000000090000000|100%| O|  |TAMS 0x0000000090000000| PB 0x000000008ff00000| Untracked 
| 256|0x0000000090000000, 0x0000000090100000, 0x0000000090100000|100%| O|  |TAMS 0x0000000090100000| PB 0x0000000090000000| Untracked 
| 257|0x0000000090100000, 0x0000000090200000, 0x0000000090200000|100%| O|  |TAMS 0x0000000090200000| PB 0x0000000090100000| Untracked 
| 258|0x0000000090200000, 0x0000000090300000, 0x0000000090300000|100%| O|  |TAMS 0x0000000090300000| PB 0x0000000090200000| Untracked 
| 259|0x0000000090300000, 0x0000000090400000, 0x0000000090400000|100%| O|  |TAMS 0x0000000090400000| PB 0x0000000090300000| Untracked 
| 260|0x0000000090400000, 0x0000000090500000, 0x0000000090500000|100%| O|  |TAMS 0x0000000090500000| PB 0x0000000090400000| Untracked 
| 261|0x0000000090500000, 0x0000000090600000, 0x0000000090600000|100%| O|  |TAMS 0x0000000090600000| PB 0x0000000090500000| Untracked 
| 262|0x0000000090600000, 0x0000000090700000, 0x0000000090700000|100%| O|  |TAMS 0x0000000090700000| PB 0x0000000090600000| Untracked 
| 263|0x0000000090700000, 0x0000000090800000, 0x0000000090800000|100%| O|  |TAMS 0x0000000090800000| PB 0x0000000090700000| Untracked 
| 264|0x0000000090800000, 0x0000000090900000, 0x0000000090900000|100%| O|  |TAMS 0x0000000090900000| PB 0x0000000090800000| Untracked 
| 265|0x0000000090900000, 0x0000000090a00000, 0x0000000090a00000|100%| O|  |TAMS 0x0000000090a00000| PB 0x0000000090900000| Untracked 
| 266|0x0000000090a00000, 0x0000000090b00000, 0x0000000090b00000|100%| O|  |TAMS 0x0000000090b00000| PB 0x0000000090a00000| Untracked 
| 267|0x0000000090b00000, 0x0000000090c00000, 0x0000000090c00000|100%| O|  |TAMS 0x0000000090c00000| PB 0x0000000090b00000| Untracked 
| 268|0x0000000090c00000, 0x0000000090d00000, 0x0000000090d00000|100%| O|  |TAMS 0x0000000090d00000| PB 0x0000000090c00000| Untracked 
| 269|0x0000000090d00000, 0x0000000090e00000, 0x0000000090e00000|100%| O|  |TAMS 0x0000000090e00000| PB 0x0000000090d00000| Untracked 
| 270|0x0000000090e00000, 0x0000000090f00000, 0x0000000090f00000|100%| O|  |TAMS 0x0000000090f00000| PB 0x0000000090e00000| Untracked 
| 271|0x0000000090f00000, 0x0000000091000000, 0x0000000091000000|100%|HS|  |TAMS 0x0000000091000000| PB 0x0000000090f00000| Complete 
| 272|0x0000000091000000, 0x0000000091100000, 0x0000000091100000|100%|HC|  |TAMS 0x0000000091100000| PB 0x0000000091000000| Complete 
| 273|0x0000000091100000, 0x0000000091100000, 0x0000000091200000|  0%| F|  |TAMS 0x0000000091100000| PB 0x0000000091100000| Untracked 
| 274|0x0000000091200000, 0x0000000091300000, 0x0000000091300000|100%| O|  |TAMS 0x0000000091300000| PB 0x0000000091200000| Untracked 
| 275|0x0000000091300000, 0x0000000091400000, 0x0000000091400000|100%| O|  |TAMS 0x0000000091400000| PB 0x0000000091300000| Untracked 
| 276|0x0000000091400000, 0x0000000091500000, 0x0000000091500000|100%| O|  |TAMS 0x0000000091500000| PB 0x0000000091400000| Untracked 
| 277|0x0000000091500000, 0x0000000091600000, 0x0000000091600000|100%| O|  |TAMS 0x0000000091600000| PB 0x0000000091500000| Untracked 
| 278|0x0000000091600000, 0x0000000091700000, 0x0000000091700000|100%| O|  |TAMS 0x0000000091700000| PB 0x0000000091600000| Untracked 
| 279|0x0000000091700000, 0x0000000091800000, 0x0000000091800000|100%| O|  |TAMS 0x0000000091800000| PB 0x0000000091700000| Untracked 
| 280|0x0000000091800000, 0x0000000091900000, 0x0000000091900000|100%| O|  |TAMS 0x0000000091900000| PB 0x0000000091800000| Untracked 
| 281|0x0000000091900000, 0x0000000091a00000, 0x0000000091a00000|100%| O|  |TAMS 0x0000000091a00000| PB 0x0000000091900000| Untracked 
| 282|0x0000000091a00000, 0x0000000091b00000, 0x0000000091b00000|100%| O|  |TAMS 0x0000000091b00000| PB 0x0000000091a00000| Untracked 
| 283|0x0000000091b00000, 0x0000000091c00000, 0x0000000091c00000|100%| O|  |TAMS 0x0000000091c00000| PB 0x0000000091b00000| Untracked 
| 284|0x0000000091c00000, 0x0000000091d00000, 0x0000000091d00000|100%| O|  |TAMS 0x0000000091d00000| PB 0x0000000091c00000| Untracked 
| 285|0x0000000091d00000, 0x0000000091e00000, 0x0000000091e00000|100%| O|  |TAMS 0x0000000091e00000| PB 0x0000000091d00000| Untracked 
| 286|0x0000000091e00000, 0x0000000091f00000, 0x0000000091f00000|100%| O|  |TAMS 0x0000000091f00000| PB 0x0000000091e00000| Untracked 
| 287|0x0000000091f00000, 0x0000000092000000, 0x0000000092000000|100%| O|  |TAMS 0x0000000092000000| PB 0x0000000091f00000| Untracked 
| 288|0x0000000092000000, 0x0000000092100000, 0x0000000092100000|100%| O|  |TAMS 0x0000000092100000| PB 0x0000000092000000| Untracked 
| 289|0x0000000092100000, 0x0000000092200000, 0x0000000092200000|100%| O|  |TAMS 0x0000000092200000| PB 0x0000000092100000| Untracked 
| 290|0x0000000092200000, 0x0000000092300000, 0x0000000092300000|100%| O|  |TAMS 0x0000000092300000| PB 0x0000000092200000| Untracked 
| 291|0x0000000092300000, 0x0000000092400000, 0x0000000092400000|100%| O|  |TAMS 0x0000000092400000| PB 0x0000000092300000| Untracked 
| 292|0x0000000092400000, 0x0000000092500000, 0x0000000092500000|100%| O|  |TAMS 0x0000000092500000| PB 0x0000000092400000| Untracked 
| 293|0x0000000092500000, 0x0000000092600000, 0x0000000092600000|100%| O|  |TAMS 0x0000000092600000| PB 0x0000000092500000| Untracked 
| 294|0x0000000092600000, 0x0000000092700000, 0x0000000092700000|100%| O|  |TAMS 0x0000000092700000| PB 0x0000000092600000| Untracked 
| 295|0x0000000092700000, 0x0000000092800000, 0x0000000092800000|100%| O|  |TAMS 0x0000000092800000| PB 0x0000000092700000| Untracked 
| 296|0x0000000092800000, 0x0000000092900000, 0x0000000092900000|100%| O|  |TAMS 0x0000000092900000| PB 0x0000000092800000| Untracked 
| 297|0x0000000092900000, 0x0000000092a00000, 0x0000000092a00000|100%| O|  |TAMS 0x0000000092a00000| PB 0x0000000092900000| Untracked 
| 298|0x0000000092a00000, 0x0000000092b00000, 0x0000000092b00000|100%| O|  |TAMS 0x0000000092b00000| PB 0x0000000092a00000| Untracked 
| 299|0x0000000092b00000, 0x0000000092c00000, 0x0000000092c00000|100%| O|  |TAMS 0x0000000092c00000| PB 0x0000000092b00000| Untracked 
| 300|0x0000000092c00000, 0x0000000092d00000, 0x0000000092d00000|100%| O|  |TAMS 0x0000000092d00000| PB 0x0000000092c00000| Untracked 
| 301|0x0000000092d00000, 0x0000000092e00000, 0x0000000092e00000|100%| O|  |TAMS 0x0000000092e00000| PB 0x0000000092d00000| Untracked 
| 302|0x0000000092e00000, 0x0000000092f00000, 0x0000000092f00000|100%| O|  |TAMS 0x0000000092f00000| PB 0x0000000092e00000| Untracked 
| 303|0x0000000092f00000, 0x0000000093000000, 0x0000000093000000|100%| O|  |TAMS 0x0000000093000000| PB 0x0000000092f00000| Untracked 
| 304|0x0000000093000000, 0x0000000093100000, 0x0000000093100000|100%| O|  |TAMS 0x0000000093100000| PB 0x0000000093000000| Untracked 
| 305|0x0000000093100000, 0x0000000093200000, 0x0000000093200000|100%| O|  |TAMS 0x0000000093200000| PB 0x0000000093100000| Untracked 
| 306|0x0000000093200000, 0x0000000093300000, 0x0000000093300000|100%| O|  |TAMS 0x0000000093300000| PB 0x0000000093200000| Untracked 
| 307|0x0000000093300000, 0x0000000093400000, 0x0000000093400000|100%| O|  |TAMS 0x0000000093400000| PB 0x0000000093300000| Untracked 
| 308|0x0000000093400000, 0x0000000093500000, 0x0000000093500000|100%| O|  |TAMS 0x0000000093500000| PB 0x0000000093400000| Untracked 
| 309|0x0000000093500000, 0x0000000093600000, 0x0000000093600000|100%| O|  |TAMS 0x0000000093600000| PB 0x0000000093500000| Untracked 
| 310|0x0000000093600000, 0x0000000093700000, 0x0000000093700000|100%| O|  |TAMS 0x0000000093700000| PB 0x0000000093600000| Untracked 
| 311|0x0000000093700000, 0x0000000093800000, 0x0000000093800000|100%| O|  |TAMS 0x0000000093800000| PB 0x0000000093700000| Untracked 
| 312|0x0000000093800000, 0x0000000093900000, 0x0000000093900000|100%| O|  |TAMS 0x0000000093900000| PB 0x0000000093800000| Untracked 
| 313|0x0000000093900000, 0x0000000093a00000, 0x0000000093a00000|100%| O|  |TAMS 0x0000000093a00000| PB 0x0000000093900000| Untracked 
| 314|0x0000000093a00000, 0x0000000093b00000, 0x0000000093b00000|100%| O|  |TAMS 0x0000000093b00000| PB 0x0000000093a00000| Untracked 
| 315|0x0000000093b00000, 0x0000000093c00000, 0x0000000093c00000|100%| O|  |TAMS 0x0000000093c00000| PB 0x0000000093b00000| Untracked 
| 316|0x0000000093c00000, 0x0000000093d00000, 0x0000000093d00000|100%| O|  |TAMS 0x0000000093d00000| PB 0x0000000093c00000| Untracked 
| 317|0x0000000093d00000, 0x0000000093e00000, 0x0000000093e00000|100%| O|  |TAMS 0x0000000093e00000| PB 0x0000000093d00000| Untracked 
| 318|0x0000000093e00000, 0x0000000093f00000, 0x0000000093f00000|100%| O|  |TAMS 0x0000000093f00000| PB 0x0000000093e00000| Untracked 
| 319|0x0000000093f00000, 0x0000000094000000, 0x0000000094000000|100%| O|  |TAMS 0x0000000094000000| PB 0x0000000093f00000| Untracked 
| 320|0x0000000094000000, 0x0000000094100000, 0x0000000094100000|100%| O|  |TAMS 0x0000000094100000| PB 0x0000000094000000| Untracked 
| 321|0x0000000094100000, 0x0000000094200000, 0x0000000094200000|100%| O|  |TAMS 0x0000000094200000| PB 0x0000000094100000| Untracked 
| 322|0x0000000094200000, 0x0000000094300000, 0x0000000094300000|100%| O|  |TAMS 0x0000000094300000| PB 0x0000000094200000| Untracked 
| 323|0x0000000094300000, 0x0000000094400000, 0x0000000094400000|100%| O|  |TAMS 0x0000000094400000| PB 0x0000000094300000| Untracked 
| 324|0x0000000094400000, 0x0000000094500000, 0x0000000094500000|100%| O|  |TAMS 0x0000000094500000| PB 0x0000000094400000| Untracked 
| 325|0x0000000094500000, 0x0000000094600000, 0x0000000094600000|100%| O|  |TAMS 0x0000000094600000| PB 0x0000000094500000| Untracked 
| 326|0x0000000094600000, 0x0000000094700000, 0x0000000094700000|100%| O|  |TAMS 0x0000000094700000| PB 0x0000000094600000| Untracked 
| 327|0x0000000094700000, 0x0000000094800000, 0x0000000094800000|100%| O|  |TAMS 0x0000000094800000| PB 0x0000000094700000| Untracked 
| 328|0x0000000094800000, 0x0000000094900000, 0x0000000094900000|100%|HS|  |TAMS 0x0000000094900000| PB 0x0000000094800000| Complete 
| 329|0x0000000094900000, 0x0000000094a00000, 0x0000000094a00000|100%| O|  |TAMS 0x0000000094a00000| PB 0x0000000094900000| Untracked 
| 330|0x0000000094a00000, 0x0000000094b00000, 0x0000000094b00000|100%| O|  |TAMS 0x0000000094b00000| PB 0x0000000094a00000| Untracked 
| 331|0x0000000094b00000, 0x0000000094c00000, 0x0000000094c00000|100%| O|  |TAMS 0x0000000094c00000| PB 0x0000000094b00000| Untracked 
| 332|0x0000000094c00000, 0x0000000094d00000, 0x0000000094d00000|100%| O|  |TAMS 0x0000000094d00000| PB 0x0000000094c00000| Untracked 
| 333|0x0000000094d00000, 0x0000000094e00000, 0x0000000094e00000|100%| O|  |TAMS 0x0000000094e00000| PB 0x0000000094d00000| Untracked 
| 334|0x0000000094e00000, 0x0000000094f00000, 0x0000000094f00000|100%| O|  |TAMS 0x0000000094f00000| PB 0x0000000094e00000| Untracked 
| 335|0x0000000094f00000, 0x0000000095000000, 0x0000000095000000|100%| O|  |TAMS 0x0000000095000000| PB 0x0000000094f00000| Untracked 
| 336|0x0000000095000000, 0x0000000095100000, 0x0000000095100000|100%| O|  |TAMS 0x0000000095100000| PB 0x0000000095000000| Untracked 
| 337|0x0000000095100000, 0x0000000095200000, 0x0000000095200000|100%| O|  |TAMS 0x0000000095200000| PB 0x0000000095100000| Untracked 
| 338|0x0000000095200000, 0x0000000095300000, 0x0000000095300000|100%| O|  |TAMS 0x0000000095300000| PB 0x0000000095200000| Untracked 
| 339|0x0000000095300000, 0x0000000095400000, 0x0000000095400000|100%| O|  |TAMS 0x0000000095400000| PB 0x0000000095300000| Untracked 
| 340|0x0000000095400000, 0x0000000095500000, 0x0000000095500000|100%| O|  |TAMS 0x0000000095500000| PB 0x0000000095400000| Untracked 
| 341|0x0000000095500000, 0x0000000095600000, 0x0000000095600000|100%| O|  |TAMS 0x0000000095600000| PB 0x0000000095500000| Untracked 
| 342|0x0000000095600000, 0x0000000095700000, 0x0000000095700000|100%| O|  |TAMS 0x0000000095700000| PB 0x0000000095600000| Untracked 
| 343|0x0000000095700000, 0x0000000095800000, 0x0000000095800000|100%| O|  |TAMS 0x0000000095800000| PB 0x0000000095700000| Untracked 
| 344|0x0000000095800000, 0x0000000095900000, 0x0000000095900000|100%| O|  |TAMS 0x0000000095900000| PB 0x0000000095800000| Untracked 
| 345|0x0000000095900000, 0x0000000095a00000, 0x0000000095a00000|100%| O|  |TAMS 0x0000000095a00000| PB 0x0000000095900000| Untracked 
| 346|0x0000000095a00000, 0x0000000095b00000, 0x0000000095b00000|100%| O|  |TAMS 0x0000000095b00000| PB 0x0000000095a00000| Untracked 
| 347|0x0000000095b00000, 0x0000000095c00000, 0x0000000095c00000|100%| O|  |TAMS 0x0000000095c00000| PB 0x0000000095b00000| Untracked 
| 348|0x0000000095c00000, 0x0000000095d00000, 0x0000000095d00000|100%| O|  |TAMS 0x0000000095d00000| PB 0x0000000095c00000| Untracked 
| 349|0x0000000095d00000, 0x0000000095e00000, 0x0000000095e00000|100%| O|  |TAMS 0x0000000095e00000| PB 0x0000000095d00000| Untracked 
| 350|0x0000000095e00000, 0x0000000095f00000, 0x0000000095f00000|100%| O|  |TAMS 0x0000000095f00000| PB 0x0000000095e00000| Untracked 
| 351|0x0000000095f00000, 0x0000000096000000, 0x0000000096000000|100%| O|  |TAMS 0x0000000096000000| PB 0x0000000095f00000| Untracked 
| 352|0x0000000096000000, 0x0000000096100000, 0x0000000096100000|100%| O|  |TAMS 0x0000000096100000| PB 0x0000000096000000| Untracked 
| 353|0x0000000096100000, 0x0000000096200000, 0x0000000096200000|100%| O|  |TAMS 0x0000000096200000| PB 0x0000000096100000| Untracked 
| 354|0x0000000096200000, 0x0000000096300000, 0x0000000096300000|100%| O|  |TAMS 0x0000000096300000| PB 0x0000000096200000| Untracked 
| 355|0x0000000096300000, 0x0000000096400000, 0x0000000096400000|100%| O|  |TAMS 0x0000000096400000| PB 0x0000000096300000| Untracked 
| 356|0x0000000096400000, 0x0000000096500000, 0x0000000096500000|100%| O|  |TAMS 0x0000000096500000| PB 0x0000000096400000| Untracked 
| 357|0x0000000096500000, 0x0000000096600000, 0x0000000096600000|100%| O|  |TAMS 0x0000000096600000| PB 0x0000000096500000| Untracked 
| 358|0x0000000096600000, 0x0000000096700000, 0x0000000096700000|100%| O|  |TAMS 0x0000000096700000| PB 0x0000000096600000| Untracked 
| 359|0x0000000096700000, 0x0000000096800000, 0x0000000096800000|100%| O|  |TAMS 0x0000000096800000| PB 0x0000000096700000| Untracked 
| 360|0x0000000096800000, 0x0000000096900000, 0x0000000096900000|100%| O|  |TAMS 0x0000000096900000| PB 0x0000000096800000| Untracked 
| 361|0x0000000096900000, 0x0000000096a00000, 0x0000000096a00000|100%| O|  |TAMS 0x0000000096a00000| PB 0x0000000096900000| Untracked 
| 362|0x0000000096a00000, 0x0000000096b00000, 0x0000000096b00000|100%| O|  |TAMS 0x0000000096b00000| PB 0x0000000096a00000| Untracked 
| 363|0x0000000096b00000, 0x0000000096c00000, 0x0000000096c00000|100%| O|  |TAMS 0x0000000096c00000| PB 0x0000000096b00000| Untracked 
| 364|0x0000000096c00000, 0x0000000096d00000, 0x0000000096d00000|100%| O|  |TAMS 0x0000000096d00000| PB 0x0000000096c00000| Untracked 
| 365|0x0000000096d00000, 0x0000000096e00000, 0x0000000096e00000|100%| O|  |TAMS 0x0000000096e00000| PB 0x0000000096d00000| Untracked 
| 366|0x0000000096e00000, 0x0000000096f00000, 0x0000000096f00000|100%| O|  |TAMS 0x0000000096f00000| PB 0x0000000096e00000| Untracked 
| 367|0x0000000096f00000, 0x0000000097000000, 0x0000000097000000|100%| O|  |TAMS 0x0000000097000000| PB 0x0000000096f00000| Untracked 
| 368|0x0000000097000000, 0x0000000097100000, 0x0000000097100000|100%| O|  |TAMS 0x0000000097100000| PB 0x0000000097000000| Untracked 
| 369|0x0000000097100000, 0x0000000097200000, 0x0000000097200000|100%| O|  |TAMS 0x0000000097200000| PB 0x0000000097100000| Untracked 
| 370|0x0000000097200000, 0x0000000097300000, 0x0000000097300000|100%| O|  |TAMS 0x0000000097300000| PB 0x0000000097200000| Untracked 
| 371|0x0000000097300000, 0x0000000097400000, 0x0000000097400000|100%| O|  |TAMS 0x0000000097400000| PB 0x0000000097300000| Untracked 
| 372|0x0000000097400000, 0x0000000097500000, 0x0000000097500000|100%| O|  |TAMS 0x0000000097500000| PB 0x0000000097400000| Untracked 
| 373|0x0000000097500000, 0x0000000097600000, 0x0000000097600000|100%| O|  |TAMS 0x0000000097600000| PB 0x0000000097500000| Untracked 
| 374|0x0000000097600000, 0x0000000097700000, 0x0000000097700000|100%| O|  |TAMS 0x0000000097700000| PB 0x0000000097600000| Untracked 
| 375|0x0000000097700000, 0x0000000097800000, 0x0000000097800000|100%| O|  |TAMS 0x0000000097800000| PB 0x0000000097700000| Untracked 
| 376|0x0000000097800000, 0x0000000097900000, 0x0000000097900000|100%| O|  |TAMS 0x0000000097900000| PB 0x0000000097800000| Untracked 
| 377|0x0000000097900000, 0x0000000097a00000, 0x0000000097a00000|100%| O|  |TAMS 0x0000000097a00000| PB 0x0000000097900000| Untracked 
| 378|0x0000000097a00000, 0x0000000097b00000, 0x0000000097b00000|100%| O|  |TAMS 0x0000000097b00000| PB 0x0000000097a00000| Untracked 
| 379|0x0000000097b00000, 0x0000000097c00000, 0x0000000097c00000|100%| O|  |TAMS 0x0000000097c00000| PB 0x0000000097b00000| Untracked 
| 380|0x0000000097c00000, 0x0000000097d00000, 0x0000000097d00000|100%| O|  |TAMS 0x0000000097d00000| PB 0x0000000097c00000| Untracked 
| 381|0x0000000097d00000, 0x0000000097e00000, 0x0000000097e00000|100%| O|  |TAMS 0x0000000097e00000| PB 0x0000000097d00000| Untracked 
| 382|0x0000000097e00000, 0x0000000097f00000, 0x0000000097f00000|100%| O|  |TAMS 0x0000000097f00000| PB 0x0000000097e00000| Untracked 
| 383|0x0000000097f00000, 0x0000000098000000, 0x0000000098000000|100%| O|  |TAMS 0x0000000098000000| PB 0x0000000097f00000| Untracked 
| 384|0x0000000098000000, 0x0000000098100000, 0x0000000098100000|100%| O|  |TAMS 0x0000000098100000| PB 0x0000000098000000| Untracked 
| 385|0x0000000098100000, 0x0000000098200000, 0x0000000098200000|100%| O|  |TAMS 0x0000000098200000| PB 0x0000000098100000| Untracked 
| 386|0x0000000098200000, 0x0000000098300000, 0x0000000098300000|100%| O|  |TAMS 0x0000000098300000| PB 0x0000000098200000| Untracked 
| 387|0x0000000098300000, 0x0000000098400000, 0x0000000098400000|100%| O|  |TAMS 0x0000000098400000| PB 0x0000000098300000| Untracked 
| 388|0x0000000098400000, 0x0000000098500000, 0x0000000098500000|100%| O|  |TAMS 0x0000000098500000| PB 0x0000000098400000| Untracked 
| 389|0x0000000098500000, 0x0000000098600000, 0x0000000098600000|100%| O|  |TAMS 0x0000000098600000| PB 0x0000000098500000| Untracked 
| 390|0x0000000098600000, 0x0000000098700000, 0x0000000098700000|100%| O|  |TAMS 0x0000000098700000| PB 0x0000000098600000| Untracked 
| 391|0x0000000098700000, 0x0000000098800000, 0x0000000098800000|100%| O|  |TAMS 0x0000000098800000| PB 0x0000000098700000| Untracked 
| 392|0x0000000098800000, 0x0000000098900000, 0x0000000098900000|100%| O|  |TAMS 0x0000000098900000| PB 0x0000000098800000| Untracked 
| 393|0x0000000098900000, 0x0000000098a00000, 0x0000000098a00000|100%| O|  |TAMS 0x0000000098a00000| PB 0x0000000098900000| Untracked 
| 394|0x0000000098a00000, 0x0000000098b00000, 0x0000000098b00000|100%| O|  |TAMS 0x0000000098b00000| PB 0x0000000098a00000| Untracked 
| 395|0x0000000098b00000, 0x0000000098c00000, 0x0000000098c00000|100%| O|  |TAMS 0x0000000098c00000| PB 0x0000000098b00000| Untracked 
| 396|0x0000000098c00000, 0x0000000098d00000, 0x0000000098d00000|100%| O|  |TAMS 0x0000000098d00000| PB 0x0000000098c00000| Untracked 
| 397|0x0000000098d00000, 0x0000000098e00000, 0x0000000098e00000|100%| O|  |TAMS 0x0000000098e00000| PB 0x0000000098d00000| Untracked 
| 398|0x0000000098e00000, 0x0000000098f00000, 0x0000000098f00000|100%| O|  |TAMS 0x0000000098f00000| PB 0x0000000098e00000| Untracked 
| 399|0x0000000098f00000, 0x0000000099000000, 0x0000000099000000|100%| O|  |TAMS 0x0000000099000000| PB 0x0000000098f00000| Untracked 
| 400|0x0000000099000000, 0x0000000099100000, 0x0000000099100000|100%| O|  |TAMS 0x0000000099100000| PB 0x0000000099000000| Untracked 
| 401|0x0000000099100000, 0x0000000099200000, 0x0000000099200000|100%| O|  |TAMS 0x0000000099200000| PB 0x0000000099100000| Untracked 
| 402|0x0000000099200000, 0x0000000099300000, 0x0000000099300000|100%| O|  |TAMS 0x0000000099300000| PB 0x0000000099200000| Untracked 
| 403|0x0000000099300000, 0x0000000099400000, 0x0000000099400000|100%| O|  |TAMS 0x0000000099400000| PB 0x0000000099300000| Untracked 
| 404|0x0000000099400000, 0x0000000099500000, 0x0000000099500000|100%| O|  |TAMS 0x0000000099500000| PB 0x0000000099400000| Untracked 
| 405|0x0000000099500000, 0x0000000099600000, 0x0000000099600000|100%| O|  |TAMS 0x0000000099600000| PB 0x0000000099500000| Untracked 
| 406|0x0000000099600000, 0x0000000099700000, 0x0000000099700000|100%| O|  |TAMS 0x0000000099700000| PB 0x0000000099600000| Untracked 
| 407|0x0000000099700000, 0x0000000099800000, 0x0000000099800000|100%| O|  |TAMS 0x0000000099800000| PB 0x0000000099700000| Untracked 
| 408|0x0000000099800000, 0x0000000099900000, 0x0000000099900000|100%| O|  |TAMS 0x0000000099900000| PB 0x0000000099800000| Untracked 
| 409|0x0000000099900000, 0x0000000099a00000, 0x0000000099a00000|100%| O|  |TAMS 0x0000000099a00000| PB 0x0000000099900000| Untracked 
| 410|0x0000000099a00000, 0x0000000099b00000, 0x0000000099b00000|100%| O|  |TAMS 0x0000000099b00000| PB 0x0000000099a00000| Untracked 
| 411|0x0000000099b00000, 0x0000000099c00000, 0x0000000099c00000|100%| O|  |TAMS 0x0000000099c00000| PB 0x0000000099b00000| Untracked 
| 412|0x0000000099c00000, 0x0000000099d00000, 0x0000000099d00000|100%| O|  |TAMS 0x0000000099d00000| PB 0x0000000099c00000| Untracked 
| 413|0x0000000099d00000, 0x0000000099e00000, 0x0000000099e00000|100%| O|  |TAMS 0x0000000099e00000| PB 0x0000000099d00000| Untracked 
| 414|0x0000000099e00000, 0x0000000099f00000, 0x0000000099f00000|100%| O|  |TAMS 0x0000000099f00000| PB 0x0000000099e00000| Untracked 
| 415|0x0000000099f00000, 0x000000009a000000, 0x000000009a000000|100%| O|  |TAMS 0x000000009a000000| PB 0x0000000099f00000| Untracked 
| 416|0x000000009a000000, 0x000000009a100000, 0x000000009a100000|100%| O|  |TAMS 0x000000009a100000| PB 0x000000009a000000| Untracked 
| 417|0x000000009a100000, 0x000000009a200000, 0x000000009a200000|100%| O|  |TAMS 0x000000009a200000| PB 0x000000009a100000| Untracked 
| 418|0x000000009a200000, 0x000000009a200000, 0x000000009a300000|  0%| F|  |TAMS 0x000000009a200000| PB 0x000000009a200000| Untracked 
| 419|0x000000009a300000, 0x000000009a400000, 0x000000009a400000|100%| O|  |TAMS 0x000000009a400000| PB 0x000000009a300000| Untracked 
| 420|0x000000009a400000, 0x000000009a500000, 0x000000009a500000|100%| O|  |TAMS 0x000000009a500000| PB 0x000000009a400000| Untracked 
| 421|0x000000009a500000, 0x000000009a600000, 0x000000009a600000|100%| O|  |TAMS 0x000000009a600000| PB 0x000000009a500000| Untracked 
| 422|0x000000009a600000, 0x000000009a700000, 0x000000009a700000|100%| O|  |TAMS 0x000000009a700000| PB 0x000000009a600000| Untracked 
| 423|0x000000009a700000, 0x000000009a800000, 0x000000009a800000|100%| O|  |TAMS 0x000000009a800000| PB 0x000000009a700000| Untracked 
| 424|0x000000009a800000, 0x000000009a900000, 0x000000009a900000|100%| O|  |TAMS 0x000000009a900000| PB 0x000000009a800000| Untracked 
| 425|0x000000009a900000, 0x000000009aa00000, 0x000000009aa00000|100%| O|  |TAMS 0x000000009aa00000| PB 0x000000009a900000| Untracked 
| 426|0x000000009aa00000, 0x000000009ab00000, 0x000000009ab00000|100%| O|  |TAMS 0x000000009ab00000| PB 0x000000009aa00000| Untracked 
| 427|0x000000009ab00000, 0x000000009ac00000, 0x000000009ac00000|100%| O|  |TAMS 0x000000009ac00000| PB 0x000000009ab00000| Untracked 
| 428|0x000000009ac00000, 0x000000009ad00000, 0x000000009ad00000|100%| O|  |TAMS 0x000000009ad00000| PB 0x000000009ac00000| Untracked 
| 429|0x000000009ad00000, 0x000000009ae00000, 0x000000009ae00000|100%| O|  |TAMS 0x000000009ae00000| PB 0x000000009ad00000| Untracked 
| 430|0x000000009ae00000, 0x000000009af00000, 0x000000009af00000|100%| O|  |TAMS 0x000000009af00000| PB 0x000000009ae00000| Untracked 
| 431|0x000000009af00000, 0x000000009b000000, 0x000000009b000000|100%| O|  |TAMS 0x000000009b000000| PB 0x000000009af00000| Untracked 
| 432|0x000000009b000000, 0x000000009b100000, 0x000000009b100000|100%| O|  |TAMS 0x000000009b100000| PB 0x000000009b000000| Untracked 
| 433|0x000000009b100000, 0x000000009b200000, 0x000000009b200000|100%| O|  |TAMS 0x000000009b200000| PB 0x000000009b100000| Untracked 
| 434|0x000000009b200000, 0x000000009b300000, 0x000000009b300000|100%| O|  |TAMS 0x000000009b300000| PB 0x000000009b200000| Untracked 
| 435|0x000000009b300000, 0x000000009b400000, 0x000000009b400000|100%| O|  |TAMS 0x000000009b400000| PB 0x000000009b300000| Untracked 
| 436|0x000000009b400000, 0x000000009b500000, 0x000000009b500000|100%| O|  |TAMS 0x000000009b500000| PB 0x000000009b400000| Untracked 
| 437|0x000000009b500000, 0x000000009b600000, 0x000000009b600000|100%| O|  |TAMS 0x000000009b600000| PB 0x000000009b500000| Untracked 
| 438|0x000000009b600000, 0x000000009b700000, 0x000000009b700000|100%| O|  |TAMS 0x000000009b700000| PB 0x000000009b600000| Untracked 
| 439|0x000000009b700000, 0x000000009b800000, 0x000000009b800000|100%| O|  |TAMS 0x000000009b800000| PB 0x000000009b700000| Untracked 
| 440|0x000000009b800000, 0x000000009b900000, 0x000000009b900000|100%| O|  |TAMS 0x000000009b900000| PB 0x000000009b800000| Untracked 
| 441|0x000000009b900000, 0x000000009ba00000, 0x000000009ba00000|100%| O|  |TAMS 0x000000009ba00000| PB 0x000000009b900000| Untracked 
| 442|0x000000009ba00000, 0x000000009bb00000, 0x000000009bb00000|100%| O|  |TAMS 0x000000009bb00000| PB 0x000000009ba00000| Untracked 
| 443|0x000000009bb00000, 0x000000009bc00000, 0x000000009bc00000|100%| O|  |TAMS 0x000000009bc00000| PB 0x000000009bb00000| Untracked 
| 444|0x000000009bc00000, 0x000000009bd00000, 0x000000009bd00000|100%| O|  |TAMS 0x000000009bd00000| PB 0x000000009bc00000| Untracked 
| 445|0x000000009bd00000, 0x000000009be00000, 0x000000009be00000|100%| O|  |TAMS 0x000000009be00000| PB 0x000000009bd00000| Untracked 
| 446|0x000000009be00000, 0x000000009bf00000, 0x000000009bf00000|100%| O|  |TAMS 0x000000009bf00000| PB 0x000000009be00000| Untracked 
| 447|0x000000009bf00000, 0x000000009c000000, 0x000000009c000000|100%| O|  |TAMS 0x000000009c000000| PB 0x000000009bf00000| Untracked 
| 448|0x000000009c000000, 0x000000009c100000, 0x000000009c100000|100%| O|  |TAMS 0x000000009c100000| PB 0x000000009c000000| Untracked 
| 449|0x000000009c100000, 0x000000009c200000, 0x000000009c200000|100%| O|  |TAMS 0x000000009c200000| PB 0x000000009c100000| Untracked 
| 450|0x000000009c200000, 0x000000009c300000, 0x000000009c300000|100%| O|  |TAMS 0x000000009c300000| PB 0x000000009c200000| Untracked 
| 451|0x000000009c300000, 0x000000009c400000, 0x000000009c400000|100%| O|  |TAMS 0x000000009c400000| PB 0x000000009c300000| Untracked 
| 452|0x000000009c400000, 0x000000009c500000, 0x000000009c500000|100%| O|  |TAMS 0x000000009c500000| PB 0x000000009c400000| Untracked 
| 453|0x000000009c500000, 0x000000009c600000, 0x000000009c600000|100%| O|  |TAMS 0x000000009c600000| PB 0x000000009c500000| Untracked 
| 454|0x000000009c600000, 0x000000009c700000, 0x000000009c700000|100%| O|  |TAMS 0x000000009c700000| PB 0x000000009c600000| Untracked 
| 455|0x000000009c700000, 0x000000009c800000, 0x000000009c800000|100%| O|  |TAMS 0x000000009c800000| PB 0x000000009c700000| Untracked 
| 456|0x000000009c800000, 0x000000009c900000, 0x000000009c900000|100%| O|  |TAMS 0x000000009c900000| PB 0x000000009c800000| Untracked 
| 457|0x000000009c900000, 0x000000009ca00000, 0x000000009ca00000|100%| O|  |TAMS 0x000000009ca00000| PB 0x000000009c900000| Untracked 
| 458|0x000000009ca00000, 0x000000009cb00000, 0x000000009cb00000|100%| O|  |TAMS 0x000000009cb00000| PB 0x000000009ca00000| Untracked 
| 459|0x000000009cb00000, 0x000000009cc00000, 0x000000009cc00000|100%| O|  |TAMS 0x000000009cc00000| PB 0x000000009cb00000| Untracked 
| 460|0x000000009cc00000, 0x000000009cd00000, 0x000000009cd00000|100%| O|  |TAMS 0x000000009cd00000| PB 0x000000009cc00000| Untracked 
| 461|0x000000009cd00000, 0x000000009ce00000, 0x000000009ce00000|100%| O|  |TAMS 0x000000009ce00000| PB 0x000000009cd00000| Untracked 
| 462|0x000000009ce00000, 0x000000009cf00000, 0x000000009cf00000|100%| O|  |TAMS 0x000000009cf00000| PB 0x000000009ce00000| Untracked 
| 463|0x000000009cf00000, 0x000000009d000000, 0x000000009d000000|100%| O|  |TAMS 0x000000009d000000| PB 0x000000009cf00000| Untracked 
| 464|0x000000009d000000, 0x000000009d100000, 0x000000009d100000|100%| O|  |TAMS 0x000000009d100000| PB 0x000000009d000000| Untracked 
| 465|0x000000009d100000, 0x000000009d200000, 0x000000009d200000|100%| O|  |TAMS 0x000000009d200000| PB 0x000000009d100000| Untracked 
| 466|0x000000009d200000, 0x000000009d300000, 0x000000009d300000|100%| O|  |TAMS 0x000000009d300000| PB 0x000000009d200000| Untracked 
| 467|0x000000009d300000, 0x000000009d400000, 0x000000009d400000|100%| O|  |TAMS 0x000000009d400000| PB 0x000000009d300000| Untracked 
| 468|0x000000009d400000, 0x000000009d500000, 0x000000009d500000|100%| O|  |TAMS 0x000000009d500000| PB 0x000000009d400000| Untracked 
| 469|0x000000009d500000, 0x000000009d600000, 0x000000009d600000|100%| O|  |TAMS 0x000000009d600000| PB 0x000000009d500000| Untracked 
| 470|0x000000009d600000, 0x000000009d700000, 0x000000009d700000|100%| O|  |TAMS 0x000000009d700000| PB 0x000000009d600000| Untracked 
| 471|0x000000009d700000, 0x000000009d800000, 0x000000009d800000|100%| O|  |TAMS 0x000000009d800000| PB 0x000000009d700000| Untracked 
| 472|0x000000009d800000, 0x000000009d900000, 0x000000009d900000|100%| O|  |TAMS 0x000000009d900000| PB 0x000000009d800000| Untracked 
| 473|0x000000009d900000, 0x000000009da00000, 0x000000009da00000|100%| O|  |TAMS 0x000000009da00000| PB 0x000000009d900000| Untracked 
| 474|0x000000009da00000, 0x000000009db00000, 0x000000009db00000|100%| O|  |TAMS 0x000000009db00000| PB 0x000000009da00000| Untracked 
| 475|0x000000009db00000, 0x000000009dc00000, 0x000000009dc00000|100%| O|  |TAMS 0x000000009dc00000| PB 0x000000009db00000| Untracked 
| 476|0x000000009dc00000, 0x000000009dd00000, 0x000000009dd00000|100%| O|  |TAMS 0x000000009dd00000| PB 0x000000009dc00000| Untracked 
| 477|0x000000009dd00000, 0x000000009de00000, 0x000000009de00000|100%| O|  |TAMS 0x000000009de00000| PB 0x000000009dd00000| Untracked 
| 478|0x000000009de00000, 0x000000009df00000, 0x000000009df00000|100%| O|  |TAMS 0x000000009df00000| PB 0x000000009de00000| Untracked 
| 479|0x000000009df00000, 0x000000009e000000, 0x000000009e000000|100%| O|  |TAMS 0x000000009e000000| PB 0x000000009df00000| Untracked 
| 480|0x000000009e000000, 0x000000009e100000, 0x000000009e100000|100%| O|  |TAMS 0x000000009e100000| PB 0x000000009e000000| Untracked 
| 481|0x000000009e100000, 0x000000009e200000, 0x000000009e200000|100%| O|  |TAMS 0x000000009e200000| PB 0x000000009e100000| Untracked 
| 482|0x000000009e200000, 0x000000009e300000, 0x000000009e300000|100%| O|  |TAMS 0x000000009e300000| PB 0x000000009e200000| Untracked 
| 483|0x000000009e300000, 0x000000009e400000, 0x000000009e400000|100%| O|  |TAMS 0x000000009e400000| PB 0x000000009e300000| Untracked 
| 484|0x000000009e400000, 0x000000009e500000, 0x000000009e500000|100%| O|  |TAMS 0x000000009e500000| PB 0x000000009e400000| Untracked 
| 485|0x000000009e500000, 0x000000009e600000, 0x000000009e600000|100%| O|  |TAMS 0x000000009e600000| PB 0x000000009e500000| Untracked 
| 486|0x000000009e600000, 0x000000009e700000, 0x000000009e700000|100%| O|  |TAMS 0x000000009e700000| PB 0x000000009e600000| Untracked 
| 487|0x000000009e700000, 0x000000009e800000, 0x000000009e800000|100%| O|  |TAMS 0x000000009e800000| PB 0x000000009e700000| Untracked 
| 488|0x000000009e800000, 0x000000009e900000, 0x000000009e900000|100%| O|  |TAMS 0x000000009e900000| PB 0x000000009e800000| Untracked 
| 489|0x000000009e900000, 0x000000009ea00000, 0x000000009ea00000|100%| O|  |TAMS 0x000000009ea00000| PB 0x000000009e900000| Untracked 
| 490|0x000000009ea00000, 0x000000009eb00000, 0x000000009eb00000|100%| O|  |TAMS 0x000000009eb00000| PB 0x000000009ea00000| Untracked 
| 491|0x000000009eb00000, 0x000000009ec00000, 0x000000009ec00000|100%| O|  |TAMS 0x000000009ec00000| PB 0x000000009eb00000| Untracked 
| 492|0x000000009ec00000, 0x000000009ed00000, 0x000000009ed00000|100%| O|  |TAMS 0x000000009ed00000| PB 0x000000009ec00000| Untracked 
| 493|0x000000009ed00000, 0x000000009ee00000, 0x000000009ee00000|100%| O|  |TAMS 0x000000009ee00000| PB 0x000000009ed00000| Untracked 
| 494|0x000000009ee00000, 0x000000009ef00000, 0x000000009ef00000|100%| O|  |TAMS 0x000000009ef00000| PB 0x000000009ee00000| Untracked 
| 495|0x000000009ef00000, 0x000000009f000000, 0x000000009f000000|100%| O|  |TAMS 0x000000009f000000| PB 0x000000009ef00000| Untracked 
| 496|0x000000009f000000, 0x000000009f100000, 0x000000009f100000|100%| O|  |TAMS 0x000000009f100000| PB 0x000000009f000000| Untracked 
| 497|0x000000009f100000, 0x000000009f200000, 0x000000009f200000|100%| O|  |TAMS 0x000000009f200000| PB 0x000000009f100000| Untracked 
| 498|0x000000009f200000, 0x000000009f300000, 0x000000009f300000|100%| O|  |TAMS 0x000000009f300000| PB 0x000000009f200000| Untracked 
| 499|0x000000009f300000, 0x000000009f400000, 0x000000009f400000|100%| O|  |TAMS 0x000000009f400000| PB 0x000000009f300000| Untracked 
| 500|0x000000009f400000, 0x000000009f500000, 0x000000009f500000|100%| O|  |TAMS 0x000000009f500000| PB 0x000000009f400000| Untracked 
| 501|0x000000009f500000, 0x000000009f600000, 0x000000009f600000|100%| O|  |TAMS 0x000000009f600000| PB 0x000000009f500000| Untracked 
| 502|0x000000009f600000, 0x000000009f700000, 0x000000009f700000|100%| O|  |TAMS 0x000000009f700000| PB 0x000000009f600000| Untracked 
| 503|0x000000009f700000, 0x000000009f800000, 0x000000009f800000|100%| O|  |TAMS 0x000000009f800000| PB 0x000000009f700000| Untracked 
| 504|0x000000009f800000, 0x000000009f900000, 0x000000009f900000|100%| O|  |TAMS 0x000000009f900000| PB 0x000000009f800000| Untracked 
| 505|0x000000009f900000, 0x000000009fa00000, 0x000000009fa00000|100%| O|  |TAMS 0x000000009fa00000| PB 0x000000009f900000| Untracked 
| 506|0x000000009fa00000, 0x000000009fb00000, 0x000000009fb00000|100%| O|  |TAMS 0x000000009fb00000| PB 0x000000009fa00000| Untracked 
| 507|0x000000009fb00000, 0x000000009fc00000, 0x000000009fc00000|100%| O|  |TAMS 0x000000009fc00000| PB 0x000000009fb00000| Untracked 
| 508|0x000000009fc00000, 0x000000009fd00000, 0x000000009fd00000|100%| O|  |TAMS 0x000000009fd00000| PB 0x000000009fc00000| Untracked 
| 509|0x000000009fd00000, 0x000000009fe00000, 0x000000009fe00000|100%| O|  |TAMS 0x000000009fe00000| PB 0x000000009fd00000| Untracked 
| 510|0x000000009fe00000, 0x000000009ff00000, 0x000000009ff00000|100%| O|  |TAMS 0x000000009ff00000| PB 0x000000009fe00000| Untracked 
| 511|0x000000009ff00000, 0x00000000a0000000, 0x00000000a0000000|100%| O|  |TAMS 0x00000000a0000000| PB 0x000000009ff00000| Untracked 
| 512|0x00000000a0000000, 0x00000000a0100000, 0x00000000a0100000|100%| O|  |TAMS 0x00000000a0100000| PB 0x00000000a0000000| Untracked 
| 513|0x00000000a0100000, 0x00000000a0200000, 0x00000000a0200000|100%| O|  |TAMS 0x00000000a0200000| PB 0x00000000a0100000| Untracked 
| 514|0x00000000a0200000, 0x00000000a0300000, 0x00000000a0300000|100%| O|  |TAMS 0x00000000a0300000| PB 0x00000000a0200000| Untracked 
| 515|0x00000000a0300000, 0x00000000a0400000, 0x00000000a0400000|100%| O|  |TAMS 0x00000000a0400000| PB 0x00000000a0300000| Untracked 
| 516|0x00000000a0400000, 0x00000000a0500000, 0x00000000a0500000|100%| O|  |TAMS 0x00000000a0500000| PB 0x00000000a0400000| Untracked 
| 517|0x00000000a0500000, 0x00000000a0600000, 0x00000000a0600000|100%| O|  |TAMS 0x00000000a0600000| PB 0x00000000a0500000| Untracked 
| 518|0x00000000a0600000, 0x00000000a0700000, 0x00000000a0700000|100%| O|  |TAMS 0x00000000a0700000| PB 0x00000000a0600000| Untracked 
| 519|0x00000000a0700000, 0x00000000a0800000, 0x00000000a0800000|100%| O|  |TAMS 0x00000000a0800000| PB 0x00000000a0700000| Untracked 
| 520|0x00000000a0800000, 0x00000000a0900000, 0x00000000a0900000|100%| O|  |TAMS 0x00000000a0900000| PB 0x00000000a0800000| Untracked 
| 521|0x00000000a0900000, 0x00000000a0a00000, 0x00000000a0a00000|100%| O|  |TAMS 0x00000000a0a00000| PB 0x00000000a0900000| Untracked 
| 522|0x00000000a0a00000, 0x00000000a0b00000, 0x00000000a0b00000|100%| O|  |TAMS 0x00000000a0b00000| PB 0x00000000a0a00000| Untracked 
| 523|0x00000000a0b00000, 0x00000000a0c00000, 0x00000000a0c00000|100%| O|  |TAMS 0x00000000a0c00000| PB 0x00000000a0b00000| Untracked 
| 524|0x00000000a0c00000, 0x00000000a0d00000, 0x00000000a0d00000|100%| O|  |TAMS 0x00000000a0d00000| PB 0x00000000a0c00000| Untracked 
| 525|0x00000000a0d00000, 0x00000000a0e00000, 0x00000000a0e00000|100%| O|  |TAMS 0x00000000a0e00000| PB 0x00000000a0d00000| Untracked 
| 526|0x00000000a0e00000, 0x00000000a0f00000, 0x00000000a0f00000|100%| O|  |TAMS 0x00000000a0f00000| PB 0x00000000a0e00000| Untracked 
| 527|0x00000000a0f00000, 0x00000000a1000000, 0x00000000a1000000|100%| O|  |TAMS 0x00000000a1000000| PB 0x00000000a0f00000| Untracked 
| 528|0x00000000a1000000, 0x00000000a1100000, 0x00000000a1100000|100%| O|  |TAMS 0x00000000a1100000| PB 0x00000000a1000000| Untracked 
| 529|0x00000000a1100000, 0x00000000a1200000, 0x00000000a1200000|100%| O|  |TAMS 0x00000000a1200000| PB 0x00000000a1100000| Untracked 
| 530|0x00000000a1200000, 0x00000000a1300000, 0x00000000a1300000|100%| O|  |TAMS 0x00000000a1300000| PB 0x00000000a1200000| Untracked 
| 531|0x00000000a1300000, 0x00000000a1400000, 0x00000000a1400000|100%| O|  |TAMS 0x00000000a1400000| PB 0x00000000a1300000| Untracked 
| 532|0x00000000a1400000, 0x00000000a1500000, 0x00000000a1500000|100%| O|  |TAMS 0x00000000a1500000| PB 0x00000000a1400000| Untracked 
| 533|0x00000000a1500000, 0x00000000a1600000, 0x00000000a1600000|100%| O|  |TAMS 0x00000000a1600000| PB 0x00000000a1500000| Untracked 
| 534|0x00000000a1600000, 0x00000000a1700000, 0x00000000a1700000|100%| O|  |TAMS 0x00000000a1700000| PB 0x00000000a1600000| Untracked 
| 535|0x00000000a1700000, 0x00000000a1800000, 0x00000000a1800000|100%| O|  |TAMS 0x00000000a1800000| PB 0x00000000a1700000| Untracked 
| 536|0x00000000a1800000, 0x00000000a1900000, 0x00000000a1900000|100%| O|  |TAMS 0x00000000a1900000| PB 0x00000000a1800000| Untracked 
| 537|0x00000000a1900000, 0x00000000a1a00000, 0x00000000a1a00000|100%| O|  |TAMS 0x00000000a1a00000| PB 0x00000000a1900000| Untracked 
| 538|0x00000000a1a00000, 0x00000000a1b00000, 0x00000000a1b00000|100%| O|  |TAMS 0x00000000a1b00000| PB 0x00000000a1a00000| Untracked 
| 539|0x00000000a1b00000, 0x00000000a1c00000, 0x00000000a1c00000|100%| O|  |TAMS 0x00000000a1c00000| PB 0x00000000a1b00000| Untracked 
| 540|0x00000000a1c00000, 0x00000000a1d00000, 0x00000000a1d00000|100%| O|  |TAMS 0x00000000a1d00000| PB 0x00000000a1c00000| Untracked 
| 541|0x00000000a1d00000, 0x00000000a1e00000, 0x00000000a1e00000|100%| O|  |TAMS 0x00000000a1e00000| PB 0x00000000a1d00000| Untracked 
| 542|0x00000000a1e00000, 0x00000000a1f00000, 0x00000000a1f00000|100%| O|  |TAMS 0x00000000a1f00000| PB 0x00000000a1e00000| Untracked 
| 543|0x00000000a1f00000, 0x00000000a2000000, 0x00000000a2000000|100%| O|  |TAMS 0x00000000a2000000| PB 0x00000000a1f00000| Untracked 
| 544|0x00000000a2000000, 0x00000000a2100000, 0x00000000a2100000|100%| O|  |TAMS 0x00000000a2100000| PB 0x00000000a2000000| Untracked 
| 545|0x00000000a2100000, 0x00000000a2200000, 0x00000000a2200000|100%| O|  |TAMS 0x00000000a2200000| PB 0x00000000a2100000| Untracked 
| 546|0x00000000a2200000, 0x00000000a2300000, 0x00000000a2300000|100%| O|  |TAMS 0x00000000a2300000| PB 0x00000000a2200000| Untracked 
| 547|0x00000000a2300000, 0x00000000a2400000, 0x00000000a2400000|100%| O|  |TAMS 0x00000000a2400000| PB 0x00000000a2300000| Untracked 
| 548|0x00000000a2400000, 0x00000000a2500000, 0x00000000a2500000|100%| O|  |TAMS 0x00000000a2500000| PB 0x00000000a2400000| Untracked 
| 549|0x00000000a2500000, 0x00000000a2600000, 0x00000000a2600000|100%| O|  |TAMS 0x00000000a2600000| PB 0x00000000a2500000| Untracked 
| 550|0x00000000a2600000, 0x00000000a2700000, 0x00000000a2700000|100%| O|  |TAMS 0x00000000a2700000| PB 0x00000000a2600000| Untracked 
| 551|0x00000000a2700000, 0x00000000a2800000, 0x00000000a2800000|100%| O|  |TAMS 0x00000000a2800000| PB 0x00000000a2700000| Untracked 
| 552|0x00000000a2800000, 0x00000000a2900000, 0x00000000a2900000|100%| O|  |TAMS 0x00000000a2900000| PB 0x00000000a2800000| Untracked 
| 553|0x00000000a2900000, 0x00000000a2a00000, 0x00000000a2a00000|100%| O|  |TAMS 0x00000000a2a00000| PB 0x00000000a2900000| Untracked 
| 554|0x00000000a2a00000, 0x00000000a2b00000, 0x00000000a2b00000|100%| O|  |TAMS 0x00000000a2b00000| PB 0x00000000a2a00000| Untracked 
| 555|0x00000000a2b00000, 0x00000000a2c00000, 0x00000000a2c00000|100%| O|  |TAMS 0x00000000a2c00000| PB 0x00000000a2b00000| Untracked 
| 556|0x00000000a2c00000, 0x00000000a2d00000, 0x00000000a2d00000|100%| O|  |TAMS 0x00000000a2d00000| PB 0x00000000a2c00000| Untracked 
| 557|0x00000000a2d00000, 0x00000000a2e00000, 0x00000000a2e00000|100%| O|  |TAMS 0x00000000a2e00000| PB 0x00000000a2d00000| Untracked 
| 558|0x00000000a2e00000, 0x00000000a2f00000, 0x00000000a2f00000|100%| O|  |TAMS 0x00000000a2f00000| PB 0x00000000a2e00000| Untracked 
| 559|0x00000000a2f00000, 0x00000000a3000000, 0x00000000a3000000|100%| O|  |TAMS 0x00000000a3000000| PB 0x00000000a2f00000| Untracked 
| 560|0x00000000a3000000, 0x00000000a3100000, 0x00000000a3100000|100%| O|  |TAMS 0x00000000a3100000| PB 0x00000000a3000000| Untracked 
| 561|0x00000000a3100000, 0x00000000a3200000, 0x00000000a3200000|100%| O|  |TAMS 0x00000000a3200000| PB 0x00000000a3100000| Untracked 
| 562|0x00000000a3200000, 0x00000000a3300000, 0x00000000a3300000|100%| O|  |TAMS 0x00000000a3300000| PB 0x00000000a3200000| Untracked 
| 563|0x00000000a3300000, 0x00000000a3400000, 0x00000000a3400000|100%| O|  |TAMS 0x00000000a3400000| PB 0x00000000a3300000| Untracked 
| 564|0x00000000a3400000, 0x00000000a3500000, 0x00000000a3500000|100%| O|  |TAMS 0x00000000a3500000| PB 0x00000000a3400000| Untracked 
| 565|0x00000000a3500000, 0x00000000a3600000, 0x00000000a3600000|100%| O|  |TAMS 0x00000000a3600000| PB 0x00000000a3500000| Untracked 
| 566|0x00000000a3600000, 0x00000000a3700000, 0x00000000a3700000|100%| O|  |TAMS 0x00000000a3700000| PB 0x00000000a3600000| Untracked 
| 567|0x00000000a3700000, 0x00000000a3800000, 0x00000000a3800000|100%| O|  |TAMS 0x00000000a3800000| PB 0x00000000a3700000| Untracked 
| 568|0x00000000a3800000, 0x00000000a3900000, 0x00000000a3900000|100%| O|  |TAMS 0x00000000a3900000| PB 0x00000000a3800000| Untracked 
| 569|0x00000000a3900000, 0x00000000a3a00000, 0x00000000a3a00000|100%| O|  |TAMS 0x00000000a3a00000| PB 0x00000000a3900000| Untracked 
| 570|0x00000000a3a00000, 0x00000000a3b00000, 0x00000000a3b00000|100%| O|  |TAMS 0x00000000a3b00000| PB 0x00000000a3a00000| Untracked 
| 571|0x00000000a3b00000, 0x00000000a3c00000, 0x00000000a3c00000|100%| O|  |TAMS 0x00000000a3c00000| PB 0x00000000a3b00000| Untracked 
| 572|0x00000000a3c00000, 0x00000000a3d00000, 0x00000000a3d00000|100%| O|  |TAMS 0x00000000a3d00000| PB 0x00000000a3c00000| Untracked 
| 573|0x00000000a3d00000, 0x00000000a3e00000, 0x00000000a3e00000|100%| O|  |TAMS 0x00000000a3e00000| PB 0x00000000a3d00000| Untracked 
| 574|0x00000000a3e00000, 0x00000000a3f00000, 0x00000000a3f00000|100%| O|  |TAMS 0x00000000a3f00000| PB 0x00000000a3e00000| Untracked 
| 575|0x00000000a3f00000, 0x00000000a4000000, 0x00000000a4000000|100%| O|  |TAMS 0x00000000a4000000| PB 0x00000000a3f00000| Untracked 
| 576|0x00000000a4000000, 0x00000000a4100000, 0x00000000a4100000|100%| O|  |TAMS 0x00000000a4100000| PB 0x00000000a4000000| Untracked 
| 577|0x00000000a4100000, 0x00000000a4200000, 0x00000000a4200000|100%| O|  |TAMS 0x00000000a4200000| PB 0x00000000a4100000| Untracked 
| 578|0x00000000a4200000, 0x00000000a4300000, 0x00000000a4300000|100%| O|  |TAMS 0x00000000a4300000| PB 0x00000000a4200000| Untracked 
| 579|0x00000000a4300000, 0x00000000a4400000, 0x00000000a4400000|100%| O|  |TAMS 0x00000000a4400000| PB 0x00000000a4300000| Untracked 
| 580|0x00000000a4400000, 0x00000000a4500000, 0x00000000a4500000|100%| O|  |TAMS 0x00000000a4500000| PB 0x00000000a4400000| Untracked 
| 581|0x00000000a4500000, 0x00000000a4600000, 0x00000000a4600000|100%| O|  |TAMS 0x00000000a4600000| PB 0x00000000a4500000| Untracked 
| 582|0x00000000a4600000, 0x00000000a4700000, 0x00000000a4700000|100%| O|  |TAMS 0x00000000a4700000| PB 0x00000000a4600000| Untracked 
| 583|0x00000000a4700000, 0x00000000a4800000, 0x00000000a4800000|100%| O|  |TAMS 0x00000000a4800000| PB 0x00000000a4700000| Untracked 
| 584|0x00000000a4800000, 0x00000000a4900000, 0x00000000a4900000|100%| O|  |TAMS 0x00000000a4900000| PB 0x00000000a4800000| Untracked 
| 585|0x00000000a4900000, 0x00000000a4a00000, 0x00000000a4a00000|100%| O|  |TAMS 0x00000000a4a00000| PB 0x00000000a4900000| Untracked 
| 586|0x00000000a4a00000, 0x00000000a4b00000, 0x00000000a4b00000|100%| O|  |TAMS 0x00000000a4b00000| PB 0x00000000a4a00000| Untracked 
| 587|0x00000000a4b00000, 0x00000000a4c00000, 0x00000000a4c00000|100%| O|  |TAMS 0x00000000a4c00000| PB 0x00000000a4b00000| Untracked 
| 588|0x00000000a4c00000, 0x00000000a4d00000, 0x00000000a4d00000|100%| O|  |TAMS 0x00000000a4d00000| PB 0x00000000a4c00000| Untracked 
| 589|0x00000000a4d00000, 0x00000000a4e00000, 0x00000000a4e00000|100%| O|  |TAMS 0x00000000a4e00000| PB 0x00000000a4d00000| Untracked 
| 590|0x00000000a4e00000, 0x00000000a4f00000, 0x00000000a4f00000|100%| O|  |TAMS 0x00000000a4f00000| PB 0x00000000a4e00000| Untracked 
| 591|0x00000000a4f00000, 0x00000000a5000000, 0x00000000a5000000|100%| O|  |TAMS 0x00000000a5000000| PB 0x00000000a4f00000| Untracked 
| 592|0x00000000a5000000, 0x00000000a5100000, 0x00000000a5100000|100%| O|  |TAMS 0x00000000a5100000| PB 0x00000000a5000000| Untracked 
| 593|0x00000000a5100000, 0x00000000a5200000, 0x00000000a5200000|100%| O|  |TAMS 0x00000000a5200000| PB 0x00000000a5100000| Untracked 
| 594|0x00000000a5200000, 0x00000000a5300000, 0x00000000a5300000|100%| O|  |TAMS 0x00000000a5300000| PB 0x00000000a5200000| Untracked 
| 595|0x00000000a5300000, 0x00000000a5400000, 0x00000000a5400000|100%| O|  |TAMS 0x00000000a5400000| PB 0x00000000a5300000| Untracked 
| 596|0x00000000a5400000, 0x00000000a5500000, 0x00000000a5500000|100%| O|  |TAMS 0x00000000a5500000| PB 0x00000000a5400000| Untracked 
| 597|0x00000000a5500000, 0x00000000a5600000, 0x00000000a5600000|100%| O|  |TAMS 0x00000000a5600000| PB 0x00000000a5500000| Untracked 
| 598|0x00000000a5600000, 0x00000000a5700000, 0x00000000a5700000|100%| O|  |TAMS 0x00000000a5700000| PB 0x00000000a5600000| Untracked 
| 599|0x00000000a5700000, 0x00000000a5800000, 0x00000000a5800000|100%| O|  |TAMS 0x00000000a5800000| PB 0x00000000a5700000| Untracked 
| 600|0x00000000a5800000, 0x00000000a5900000, 0x00000000a5900000|100%| O|  |TAMS 0x00000000a5900000| PB 0x00000000a5800000| Untracked 
| 601|0x00000000a5900000, 0x00000000a5a00000, 0x00000000a5a00000|100%| O|  |TAMS 0x00000000a5a00000| PB 0x00000000a5900000| Untracked 
| 602|0x00000000a5a00000, 0x00000000a5b00000, 0x00000000a5b00000|100%| O|  |TAMS 0x00000000a5b00000| PB 0x00000000a5a00000| Untracked 
| 603|0x00000000a5b00000, 0x00000000a5c00000, 0x00000000a5c00000|100%| O|  |TAMS 0x00000000a5c00000| PB 0x00000000a5b00000| Untracked 
| 604|0x00000000a5c00000, 0x00000000a5d00000, 0x00000000a5d00000|100%| O|  |TAMS 0x00000000a5d00000| PB 0x00000000a5c00000| Untracked 
| 605|0x00000000a5d00000, 0x00000000a5e00000, 0x00000000a5e00000|100%| O|  |TAMS 0x00000000a5e00000| PB 0x00000000a5d00000| Untracked 
| 606|0x00000000a5e00000, 0x00000000a5f00000, 0x00000000a5f00000|100%| O|  |TAMS 0x00000000a5f00000| PB 0x00000000a5e00000| Untracked 
| 607|0x00000000a5f00000, 0x00000000a6000000, 0x00000000a6000000|100%| O|  |TAMS 0x00000000a6000000| PB 0x00000000a5f00000| Untracked 
| 608|0x00000000a6000000, 0x00000000a6100000, 0x00000000a6100000|100%| O|  |TAMS 0x00000000a6100000| PB 0x00000000a6000000| Untracked 
| 609|0x00000000a6100000, 0x00000000a6200000, 0x00000000a6200000|100%| O|  |TAMS 0x00000000a6200000| PB 0x00000000a6100000| Untracked 
| 610|0x00000000a6200000, 0x00000000a6300000, 0x00000000a6300000|100%| O|  |TAMS 0x00000000a6300000| PB 0x00000000a6200000| Untracked 
| 611|0x00000000a6300000, 0x00000000a6400000, 0x00000000a6400000|100%| O|  |TAMS 0x00000000a6400000| PB 0x00000000a6300000| Untracked 
| 612|0x00000000a6400000, 0x00000000a6500000, 0x00000000a6500000|100%| O|  |TAMS 0x00000000a6500000| PB 0x00000000a6400000| Untracked 
| 613|0x00000000a6500000, 0x00000000a6600000, 0x00000000a6600000|100%| O|  |TAMS 0x00000000a6600000| PB 0x00000000a6500000| Untracked 
| 614|0x00000000a6600000, 0x00000000a6700000, 0x00000000a6700000|100%| O|  |TAMS 0x00000000a6700000| PB 0x00000000a6600000| Untracked 
| 615|0x00000000a6700000, 0x00000000a6800000, 0x00000000a6800000|100%| O|  |TAMS 0x00000000a6800000| PB 0x00000000a6700000| Untracked 
| 616|0x00000000a6800000, 0x00000000a6900000, 0x00000000a6900000|100%| O|  |TAMS 0x00000000a6900000| PB 0x00000000a6800000| Untracked 
| 617|0x00000000a6900000, 0x00000000a6a00000, 0x00000000a6a00000|100%| O|  |TAMS 0x00000000a6a00000| PB 0x00000000a6900000| Untracked 
| 618|0x00000000a6a00000, 0x00000000a6b00000, 0x00000000a6b00000|100%| O|  |TAMS 0x00000000a6b00000| PB 0x00000000a6a00000| Untracked 
| 619|0x00000000a6b00000, 0x00000000a6c00000, 0x00000000a6c00000|100%| O|  |TAMS 0x00000000a6c00000| PB 0x00000000a6b00000| Untracked 
| 620|0x00000000a6c00000, 0x00000000a6d00000, 0x00000000a6d00000|100%| O|  |TAMS 0x00000000a6d00000| PB 0x00000000a6c00000| Untracked 
| 621|0x00000000a6d00000, 0x00000000a6e00000, 0x00000000a6e00000|100%| O|  |TAMS 0x00000000a6e00000| PB 0x00000000a6d00000| Untracked 
| 622|0x00000000a6e00000, 0x00000000a6f00000, 0x00000000a6f00000|100%| O|  |TAMS 0x00000000a6f00000| PB 0x00000000a6e00000| Untracked 
| 623|0x00000000a6f00000, 0x00000000a7000000, 0x00000000a7000000|100%| O|  |TAMS 0x00000000a7000000| PB 0x00000000a6f00000| Untracked 
| 624|0x00000000a7000000, 0x00000000a7100000, 0x00000000a7100000|100%| O|  |TAMS 0x00000000a7100000| PB 0x00000000a7000000| Untracked 
| 625|0x00000000a7100000, 0x00000000a7200000, 0x00000000a7200000|100%| O|  |TAMS 0x00000000a7200000| PB 0x00000000a7100000| Untracked 
| 626|0x00000000a7200000, 0x00000000a7300000, 0x00000000a7300000|100%| O|  |TAMS 0x00000000a7300000| PB 0x00000000a7200000| Untracked 
| 627|0x00000000a7300000, 0x00000000a7400000, 0x00000000a7400000|100%| O|  |TAMS 0x00000000a7400000| PB 0x00000000a7300000| Untracked 
| 628|0x00000000a7400000, 0x00000000a7500000, 0x00000000a7500000|100%| O|  |TAMS 0x00000000a7500000| PB 0x00000000a7400000| Untracked 
| 629|0x00000000a7500000, 0x00000000a7600000, 0x00000000a7600000|100%| O|  |TAMS 0x00000000a7600000| PB 0x00000000a7500000| Untracked 
| 630|0x00000000a7600000, 0x00000000a7700000, 0x00000000a7700000|100%| O|  |TAMS 0x00000000a7700000| PB 0x00000000a7600000| Untracked 
| 631|0x00000000a7700000, 0x00000000a7800000, 0x00000000a7800000|100%| O|  |TAMS 0x00000000a7800000| PB 0x00000000a7700000| Untracked 
| 632|0x00000000a7800000, 0x00000000a7900000, 0x00000000a7900000|100%| O|  |TAMS 0x00000000a7900000| PB 0x00000000a7800000| Untracked 
| 633|0x00000000a7900000, 0x00000000a7a00000, 0x00000000a7a00000|100%| O|  |TAMS 0x00000000a7a00000| PB 0x00000000a7900000| Untracked 
| 634|0x00000000a7a00000, 0x00000000a7a66ed8, 0x00000000a7b00000| 40%| O|  |TAMS 0x00000000a7a66ed8| PB 0x00000000a7a00000| Untracked 
| 635|0x00000000a7b00000, 0x00000000a7c00000, 0x00000000a7c00000|100%| O|  |TAMS 0x00000000a7c00000| PB 0x00000000a7b00000| Untracked 
| 636|0x00000000a7c00000, 0x00000000a7d00000, 0x00000000a7d00000|100%| O|  |TAMS 0x00000000a7d00000| PB 0x00000000a7c00000| Untracked 
| 637|0x00000000a7d00000, 0x00000000a7e00000, 0x00000000a7e00000|100%| O|  |TAMS 0x00000000a7e00000| PB 0x00000000a7d00000| Untracked 
| 638|0x00000000a7e00000, 0x00000000a7f00000, 0x00000000a7f00000|100%| O|  |TAMS 0x00000000a7f00000| PB 0x00000000a7e00000| Untracked 
| 639|0x00000000a7f00000, 0x00000000a8000000, 0x00000000a8000000|100%| O|  |TAMS 0x00000000a8000000| PB 0x00000000a7f00000| Untracked 
| 640|0x00000000a8000000, 0x00000000a8100000, 0x00000000a8100000|100%| O|  |TAMS 0x00000000a8100000| PB 0x00000000a8000000| Untracked 
| 641|0x00000000a8100000, 0x00000000a8200000, 0x00000000a8200000|100%| O|  |TAMS 0x00000000a8200000| PB 0x00000000a8100000| Untracked 
| 642|0x00000000a8200000, 0x00000000a8300000, 0x00000000a8300000|100%| O|  |TAMS 0x00000000a8300000| PB 0x00000000a8200000| Untracked 
| 643|0x00000000a8300000, 0x00000000a8400000, 0x00000000a8400000|100%| O|  |TAMS 0x00000000a8400000| PB 0x00000000a8300000| Untracked 
| 644|0x00000000a8400000, 0x00000000a8500000, 0x00000000a8500000|100%| O|  |TAMS 0x00000000a8500000| PB 0x00000000a8400000| Untracked 
| 645|0x00000000a8500000, 0x00000000a8600000, 0x00000000a8600000|100%| O|  |TAMS 0x00000000a8600000| PB 0x00000000a8500000| Untracked 
| 646|0x00000000a8600000, 0x00000000a8700000, 0x00000000a8700000|100%| O|  |TAMS 0x00000000a8700000| PB 0x00000000a8600000| Untracked 
| 647|0x00000000a8700000, 0x00000000a8800000, 0x00000000a8800000|100%| O|  |TAMS 0x00000000a8800000| PB 0x00000000a8700000| Untracked 
| 648|0x00000000a8800000, 0x00000000a8900000, 0x00000000a8900000|100%| O|  |TAMS 0x00000000a8900000| PB 0x00000000a8800000| Untracked 
| 649|0x00000000a8900000, 0x00000000a8a00000, 0x00000000a8a00000|100%| O|  |TAMS 0x00000000a8a00000| PB 0x00000000a8900000| Untracked 
| 650|0x00000000a8a00000, 0x00000000a8b00000, 0x00000000a8b00000|100%| O|  |TAMS 0x00000000a8b00000| PB 0x00000000a8a00000| Untracked 
| 651|0x00000000a8b00000, 0x00000000a8c00000, 0x00000000a8c00000|100%| O|  |TAMS 0x00000000a8c00000| PB 0x00000000a8b00000| Untracked 
| 652|0x00000000a8c00000, 0x00000000a8d00000, 0x00000000a8d00000|100%| O|  |TAMS 0x00000000a8d00000| PB 0x00000000a8c00000| Untracked 
| 653|0x00000000a8d00000, 0x00000000a8e00000, 0x00000000a8e00000|100%| O|  |TAMS 0x00000000a8e00000| PB 0x00000000a8d00000| Untracked 
| 654|0x00000000a8e00000, 0x00000000a8f00000, 0x00000000a8f00000|100%| O|  |TAMS 0x00000000a8f00000| PB 0x00000000a8e00000| Untracked 
| 655|0x00000000a8f00000, 0x00000000a9000000, 0x00000000a9000000|100%| O|  |TAMS 0x00000000a9000000| PB 0x00000000a8f00000| Untracked 
| 656|0x00000000a9000000, 0x00000000a9000000, 0x00000000a9100000|  0%| F|  |TAMS 0x00000000a9000000| PB 0x00000000a9000000| Untracked 
| 657|0x00000000a9100000, 0x00000000a9100000, 0x00000000a9200000|  0%| F|  |TAMS 0x00000000a9100000| PB 0x00000000a9100000| Untracked 
| 658|0x00000000a9200000, 0x00000000a9200000, 0x00000000a9300000|  0%| F|  |TAMS 0x00000000a9200000| PB 0x00000000a9200000| Untracked 
| 659|0x00000000a9300000, 0x00000000a9300000, 0x00000000a9400000|  0%| F|  |TAMS 0x00000000a9300000| PB 0x00000000a9300000| Untracked 
| 660|0x00000000a9400000, 0x00000000a9400000, 0x00000000a9500000|  0%| F|  |TAMS 0x00000000a9400000| PB 0x00000000a9400000| Untracked 
| 661|0x00000000a9500000, 0x00000000a9500000, 0x00000000a9600000|  0%| F|  |TAMS 0x00000000a9500000| PB 0x00000000a9500000| Untracked 
| 662|0x00000000a9600000, 0x00000000a9600000, 0x00000000a9700000|  0%| F|  |TAMS 0x00000000a9600000| PB 0x00000000a9600000| Untracked 
| 663|0x00000000a9700000, 0x00000000a9700000, 0x00000000a9800000|  0%| F|  |TAMS 0x00000000a9700000| PB 0x00000000a9700000| Untracked 
| 664|0x00000000a9800000, 0x00000000a9800000, 0x00000000a9900000|  0%| F|  |TAMS 0x00000000a9800000| PB 0x00000000a9800000| Untracked 
| 665|0x00000000a9900000, 0x00000000a9900000, 0x00000000a9a00000|  0%| F|  |TAMS 0x00000000a9900000| PB 0x00000000a9900000| Untracked 
| 666|0x00000000a9a00000, 0x00000000a9a00000, 0x00000000a9b00000|  0%| F|  |TAMS 0x00000000a9a00000| PB 0x00000000a9a00000| Untracked 
| 667|0x00000000a9b00000, 0x00000000a9b00000, 0x00000000a9c00000|  0%| F|  |TAMS 0x00000000a9b00000| PB 0x00000000a9b00000| Untracked 
| 668|0x00000000a9c00000, 0x00000000a9c00000, 0x00000000a9d00000|  0%| F|  |TAMS 0x00000000a9c00000| PB 0x00000000a9c00000| Untracked 
| 669|0x00000000a9d00000, 0x00000000a9d00000, 0x00000000a9e00000|  0%| F|  |TAMS 0x00000000a9d00000| PB 0x00000000a9d00000| Untracked 
| 670|0x00000000a9e00000, 0x00000000a9e00000, 0x00000000a9f00000|  0%| F|  |TAMS 0x00000000a9e00000| PB 0x00000000a9e00000| Untracked 
| 671|0x00000000a9f00000, 0x00000000a9f00000, 0x00000000aa000000|  0%| F|  |TAMS 0x00000000a9f00000| PB 0x00000000a9f00000| Untracked 
| 672|0x00000000aa000000, 0x00000000aa000000, 0x00000000aa100000|  0%| F|  |TAMS 0x00000000aa000000| PB 0x00000000aa000000| Untracked 
| 673|0x00000000aa100000, 0x00000000aa100000, 0x00000000aa200000|  0%| F|  |TAMS 0x00000000aa100000| PB 0x00000000aa100000| Untracked 
| 674|0x00000000aa200000, 0x00000000aa200000, 0x00000000aa300000|  0%| F|  |TAMS 0x00000000aa200000| PB 0x00000000aa200000| Untracked 
| 675|0x00000000aa300000, 0x00000000aa300000, 0x00000000aa400000|  0%| F|  |TAMS 0x00000000aa300000| PB 0x00000000aa300000| Untracked 
| 676|0x00000000aa400000, 0x00000000aa400000, 0x00000000aa500000|  0%| F|  |TAMS 0x00000000aa400000| PB 0x00000000aa400000| Untracked 
| 677|0x00000000aa500000, 0x00000000aa500000, 0x00000000aa600000|  0%| F|  |TAMS 0x00000000aa500000| PB 0x00000000aa500000| Untracked 
| 678|0x00000000aa600000, 0x00000000aa600000, 0x00000000aa700000|  0%| F|  |TAMS 0x00000000aa600000| PB 0x00000000aa600000| Untracked 
| 679|0x00000000aa700000, 0x00000000aa700000, 0x00000000aa800000|  0%| F|  |TAMS 0x00000000aa700000| PB 0x00000000aa700000| Untracked 
| 680|0x00000000aa800000, 0x00000000aa800000, 0x00000000aa900000|  0%| F|  |TAMS 0x00000000aa800000| PB 0x00000000aa800000| Untracked 
| 681|0x00000000aa900000, 0x00000000aa900000, 0x00000000aaa00000|  0%| F|  |TAMS 0x00000000aa900000| PB 0x00000000aa900000| Untracked 
| 682|0x00000000aaa00000, 0x00000000aaa00000, 0x00000000aab00000|  0%| F|  |TAMS 0x00000000aaa00000| PB 0x00000000aaa00000| Untracked 
| 683|0x00000000aab00000, 0x00000000aab00000, 0x00000000aac00000|  0%| F|  |TAMS 0x00000000aab00000| PB 0x00000000aab00000| Untracked 
| 684|0x00000000aac00000, 0x00000000aac00000, 0x00000000aad00000|  0%| F|  |TAMS 0x00000000aac00000| PB 0x00000000aac00000| Untracked 
| 685|0x00000000aad00000, 0x00000000aad00000, 0x00000000aae00000|  0%| F|  |TAMS 0x00000000aad00000| PB 0x00000000aad00000| Untracked 
| 686|0x00000000aae00000, 0x00000000aae00000, 0x00000000aaf00000|  0%| F|  |TAMS 0x00000000aae00000| PB 0x00000000aae00000| Untracked 
| 687|0x00000000aaf00000, 0x00000000aaf00000, 0x00000000ab000000|  0%| F|  |TAMS 0x00000000aaf00000| PB 0x00000000aaf00000| Untracked 
| 688|0x00000000ab000000, 0x00000000ab000000, 0x00000000ab100000|  0%| F|  |TAMS 0x00000000ab000000| PB 0x00000000ab000000| Untracked 
| 689|0x00000000ab100000, 0x00000000ab100000, 0x00000000ab200000|  0%| F|  |TAMS 0x00000000ab100000| PB 0x00000000ab100000| Untracked 
| 690|0x00000000ab200000, 0x00000000ab200000, 0x00000000ab300000|  0%| F|  |TAMS 0x00000000ab200000| PB 0x00000000ab200000| Untracked 
| 691|0x00000000ab300000, 0x00000000ab300000, 0x00000000ab400000|  0%| F|  |TAMS 0x00000000ab300000| PB 0x00000000ab300000| Untracked 
| 692|0x00000000ab400000, 0x00000000ab400000, 0x00000000ab500000|  0%| F|  |TAMS 0x00000000ab400000| PB 0x00000000ab400000| Untracked 
| 693|0x00000000ab500000, 0x00000000ab500000, 0x00000000ab600000|  0%| F|  |TAMS 0x00000000ab500000| PB 0x00000000ab500000| Untracked 
| 694|0x00000000ab600000, 0x00000000ab600000, 0x00000000ab700000|  0%| F|  |TAMS 0x00000000ab600000| PB 0x00000000ab600000| Untracked 
| 695|0x00000000ab700000, 0x00000000ab700000, 0x00000000ab800000|  0%| F|  |TAMS 0x00000000ab700000| PB 0x00000000ab700000| Untracked 
| 696|0x00000000ab800000, 0x00000000ab800000, 0x00000000ab900000|  0%| F|  |TAMS 0x00000000ab800000| PB 0x00000000ab800000| Untracked 
| 697|0x00000000ab900000, 0x00000000ab900000, 0x00000000aba00000|  0%| F|  |TAMS 0x00000000ab900000| PB 0x00000000ab900000| Untracked 
| 698|0x00000000aba00000, 0x00000000aba00000, 0x00000000abb00000|  0%| F|  |TAMS 0x00000000aba00000| PB 0x00000000aba00000| Untracked 
| 699|0x00000000abb00000, 0x00000000abb00000, 0x00000000abc00000|  0%| F|  |TAMS 0x00000000abb00000| PB 0x00000000abb00000| Untracked 
| 700|0x00000000abc00000, 0x00000000abc00000, 0x00000000abd00000|  0%| F|  |TAMS 0x00000000abc00000| PB 0x00000000abc00000| Untracked 
| 701|0x00000000abd00000, 0x00000000abd00000, 0x00000000abe00000|  0%| F|  |TAMS 0x00000000abd00000| PB 0x00000000abd00000| Untracked 
| 702|0x00000000abe00000, 0x00000000abe00000, 0x00000000abf00000|  0%| F|  |TAMS 0x00000000abe00000| PB 0x00000000abe00000| Untracked 
| 703|0x00000000abf00000, 0x00000000abf00000, 0x00000000ac000000|  0%| F|  |TAMS 0x00000000abf00000| PB 0x00000000abf00000| Untracked 
| 704|0x00000000ac000000, 0x00000000ac000000, 0x00000000ac100000|  0%| F|  |TAMS 0x00000000ac000000| PB 0x00000000ac000000| Untracked 
| 705|0x00000000ac100000, 0x00000000ac100000, 0x00000000ac200000|  0%| F|  |TAMS 0x00000000ac100000| PB 0x00000000ac100000| Untracked 
| 706|0x00000000ac200000, 0x00000000ac200000, 0x00000000ac300000|  0%| F|  |TAMS 0x00000000ac200000| PB 0x00000000ac200000| Untracked 
| 707|0x00000000ac300000, 0x00000000ac300000, 0x00000000ac400000|  0%| F|  |TAMS 0x00000000ac300000| PB 0x00000000ac300000| Untracked 
| 708|0x00000000ac400000, 0x00000000ac400000, 0x00000000ac500000|  0%| F|  |TAMS 0x00000000ac400000| PB 0x00000000ac400000| Untracked 
| 709|0x00000000ac500000, 0x00000000ac500000, 0x00000000ac600000|  0%| F|  |TAMS 0x00000000ac500000| PB 0x00000000ac500000| Untracked 
| 710|0x00000000ac600000, 0x00000000ac600000, 0x00000000ac700000|  0%| F|  |TAMS 0x00000000ac600000| PB 0x00000000ac600000| Untracked 
| 711|0x00000000ac700000, 0x00000000ac700000, 0x00000000ac800000|  0%| F|  |TAMS 0x00000000ac700000| PB 0x00000000ac700000| Untracked 
| 712|0x00000000ac800000, 0x00000000ac800000, 0x00000000ac900000|  0%| F|  |TAMS 0x00000000ac800000| PB 0x00000000ac800000| Untracked 
| 713|0x00000000ac900000, 0x00000000ac900000, 0x00000000aca00000|  0%| F|  |TAMS 0x00000000ac900000| PB 0x00000000ac900000| Untracked 
| 714|0x00000000aca00000, 0x00000000aca00000, 0x00000000acb00000|  0%| F|  |TAMS 0x00000000aca00000| PB 0x00000000aca00000| Untracked 
| 715|0x00000000acb00000, 0x00000000acb00000, 0x00000000acc00000|  0%| F|  |TAMS 0x00000000acb00000| PB 0x00000000acb00000| Untracked 
| 716|0x00000000acc00000, 0x00000000acc00000, 0x00000000acd00000|  0%| F|  |TAMS 0x00000000acc00000| PB 0x00000000acc00000| Untracked 
| 717|0x00000000acd00000, 0x00000000acd00000, 0x00000000ace00000|  0%| F|  |TAMS 0x00000000acd00000| PB 0x00000000acd00000| Untracked 
| 718|0x00000000ace00000, 0x00000000ace00000, 0x00000000acf00000|  0%| F|  |TAMS 0x00000000ace00000| PB 0x00000000ace00000| Untracked 
| 719|0x00000000acf00000, 0x00000000acf00000, 0x00000000ad000000|  0%| F|  |TAMS 0x00000000acf00000| PB 0x00000000acf00000| Untracked 
| 720|0x00000000ad000000, 0x00000000ad000000, 0x00000000ad100000|  0%| F|  |TAMS 0x00000000ad000000| PB 0x00000000ad000000| Untracked 
| 721|0x00000000ad100000, 0x00000000ad100000, 0x00000000ad200000|  0%| F|  |TAMS 0x00000000ad100000| PB 0x00000000ad100000| Untracked 
| 722|0x00000000ad200000, 0x00000000ad200000, 0x00000000ad300000|  0%| F|  |TAMS 0x00000000ad200000| PB 0x00000000ad200000| Untracked 
| 723|0x00000000ad300000, 0x00000000ad300000, 0x00000000ad400000|  0%| F|  |TAMS 0x00000000ad300000| PB 0x00000000ad300000| Untracked 
| 724|0x00000000ad400000, 0x00000000ad400000, 0x00000000ad500000|  0%| F|  |TAMS 0x00000000ad400000| PB 0x00000000ad400000| Untracked 
| 725|0x00000000ad500000, 0x00000000ad500000, 0x00000000ad600000|  0%| F|  |TAMS 0x00000000ad500000| PB 0x00000000ad500000| Untracked 
| 726|0x00000000ad600000, 0x00000000ad600000, 0x00000000ad700000|  0%| F|  |TAMS 0x00000000ad600000| PB 0x00000000ad600000| Untracked 
| 727|0x00000000ad700000, 0x00000000ad700000, 0x00000000ad800000|  0%| F|  |TAMS 0x00000000ad700000| PB 0x00000000ad700000| Untracked 
| 728|0x00000000ad800000, 0x00000000ad800000, 0x00000000ad900000|  0%| F|  |TAMS 0x00000000ad800000| PB 0x00000000ad800000| Untracked 
| 729|0x00000000ad900000, 0x00000000ad900000, 0x00000000ada00000|  0%| F|  |TAMS 0x00000000ad900000| PB 0x00000000ad900000| Untracked 
| 730|0x00000000ada00000, 0x00000000ada00000, 0x00000000adb00000|  0%| F|  |TAMS 0x00000000ada00000| PB 0x00000000ada00000| Untracked 
| 731|0x00000000adb00000, 0x00000000adb00000, 0x00000000adc00000|  0%| F|  |TAMS 0x00000000adb00000| PB 0x00000000adb00000| Untracked 
| 732|0x00000000adc00000, 0x00000000adc00000, 0x00000000add00000|  0%| F|  |TAMS 0x00000000adc00000| PB 0x00000000adc00000| Untracked 
| 733|0x00000000add00000, 0x00000000add00000, 0x00000000ade00000|  0%| F|  |TAMS 0x00000000add00000| PB 0x00000000add00000| Untracked 
| 734|0x00000000ade00000, 0x00000000ade00000, 0x00000000adf00000|  0%| F|  |TAMS 0x00000000ade00000| PB 0x00000000ade00000| Untracked 
| 735|0x00000000adf00000, 0x00000000adf00000, 0x00000000ae000000|  0%| F|  |TAMS 0x00000000adf00000| PB 0x00000000adf00000| Untracked 
| 736|0x00000000ae000000, 0x00000000ae000000, 0x00000000ae100000|  0%| F|  |TAMS 0x00000000ae000000| PB 0x00000000ae000000| Untracked 
| 737|0x00000000ae100000, 0x00000000ae100000, 0x00000000ae200000|  0%| F|  |TAMS 0x00000000ae100000| PB 0x00000000ae100000| Untracked 
| 738|0x00000000ae200000, 0x00000000ae200000, 0x00000000ae300000|  0%| F|  |TAMS 0x00000000ae200000| PB 0x00000000ae200000| Untracked 
| 739|0x00000000ae300000, 0x00000000ae300000, 0x00000000ae400000|  0%| F|  |TAMS 0x00000000ae300000| PB 0x00000000ae300000| Untracked 
| 740|0x00000000ae400000, 0x00000000ae400000, 0x00000000ae500000|  0%| F|  |TAMS 0x00000000ae400000| PB 0x00000000ae400000| Untracked 
| 741|0x00000000ae500000, 0x00000000ae500000, 0x00000000ae600000|  0%| F|  |TAMS 0x00000000ae500000| PB 0x00000000ae500000| Untracked 
| 742|0x00000000ae600000, 0x00000000ae600000, 0x00000000ae700000|  0%| F|  |TAMS 0x00000000ae600000| PB 0x00000000ae600000| Untracked 
| 743|0x00000000ae700000, 0x00000000ae700000, 0x00000000ae800000|  0%| F|  |TAMS 0x00000000ae700000| PB 0x00000000ae700000| Untracked 
| 744|0x00000000ae800000, 0x00000000ae800000, 0x00000000ae900000|  0%| F|  |TAMS 0x00000000ae800000| PB 0x00000000ae800000| Untracked 
| 745|0x00000000ae900000, 0x00000000ae900000, 0x00000000aea00000|  0%| F|  |TAMS 0x00000000ae900000| PB 0x00000000ae900000| Untracked 
| 746|0x00000000aea00000, 0x00000000aea00000, 0x00000000aeb00000|  0%| F|  |TAMS 0x00000000aea00000| PB 0x00000000aea00000| Untracked 
| 747|0x00000000aeb00000, 0x00000000aeb00000, 0x00000000aec00000|  0%| F|  |TAMS 0x00000000aeb00000| PB 0x00000000aeb00000| Untracked 
| 748|0x00000000aec00000, 0x00000000aec00000, 0x00000000aed00000|  0%| F|  |TAMS 0x00000000aec00000| PB 0x00000000aec00000| Untracked 
| 749|0x00000000aed00000, 0x00000000aed00000, 0x00000000aee00000|  0%| F|  |TAMS 0x00000000aed00000| PB 0x00000000aed00000| Untracked 
| 750|0x00000000aee00000, 0x00000000aee00000, 0x00000000aef00000|  0%| F|  |TAMS 0x00000000aee00000| PB 0x00000000aee00000| Untracked 
| 751|0x00000000aef00000, 0x00000000aef00000, 0x00000000af000000|  0%| F|  |TAMS 0x00000000aef00000| PB 0x00000000aef00000| Untracked 
| 752|0x00000000af000000, 0x00000000af000000, 0x00000000af100000|  0%| F|  |TAMS 0x00000000af000000| PB 0x00000000af000000| Untracked 
| 753|0x00000000af100000, 0x00000000af100000, 0x00000000af200000|  0%| F|  |TAMS 0x00000000af100000| PB 0x00000000af100000| Untracked 
| 754|0x00000000af200000, 0x00000000af200000, 0x00000000af300000|  0%| F|  |TAMS 0x00000000af200000| PB 0x00000000af200000| Untracked 
| 755|0x00000000af300000, 0x00000000af300000, 0x00000000af400000|  0%| F|  |TAMS 0x00000000af300000| PB 0x00000000af300000| Untracked 
| 756|0x00000000af400000, 0x00000000af400000, 0x00000000af500000|  0%| F|  |TAMS 0x00000000af400000| PB 0x00000000af400000| Untracked 
| 757|0x00000000af500000, 0x00000000af500000, 0x00000000af600000|  0%| F|  |TAMS 0x00000000af500000| PB 0x00000000af500000| Untracked 
| 758|0x00000000af600000, 0x00000000af600000, 0x00000000af700000|  0%| F|  |TAMS 0x00000000af600000| PB 0x00000000af600000| Untracked 
| 759|0x00000000af700000, 0x00000000af700000, 0x00000000af800000|  0%| F|  |TAMS 0x00000000af700000| PB 0x00000000af700000| Untracked 
| 760|0x00000000af800000, 0x00000000af800000, 0x00000000af900000|  0%| F|  |TAMS 0x00000000af800000| PB 0x00000000af800000| Untracked 
| 761|0x00000000af900000, 0x00000000af900000, 0x00000000afa00000|  0%| F|  |TAMS 0x00000000af900000| PB 0x00000000af900000| Untracked 
| 762|0x00000000afa00000, 0x00000000afa00000, 0x00000000afb00000|  0%| F|  |TAMS 0x00000000afa00000| PB 0x00000000afa00000| Untracked 
| 763|0x00000000afb00000, 0x00000000afb00000, 0x00000000afc00000|  0%| F|  |TAMS 0x00000000afb00000| PB 0x00000000afb00000| Untracked 
| 764|0x00000000afc00000, 0x00000000afc00000, 0x00000000afd00000|  0%| F|  |TAMS 0x00000000afc00000| PB 0x00000000afc00000| Untracked 
| 765|0x00000000afd00000, 0x00000000afd00000, 0x00000000afe00000|  0%| F|  |TAMS 0x00000000afd00000| PB 0x00000000afd00000| Untracked 
| 766|0x00000000afe00000, 0x00000000afe00000, 0x00000000aff00000|  0%| F|  |TAMS 0x00000000afe00000| PB 0x00000000afe00000| Untracked 
| 767|0x00000000aff00000, 0x00000000aff00000, 0x00000000b0000000|  0%| F|  |TAMS 0x00000000aff00000| PB 0x00000000aff00000| Untracked 
| 768|0x00000000b0000000, 0x00000000b0000000, 0x00000000b0100000|  0%| F|  |TAMS 0x00000000b0000000| PB 0x00000000b0000000| Untracked 
| 769|0x00000000b0100000, 0x00000000b0100000, 0x00000000b0200000|  0%| F|  |TAMS 0x00000000b0100000| PB 0x00000000b0100000| Untracked 
| 770|0x00000000b0200000, 0x00000000b0200000, 0x00000000b0300000|  0%| F|  |TAMS 0x00000000b0200000| PB 0x00000000b0200000| Untracked 
| 771|0x00000000b0300000, 0x00000000b0300000, 0x00000000b0400000|  0%| F|  |TAMS 0x00000000b0300000| PB 0x00000000b0300000| Untracked 
| 772|0x00000000b0400000, 0x00000000b0400000, 0x00000000b0500000|  0%| F|  |TAMS 0x00000000b0400000| PB 0x00000000b0400000| Untracked 
| 773|0x00000000b0500000, 0x00000000b0500000, 0x00000000b0600000|  0%| F|  |TAMS 0x00000000b0500000| PB 0x00000000b0500000| Untracked 
| 774|0x00000000b0600000, 0x00000000b0600000, 0x00000000b0700000|  0%| F|  |TAMS 0x00000000b0600000| PB 0x00000000b0600000| Untracked 
| 775|0x00000000b0700000, 0x00000000b0700000, 0x00000000b0800000|  0%| F|  |TAMS 0x00000000b0700000| PB 0x00000000b0700000| Untracked 
| 776|0x00000000b0800000, 0x00000000b0800000, 0x00000000b0900000|  0%| F|  |TAMS 0x00000000b0800000| PB 0x00000000b0800000| Untracked 
| 777|0x00000000b0900000, 0x00000000b0900000, 0x00000000b0a00000|  0%| F|  |TAMS 0x00000000b0900000| PB 0x00000000b0900000| Untracked 
| 778|0x00000000b0a00000, 0x00000000b0a00000, 0x00000000b0b00000|  0%| F|  |TAMS 0x00000000b0a00000| PB 0x00000000b0a00000| Untracked 
| 779|0x00000000b0b00000, 0x00000000b0b00000, 0x00000000b0c00000|  0%| F|  |TAMS 0x00000000b0b00000| PB 0x00000000b0b00000| Untracked 
| 780|0x00000000b0c00000, 0x00000000b0c00000, 0x00000000b0d00000|  0%| F|  |TAMS 0x00000000b0c00000| PB 0x00000000b0c00000| Untracked 
| 781|0x00000000b0d00000, 0x00000000b0d00000, 0x00000000b0e00000|  0%| F|  |TAMS 0x00000000b0d00000| PB 0x00000000b0d00000| Untracked 
| 782|0x00000000b0e00000, 0x00000000b0e00000, 0x00000000b0f00000|  0%| F|  |TAMS 0x00000000b0e00000| PB 0x00000000b0e00000| Untracked 
| 783|0x00000000b0f00000, 0x00000000b0f00000, 0x00000000b1000000|  0%| F|  |TAMS 0x00000000b0f00000| PB 0x00000000b0f00000| Untracked 
| 784|0x00000000b1000000, 0x00000000b1000000, 0x00000000b1100000|  0%| F|  |TAMS 0x00000000b1000000| PB 0x00000000b1000000| Untracked 
| 785|0x00000000b1100000, 0x00000000b1100000, 0x00000000b1200000|  0%| F|  |TAMS 0x00000000b1100000| PB 0x00000000b1100000| Untracked 
| 786|0x00000000b1200000, 0x00000000b1200000, 0x00000000b1300000|  0%| F|  |TAMS 0x00000000b1200000| PB 0x00000000b1200000| Untracked 
| 787|0x00000000b1300000, 0x00000000b1300000, 0x00000000b1400000|  0%| F|  |TAMS 0x00000000b1300000| PB 0x00000000b1300000| Untracked 
| 788|0x00000000b1400000, 0x00000000b1400000, 0x00000000b1500000|  0%| F|  |TAMS 0x00000000b1400000| PB 0x00000000b1400000| Untracked 
| 789|0x00000000b1500000, 0x00000000b1500000, 0x00000000b1600000|  0%| F|  |TAMS 0x00000000b1500000| PB 0x00000000b1500000| Untracked 
| 790|0x00000000b1600000, 0x00000000b1600000, 0x00000000b1700000|  0%| F|  |TAMS 0x00000000b1600000| PB 0x00000000b1600000| Untracked 
| 791|0x00000000b1700000, 0x00000000b1700000, 0x00000000b1800000|  0%| F|  |TAMS 0x00000000b1700000| PB 0x00000000b1700000| Untracked 
| 792|0x00000000b1800000, 0x00000000b1800000, 0x00000000b1900000|  0%| F|  |TAMS 0x00000000b1800000| PB 0x00000000b1800000| Untracked 
| 793|0x00000000b1900000, 0x00000000b1900000, 0x00000000b1a00000|  0%| F|  |TAMS 0x00000000b1900000| PB 0x00000000b1900000| Untracked 
| 794|0x00000000b1a00000, 0x00000000b1a00000, 0x00000000b1b00000|  0%| F|  |TAMS 0x00000000b1a00000| PB 0x00000000b1a00000| Untracked 
| 795|0x00000000b1b00000, 0x00000000b1b00000, 0x00000000b1c00000|  0%| F|  |TAMS 0x00000000b1b00000| PB 0x00000000b1b00000| Untracked 
| 796|0x00000000b1c00000, 0x00000000b1c00000, 0x00000000b1d00000|  0%| F|  |TAMS 0x00000000b1c00000| PB 0x00000000b1c00000| Untracked 
| 797|0x00000000b1d00000, 0x00000000b1d00000, 0x00000000b1e00000|  0%| F|  |TAMS 0x00000000b1d00000| PB 0x00000000b1d00000| Untracked 
| 798|0x00000000b1e00000, 0x00000000b1e00000, 0x00000000b1f00000|  0%| F|  |TAMS 0x00000000b1e00000| PB 0x00000000b1e00000| Untracked 
| 799|0x00000000b1f00000, 0x00000000b1f00000, 0x00000000b2000000|  0%| F|  |TAMS 0x00000000b1f00000| PB 0x00000000b1f00000| Untracked 
| 800|0x00000000b2000000, 0x00000000b2000000, 0x00000000b2100000|  0%| F|  |TAMS 0x00000000b2000000| PB 0x00000000b2000000| Untracked 
| 801|0x00000000b2100000, 0x00000000b2100000, 0x00000000b2200000|  0%| F|  |TAMS 0x00000000b2100000| PB 0x00000000b2100000| Untracked 
| 802|0x00000000b2200000, 0x00000000b2200000, 0x00000000b2300000|  0%| F|  |TAMS 0x00000000b2200000| PB 0x00000000b2200000| Untracked 
| 803|0x00000000b2300000, 0x00000000b2300000, 0x00000000b2400000|  0%| F|  |TAMS 0x00000000b2300000| PB 0x00000000b2300000| Untracked 
| 804|0x00000000b2400000, 0x00000000b2400000, 0x00000000b2500000|  0%| F|  |TAMS 0x00000000b2400000| PB 0x00000000b2400000| Untracked 
| 805|0x00000000b2500000, 0x00000000b2500000, 0x00000000b2600000|  0%| F|  |TAMS 0x00000000b2500000| PB 0x00000000b2500000| Untracked 
| 806|0x00000000b2600000, 0x00000000b2600000, 0x00000000b2700000|  0%| F|  |TAMS 0x00000000b2600000| PB 0x00000000b2600000| Untracked 
| 807|0x00000000b2700000, 0x00000000b2700000, 0x00000000b2800000|  0%| F|  |TAMS 0x00000000b2700000| PB 0x00000000b2700000| Untracked 
| 808|0x00000000b2800000, 0x00000000b2800000, 0x00000000b2900000|  0%| F|  |TAMS 0x00000000b2800000| PB 0x00000000b2800000| Untracked 
| 809|0x00000000b2900000, 0x00000000b2900000, 0x00000000b2a00000|  0%| F|  |TAMS 0x00000000b2900000| PB 0x00000000b2900000| Untracked 
| 810|0x00000000b2a00000, 0x00000000b2a00000, 0x00000000b2b00000|  0%| F|  |TAMS 0x00000000b2a00000| PB 0x00000000b2a00000| Untracked 
| 811|0x00000000b2b00000, 0x00000000b2b00000, 0x00000000b2c00000|  0%| F|  |TAMS 0x00000000b2b00000| PB 0x00000000b2b00000| Untracked 
| 812|0x00000000b2c00000, 0x00000000b2c00000, 0x00000000b2d00000|  0%| F|  |TAMS 0x00000000b2c00000| PB 0x00000000b2c00000| Untracked 
| 813|0x00000000b2d00000, 0x00000000b2d00000, 0x00000000b2e00000|  0%| F|  |TAMS 0x00000000b2d00000| PB 0x00000000b2d00000| Untracked 
| 814|0x00000000b2e00000, 0x00000000b2e00000, 0x00000000b2f00000|  0%| F|  |TAMS 0x00000000b2e00000| PB 0x00000000b2e00000| Untracked 
| 815|0x00000000b2f00000, 0x00000000b2f00000, 0x00000000b3000000|  0%| F|  |TAMS 0x00000000b2f00000| PB 0x00000000b2f00000| Untracked 
| 816|0x00000000b3000000, 0x00000000b3000000, 0x00000000b3100000|  0%| F|  |TAMS 0x00000000b3000000| PB 0x00000000b3000000| Untracked 
| 817|0x00000000b3100000, 0x00000000b3100000, 0x00000000b3200000|  0%| F|  |TAMS 0x00000000b3100000| PB 0x00000000b3100000| Untracked 
| 818|0x00000000b3200000, 0x00000000b3200000, 0x00000000b3300000|  0%| F|  |TAMS 0x00000000b3200000| PB 0x00000000b3200000| Untracked 
| 819|0x00000000b3300000, 0x00000000b3300000, 0x00000000b3400000|  0%| F|  |TAMS 0x00000000b3300000| PB 0x00000000b3300000| Untracked 
| 820|0x00000000b3400000, 0x00000000b3400000, 0x00000000b3500000|  0%| F|  |TAMS 0x00000000b3400000| PB 0x00000000b3400000| Untracked 
| 821|0x00000000b3500000, 0x00000000b3500000, 0x00000000b3600000|  0%| F|  |TAMS 0x00000000b3500000| PB 0x00000000b3500000| Untracked 
| 822|0x00000000b3600000, 0x00000000b3600000, 0x00000000b3700000|  0%| F|  |TAMS 0x00000000b3600000| PB 0x00000000b3600000| Untracked 
| 823|0x00000000b3700000, 0x00000000b3700000, 0x00000000b3800000|  0%| F|  |TAMS 0x00000000b3700000| PB 0x00000000b3700000| Untracked 
| 824|0x00000000b3800000, 0x00000000b3800000, 0x00000000b3900000|  0%| F|  |TAMS 0x00000000b3800000| PB 0x00000000b3800000| Untracked 
| 825|0x00000000b3900000, 0x00000000b3900000, 0x00000000b3a00000|  0%| F|  |TAMS 0x00000000b3900000| PB 0x00000000b3900000| Untracked 
| 826|0x00000000b3a00000, 0x00000000b3a00000, 0x00000000b3b00000|  0%| F|  |TAMS 0x00000000b3a00000| PB 0x00000000b3a00000| Untracked 
| 827|0x00000000b3b00000, 0x00000000b3b00000, 0x00000000b3c00000|  0%| F|  |TAMS 0x00000000b3b00000| PB 0x00000000b3b00000| Untracked 
| 828|0x00000000b3c00000, 0x00000000b3c00000, 0x00000000b3d00000|  0%| F|  |TAMS 0x00000000b3c00000| PB 0x00000000b3c00000| Untracked 
| 829|0x00000000b3d00000, 0x00000000b3d00000, 0x00000000b3e00000|  0%| F|  |TAMS 0x00000000b3d00000| PB 0x00000000b3d00000| Untracked 
| 830|0x00000000b3e00000, 0x00000000b3e00000, 0x00000000b3f00000|  0%| F|  |TAMS 0x00000000b3e00000| PB 0x00000000b3e00000| Untracked 
| 831|0x00000000b3f00000, 0x00000000b3f00000, 0x00000000b4000000|  0%| F|  |TAMS 0x00000000b3f00000| PB 0x00000000b3f00000| Untracked 
| 832|0x00000000b4000000, 0x00000000b4000000, 0x00000000b4100000|  0%| F|  |TAMS 0x00000000b4000000| PB 0x00000000b4000000| Untracked 
| 833|0x00000000b4100000, 0x00000000b4100000, 0x00000000b4200000|  0%| F|  |TAMS 0x00000000b4100000| PB 0x00000000b4100000| Untracked 
| 834|0x00000000b4200000, 0x00000000b4200000, 0x00000000b4300000|  0%| F|  |TAMS 0x00000000b4200000| PB 0x00000000b4200000| Untracked 
| 835|0x00000000b4300000, 0x00000000b4300000, 0x00000000b4400000|  0%| F|  |TAMS 0x00000000b4300000| PB 0x00000000b4300000| Untracked 
| 836|0x00000000b4400000, 0x00000000b4400000, 0x00000000b4500000|  0%| F|  |TAMS 0x00000000b4400000| PB 0x00000000b4400000| Untracked 
| 837|0x00000000b4500000, 0x00000000b4500000, 0x00000000b4600000|  0%| F|  |TAMS 0x00000000b4500000| PB 0x00000000b4500000| Untracked 
| 838|0x00000000b4600000, 0x00000000b4600000, 0x00000000b4700000|  0%| F|  |TAMS 0x00000000b4600000| PB 0x00000000b4600000| Untracked 
| 839|0x00000000b4700000, 0x00000000b4700000, 0x00000000b4800000|  0%| F|  |TAMS 0x00000000b4700000| PB 0x00000000b4700000| Untracked 
| 840|0x00000000b4800000, 0x00000000b4800000, 0x00000000b4900000|  0%| F|  |TAMS 0x00000000b4800000| PB 0x00000000b4800000| Untracked 
| 841|0x00000000b4900000, 0x00000000b4900000, 0x00000000b4a00000|  0%| F|  |TAMS 0x00000000b4900000| PB 0x00000000b4900000| Untracked 
| 842|0x00000000b4a00000, 0x00000000b4a00000, 0x00000000b4b00000|  0%| F|  |TAMS 0x00000000b4a00000| PB 0x00000000b4a00000| Untracked 
| 843|0x00000000b4b00000, 0x00000000b4b00000, 0x00000000b4c00000|  0%| F|  |TAMS 0x00000000b4b00000| PB 0x00000000b4b00000| Untracked 
| 844|0x00000000b4c00000, 0x00000000b4c00000, 0x00000000b4d00000|  0%| F|  |TAMS 0x00000000b4c00000| PB 0x00000000b4c00000| Untracked 
| 845|0x00000000b4d00000, 0x00000000b4d00000, 0x00000000b4e00000|  0%| F|  |TAMS 0x00000000b4d00000| PB 0x00000000b4d00000| Untracked 
| 846|0x00000000b4e00000, 0x00000000b4e00000, 0x00000000b4f00000|  0%| F|  |TAMS 0x00000000b4e00000| PB 0x00000000b4e00000| Untracked 
| 847|0x00000000b4f00000, 0x00000000b4f00000, 0x00000000b5000000|  0%| F|  |TAMS 0x00000000b4f00000| PB 0x00000000b4f00000| Untracked 
| 848|0x00000000b5000000, 0x00000000b5000000, 0x00000000b5100000|  0%| F|  |TAMS 0x00000000b5000000| PB 0x00000000b5000000| Untracked 
| 849|0x00000000b5100000, 0x00000000b5100000, 0x00000000b5200000|  0%| F|  |TAMS 0x00000000b5100000| PB 0x00000000b5100000| Untracked 
| 850|0x00000000b5200000, 0x00000000b5200000, 0x00000000b5300000|  0%| F|  |TAMS 0x00000000b5200000| PB 0x00000000b5200000| Untracked 
| 851|0x00000000b5300000, 0x00000000b5300000, 0x00000000b5400000|  0%| F|  |TAMS 0x00000000b5300000| PB 0x00000000b5300000| Untracked 
| 852|0x00000000b5400000, 0x00000000b5400000, 0x00000000b5500000|  0%| F|  |TAMS 0x00000000b5400000| PB 0x00000000b5400000| Untracked 
| 853|0x00000000b5500000, 0x00000000b5500000, 0x00000000b5600000|  0%| F|  |TAMS 0x00000000b5500000| PB 0x00000000b5500000| Untracked 
| 854|0x00000000b5600000, 0x00000000b5600000, 0x00000000b5700000|  0%| F|  |TAMS 0x00000000b5600000| PB 0x00000000b5600000| Untracked 
| 855|0x00000000b5700000, 0x00000000b5700000, 0x00000000b5800000|  0%| F|  |TAMS 0x00000000b5700000| PB 0x00000000b5700000| Untracked 
| 856|0x00000000b5800000, 0x00000000b5800000, 0x00000000b5900000|  0%| F|  |TAMS 0x00000000b5800000| PB 0x00000000b5800000| Untracked 
| 857|0x00000000b5900000, 0x00000000b5900000, 0x00000000b5a00000|  0%| F|  |TAMS 0x00000000b5900000| PB 0x00000000b5900000| Untracked 
| 858|0x00000000b5a00000, 0x00000000b5a00000, 0x00000000b5b00000|  0%| F|  |TAMS 0x00000000b5a00000| PB 0x00000000b5a00000| Untracked 
| 859|0x00000000b5b00000, 0x00000000b5b00000, 0x00000000b5c00000|  0%| F|  |TAMS 0x00000000b5b00000| PB 0x00000000b5b00000| Untracked 
| 860|0x00000000b5c00000, 0x00000000b5c00000, 0x00000000b5d00000|  0%| F|  |TAMS 0x00000000b5c00000| PB 0x00000000b5c00000| Untracked 
| 861|0x00000000b5d00000, 0x00000000b5d00000, 0x00000000b5e00000|  0%| F|  |TAMS 0x00000000b5d00000| PB 0x00000000b5d00000| Untracked 
| 862|0x00000000b5e00000, 0x00000000b5e00000, 0x00000000b5f00000|  0%| F|  |TAMS 0x00000000b5e00000| PB 0x00000000b5e00000| Untracked 
| 863|0x00000000b5f00000, 0x00000000b5f00000, 0x00000000b6000000|  0%| F|  |TAMS 0x00000000b5f00000| PB 0x00000000b5f00000| Untracked 
| 864|0x00000000b6000000, 0x00000000b6000000, 0x00000000b6100000|  0%| F|  |TAMS 0x00000000b6000000| PB 0x00000000b6000000| Untracked 
| 865|0x00000000b6100000, 0x00000000b6100000, 0x00000000b6200000|  0%| F|  |TAMS 0x00000000b6100000| PB 0x00000000b6100000| Untracked 
| 866|0x00000000b6200000, 0x00000000b6200000, 0x00000000b6300000|  0%| F|  |TAMS 0x00000000b6200000| PB 0x00000000b6200000| Untracked 
| 867|0x00000000b6300000, 0x00000000b6300000, 0x00000000b6400000|  0%| F|  |TAMS 0x00000000b6300000| PB 0x00000000b6300000| Untracked 
| 868|0x00000000b6400000, 0x00000000b6400000, 0x00000000b6500000|  0%| F|  |TAMS 0x00000000b6400000| PB 0x00000000b6400000| Untracked 
| 869|0x00000000b6500000, 0x00000000b6500000, 0x00000000b6600000|  0%| F|  |TAMS 0x00000000b6500000| PB 0x00000000b6500000| Untracked 
| 870|0x00000000b6600000, 0x00000000b6600000, 0x00000000b6700000|  0%| F|  |TAMS 0x00000000b6600000| PB 0x00000000b6600000| Untracked 
| 871|0x00000000b6700000, 0x00000000b6700000, 0x00000000b6800000|  0%| F|  |TAMS 0x00000000b6700000| PB 0x00000000b6700000| Untracked 
| 872|0x00000000b6800000, 0x00000000b6800000, 0x00000000b6900000|  0%| F|  |TAMS 0x00000000b6800000| PB 0x00000000b6800000| Untracked 
| 873|0x00000000b6900000, 0x00000000b6900000, 0x00000000b6a00000|  0%| F|  |TAMS 0x00000000b6900000| PB 0x00000000b6900000| Untracked 
| 874|0x00000000b6a00000, 0x00000000b6a00000, 0x00000000b6b00000|  0%| F|  |TAMS 0x00000000b6a00000| PB 0x00000000b6a00000| Untracked 
| 875|0x00000000b6b00000, 0x00000000b6b00000, 0x00000000b6c00000|  0%| F|  |TAMS 0x00000000b6b00000| PB 0x00000000b6b00000| Untracked 
| 876|0x00000000b6c00000, 0x00000000b6c00000, 0x00000000b6d00000|  0%| F|  |TAMS 0x00000000b6c00000| PB 0x00000000b6c00000| Untracked 
| 877|0x00000000b6d00000, 0x00000000b6d00000, 0x00000000b6e00000|  0%| F|  |TAMS 0x00000000b6d00000| PB 0x00000000b6d00000| Untracked 
| 878|0x00000000b6e00000, 0x00000000b6e00000, 0x00000000b6f00000|  0%| F|  |TAMS 0x00000000b6e00000| PB 0x00000000b6e00000| Untracked 
| 879|0x00000000b6f00000, 0x00000000b6f00000, 0x00000000b7000000|  0%| F|  |TAMS 0x00000000b6f00000| PB 0x00000000b6f00000| Untracked 
| 880|0x00000000b7000000, 0x00000000b7000000, 0x00000000b7100000|  0%| F|  |TAMS 0x00000000b7000000| PB 0x00000000b7000000| Untracked 
| 881|0x00000000b7100000, 0x00000000b7100000, 0x00000000b7200000|  0%| F|  |TAMS 0x00000000b7100000| PB 0x00000000b7100000| Untracked 
| 882|0x00000000b7200000, 0x00000000b7200000, 0x00000000b7300000|  0%| F|  |TAMS 0x00000000b7200000| PB 0x00000000b7200000| Untracked 
| 883|0x00000000b7300000, 0x00000000b7300000, 0x00000000b7400000|  0%| F|  |TAMS 0x00000000b7300000| PB 0x00000000b7300000| Untracked 
| 884|0x00000000b7400000, 0x00000000b7400000, 0x00000000b7500000|  0%| F|  |TAMS 0x00000000b7400000| PB 0x00000000b7400000| Untracked 
| 885|0x00000000b7500000, 0x00000000b7500000, 0x00000000b7600000|  0%| F|  |TAMS 0x00000000b7500000| PB 0x00000000b7500000| Untracked 
| 886|0x00000000b7600000, 0x00000000b7600000, 0x00000000b7700000|  0%| F|  |TAMS 0x00000000b7600000| PB 0x00000000b7600000| Untracked 
| 887|0x00000000b7700000, 0x00000000b7700000, 0x00000000b7800000|  0%| F|  |TAMS 0x00000000b7700000| PB 0x00000000b7700000| Untracked 
| 888|0x00000000b7800000, 0x00000000b7800000, 0x00000000b7900000|  0%| F|  |TAMS 0x00000000b7800000| PB 0x00000000b7800000| Untracked 
| 889|0x00000000b7900000, 0x00000000b7900000, 0x00000000b7a00000|  0%| F|  |TAMS 0x00000000b7900000| PB 0x00000000b7900000| Untracked 
| 890|0x00000000b7a00000, 0x00000000b7a00000, 0x00000000b7b00000|  0%| F|  |TAMS 0x00000000b7a00000| PB 0x00000000b7a00000| Untracked 
| 891|0x00000000b7b00000, 0x00000000b7b00000, 0x00000000b7c00000|  0%| F|  |TAMS 0x00000000b7b00000| PB 0x00000000b7b00000| Untracked 
| 892|0x00000000b7c00000, 0x00000000b7c00000, 0x00000000b7d00000|  0%| F|  |TAMS 0x00000000b7c00000| PB 0x00000000b7c00000| Untracked 
| 893|0x00000000b7d00000, 0x00000000b7d00000, 0x00000000b7e00000|  0%| F|  |TAMS 0x00000000b7d00000| PB 0x00000000b7d00000| Untracked 
| 894|0x00000000b7e00000, 0x00000000b7e00000, 0x00000000b7f00000|  0%| F|  |TAMS 0x00000000b7e00000| PB 0x00000000b7e00000| Untracked 
| 895|0x00000000b7f00000, 0x00000000b7f00000, 0x00000000b8000000|  0%| F|  |TAMS 0x00000000b7f00000| PB 0x00000000b7f00000| Untracked 
| 896|0x00000000b8000000, 0x00000000b8000000, 0x00000000b8100000|  0%| F|  |TAMS 0x00000000b8000000| PB 0x00000000b8000000| Untracked 
| 897|0x00000000b8100000, 0x00000000b8100000, 0x00000000b8200000|  0%| F|  |TAMS 0x00000000b8100000| PB 0x00000000b8100000| Untracked 
| 898|0x00000000b8200000, 0x00000000b8200000, 0x00000000b8300000|  0%| F|  |TAMS 0x00000000b8200000| PB 0x00000000b8200000| Untracked 
| 899|0x00000000b8300000, 0x00000000b8300000, 0x00000000b8400000|  0%| F|  |TAMS 0x00000000b8300000| PB 0x00000000b8300000| Untracked 
| 900|0x00000000b8400000, 0x00000000b8400000, 0x00000000b8500000|  0%| F|  |TAMS 0x00000000b8400000| PB 0x00000000b8400000| Untracked 
| 901|0x00000000b8500000, 0x00000000b8500000, 0x00000000b8600000|  0%| F|  |TAMS 0x00000000b8500000| PB 0x00000000b8500000| Untracked 
| 902|0x00000000b8600000, 0x00000000b8600000, 0x00000000b8700000|  0%| F|  |TAMS 0x00000000b8600000| PB 0x00000000b8600000| Untracked 
| 903|0x00000000b8700000, 0x00000000b8700000, 0x00000000b8800000|  0%| F|  |TAMS 0x00000000b8700000| PB 0x00000000b8700000| Untracked 
| 904|0x00000000b8800000, 0x00000000b8800000, 0x00000000b8900000|  0%| F|  |TAMS 0x00000000b8800000| PB 0x00000000b8800000| Untracked 
| 905|0x00000000b8900000, 0x00000000b8900000, 0x00000000b8a00000|  0%| F|  |TAMS 0x00000000b8900000| PB 0x00000000b8900000| Untracked 
| 906|0x00000000b8a00000, 0x00000000b8a00000, 0x00000000b8b00000|  0%| F|  |TAMS 0x00000000b8a00000| PB 0x00000000b8a00000| Untracked 
| 907|0x00000000b8b00000, 0x00000000b8b00000, 0x00000000b8c00000|  0%| F|  |TAMS 0x00000000b8b00000| PB 0x00000000b8b00000| Untracked 
| 908|0x00000000b8c00000, 0x00000000b8c00000, 0x00000000b8d00000|  0%| F|  |TAMS 0x00000000b8c00000| PB 0x00000000b8c00000| Untracked 
| 909|0x00000000b8d00000, 0x00000000b8d00000, 0x00000000b8e00000|  0%| F|  |TAMS 0x00000000b8d00000| PB 0x00000000b8d00000| Untracked 
| 910|0x00000000b8e00000, 0x00000000b8e00000, 0x00000000b8f00000|  0%| F|  |TAMS 0x00000000b8e00000| PB 0x00000000b8e00000| Untracked 
| 911|0x00000000b8f00000, 0x00000000b8f00000, 0x00000000b9000000|  0%| F|  |TAMS 0x00000000b8f00000| PB 0x00000000b8f00000| Untracked 
| 912|0x00000000b9000000, 0x00000000b9000000, 0x00000000b9100000|  0%| F|  |TAMS 0x00000000b9000000| PB 0x00000000b9000000| Untracked 
| 913|0x00000000b9100000, 0x00000000b9100000, 0x00000000b9200000|  0%| F|  |TAMS 0x00000000b9100000| PB 0x00000000b9100000| Untracked 
| 914|0x00000000b9200000, 0x00000000b9200000, 0x00000000b9300000|  0%| F|  |TAMS 0x00000000b9200000| PB 0x00000000b9200000| Untracked 
| 915|0x00000000b9300000, 0x00000000b9300000, 0x00000000b9400000|  0%| F|  |TAMS 0x00000000b9300000| PB 0x00000000b9300000| Untracked 
| 916|0x00000000b9400000, 0x00000000b94616b0, 0x00000000b9500000| 38%| S|CS|TAMS 0x00000000b9400000| PB 0x00000000b9400000| Complete 
| 917|0x00000000b9500000, 0x00000000b9600000, 0x00000000b9600000|100%| S|CS|TAMS 0x00000000b9500000| PB 0x00000000b9500000| Complete 
| 918|0x00000000b9600000, 0x00000000b9700000, 0x00000000b9700000|100%| S|CS|TAMS 0x00000000b9600000| PB 0x00000000b9600000| Complete 
| 919|0x00000000b9700000, 0x00000000b9800000, 0x00000000b9800000|100%| S|CS|TAMS 0x00000000b9700000| PB 0x00000000b9700000| Complete 
| 920|0x00000000b9800000, 0x00000000b9900000, 0x00000000b9900000|100%| S|CS|TAMS 0x00000000b9800000| PB 0x00000000b9800000| Complete 
| 921|0x00000000b9900000, 0x00000000b9a00000, 0x00000000b9a00000|100%| S|CS|TAMS 0x00000000b9900000| PB 0x00000000b9900000| Complete 
| 922|0x00000000b9a00000, 0x00000000b9b00000, 0x00000000b9b00000|100%| S|CS|TAMS 0x00000000b9a00000| PB 0x00000000b9a00000| Complete 
| 923|0x00000000b9b00000, 0x00000000b9c00000, 0x00000000b9c00000|100%| S|CS|TAMS 0x00000000b9b00000| PB 0x00000000b9b00000| Complete 
| 924|0x00000000b9c00000, 0x00000000b9c00000, 0x00000000b9d00000|  0%| F|  |TAMS 0x00000000b9c00000| PB 0x00000000b9c00000| Untracked 
|2043|0x00000000ffb00000, 0x00000000ffb00000, 0x00000000ffc00000|  0%| F|  |TAMS 0x00000000ffb00000| PB 0x00000000ffb00000| Untracked 
|2044|0x00000000ffc00000, 0x00000000ffc00000, 0x00000000ffd00000|  0%| F|  |TAMS 0x00000000ffc00000| PB 0x00000000ffc00000| Untracked 
|2045|0x00000000ffd00000, 0x00000000ffe00000, 0x00000000ffe00000|100%| O|  |TAMS 0x00000000ffe00000| PB 0x00000000ffd00000| Untracked 
|2046|0x00000000ffe00000, 0x00000000fff00000, 0x00000000fff00000|100%| O|  |TAMS 0x00000000fff00000| PB 0x00000000ffe00000| Untracked 
|2047|0x00000000fff00000, 0x0000000100000000, 0x0000000100000000|100%| O|  |TAMS 0x0000000100000000| PB 0x00000000fff00000| Untracked 

Card table byte_map: [0x000001bcf7410000,0x000001bcf7810000] _byte_map_base: 0x000001bcf7010000

Marking Bits: (CMBitMap*) 0x000001bce272e5e0
 Bits: [0x000001bcf7810000, 0x000001bcf9810000)

Polling page: 0x000001bce27e0000

Metaspace:

Usage:
  Non-class:    260.12 MB used.
      Class:     35.77 MB used.
       Both:    295.89 MB used.

Virtual space:
  Non-class space:      320.00 MB reserved,     261.75 MB ( 82%) committed,  5 nodes.
      Class space:        1.00 GB reserved,      37.44 MB (  4%) committed,  1 nodes.
             Both:        1.31 GB reserved,     299.19 MB ( 22%) committed. 

Chunk freelists:
   Non-Class:  9.56 MB
       Class:  10.45 MB
        Both:  20.01 MB

MaxMetaspaceSize: unlimited
CompressedClassSpaceSize: 1.00 GB
Initial GC threshold: 21.00 MB
Current GC threshold: 485.00 MB
CDS: off
 - commit_granule_bytes: 65536.
 - commit_granule_words: 8192.
 - virtual_space_node_default_size: 8388608.
 - enlarge_chunks_in_place: 1.
 - use_allocation_guard: 0.


Internal statistics:

num_allocs_failed_limit: 6.
num_arena_births: 6422.
num_arena_deaths: 6.
num_vsnodes_births: 6.
num_vsnodes_deaths: 0.
num_space_committed: 4836.
num_space_uncommitted: 32.
num_chunks_returned_to_freelist: 276.
num_chunks_taken_from_freelist: 19155.
num_chunk_merges: 60.
num_chunk_splits: 13577.
num_chunks_enlarged: 9750.
num_inconsistent_stats: 0.

CodeHeap 'non-profiled nmethods': size=120000Kb used=23467Kb max_used=23467Kb free=96532Kb
 bounds [0x000001bcef590000, 0x000001bcf0c80000, 0x000001bcf6ac0000]
CodeHeap 'profiled nmethods': size=120000Kb used=81462Kb max_used=81462Kb free=38537Kb
 bounds [0x000001bce7ac0000, 0x000001bceca80000, 0x000001bceeff0000]
CodeHeap 'non-nmethods': size=5760Kb used=3411Kb max_used=3508Kb free=2348Kb
 bounds [0x000001bceeff0000, 0x000001bcef370000, 0x000001bcef590000]
 total_blobs=32323 nmethods=30941 adapters=1282
 compilation: enabled
              stopped_count=0, restarted_count=0
 full_count=0

Compilation events (20 events):
Event: 927.975 Thread 0x000001bcfc653520 nmethod 47987 0x000001bceca79b90 code [0x000001bceca79e80, 0x000001bceca7a9c0]
Event: 927.975 Thread 0x000001bcfc653520 47988       3       org.jetbrains.kotlin.com.intellij.openapi.vfs.VirtualFile::getUrl (23 bytes)
Event: 927.976 Thread 0x000001bcfc653520 nmethod 47988 0x000001bce9f63710 code [0x000001bce9f63900, 0x000001bce9f63cf0]
Event: 927.976 Thread 0x000001bcfc653520 47983       3       org.jetbrains.kotlin.com.intellij.openapi.vfs.impl.VirtualFileManagerImpl::getFileSystemsForProtocol (25 bytes)
Event: 927.976 Thread 0x000001bcfc653520 nmethod 47983 0x000001bcea839110 code [0x000001bcea8392e0, 0x000001bcea839500]
Event: 928.070 Thread 0x000001bcfc650a80 47990       4       org.jetbrains.kotlin.protobuf.CodedInputStream::readBytes (101 bytes)
Event: 928.081 Thread 0x000001bcfc650a80 nmethod 47990 0x000001bcf0c79e10 code [0x000001bcf0c7a000, 0x000001bcf0c7a6b8]
Event: 928.081 Thread 0x000001bcfc650a80 47991       4       org.jetbrains.kotlin.protobuf.ByteString::copyFrom (21 bytes)
Event: 928.083 Thread 0x000001bcfc650a80 nmethod 47991 0x000001bcf0c7aa10 code [0x000001bcf0c7aba0, 0x000001bcf0c7adb8]
Event: 928.113 Thread 0x000001bcfc650a80 47992   !   4       org.jetbrains.kotlin.metadata.ProtoBuf$Annotation::<init> (344 bytes)
Event: 928.114 Thread 0x000001bcfc653520 47995       3       org.jetbrains.kotlin.metadata.ProtoBuf$Annotation$Argument$Value::newBuilder (4 bytes)
Event: 928.116 Thread 0x000001bcfc653520 nmethod 47995 0x000001bceaa35c10 code [0x000001bceaa35dc0, 0x000001bceaa36000]
Event: 928.116 Thread 0x000001bcfc653520 47996       3       org.jetbrains.kotlin.metadata.ProtoBuf$Annotation$Argument$Value$Builder::access$2100 (4 bytes)
Event: 928.117 Thread 0x000001bcfc653520 nmethod 47996 0x000001bceca7ad90 code [0x000001bceca7af80, 0x000001bceca7b568]
Event: 928.118 Thread 0x000001bcfc653520 47999       3       org.jetbrains.kotlin.metadata.ProtoBuf$Annotation$Argument$Value::newBuilderForType (5 bytes)
Event: 928.119 Thread 0x000001bcfc653520 nmethod 47999 0x000001bceca7b790 code [0x000001bceca7b960, 0x000001bceca7bc70]
Event: 928.119 Thread 0x000001bcfc653520 48000       3       org.jetbrains.kotlin.metadata.ProtoBuf$Annotation$Argument$Value::newBuilderForType (4 bytes)
Event: 928.119 Thread 0x000001bcfc653520 nmethod 48000 0x000001bceca7be10 code [0x000001bceca7bfe0, 0x000001bceca7c298]
Event: 928.119 Thread 0x000001bcfc653520 48001       3       org.jetbrains.kotlin.metadata.ProtoBuf$Annotation$Argument$Value::access$2402 (7 bytes)
Event: 928.121 Thread 0x000001bcfc653520 nmethod 48001 0x000001bcea5ce990 code [0x000001bcea5ceb20, 0x000001bcea5cec18]

GC Heap History (20 events):
Event: 714.877 GC heap after
{Heap after GC invocations=82 (full 0):
 garbage-first heap   total 785408K, used 576512K [0x0000000080000000, 0x0000000100000000)
  region size 1024K, 21 young (21504K), 21 survivors (21504K)
 Metaspace       used 294449K, committed 297856K, reserved 1310720K
  class space    used 35666K, committed 37376K, reserved 1048576K
}
Event: 721.069 GC heap before
{Heap before GC invocations=83 (full 0):
 garbage-first heap   total 952320K, used 710656K [0x0000000080000000, 0x0000000100000000)
  region size 1024K, 157 young (160768K), 21 survivors (21504K)
 Metaspace       used 295201K, committed 298560K, reserved 1310720K
  class space    used 35732K, committed 37440K, reserved 1048576K
}
Event: 721.241 GC heap after
{Heap after GC invocations=84 (full 0):
 garbage-first heap   total 952320K, used 616960K [0x0000000080000000, 0x0000000100000000)
  region size 1024K, 20 young (20480K), 20 survivors (20480K)
 Metaspace       used 295201K, committed 298560K, reserved 1310720K
  class space    used 35732K, committed 37440K, reserved 1048576K
}
Event: 721.637 GC heap before
{Heap before GC invocations=84 (full 0):
 garbage-first heap   total 952320K, used 643584K [0x0000000080000000, 0x0000000100000000)
  region size 1024K, 46 young (47104K), 20 survivors (20480K)
 Metaspace       used 295235K, committed 298624K, reserved 1310720K
  class space    used 35732K, committed 37440K, reserved 1048576K
}
Event: 721.668 GC heap after
{Heap after GC invocations=85 (full 0):
 garbage-first heap   total 952320K, used 622708K [0x0000000080000000, 0x0000000100000000)
  region size 1024K, 6 young (6144K), 6 survivors (6144K)
 Metaspace       used 295235K, committed 298624K, reserved 1310720K
  class space    used 35732K, committed 37440K, reserved 1048576K
}
Event: 722.707 GC heap before
{Heap before GC invocations=85 (full 0):
 garbage-first heap   total 952320K, used 674932K [0x0000000080000000, 0x0000000100000000)
  region size 1024K, 58 young (59392K), 6 survivors (6144K)
 Metaspace       used 295656K, committed 299008K, reserved 1376256K
  class space    used 35773K, committed 37440K, reserved 1048576K
}
Event: 722.735 GC heap after
{Heap after GC invocations=86 (full 0):
 garbage-first heap   total 952320K, used 629248K [0x0000000080000000, 0x0000000100000000)
  region size 1024K, 8 young (8192K), 8 survivors (8192K)
 Metaspace       used 295656K, committed 299008K, reserved 1376256K
  class space    used 35773K, committed 37440K, reserved 1048576K
}
Event: 724.991 GC heap before
{Heap before GC invocations=86 (full 0):
 garbage-first heap   total 952320K, used 684544K [0x0000000080000000, 0x0000000100000000)
  region size 1024K, 62 young (63488K), 8 survivors (8192K)
 Metaspace       used 300324K, committed 303680K, reserved 1376256K
  class space    used 36350K, committed 38016K, reserved 1048576K
}
Event: 725.047 GC heap after
{Heap after GC invocations=87 (full 0):
 garbage-first heap   total 952320K, used 632906K [0x0000000080000000, 0x0000000100000000)
  region size 1024K, 8 young (8192K), 8 survivors (8192K)
 Metaspace       used 300324K, committed 303680K, reserved 1376256K
  class space    used 36350K, committed 38016K, reserved 1048576K
}
Event: 726.214 GC heap before
{Heap before GC invocations=87 (full 0):
 garbage-first heap   total 952320K, used 715850K [0x0000000080000000, 0x0000000100000000)
  region size 1024K, 89 young (91136K), 8 survivors (8192K)
 Metaspace       used 300559K, committed 303936K, reserved 1376256K
  class space    used 36355K, committed 38080K, reserved 1048576K
}
Event: 726.268 GC heap after
{Heap after GC invocations=88 (full 0):
 garbage-first heap   total 952320K, used 642477K [0x0000000080000000, 0x0000000100000000)
  region size 1024K, 12 young (12288K), 12 survivors (12288K)
 Metaspace       used 300559K, committed 303936K, reserved 1376256K
  class space    used 36355K, committed 38080K, reserved 1048576K
}
Event: 727.959 GC heap before
{Heap before GC invocations=88 (full 0):
 garbage-first heap   total 952320K, used 729517K [0x0000000080000000, 0x0000000100000000)
  region size 1024K, 97 young (99328K), 12 survivors (12288K)
 Metaspace       used 301466K, committed 304832K, reserved 1376256K
  class space    used 36453K, committed 38144K, reserved 1048576K
}
Event: 728.016 GC heap after
{Heap after GC invocations=89 (full 0):
 garbage-first heap   total 952320K, used 647817K [0x0000000080000000, 0x0000000100000000)
  region size 1024K, 8 young (8192K), 8 survivors (8192K)
 Metaspace       used 301466K, committed 304832K, reserved 1376256K
  class space    used 36453K, committed 38144K, reserved 1048576K
}
Event: 925.617 GC heap before
{Heap before GC invocations=89 (full 0):
 garbage-first heap   total 952320K, used 806537K [0x0000000080000000, 0x0000000100000000)
  region size 1024K, 157 young (160768K), 8 survivors (8192K)
 Metaspace       used 302958K, committed 306368K, reserved 1376256K
  class space    used 36631K, committed 38336K, reserved 1048576K
}
Event: 926.195 GC heap after
{Heap after GC invocations=90 (full 0):
 garbage-first heap   total 952320K, used 666624K [0x0000000080000000, 0x0000000100000000)
  region size 1024K, 20 young (20480K), 20 survivors (20480K)
 Metaspace       used 302958K, committed 306368K, reserved 1376256K
  class space    used 36631K, committed 38336K, reserved 1048576K
}
Event: 926.824 GC heap before
{Heap before GC invocations=90 (full 0):
 garbage-first heap   total 952320K, used 694272K [0x0000000080000000, 0x0000000100000000)
  region size 1024K, 46 young (47104K), 20 survivors (20480K)
 Metaspace       used 302961K, committed 306368K, reserved 1376256K
  class space    used 36631K, committed 38336K, reserved 1048576K
}
Event: 927.200 GC heap after
{Heap after GC invocations=91 (full 0):
 garbage-first heap   total 952320K, used 666416K [0x0000000080000000, 0x0000000100000000)
  region size 1024K, 6 young (6144K), 6 survivors (6144K)
 Metaspace       used 302961K, committed 306368K, reserved 1376256K
  class space    used 36631K, committed 38336K, reserved 1048576K
}
Event: 927.901 GC heap before
{Heap before GC invocations=91 (full 0):
 garbage-first heap   total 952320K, used 706352K [0x0000000080000000, 0x0000000100000000)
  region size 1024K, 46 young (47104K), 6 survivors (6144K)
 Metaspace       used 302990K, committed 306368K, reserved 1376256K
  class space    used 36631K, committed 38336K, reserved 1048576K
}
Event: 927.968 GC heap after
{Heap after GC invocations=92 (full 0):
 garbage-first heap   total 952320K, used 678299K [0x0000000080000000, 0x0000000100000000)
  region size 1024K, 6 young (6144K), 6 survivors (6144K)
 Metaspace       used 302990K, committed 306368K, reserved 1376256K
  class space    used 36631K, committed 38336K, reserved 1048576K
}
Event: 928.192 GC heap before
{Heap before GC invocations=92 (full 0):
 garbage-first heap   total 952320K, used 680347K [0x0000000080000000, 0x0000000100000000)
  region size 1024K, 9 young (9216K), 6 survivors (6144K)
 Metaspace       used 302992K, committed 306368K, reserved 1376256K
  class space    used 36631K, committed 38336K, reserved 1048576K
}

Dll operation events (4 events):
Event: 0.012 Loaded shared library C:\Program Files\Android\Android Studio\jbr\bin\java.dll
Event: 0.019 Loaded shared library C:\Program Files\Android\Android Studio\jbr\bin\zip.dll
Event: 1.373 Loaded shared library C:\Program Files\Android\Android Studio\jbr\bin\verify.dll
Event: 443.109 Unloaded dll "C:\Users\gaurav\AppData\Local\Temp\sqlite-3.41.2.2-d45cbc22-5a85-4fa7-acae-5cb1de568ddf-sqlitejdbc.dll" [0x00007ffdcfd30000]

Deoptimization events (20 events):
Event: 913.716 Thread 0x000001bc861b98f0 Uncommon trap: trap_request=0xffffffbe fr.pc=0x000001bcf09efcac relative=0x000000000000586c
Event: 913.716 Thread 0x000001bc861b98f0 Uncommon trap: reason=profile_predicate action=maybe_recompile pc=0x000001bcf09efcac method=org.gradle.internal.service.DefaultServiceRegistry.validateImplementationForServiceTypes(Ljava/util/List;Ljava/lang/reflect/Type;)V @ 18 c2
Event: 913.716 Thread 0x000001bc861b98f0 DEOPT PACKING pc=0x000001bcf09efcac sp=0x0000009c007fbe00
Event: 913.716 Thread 0x000001bc861b98f0 DEOPT UNPACKING pc=0x000001bcef0446a2 sp=0x0000009c007fbc20 mode 2
Event: 922.933 Thread 0x000001bc861b98f0 DEOPT PACKING pc=0x000001bce8a7a72d sp=0x0000009c007f6920
Event: 922.934 Thread 0x000001bc861b98f0 DEOPT UNPACKING pc=0x000001bcef044e42 sp=0x0000009c007f5cd8 mode 0
Event: 923.720 Thread 0x000001bc861b98f0 DEOPT PACKING pc=0x000001bceb37a5e4 sp=0x0000009c007f84e0
Event: 923.721 Thread 0x000001bc861b98f0 DEOPT UNPACKING pc=0x000001bcef044e42 sp=0x0000009c007f7a20 mode 0
Event: 924.724 Thread 0x000001bc861b98f0 DEOPT PACKING pc=0x000001bceb4022c0 sp=0x0000009c007f40b0
Event: 924.725 Thread 0x000001bc861b98f0 DEOPT UNPACKING pc=0x000001bcef044e42 sp=0x0000009c007f35a0 mode 0
Event: 924.867 Thread 0x000001bc861b98f0 Uncommon trap: trap_request=0xffffff45 fr.pc=0x000001bceffaea68 relative=0x0000000000000408
Event: 924.867 Thread 0x000001bc861b98f0 Uncommon trap: reason=unstable_if action=reinterpret pc=0x000001bceffaea68 method=org.jetbrains.kotlin.com.intellij.openapi.progress.ProgressManager.checkCanceled()V @ 5 c2
Event: 924.869 Thread 0x000001bc861b98f0 DEOPT PACKING pc=0x000001bceffaea68 sp=0x0000009c007f4410
Event: 924.869 Thread 0x000001bc861b98f0 DEOPT UNPACKING pc=0x000001bcef0446a2 sp=0x0000009c007f4300 mode 2
Event: 925.103 Thread 0x000001bc861b98f0 DEOPT PACKING pc=0x000001bce9c6adc5 sp=0x0000009c007f3c30
Event: 925.103 Thread 0x000001bc861b98f0 DEOPT UNPACKING pc=0x000001bcef044e42 sp=0x0000009c007f30f0 mode 0
Event: 925.108 Thread 0x000001bc861b98f0 DEOPT PACKING pc=0x000001bce9c6adc5 sp=0x0000009c007f3c30
Event: 925.108 Thread 0x000001bc861b98f0 DEOPT UNPACKING pc=0x000001bcef044e42 sp=0x0000009c007f30f0 mode 0
Event: 925.112 Thread 0x000001bc861b98f0 DEOPT PACKING pc=0x000001bce9c6adc5 sp=0x0000009c007f3c30
Event: 925.112 Thread 0x000001bc861b98f0 DEOPT UNPACKING pc=0x000001bcef044e42 sp=0x0000009c007f30f0 mode 0

Classes loaded (20 events):
Event: 297.623 Loading class javax/management/NotCompliantMBeanException
Event: 297.623 Loading class javax/management/NotCompliantMBeanException done
Event: 297.623 Loading class javax/management/AttributeNotFoundException
Event: 297.624 Loading class javax/management/AttributeNotFoundException done
Event: 297.624 Loading class javax/management/ReflectionException
Event: 297.624 Loading class javax/management/ReflectionException done
Event: 297.624 Loading class javax/management/InstanceNotFoundException
Event: 297.625 Loading class javax/management/InstanceNotFoundException done
Event: 420.958 Loading class java/nio/file/FileChannelLinesSpliterator
Event: 420.960 Loading class java/nio/file/FileChannelLinesSpliterator done
Event: 421.947 Loading class java/util/concurrent/atomic/AtomicIntegerFieldUpdater
Event: 421.948 Loading class java/util/concurrent/atomic/AtomicIntegerFieldUpdater done
Event: 421.951 Loading class java/util/concurrent/atomic/AtomicIntegerFieldUpdater$AtomicIntegerFieldUpdaterImpl
Event: 421.952 Loading class java/util/concurrent/atomic/AtomicIntegerFieldUpdater$AtomicIntegerFieldUpdaterImpl done
Event: 421.952 Loading class java/util/concurrent/atomic/AtomicIntegerFieldUpdater$AtomicIntegerFieldUpdaterImpl$1
Event: 421.953 Loading class java/util/concurrent/atomic/AtomicIntegerFieldUpdater$AtomicIntegerFieldUpdaterImpl$1 done
Event: 439.359 Loading class java/util/Vector$Itr
Event: 439.360 Loading class java/util/Vector$Itr done
Event: 439.577 Loading class java/util/zip/ZipInputStream
Event: 439.578 Loading class java/util/zip/ZipInputStream done

Classes unloaded (20 events):
Event: 441.327 Thread 0x000001bcfc5d8c10 Unloading class 0x0000000101527b08 'androidx/room/compiler/processing/XProcessingStep'
Event: 441.327 Thread 0x000001bcfc5d8c10 Unloading class 0x0000000101527868 'androidx/hilt/AndroidXHiltKspProcessor'
Event: 441.327 Thread 0x000001bcfc5d8c10 Unloading class 0x00000001015275c8 'androidx/room/compiler/processing/ksp/KspBasicAnnotationProcessor'
Event: 441.327 Thread 0x000001bcfc5d8c10 Unloading class 0x00000001015273b8 'androidx/room/compiler/processing/XBasicAnnotationProcessor'
Event: 441.327 Thread 0x000001bcfc5d8c10 Unloading class 0x0000000101527180 'dagger/internal/codegen/KspComponentProcessor$Provider'
Event: 441.327 Thread 0x000001bcfc5d8c10 Unloading class 0x0000000101526f50 'dagger/hilt/processor/internal/root/KspComponentTreeDepsProcessor$Provider'
Event: 441.327 Thread 0x000001bcfc5d8c10 Unloading class 0x0000000101526d20 'dagger/hilt/processor/internal/aggregateddeps/KspAggregatedDepsProcessor$Provider'
Event: 441.327 Thread 0x000001bcfc5d8c10 Unloading class 0x0000000101526af0 'dagger/hilt/processor/internal/root/KspRootProcessor$Provider'
Event: 441.327 Thread 0x000001bcfc5d8c10 Unloading class 0x00000001015268c0 'dagger/hilt/processor/internal/definecomponent/KspDefineComponentProcessor$Provider'
Event: 441.327 Thread 0x000001bcfc5d8c10 Unloading class 0x0000000101526690 'dagger/hilt/android/processor/internal/bindvalue/KspBindValueProcessor$Provider'
Event: 441.327 Thread 0x000001bcfc5d8c10 Unloading class 0x0000000101526460 'dagger/hilt/processor/internal/originatingelement/KspOriginatingElementProcessor$Provider'
Event: 441.327 Thread 0x000001bcfc5d8c10 Unloading class 0x0000000101526230 'dagger/hilt/android/processor/internal/androidentrypoint/KspAndroidEntryPointProcessor$Provider'
Event: 441.327 Thread 0x000001bcfc5d8c10 Unloading class 0x0000000101526000 'dagger/hilt/processor/internal/generatesrootinput/KspGeneratesRootInputProcessor$Provider'
Event: 441.327 Thread 0x000001bcfc5d8c10 Unloading class 0x0000000101525d20 'dagger/hilt/processor/internal/earlyentrypoint/KspEarlyEntryPointProcessor$Provider'
Event: 441.327 Thread 0x000001bcfc5d8c10 Unloading class 0x0000000101525af0 'dagger/hilt/android/processor/internal/viewmodel/KspViewModelProcessor$Provider'
Event: 441.327 Thread 0x000001bcfc5d8c10 Unloading class 0x00000001015258c0 'dagger/hilt/processor/internal/aliasof/KspAliasOfProcessor$Provider'
Event: 441.327 Thread 0x000001bcfc5d8c10 Unloading class 0x0000000101525690 'dagger/hilt/android/processor/internal/customtestapplication/KspCustomTestApplicationProcessor$Provider'
Event: 441.327 Thread 0x000001bcfc5d8c10 Unloading class 0x0000000101525460 'dagger/hilt/processor/internal/uninstallmodules/KspUninstallModulesProcessor$Provider'
Event: 441.327 Thread 0x000001bcfc5d8c10 Unloading class 0x0000000101525230 'androidx/room/RoomKspProcessor$Provider'
Event: 441.327 Thread 0x000001bcfc5d8c10 Unloading class 0x0000000101525000 'androidx/hilt/AndroidXHiltKspProcessor$Provider'

Classes redefined (0 events):
No events

Internal exceptions (20 events):
Event: 916.393 Thread 0x000001bc861b98f0 Exception <a 'java/lang/ClassNotFoundException'{0x00000000b7034cd8}: sync_studio_tooling11_6eqq9nlczn3e042kn9efgbnd1$_run_closure1Customizer> (0x00000000b7034cd8) 
thrown [s\src\hotspot\share\classfile\systemDictionary.cpp, line 312]
Event: 917.021 Thread 0x000001bc861b98f0 Exception <a 'java/lang/ClassNotFoundException'{0x00000000b6eec9a8}: sync_studio_tooling11_6eqq9nlczn3e042kn9efgbnd1BeanInfo> (0x00000000b6eec9a8) 
thrown [s\src\hotspot\share\classfile\systemDictionary.cpp, line 312]
Event: 917.022 Thread 0x000001bc861b98f0 Exception <a 'java/lang/ClassNotFoundException'{0x00000000b6ef4830}: sync_studio_tooling11_6eqq9nlczn3e042kn9efgbnd1Customizer> (0x00000000b6ef4830) 
thrown [s\src\hotspot\share\classfile\systemDictionary.cpp, line 312]
Event: 917.246 Thread 0x000001bc861b98f0 Exception <a 'java/lang/ClassNotFoundException'{0x00000000b6649ba0}: ijInit6_c62jy1rx1smyfmer24pmypiiiBeanInfo> (0x00000000b6649ba0) 
thrown [s\src\hotspot\share\classfile\systemDictionary.cpp, line 312]
Event: 917.252 Thread 0x000001bc861b98f0 Exception <a 'java/lang/ClassNotFoundException'{0x00000000b66515c0}: ijInit6_c62jy1rx1smyfmer24pmypiiiCustomizer> (0x00000000b66515c0) 
thrown [s\src\hotspot\share\classfile\systemDictionary.cpp, line 312]
Event: 917.471 Thread 0x000001bc861b98f0 Exception <a 'java/lang/ClassNotFoundException'{0x00000000b6698458}: JetGradlePluginBeanInfo> (0x00000000b6698458) 
thrown [s\src\hotspot\share\classfile\systemDictionary.cpp, line 312]
Event: 917.478 Thread 0x000001bc861b98f0 Exception <a 'java/lang/ClassNotFoundException'{0x00000000b66a2480}: JetGradlePluginCustomizer> (0x00000000b66a2480) 
thrown [s\src\hotspot\share\classfile\systemDictionary.cpp, line 312]
Event: 917.650 Thread 0x000001bc861b98f0 Exception <a 'java/lang/ClassNotFoundException'{0x00000000b66d9d28}: com/intellij/gradle/toolingExtension/impl/model/utilDummyModel/DummyModelBeanInfo> (0x00000000b66d9d28) 
thrown [s\src\hotspot\share\classfile\systemDictionary.cpp, line 312]
Event: 917.655 Thread 0x000001bc861b98f0 Exception <a 'java/lang/ClassNotFoundException'{0x00000000b66e29a0}: com/intellij/gradle/toolingExtension/impl/model/utilDummyModel/DummyModelCustomizer> (0x00000000b66e29a0) 
thrown [s\src\hotspot\share\classfile\systemDictionary.cpp, line 312]
Event: 917.979 Thread 0x000001bc861b98f0 Exception <a 'java/lang/ClassNotFoundException'{0x00000000b6527d38}: com/intellij/gradle/toolingExtension/impl/modelBuilder/ExtraModelBuilderBeanInfo> (0x00000000b6527d38) 
thrown [s\src\hotspot\share\classfile\systemDictionary.cpp, line 312]
Event: 917.982 Thread 0x000001bc861b98f0 Exception <a 'java/lang/ClassNotFoundException'{0x00000000b6530990}: com/intellij/gradle/toolingExtension/impl/modelBuilder/ExtraModelBuilderCustomizer> (0x00000000b6530990) 
thrown [s\src\hotspot\share\classfile\systemDictionary.cpp, line 312]
Event: 920.649 Thread 0x000001bc861b98f0 Exception <a 'sun/nio/fs/WindowsException'{0x00000000b6152758}> (0x00000000b6152758) 
thrown [s\src\hotspot\share\prims\jni.cpp, line 535]
Event: 920.655 Thread 0x000001bc861b98f0 Exception <a 'sun/nio/fs/WindowsException'{0x00000000b6153ed8}> (0x00000000b6153ed8) 
thrown [s\src\hotspot\share\prims\jni.cpp, line 535]
Event: 920.655 Thread 0x000001bc861b98f0 Exception <a 'sun/nio/fs/WindowsException'{0x00000000b6155648}> (0x00000000b6155648) 
thrown [s\src\hotspot\share\prims\jni.cpp, line 535]
Event: 920.657 Thread 0x000001bc861b98f0 Exception <a 'sun/nio/fs/WindowsException'{0x00000000b6156da8}> (0x00000000b6156da8) 
thrown [s\src\hotspot\share\prims\jni.cpp, line 535]
Event: 921.193 Thread 0x000001bc861b98f0 Exception <a 'sun/nio/fs/WindowsException'{0x00000000b4d93860}> (0x00000000b4d93860) 
thrown [s\src\hotspot\share\prims\jni.cpp, line 535]
Event: 921.194 Thread 0x000001bc861b98f0 Exception <a 'sun/nio/fs/WindowsException'{0x00000000b4d95158}> (0x00000000b4d95158) 
thrown [s\src\hotspot\share\prims\jni.cpp, line 535]
Event: 921.194 Thread 0x000001bc861b98f0 Exception <a 'sun/nio/fs/WindowsException'{0x00000000b4d97680}> (0x00000000b4d97680) 
thrown [s\src\hotspot\share\prims\jni.cpp, line 535]
Event: 924.051 Thread 0x000001bc861b98f0 Exception <a 'sun/nio/fs/WindowsException'{0x00000000b236c4c8}> (0x00000000b236c4c8) 
thrown [s\src\hotspot\share\prims\jni.cpp, line 535]
Event: 924.054 Thread 0x000001bc861b98f0 Exception <a 'sun/nio/fs/WindowsException'{0x00000000b236e570}> (0x00000000b236e570) 
thrown [s\src\hotspot\share\prims\jni.cpp, line 535]

ZGC Phase Switch (0 events):
No events

VM Operations (20 events):
Event: 917.125 Executing VM operation: Cleanup done
Event: 919.138 Executing VM operation: Cleanup
Event: 919.165 Executing VM operation: Cleanup done
Event: 921.182 Executing VM operation: Cleanup
Event: 921.182 Executing VM operation: Cleanup done
Event: 922.192 Executing VM operation: Cleanup
Event: 922.208 Executing VM operation: Cleanup done
Event: 923.218 Executing VM operation: Cleanup
Event: 923.218 Executing VM operation: Cleanup done
Event: 924.224 Executing VM operation: Cleanup
Event: 924.239 Executing VM operation: Cleanup done
Event: 925.242 Executing VM operation: Cleanup
Event: 925.244 Executing VM operation: Cleanup done
Event: 925.617 Executing VM operation: G1CollectForAllocation (G1 Evacuation Pause)
Event: 926.195 Executing VM operation: G1CollectForAllocation (G1 Evacuation Pause) done
Event: 926.824 Executing VM operation: G1CollectForAllocation (G1 Evacuation Pause)
Event: 927.200 Executing VM operation: G1CollectForAllocation (G1 Evacuation Pause) done
Event: 927.888 Executing VM operation: G1CollectForAllocation (G1 Evacuation Pause)
Event: 927.968 Executing VM operation: G1CollectForAllocation (G1 Evacuation Pause) done
Event: 928.192 Executing VM operation: G1TryInitiateConcMark (G1 Humongous Allocation)

Memory protections (0 events):
No events

Nmethod flushes (20 events):
Event: 719.462 Thread 0x000001bcfc5d8c10 flushing  nmethod 0x000001bcea959b90
Event: 719.462 Thread 0x000001bcfc5d8c10 flushing  nmethod 0x000001bcea9b3090
Event: 719.462 Thread 0x000001bcfc5d8c10 flushing  nmethod 0x000001bcea9e5f90
Event: 719.462 Thread 0x000001bcfc5d8c10 flushing  nmethod 0x000001bcea9e7590
Event: 719.462 Thread 0x000001bcfc5d8c10 flushing  nmethod 0x000001bceaa56b10
Event: 719.463 Thread 0x000001bcfc5d8c10 flushing  nmethod 0x000001bceaafb810
Event: 719.463 Thread 0x000001bcfc5d8c10 flushing  nmethod 0x000001bceab02210
Event: 719.463 Thread 0x000001bcfc5d8c10 flushing  nmethod 0x000001bceab02690
Event: 719.463 Thread 0x000001bcfc5d8c10 flushing  nmethod 0x000001bceab07790
Event: 719.463 Thread 0x000001bcfc5d8c10 flushing  nmethod 0x000001bceab77210
Event: 719.463 Thread 0x000001bcfc5d8c10 flushing  nmethod 0x000001bceab77990
Event: 719.463 Thread 0x000001bcfc5d8c10 flushing  nmethod 0x000001bceab78290
Event: 719.463 Thread 0x000001bcfc5d8c10 flushing  nmethod 0x000001bceabeab10
Event: 719.463 Thread 0x000001bcfc5d8c10 flushing  nmethod 0x000001bceabed510
Event: 719.463 Thread 0x000001bcfc5d8c10 flushing  nmethod 0x000001bceac27d90
Event: 719.463 Thread 0x000001bcfc5d8c10 flushing  nmethod 0x000001bceac29710
Event: 719.463 Thread 0x000001bcfc5d8c10 flushing  nmethod 0x000001bceac9f090
Event: 719.463 Thread 0x000001bcfc5d8c10 flushing  nmethod 0x000001bceb27fe90
Event: 719.463 Thread 0x000001bcfc5d8c10 flushing  nmethod 0x000001bceb3f1390
Event: 719.463 Thread 0x000001bcfc5d8c10 flushing  nmethod 0x000001bceb986210

Events (20 events):
Event: 923.475 Thread 0x000001bc861b98f0 Thread added: 0x000001bc861b8540
Event: 923.476 Thread 0x000001bc861b98f0 Thread added: 0x000001bc861b8bd0
Event: 923.477 Thread 0x000001bc861b98f0 Thread added: 0x000001bc90c01c40
Event: 923.479 Thread 0x000001bc861b98f0 Thread added: 0x000001bc90bfe130
Event: 923.480 Thread 0x000001bc861b98f0 Thread added: 0x000001bc90bfe7c0
Event: 923.482 Thread 0x000001bc861b98f0 Thread added: 0x000001bc90bfee50
Event: 923.482 Thread 0x000001bc861b98f0 Thread added: 0x000001bc90bff4e0
Event: 923.482 Thread 0x000001bc861b98f0 Thread added: 0x000001bc90bfacb0
Event: 923.484 Thread 0x000001bc861b98f0 Thread added: 0x000001bc90bfb9d0
Event: 923.654 Thread 0x000001bc861b98f0 Thread added: 0x000001bc9e4f5520
Event: 923.655 Thread 0x000001bc861b98f0 Thread added: 0x000001bca3fb9e60
Event: 923.656 Thread 0x000001bc861b98f0 Thread added: 0x000001bca3fbb210
Event: 923.657 Thread 0x000001bc861b98f0 Thread added: 0x000001bca3fb9140
Event: 923.659 Thread 0x000001bc861b98f0 Thread added: 0x000001bc8dcaf0a0
Event: 923.661 Thread 0x000001bc861b98f0 Thread added: 0x000001bc8dcb0450
Event: 923.662 Thread 0x000001bc861b98f0 Thread added: 0x000001bc8dcb0ae0
Event: 923.663 Thread 0x000001bc861b98f0 Thread added: 0x000001bc8dcb1170
Event: 923.663 Thread 0x000001bc861b98f0 Thread added: 0x000001bc8dcb1800
Event: 923.665 Thread 0x000001bc861b98f0 Thread added: 0x000001bc9e639080
Event: 923.666 Thread 0x000001bc861b98f0 Thread added: 0x000001bc9edb7300


Dynamic libraries:
0x00007ff623910000 - 0x00007ff62391a000 	C:\Program Files\Android\Android Studio\jbr\bin\java.exe
0x00007ffe09cf0000 - 0x00007ffe09f08000 	C:\WINDOWS\SYSTEM32\ntdll.dll
0x00007ffe07c10000 - 0x00007ffe07cd4000 	C:\WINDOWS\System32\KERNEL32.DLL
0x00007ffe07010000 - 0x00007ffe073e3000 	C:\WINDOWS\System32\KERNELBASE.dll
0x00007ffe07740000 - 0x00007ffe07851000 	C:\WINDOWS\System32\ucrtbase.dll
0x00007ffdf1f20000 - 0x00007ffdf1f38000 	C:\Program Files\Android\Android Studio\jbr\bin\jli.dll
0x00007ffe01a00000 - 0x00007ffe01a1b000 	C:\Program Files\Android\Android Studio\jbr\bin\VCRUNTIME140.dll
0x00007ffe08730000 - 0x00007ffe088e2000 	C:\WINDOWS\System32\USER32.dll
0x00007ffe06fe0000 - 0x00007ffe07006000 	C:\WINDOWS\System32\win32u.dll
0x00007ffdee6f0000 - 0x00007ffdee98c000 	C:\WINDOWS\WinSxS\amd64_microsoft.windows.common-controls_6595b64144ccf1df_6.0.22621.6060_none_2712eda17382d24b\COMCTL32.dll
0x00007ffe09be0000 - 0x00007ffe09c09000 	C:\WINDOWS\System32\GDI32.dll
0x00007ffe08d80000 - 0x00007ffe08e27000 	C:\WINDOWS\System32\msvcrt.dll
0x00007ffe07860000 - 0x00007ffe07983000 	C:\WINDOWS\System32\gdi32full.dll
0x00007ffe073f0000 - 0x00007ffe0748a000 	C:\WINDOWS\System32\msvcp_win.dll
0x00007ffe07ab0000 - 0x00007ffe07ae1000 	C:\WINDOWS\System32\IMM32.DLL
0x00007ffe02620000 - 0x00007ffe0262c000 	C:\Program Files\Android\Android Studio\jbr\bin\vcruntime140_1.dll
0x00007ffdd24b0000 - 0x00007ffdd253d000 	C:\Program Files\Android\Android Studio\jbr\bin\msvcp140.dll
0x00007ffdbed20000 - 0x00007ffdbf9ab000 	C:\Program Files\Android\Android Studio\jbr\bin\server\jvm.dll
0x00007ffe079e0000 - 0x00007ffe07a91000 	C:\WINDOWS\System32\ADVAPI32.dll
0x00007ffe08a30000 - 0x00007ffe08ad8000 	C:\WINDOWS\System32\sechost.dll
0x00007ffe06df0000 - 0x00007ffe06e18000 	C:\WINDOWS\System32\bcrypt.dll
0x00007ffe07af0000 - 0x00007ffe07c08000 	C:\WINDOWS\System32\RPCRT4.dll
0x00007ffe08fd0000 - 0x00007ffe09041000 	C:\WINDOWS\System32\WS2_32.dll
0x00007ffe06a60000 - 0x00007ffe06aad000 	C:\WINDOWS\SYSTEM32\POWRPROF.dll
0x00007ffe021b0000 - 0x00007ffe021e4000 	C:\WINDOWS\SYSTEM32\WINMM.dll
0x00007ffdff630000 - 0x00007ffdff63a000 	C:\WINDOWS\SYSTEM32\VERSION.dll
0x00007ffe06a40000 - 0x00007ffe06a53000 	C:\WINDOWS\SYSTEM32\UMPDC.dll
0x00007ffe05dc0000 - 0x00007ffe05dd8000 	C:\WINDOWS\SYSTEM32\kernel.appcore.dll
0x00007ffe025f0000 - 0x00007ffe025fa000 	C:\Program Files\Android\Android Studio\jbr\bin\jimage.dll
0x00007ffdfdf90000 - 0x00007ffdfe1c3000 	C:\WINDOWS\SYSTEM32\DBGHELP.DLL
0x00007ffe09840000 - 0x00007ffe09bd2000 	C:\WINDOWS\System32\combase.dll
0x00007ffe08650000 - 0x00007ffe08728000 	C:\WINDOWS\System32\OLEAUT32.dll
0x00007ffdede60000 - 0x00007ffdede92000 	C:\WINDOWS\SYSTEM32\dbgcore.DLL
0x00007ffe06f60000 - 0x00007ffe06fdb000 	C:\WINDOWS\System32\bcryptPrimitives.dll
0x00007ffdf1f50000 - 0x00007ffdf1f5e000 	C:\Program Files\Android\Android Studio\jbr\bin\instrument.dll
0x00007ffe00610000 - 0x00007ffe00630000 	C:\Program Files\Android\Android Studio\jbr\bin\java.dll
0x00007ffe005f0000 - 0x00007ffe00608000 	C:\Program Files\Android\Android Studio\jbr\bin\zip.dll
0x00007ffe07d40000 - 0x00007ffe085de000 	C:\WINDOWS\System32\SHELL32.dll
0x00007ffe07490000 - 0x00007ffe075cf000 	C:\WINDOWS\System32\wintypes.dll
0x00007ffe04c90000 - 0x00007ffe055a8000 	C:\WINDOWS\SYSTEM32\windows.storage.dll
0x00007ffe08c70000 - 0x00007ffe08d74000 	C:\WINDOWS\System32\SHCORE.dll
0x00007ffe09070000 - 0x00007ffe090d9000 	C:\WINDOWS\System32\shlwapi.dll
0x00007ffe06d20000 - 0x00007ffe06d45000 	C:\WINDOWS\SYSTEM32\profapi.dll
0x00007ffe024d0000 - 0x00007ffe024e0000 	C:\Program Files\Android\Android Studio\jbr\bin\net.dll
0x00007ffe03b60000 - 0x00007ffe03c8c000 	C:\WINDOWS\SYSTEM32\WINHTTP.dll
0x00007ffe062a0000 - 0x00007ffe06309000 	C:\WINDOWS\system32\mswsock.dll
0x00007ffdfff60000 - 0x00007ffdfff76000 	C:\Program Files\Android\Android Studio\jbr\bin\nio.dll
0x00007ffe024b0000 - 0x00007ffe024c0000 	C:\Program Files\Android\Android Studio\jbr\bin\verify.dll
0x00007ffdef960000 - 0x00007ffdef987000 	C:\Users\gaurav\.gradle\native\1def1411415f61bf3af743bc5b6707747c0891f09f0c88961ee8f79bc544acac\windows-amd64\native-platform.dll
0x00007ffdd4400000 - 0x00007ffdd4478000 	C:\Users\gaurav\.gradle\native\0.2.7\x86_64-windows-gnu\gradle-fileevents.dll
0x00007ffe00170000 - 0x00007ffe00179000 	C:\Program Files\Android\Android Studio\jbr\bin\management.dll
0x00007ffdf1fb0000 - 0x00007ffdf1fbb000 	C:\Program Files\Android\Android Studio\jbr\bin\management_ext.dll
0x00007ffe08970000 - 0x00007ffe08978000 	C:\WINDOWS\System32\PSAPI.DLL
0x00007ffe05800000 - 0x00007ffe0582d000 	C:\WINDOWS\SYSTEM32\IPHLPAPI.DLL
0x00007ffe08c40000 - 0x00007ffe08c49000 	C:\WINDOWS\System32\NSI.dll
0x00007ffe019f0000 - 0x00007ffe019f9000 	C:\Program Files\Android\Android Studio\jbr\bin\extnet.dll
0x00007ffe064f0000 - 0x00007ffe0650b000 	C:\WINDOWS\SYSTEM32\CRYPTSP.dll
0x00007ffe05d20000 - 0x00007ffe05d57000 	C:\WINDOWS\system32\rsaenh.dll
0x00007ffe06390000 - 0x00007ffe063b8000 	C:\WINDOWS\SYSTEM32\USERENV.dll
0x00007ffe06510000 - 0x00007ffe0651c000 	C:\WINDOWS\SYSTEM32\CRYPTBASE.dll
0x00007ffd85290000 - 0x00007ffd85298000 	C:\WINDOWS\system32\wshunix.dll
0x00007ffd851a0000 - 0x00007ffd851b7000 	C:\WINDOWS\system32\napinsp.dll
0x00007ffd851e0000 - 0x00007ffd851fb000 	C:\WINDOWS\system32\pnrpnsp.dll
0x00007ffe05830000 - 0x00007ffe05928000 	C:\WINDOWS\SYSTEM32\DNSAPI.dll
0x00007ffd851c0000 - 0x00007ffd851d1000 	C:\WINDOWS\System32\winrnr.dll
0x00007ffddbcb0000 - 0x00007ffddbcc5000 	C:\WINDOWS\system32\wshbth.dll
0x00007ffdc86d0000 - 0x00007ffdc86f1000 	C:\WINDOWS\system32\nlansp_c.dll
0x00007ffe02a50000 - 0x00007ffe02a5a000 	C:\Windows\System32\rasadhlp.dll
0x00007ffe02870000 - 0x00007ffe028f4000 	C:\WINDOWS\System32\fwpuclnt.dll
0x00007ffe05ed0000 - 0x00007ffe05f04000 	C:\WINDOWS\SYSTEM32\ntmarta.dll
0x00007ffdda6c0000 - 0x00007ffdda7a9000 	C:\Users\gaurav\AppData\Local\Temp\sqlite-3.41.2.2-c4d52f8d-4f2b-407e-9cfd-58a635fb5edd-sqlitejdbc.dll
0x00007ffdcc9e0000 - 0x00007ffdccac9000 	C:\Users\gaurav\AppData\Local\Temp\sqlite-3.41.2.2-7ee576de-eddf-436f-bb9c-7ea7bd8b56f3-sqlitejdbc.dll

dbghelp: loaded successfully - version: 4.0.5 - missing functions: none
symbol engine: initialized successfully - sym options: 0x614 - pdb path: .;C:\Program Files\Android\Android Studio\jbr\bin;C:\WINDOWS\SYSTEM32;C:\WINDOWS\WinSxS\amd64_microsoft.windows.common-controls_6595b64144ccf1df_6.0.22621.6060_none_2712eda17382d24b;C:\Program Files\Android\Android Studio\jbr\bin\server;C:\Users\gaurav\.gradle\native\1def1411415f61bf3af743bc5b6707747c0891f09f0c88961ee8f79bc544acac\windows-amd64;C:\Users\gaurav\.gradle\native\0.2.7\x86_64-windows-gnu;C:\Users\gaurav\AppData\Local\Temp

VM Arguments:
jvm_args: --add-opens=java.base/java.lang=ALL-UNNAMED --add-opens=java.base/java.lang.invoke=ALL-UNNAMED --add-opens=java.base/java.util=ALL-UNNAMED --add-opens=java.prefs/java.util.prefs=ALL-UNNAMED --add-exports=jdk.compiler/com.sun.tools.javac.api=ALL-UNNAMED --add-exports=jdk.compiler/com.sun.tools.javac.util=ALL-UNNAMED --add-opens=java.base/java.util=ALL-UNNAMED --add-opens=java.prefs/java.util.prefs=ALL-UNNAMED --add-opens=java.base/java.nio.charset=ALL-UNNAMED --add-opens=java.base/java.net=ALL-UNNAMED --add-opens=java.base/java.util.concurrent.atomic=ALL-UNNAMED --add-opens=java.xml/javax.xml.namespace=ALL-UNNAMED -Xmx2048m -Dfile.encoding=UTF-8 -Duser.country=US -Duser.language=en -Duser.variant -javaagent:C:\Users\gaurav\.gradle\wrapper\dists\gradle-8.13-bin\5xuhj0ry160q40clulazy9h7d\gradle-8.13\lib\agents\gradle-instrumentation-agent-8.13.jar 
java_command: org.gradle.launcher.daemon.bootstrap.GradleDaemon 8.13
java_class_path (initial): C:\Users\gaurav\.gradle\wrapper\dists\gradle-8.13-bin\5xuhj0ry160q40clulazy9h7d\gradle-8.13\lib\gradle-daemon-main-8.13.jar
Launcher Type: SUN_STANDARD

[Global flags]
     intx CICompilerCount                          = 4                                         {product} {ergonomic}
     uint ConcGCThreads                            = 3                                         {product} {ergonomic}
     uint G1ConcRefinementThreads                  = 10                                        {product} {ergonomic}
   size_t G1HeapRegionSize                         = 1048576                                   {product} {ergonomic}
    uintx GCDrainStackTargetSize                   = 64                                        {product} {ergonomic}
   size_t InitialHeapSize                          = 123731968                                 {product} {ergonomic}
   size_t MarkStackSize                            = 4194304                                   {product} {ergonomic}
   size_t MaxHeapSize                              = 2147483648                                {product} {command line}
   size_t MaxNewSize                               = 1287651328                                {product} {ergonomic}
   size_t MinHeapDeltaBytes                        = 1048576                                   {product} {ergonomic}
   size_t MinHeapSize                              = 8388608                                   {product} {ergonomic}
    uintx NonNMethodCodeHeapSize                   = 5839372                                {pd product} {ergonomic}
    uintx NonProfiledCodeHeapSize                  = 122909434                              {pd product} {ergonomic}
    uintx ProfiledCodeHeapSize                     = 122909434                              {pd product} {ergonomic}
    uintx ReservedCodeCacheSize                    = 251658240                              {pd product} {ergonomic}
     bool SegmentedCodeCache                       = true                                      {product} {ergonomic}
   size_t SoftMaxHeapSize                          = 2147483648                             {manageable} {ergonomic}
     bool UseCompressedOops                        = true                           {product lp64_product} {ergonomic}
     bool UseG1GC                                  = true                                      {product} {ergonomic}
     bool UseLargePagesIndividualAllocation        = false                                  {pd product} {ergonomic}

Logging:
Log output configuration:
 #0: stdout all=warning uptime,level,tags foldmultilines=false
 #1: stderr all=off uptime,level,tags foldmultilines=false

Environment Variables:
JAVA_HOME=D:\amazon\jdk11.0.28_6
PATH=D:\amazon\jdk11.0.28_6\bin;C:\Users\gaurav\.jdks\openjdk-21.0.1\bin;C:\Program Files\HP\HP One Agent;C:\Program Files\Git\cmd;C:\Users\gaurav\Downloads\kobweb-0.9.21\kobweb-0.9.21\bin;C:\Users\gaurav\AppData\Local\Microsoft\WindowsApps;C:\Users\gaurav\Downloads\flutter_windows_3.13.0-stable\flutter\bin;C:\Users\gaurav\AppData\Local\Programs\Microsoft VS Code\bin;C:\Program Files\JetBrains\IntelliJ IDEA Community Edition 2023.2.3\bin;C:\Users\gaurav\AppData\Local\JetBrains\Toolbox\scripts;
USERNAME=gaurav
OS=Windows_NT
PROCESSOR_IDENTIFIER=AMD64 Family 23 Model 104 Stepping 1, AuthenticAMD
TMP=C:\Users\gaurav\AppData\Local\Temp
TEMP=C:\Users\gaurav\AppData\Local\Temp




Periodic native trim disabled

JNI global refs:
JNI global refs: 28, weak refs: 27

JNI global refs memory usage: 835, weak refs: 833

Process memory usage:
Resident Set Size: 475800K (6% of 7681732K total physical memory with 235488K free physical memory)

OOME stack traces (most recent first):
Classloader memory used:
Loader org.gradle.internal.classloader.VisitableURLClassLoader                         : 114M
Loader java.net.URLClassLoader                                                         : 77687K
Loader org.gradle.internal.classloader.VisitableURLClassLoader$InstrumentingVisitableURLClassLoader: 47774K
Loader bootstrap                                                                       : 32922K
Loader org.gradle.initialization.MixInLegacyTypesClassLoader                           : 15128K
Loader org.gradle.internal.classloader.VisitableURLClassLoader                         : 8987K
Loader jdk.internal.reflect.DelegatingClassLoader                                      : 1098K
Loader jdk.internal.jrtfs.JrtFileSystemProvider$JrtFsLoader                            : 692K
Loader jdk.internal.loader.ClassLoaders$PlatformClassLoader                            : 599K
Loader jdk.internal.loader.ClassLoaders$AppClassLoader                                 : 235K
Loader org.gradle.groovy.scripts.internal.DefaultScriptCompilationHandler$ScriptClassLoader: 189K
Loader org.codehaus.groovy.runtime.callsite.CallSiteClassLoader                        : 67080B
Loader sun.reflect.misc.MethodUtil                                                     : 2952B

Classes loaded by more than one classloader:
Class Program                                                                         : loaded 7 times (x 68B)
Class Build_gradle$1                                                                  : loaded 5 times (x 70B)
Class Build_gradle                                                                    : loaded 5 times (x 126B)
Class com.intellij.gradle.toolingExtension.util.GradleVersionUtil                     : loaded 4 times (x 67B)
Class com.google.common.collect.AbstractMapEntry                                      : loaded 4 times (x 77B)
Class com.google.common.base.Joiner                                                   : loaded 4 times (x 75B)
Class com.google.common.collect.BaseImmutableMultimap                                 : loaded 4 times (x 119B)
Class com.google.common.collect.ImmutableList$Builder                                 : loaded 4 times (x 73B)
Class com.google.common.collect.AbstractMultimap                                      : loaded 4 times (x 119B)
Class com.google.common.collect.RegularImmutableAsList                                : loaded 4 times (x 212B)
Class com.intellij.compose.ide.plugin.gradleTooling.rt.ComposeResourcesModel          : loaded 4 times (x 66B)
Class com.google.common.collect.Iterators                                             : loaded 4 times (x 67B)
Class com.google.common.collect.Iterables                                             : loaded 4 times (x 67B)
Class com.google.common.collect.ImmutableCollection$Builder                           : loaded 4 times (x 72B)
Class com.google.common.collect.Iterators$ArrayItr                                    : loaded 4 times (x 93B)
Class com.google.common.collect.Lists$StringAsImmutableList                           : loaded 4 times (x 203B)
Class com.google.common.base.CharMatcher$And                                          : loaded 4 times (x 108B)
Class com.google.common.collect.IndexedImmutableSet                                   : loaded 4 times (x 146B)
Class com.google.common.collect.ImmutableMap$1                                        : loaded 4 times (x 77B)
Class com.google.common.collect.BiMap                                                 : loaded 4 times (x 66B)
Class com.google.common.collect.AbstractIterator                                      : loaded 4 times (x 78B)
Class com.google.common.collect.RegularImmutableSet                                   : loaded 4 times (x 144B)
Class com.google.common.collect.ObjectArrays                                          : loaded 4 times (x 67B)
Class com.google.common.collect.AbstractIndexedListIterator                           : loaded 4 times (x 92B)
Class org.jetbrains.plugins.gradle.model.GradleTaskModel                              : loaded 4 times (x 66B)
Class com.google.common.collect.ImmutableMapEntrySet                                  : loaded 4 times (x 147B)
Class com.intellij.openapi.externalSystem.model.project.dependencies.ProjectDependencies: loaded 4 times (x 66B)
Class com.google.common.collect.Iterators$MergingIterator                             : loaded 4 times (x 77B)
Class com.google.common.base.NullnessCasts                                            : loaded 4 times (x 67B)
Class com.google.common.collect.ImmutableMap$Builder                                  : loaded 4 times (x 76B)
Class com.google.common.collect.Multimap                                              : loaded 4 times (x 66B)
Class com.google.common.collect.UnmodifiableIterator                                  : loaded 4 times (x 76B)
Class com.google.common.collect.SingletonImmutableList                                : loaded 4 times (x 203B)
Class com.google.common.collect.ImmutableList$ReverseImmutableList                    : loaded 4 times (x 204B)
Class org.jetbrains.kotlin.idea.gradleTooling.KotlinGradleModel                       : loaded 4 times (x 66B)
Class com.google.common.collect.Iterators$1                                           : loaded 4 times (x 77B)
Class com.google.common.collect.SingletonImmutableSet                                 : loaded 4 times (x 144B)
Class com.intellij.gradle.toolingExtension.impl.model.utilTurnOffDefaultTasksModel.TurnOffDefaultTasks: loaded 4 times (x 66B)
Class com.google.common.collect.Platform                                              : loaded 4 times (x 67B)
Class org.jetbrains.plugins.gradle.model.IntelliJProjectSettings                      : loaded 4 times (x 66B)
Class com.google.common.collect.SortedIterable                                        : loaded 4 times (x 66B)
Class com.google.common.collect.Iterators$4                                           : loaded 4 times (x 77B)
Class com.google.common.collect.ImmutableBiMap                                        : loaded 4 times (x 140B)
Class com.google.common.collect.ImmutableList$SubList                                 : loaded 4 times (x 204B)
Class org.jetbrains.plugins.gradle.model.VersionCatalogsModel                         : loaded 4 times (x 66B)
Class com.google.common.collect.Iterators$5                                           : loaded 4 times (x 78B)
Class com.intellij.gradle.toolingExtension.impl.model.warmUp.GradleTaskWarmUpRequest  : loaded 4 times (x 66B)
Class com.google.common.collect.RegularImmutableMap$KeySet                            : loaded 4 times (x 146B)
Class com.google.common.base.CharMatcher$ForPredicate                                 : loaded 4 times (x 108B)
Class com.intellij.gradle.toolingExtension.impl.model.sourceSetArtifactIndex.GradleSourceSetArtifactBuildRequest: loaded 4 times (x 66B)
Class com.google.common.base.CharMatcher$AnyOf                                        : loaded 4 times (x 108B)
Class org.jetbrains.plugins.gradle.model.ClasspathEntryModel                          : loaded 4 times (x 66B)
Class org.jetbrains.kotlin.idea.gradleTooling.KotlinDslScriptAdditionalTask           : loaded 4 times (x 66B)
Class org.jetbrains.kotlin.idea.gradleTooling.model.kapt.KaptGradleModel              : loaded 4 times (x 66B)
Class com.google.common.collect.ImmutableCollection                                   : loaded 4 times (x 121B)
Class org.jetbrains.plugins.gradle.javaModel.JavaGradleManifestModel                  : loaded 4 times (x 66B)
Class org.jetbrains.plugins.gradle.model.ExternalProject                              : loaded 4 times (x 66B)
Class com.google.common.collect.ImmutableSet$SetBuilderImpl                           : loaded 4 times (x 72B)
Class com.google.common.collect.Lists                                                 : loaded 4 times (x 67B)
Class com.google.common.collect.Iterators$9                                           : loaded 4 times (x 77B)
Class com.google.common.collect.ImmutableAsList                                       : loaded 4 times (x 205B)
Class com.google.common.collect.ImmutableSortedSet                                    : loaded 4 times (x 295B)
Class com.google.common.base.CharMatcher$IsNot                                        : loaded 4 times (x 107B)
Class org.jetbrains.plugins.gradle.model.RepositoryModels                             : loaded 4 times (x 66B)
Class com.google.common.collect.RegularImmutableSortedSet                             : loaded 4 times (x 295B)
Class com.google.common.collect.ImmutableMapEntry                                     : loaded 4 times (x 81B)
Class com.google.common.collect.ImmutableMultimap                                     : loaded 4 times (x 143B)
Class com.google.common.base.Function                                                 : loaded 4 times (x 66B)
Class com.google.common.collect.ImmutableMapEntry$NonTerminalImmutableMapEntry        : loaded 4 times (x 81B)
Class com.google.common.base.CharMatcher$IsEither                                     : loaded 4 times (x 107B)
Class com.google.common.collect.RegularImmutableList                                  : loaded 4 times (x 208B)
Class org.jetbrains.plugins.gradle.model.IntelliJSettings                             : loaded 4 times (x 66B)
Class [Lcom.google.common.collect.ImmutableEntry;                                     : loaded 4 times (x 65B)
Class com.intellij.gradle.toolingExtension.impl.model.utilDummyModel.DummyModel       : loaded 4 times (x 66B)
Class com.google.common.collect.ImmutableList                                         : loaded 4 times (x 202B)
Class com.google.common.collect.ImmutableMap$IteratorBasedImmutableMap                : loaded 4 times (x 121B)
Class org.jetbrains.plugins.gradle.model.GradleSourceSetDependencyModel               : loaded 4 times (x 66B)
Class org.gradle.internal.impldep.com.google.common.base.Preconditions                : loaded 4 times (x 67B)
Class org.jetbrains.plugins.gradle.model.GradleBuildScriptClasspathModel              : loaded 4 times (x 66B)
Class [Lcom.google.common.collect.ImmutableMapEntry;                                  : loaded 4 times (x 65B)
Class com.google.common.base.CharMatcher$BitSetMatcher                                : loaded 4 times (x 108B)
Class org.jetbrains.kotlin.idea.gradleTooling.KotlinSourceSetContainer                : loaded 4 times (x 66B)
Class com.google.common.collect.RegularImmutableMap$Values                            : loaded 4 times (x 203B)
Class com.google.common.collect.ImmutableSet                                          : loaded 4 times (x 143B)
Class com.google.common.base.CharMatcher$Or                                           : loaded 4 times (x 108B)
Class com.google.common.base.CharMatcher$FastMatcher                                  : loaded 4 times (x 107B)
Class org.jetbrains.plugins.gradle.model.GradleSourceSetModel                         : loaded 4 times (x 66B)
Class com.google.common.collect.ImmutableSet$Builder                                  : loaded 4 times (x 81B)
Class com.google.common.base.CharMatcher$InRange                                      : loaded 4 times (x 107B)
Class com.google.common.base.Predicate                                                : loaded 4 times (x 66B)
Class com.google.common.collect.ImmutableMap                                          : loaded 4 times (x 116B)
Class ijInit6_c62jy1rx1smyfmer24pmypiii                                               : loaded 4 times (x 175B)
Class com.google.common.base.CharMatcher$NegatedFastMatcher                           : loaded 4 times (x 109B)
Class [Lcom.google.common.collect.AbstractMapEntry;                                   : loaded 4 times (x 65B)
Class org.jetbrains.kotlin.idea.gradleTooling.PrepareKotlinIdeImportTaskModel         : loaded 4 times (x 66B)
Class com.google.common.collect.ImmutableMapEntrySet$RegularEntrySet                  : loaded 4 times (x 147B)
Class com.google.common.collect.ImmutableEntry                                        : loaded 4 times (x 78B)
Class com.google.common.base.Suppliers                                                : loaded 4 times (x 67B)
Class org.jetbrains.plugins.gradle.tooling.ModelBuilderService$Parameter              : loaded 4 times (x 66B)
Class com.google.common.collect.UnmodifiableListIterator                              : loaded 4 times (x 91B)
Class com.google.common.collect.ImmutableSet$RegularSetBuilderImpl                    : loaded 4 times (x 73B)
Class com.google.common.collect.ImmutableMap$MapViewOfValuesAsSingletonSets           : loaded 4 times (x 121B)
Class com.google.common.collect.RegularImmutableMap                                   : loaded 4 times (x 117B)
Class org.jetbrains.plugins.gradle.model.tests.ExternalTestsModel                     : loaded 4 times (x 66B)
Class com.intellij.gradle.toolingExtension.impl.model.dependencyDownloadPolicyModel.GradleDependencyDownloadPolicy: loaded 4 times (x 66B)
Class com.google.common.base.CharMatcher$Is                                           : loaded 4 times (x 107B)
Class org.jetbrains.kotlin.idea.gradleTooling.KotlinMPPGradleModel                    : loaded 4 times (x 66B)
Class com.google.common.base.CharMatcher$Negated                                      : loaded 4 times (x 109B)
Class org.jetbrains.plugins.gradle.model.AnnotationProcessingModel                    : loaded 4 times (x 66B)
Class org.jetbrains.plugins.gradle.model.GradleExtensions                             : loaded 4 times (x 66B)
Class com.google.common.base.Preconditions                                            : loaded 4 times (x 67B)
Class com.google.common.base.CharMatcher                                              : loaded 4 times (x 107B)
Class com.google.common.base.Joiner$1                                                 : loaded 4 times (x 76B)
Class com.google.common.collect.PeekingIterator                                       : loaded 4 times (x 66B)
Class com.google.common.base.CharMatcher$1                                            : loaded 4 times (x 109B)
Class org.jetbrains.plugins.gradle.model.DependencyAccessorsModel                     : loaded 4 times (x 66B)
Class com.google.common.base.CharMatcher$NamedFastMatcher                             : loaded 4 times (x 108B)
Class com.google.common.collect.ImmutableList$1                                       : loaded 4 times (x 93B)
Class com.google.common.base.Joiner$2                                                 : loaded 4 times (x 75B)
Class com.google.common.collect.RangeGwtSerializationDependencies                     : loaded 3 times (x 67B)
Class kotlin.collections.ArraysKt__ArraysJVMKt                                        : loaded 3 times (x 67B)
Class com.google.common.collect.ImmutableEnumSet                                      : loaded 3 times (x 144B)
Class org.jetbrains.kotlin.config.MavenComparableVersion$Item                         : loaded 3 times (x 66B)
Class org.jetbrains.plugins.gradle.tooling.util.IntObjectMap$ObjectFactory            : loaded 3 times (x 66B)
Class com.amazon.ion.IonException                                                     : loaded 3 times (x 80B)
Class com.amazon.ion.impl.bin.IonManagedBinaryWriter$UserState$3                      : loaded 3 times (x 81B)
Class org.jetbrains.kotlin.idea.gradleTooling.OrphanSourceSetImportingChecker         : loaded 3 times (x 70B)
Class com.google.common.collect.Maps$IteratorBasedAbstractMap                         : loaded 3 times (x 121B)
Class org.jetbrains.plugins.gradle.tooling.serialization.AnnotationProcessingModelSerializationService: loaded 3 times (x 73B)
Class com.amazon.ion.impl._Private_LocalSymbolTableFactory                            : loaded 3 times (x 66B)
Class com.amazon.ion.impl.bin.IonManagedBinaryWriter$ImportedSymbolResolverMode$1$1$1 : loaded 3 times (x 72B)
Class com.amazon.ion.system.IonTextWriterBuilder                                      : loaded 3 times (x 94B)
Class JetGradlePlugin                                                                 : loaded 3 times (x 92B)
Class org.jetbrains.kotlin.idea.gradleTooling.model.parcelize.ParcelizeModelBuilderService: loaded 3 times (x 77B)
Class kotlin.collections.SetsKt__SetsKt                                               : loaded 3 times (x 67B)
Class kotlin.coroutines.EmptyCoroutineContext                                         : loaded 3 times (x 73B)
Class org.jetbrains.kotlin.idea.gradleTooling.model.kapt.KaptSourceSetModel           : loaded 3 times (x 66B)
Class com.amazon.ion.impl.lite.IonNullLite                                            : loaded 3 times (x 171B)
Class [Lcom.intellij.openapi.externalSystem.model.project.dependencies.ResolutionState;: loaded 3 times (x 65B)
Class com.google.common.collect.ImmutableSetMultimap                                  : loaded 3 times (x 178B)
Class com.google.common.collect.ByFunctionOrdering                                    : loaded 3 times (x 111B)
Class org.jetbrains.plugins.gradle.tooling.serialization.ExternalTestsSerializationService: loaded 3 times (x 73B)
Class com.amazon.ion.IonLob                                                           : loaded 3 times (x 66B)
Class com.amazon.ion.IonBlob                                                          : loaded 3 times (x 66B)
Class com.amazon.ion.IonSequence                                                      : loaded 3 times (x 66B)
Class com.amazon.ion.impl.bin.IonRawBinaryWriter$PatchPoint                           : loaded 3 times (x 69B)
Class com.android.ide.gradle.model.builder.LegacyAndroidGradlePluginPropertiesModelBuilder$Companion: loaded 3 times (x 67B)
Class kotlin.collections.ArraysKt                                                     : loaded 3 times (x 67B)
Class org.gradle.internal.impldep.gnu.trove.TObjectHash                               : loaded 3 times (x 90B)
Class com.google.common.collect.Hashing                                               : loaded 3 times (x 67B)
Class kotlin.text.CharsKt__CharKt                                                     : loaded 3 times (x 67B)
Class kotlin.jvm.internal.CallableReference$NoReceiver                                : loaded 3 times (x 67B)
Class kotlin.text.StringsKt__StringBuilderKt                                          : loaded 3 times (x 67B)
Class com.intellij.openapi.externalSystem.model.project.dependencies.ProjectDependencyNode: loaded 3 times (x 66B)
Class com.google.common.base.Equivalence$Equals                                       : loaded 3 times (x 78B)
Class kotlin.collections.ArrayDeque$Companion                                         : loaded 3 times (x 67B)
Class com.intellij.gradle.toolingExtension.impl.model.projectModel.GradleExternalProjectSerializationService: loaded 3 times (x 73B)
Class com.amazon.ion.impl._Private_IonBinaryWriterBuilder$Mutable                     : loaded 3 times (x 111B)
Class com.amazon.ion.impl.bin.IonRawBinaryWriter$StreamCloseMode                      : loaded 3 times (x 75B)
Class kotlin.ranges.RangesKt___RangesKt                                               : loaded 3 times (x 67B)
Class [Lorg.jetbrains.kotlin.config.ExplicitApiMode;                                  : loaded 3 times (x 65B)
Class com.google.common.collect.RegularImmutableBiMap                                 : loaded 3 times (x 145B)
Class org.jetbrains.plugins.gradle.model.UnresolvedExternalDependency                 : loaded 3 times (x 66B)
Class com.google.common.collect.RangeSet                                              : loaded 3 times (x 66B)
Class com.amazon.ion.impl.bin.IonManagedBinaryWriter$UserState$4                      : loaded 3 times (x 81B)
Class com.amazon.ion.system.IonBinaryWriterBuilder                                    : loaded 3 times (x 95B)
Class org.jetbrains.kotlin.idea.gradleTooling.model.lombok.LombokModelBuilderService  : loaded 3 times (x 83B)
Class com.google.common.collect.ImmutableMultimap$2                                   : loaded 3 times (x 77B)
Class com.amazon.ion.IonDecimal                                                       : loaded 3 times (x 66B)
Class com.amazon.ion.impl.lite.IonClobLite                                            : loaded 3 times (x 216B)
Class kotlin.KotlinNullPointerException                                               : loaded 3 times (x 79B)
Class kotlin.ranges.OpenEndRange                                                      : loaded 3 times (x 66B)
Class kotlin.sequences.SequenceBuilderIterator                                        : loaded 3 times (x 81B)
Class com.google.common.collect.ImmutableMultimap$1                                   : loaded 3 times (x 78B)
Class com.amazon.ion.BufferConfiguration$OversizedValueHandler                        : loaded 3 times (x 66B)
Class com.amazon.ion.impl._Private_IonSystem                                          : loaded 3 times (x 66B)
Class com.amazon.ion.impl.bin.utf8.Utf8StringEncoderPool                              : loaded 3 times (x 70B)
Class org.jetbrains.plugins.gradle.model.GradleConfiguration                          : loaded 3 times (x 66B)
Class jdk.internal.jimage.decompressor.CompressedResourceHeader                       : loaded 3 times (x 67B)
Class com.google.common.collect.RegularImmutableMap$BucketOverflowException           : loaded 3 times (x 78B)
Class kotlin.collections.CollectionsKt__IterablesKt                                   : loaded 3 times (x 67B)
Class kotlin.collections.MapsKt                                                       : loaded 3 times (x 67B)
Class kotlin.coroutines.intrinsics.CoroutineSingletons                                : loaded 3 times (x 75B)
Class com.intellij.gradle.toolingExtension.impl.model.dependencyModel.DependencyWriteContext: loaded 3 times (x 68B)
Class com.intellij.gradle.toolingExtension.impl.model.projectModel.GradleExternalProjectSerializationService$ReadContext: loaded 3 times (x 69B)
Class jdk.internal.jrtfs.JrtFileSystem                                                : loaded 3 times (x 98B)
Class com.google.common.base.Suppliers$NonSerializableMemoizingSupplier               : loaded 3 times (x 75B)
Class org.jetbrains.plugins.gradle.tooling.builder.AnnotationProcessingModelBuilder   : loaded 3 times (x 82B)
Class org.jetbrains.kotlin.idea.gradleTooling.model.parcelize.ParcelizeGradleModel    : loaded 3 times (x 66B)
Class kotlin.jvm.internal.Intrinsics                                                  : loaded 3 times (x 67B)
Class kotlin.ranges.IntRange$Companion                                                : loaded 3 times (x 67B)
Class kotlin.collections.EmptyMap                                                     : loaded 3 times (x 105B)
Class kotlin.ranges.IntProgression$Companion                                          : loaded 3 times (x 67B)
Class kotlin.reflect.KAnnotatedElement                                                : loaded 3 times (x 66B)
Class com.amazon.ion.impl._Private_ValueFactory                                       : loaded 3 times (x 66B)
Class com.amazon.ion.impl.bin.IonRawBinaryWriter$PreallocationMode$1                  : loaded 3 times (x 78B)
Class kotlin.jvm.internal.markers.KMutableCollection                                  : loaded 3 times (x 66B)
Class kotlin.coroutines.intrinsics.IntrinsicsKt                                       : loaded 3 times (x 67B)
Class org.jetbrains.plugins.gradle.model.ear.EarConfiguration                         : loaded 3 times (x 66B)
Class com.amazon.ion.impl._Private_Utils                                              : loaded 3 times (x 67B)
Class com.google.common.base.CaseFormat                                               : loaded 3 times (x 79B)
Class JetGradlePlugin$findJetModelBuilder$0                                           : loaded 3 times (x 142B)
Class com.google.common.collect.ImmutableRangeSet$ComplementRanges                    : loaded 3 times (x 203B)
Class [Lcom.amazon.ion.impl.bin._Private_IonManagedBinaryWriterBuilder$AllocatorMode; : loaded 3 times (x 65B)
Class com.google.common.base.CharMatcher$SingleWidth                                  : loaded 3 times (x 108B)
Class org.jetbrains.plugins.gradle.model.GradleProperty                               : loaded 3 times (x 66B)
Class com.amazon.ion.IonLoader                                                        : loaded 3 times (x 66B)
Class org.jetbrains.plugins.gradle.model.web.WebConfiguration                         : loaded 3 times (x 66B)
Class org.gradle.internal.IoActions                                                   : loaded 3 times (x 67B)
Class kotlin.collections.CollectionsKt__MutableCollectionsJVMKt                       : loaded 3 times (x 67B)
Class kotlin.enums.EnumEntriesKt                                                      : loaded 3 times (x 67B)
Class jdk.internal.jimage.decompressor.StringSharingDecompressorFactory               : loaded 3 times (x 70B)
Class kotlin.text.StringsKt___StringsKt                                               : loaded 3 times (x 67B)
Class com.intellij.util.ThrowableConsumer                                             : loaded 3 times (x 66B)
Class com.google.common.collect.Maps$BiMapConverter                                   : loaded 3 times (x 86B)
Class com.google.common.base.CharMatcher$Whitespace                                   : loaded 3 times (x 108B)
Class com.google.common.collect.NullsLastOrdering                                     : loaded 3 times (x 111B)
Class com.amazon.ion.IonBool                                                          : loaded 3 times (x 66B)
Class com.amazon.ion.impl.bin.utf8.Utf8StringEncoder                                  : loaded 3 times (x 76B)
Class [Lcom.amazon.ion.impl.bin.IonManagedBinaryWriter$UserState;                     : loaded 3 times (x 65B)
Class org.jetbrains.plugins.gradle.tooling.ModelBuilderService$Ex                     : loaded 3 times (x 66B)
Class org.jetbrains.kotlin.config.ExplicitApiMode$Companion                           : loaded 3 times (x 67B)
Class kotlin.sequences.TransformingSequence                                           : loaded 3 times (x 71B)
Class com.intellij.openapi.externalSystem.model.project.dependencies.ComponentDependencies: loaded 3 times (x 66B)
Class org.jetbrains.kotlin.idea.gradleTooling.model.assignment.AssignmentModel        : loaded 3 times (x 66B)
Class kotlin.collections.MapsKt__MapWithDefaultKt                                     : loaded 3 times (x 67B)
Class gnu.trove.TObjectHashingStrategy                                                : loaded 3 times (x 66B)
Class org.gradle.internal.impldep.gnu.trove.TObjectIntProcedure                       : loaded 3 times (x 66B)
Class com.amazon.ion.IonNumber                                                        : loaded 3 times (x 66B)
Class com.amazon.ion.impl.lite.IonTextLite                                            : loaded 3 times (x 177B)
Class com.amazon.ion.impl.lite.IonLobLite                                             : loaded 3 times (x 180B)
Class kotlin.collections.ArraysKt___ArraysKt                                          : loaded 3 times (x 67B)
Class kotlin.collections.MapsKt___MapsKt                                              : loaded 3 times (x 67B)
Class kotlin.io.FilesKt                                                               : loaded 3 times (x 67B)
Class com.google.common.collect.SortedMapDifference                                   : loaded 3 times (x 66B)
Class com.google.common.base.CharMatcher$JavaLowerCase                                : loaded 3 times (x 107B)
Class com.amazon.ion.IonClob                                                          : loaded 3 times (x 66B)
Class org.jetbrains.kotlin.idea.gradleTooling.model.noarg.NoArgModel                  : loaded 3 times (x 66B)
Class org.jetbrains.kotlin.idea.gradleTooling.KotlinMPPGradleModelBinaryBuilder       : loaded 3 times (x 82B)
Class kotlin.collections.CollectionsKt__ReversedViewsKt                               : loaded 3 times (x 67B)
Class org.gradle.internal.impldep.com.google.common.collect.AbstractIndexedListIterator: loaded 3 times (x 92B)
Class kotlin.text.StringsKt___StringsJvmKt                                            : loaded 3 times (x 67B)
Class kotlin.reflect.KDeclarationContainer                                            : loaded 3 times (x 66B)
Class kotlin.annotation.Retention                                                     : loaded 3 times (x 66B)
Class kotlin.NoWhenBranchMatchedException                                             : loaded 3 times (x 78B)
Class gnu.trove.Equality                                                              : loaded 3 times (x 66B)
Class com.google.common.collect.CollectPreconditions                                  : loaded 3 times (x 67B)
Class com.google.common.base.CharMatcher$JavaIsoControl                               : loaded 3 times (x 108B)
Class com.amazon.ion.IonReader                                                        : loaded 3 times (x 66B)
Class org.jetbrains.plugins.gradle.model.AnnotationProcessingConfig                   : loaded 3 times (x 66B)
Class com.amazon.ion.system.IonReaderBuilder                                          : loaded 3 times (x 89B)
Class org.jetbrains.kotlin.idea.gradleTooling.AndroidAwareGradleModelProvider$Companion: loaded 3 times (x 67B)
Class [Lcom.amazon.ion.impl.bin.IonRawBinaryWriter$StreamCloseMode;                   : loaded 3 times (x 65B)
Class com.amazon.ion.impl.lite.IonSymbolLite                                          : loaded 3 times (x 242B)
Class com.amazon.ion.impl.bin.IonManagedBinaryWriter$ImportedSymbolResolverMode$1     : loaded 3 times (x 76B)
Class jdk.internal.jimage.ImageStrings                                                : loaded 3 times (x 66B)
Class com.intellij.util.containers.IntObjectHashMap$ArrayProducer                     : loaded 3 times (x 66B)
Class com.google.common.base.Suppliers$MemoizingSupplier                              : loaded 3 times (x 75B)
Class com.intellij.gradle.toolingExtension.impl.model.dependencyGraphModel.GradleDependencyReportGenerator: loaded 3 times (x 69B)
Class org.gradle.api.GradleException                                                  : loaded 3 times (x 78B)
Class kotlin.sequences.SequencesKt__SequenceBuilderKt                                 : loaded 3 times (x 67B)
Class kotlin.collections.CollectionsKt___CollectionsKt                                : loaded 3 times (x 67B)
Class org.jetbrains.kotlin.config.LanguageVersion                                     : loaded 3 times (x 87B)
Class kotlin.jvm.functions.Function4                                                  : loaded 3 times (x 66B)
Class kotlin.annotation.Target                                                        : loaded 3 times (x 66B)
Class kotlin.collections.EmptySet                                                     : loaded 3 times (x 118B)
Class com.amazon.ion.IonInt                                                           : loaded 3 times (x 66B)
Class com.google.common.collect.ArrayListMultimap                                     : loaded 3 times (x 168B)
Class com.google.common.base.CharMatcher$Digit                                        : loaded 3 times (x 108B)
Class org.jetbrains.plugins.gradle.tooling.util.ObjectCollector$Processor             : loaded 3 times (x 66B)
Class com.amazon.ion.impl.bin.AbstractIonWriter                                       : loaded 3 times (x 157B)
Class org.jetbrains.kotlin.idea.gradleTooling.model.samWithReceiver.SamWithReceiverModel: loaded 3 times (x 66B)
Class com.google.common.collect.AbstractRangeSet                                      : loaded 3 times (x 110B)
Class kotlin.collections.MapsKt___MapsJvmKt                                           : loaded 3 times (x 67B)
Class com.amazon.ion.impl.bin.IonRawBinaryWriter$PreallocationMode$2                  : loaded 3 times (x 78B)
Class com.amazon.ion.impl.SymbolTableAsStruct                                         : loaded 3 times (x 66B)
Class com.amazon.ion.impl._Private_Utils$1                                            : loaded 3 times (x 85B)
Class com.amazon.ion.impl.lite.IonSequenceLite                                        : loaded 3 times (x 428B)
Class com.android.ide.gradle.model.dependencies.Coordinates                           : loaded 3 times (x 66B)
Class org.jetbrains.plugins.gradle.tooling.builder.ExternalTestsModelBuilderImpl      : loaded 3 times (x 74B)
Class com.google.common.collect.SetMultimap                                           : loaded 3 times (x 66B)
Class kotlin.jvm.internal.CollectionToArray                                           : loaded 3 times (x 67B)
Class kotlin.jvm.functions.Function2                                                  : loaded 3 times (x 66B)
Class kotlin.KotlinNothingValueException                                              : loaded 3 times (x 78B)
Class kotlin.sequences.FilteringSequence$iterator$1                                   : loaded 3 times (x 75B)
Class com.intellij.gradle.toolingExtension.impl.model.sourceSetDependencyModel.GradleSourceSetDependencySerialisationService: loaded 3 times (x 73B)
Class org.jetbrains.plugins.gradle.tooling.serialization.internal.IdeaProjectSerializationService$WriteContext: loaded 3 times (x 68B)
Class com.amazon.ion.impl.bin.BlockAllocatorProvider                                  : loaded 3 times (x 68B)
Class com.amazon.ion.impl.bin.IonManagedBinaryWriter$ImportedSymbolResolverMode$2     : loaded 3 times (x 76B)
Class com.google.common.collect.ReverseNaturalOrdering                                : loaded 3 times (x 110B)
Class com.google.common.base.CharMatcher$None                                         : loaded 3 times (x 108B)
Class org.jetbrains.kotlin.idea.gradleTooling.AbstractKotlinGradleModelBuilder$Companion: loaded 3 times (x 67B)
Class org.jetbrains.plugins.gradle.tooling.builder.WarModelBuilderImplKt              : loaded 3 times (x 67B)
Class kotlin.jvm.functions.Function1                                                  : loaded 3 times (x 66B)
Class kotlin.collections.AbstractMutableList                                          : loaded 3 times (x 202B)
Class com.google.common.collect.Sets                                                  : loaded 3 times (x 67B)
Class com.android.ide.gradle.model.GradlePluginModel                                  : loaded 3 times (x 66B)
Class com.amazon.ion.impl.bin.AbstractIonWriter$WriteValueOptimization                : loaded 3 times (x 75B)
Class jdk.internal.jimage.decompressor.ZipDecompressor                                : loaded 3 times (x 71B)
Class org.gradle.internal.impldep.com.google.common.collect.Lists$StringAsImmutableList: loaded 3 times (x 203B)
Class org.jetbrains.kotlin.idea.gradleTooling.PrepareKotlinIdeaImportTaskModelBuilder : loaded 3 times (x 82B)
Class org.gradle.internal.Cast                                                        : loaded 3 times (x 67B)
Class org.gradle.api.Action                                                           : loaded 3 times (x 66B)
Class kotlin.collections.ArraysUtilJVM                                                : loaded 3 times (x 67B)
Class kotlin.jvm.functions.Function0                                                  : loaded 3 times (x 66B)
Class kotlin.sequences.FlatteningSequence$iterator$1                                  : loaded 3 times (x 75B)
Class org.jetbrains.plugins.gradle.tooling.serialization.ExternalTestsSerializationService$ReadContext: loaded 3 times (x 68B)
Class com.amazon.ion.impl.BlockedBuffer$BufferedOutputStream                          : loaded 3 times (x 86B)
Class com.amazon.ion.impl.bin.IonBinaryWriterAdapter$Factory                          : loaded 3 times (x 66B)
Class [Lcom.amazon.ion.SymbolTable;                                                   : loaded 3 times (x 65B)
Class com.amazon.ion.impl.bin.IonRawBinaryWriter$1                                    : loaded 3 times (x 73B)
Class org.jetbrains.kotlin.idea.gradleTooling.model.allopen.AllOpenModelBuilderService: loaded 3 times (x 81B)
Class [Lorg.jetbrains.kotlin.utils.DescriptionAware;                                  : loaded 3 times (x 65B)
Class kotlin.ranges.RangesKt                                                          : loaded 3 times (x 67B)
Class com.google.common.base.Supplier                                                 : loaded 3 times (x 66B)
Class com.intellij.gradle.toolingExtension.impl.modelBuilder.DefaultModelBuilderContext: loaded 3 times (x 73B)
Class com.intellij.gradle.toolingExtension.impl.model.warmUp.GradleTaskWarmUpService  : loaded 3 times (x 82B)
Class com.android.ide.gradle.model.composites.BuildMapModelBuilder                    : loaded 3 times (x 71B)
Class kotlin.Unit                                                                     : loaded 3 times (x 67B)
Class kotlin.sequences.SequencesKt___SequencesJvmKt                                   : loaded 3 times (x 67B)
Class kotlin.TuplesKt                                                                 : loaded 3 times (x 67B)
Class org.jetbrains.kotlin.config.MavenComparableVersion$ListItem                     : loaded 3 times (x 214B)
Class org.jetbrains.kotlin.config.LanguageVersionSettings                             : loaded 3 times (x 66B)
Class kotlin.sequences.SequencesKt___SequencesKt                                      : loaded 3 times (x 67B)
Class kotlin.collections.AbstractList$Companion                                       : loaded 3 times (x 67B)
Class kotlin.jvm.internal.markers.KMutableIterable                                    : loaded 3 times (x 66B)
Class com.amazon.ion.impl.bin.IonRawBinaryWriter$PreallocationMode$3                  : loaded 3 times (x 78B)
Class com.android.ide.gradle.model.builder.GradlePluginModelBuilder                   : loaded 3 times (x 71B)
Class com.google.common.collect.ImmutableMultisetGwtSerializationDependencies         : loaded 3 times (x 121B)
Class com.amazon.ion.system.IonWriterBuilderBase                                      : loaded 3 times (x 79B)
Class com.amazon.ion.impl._Private_RecyclingQueue                                     : loaded 3 times (x 76B)
Class org.jetbrains.kotlin.idea.gradleTooling.KotlinGradleModelBuilder                : loaded 3 times (x 82B)
Class kotlin.collections.CollectionsKt___CollectionsJvmKt                             : loaded 3 times (x 67B)
Class kotlin.jvm.internal.FunctionReferenceImpl                                       : loaded 3 times (x 118B)
Class com.amazon.ion.impl.bin.BlockAllocator                                          : loaded 3 times (x 76B)
Class com.amazon.ion.impl.IonWriterSystemTextMarkup                                   : loaded 3 times (x 188B)
Class org.gradle.internal.impldep.com.google.common.collect.Iterators$SingletonIterator: loaded 3 times (x 77B)
Class org.jetbrains.plugins.gradle.tooling.builder.IntelliJProjectSettingsBuilder     : loaded 3 times (x 74B)
Class com.google.common.collect.ReverseOrdering                                       : loaded 3 times (x 111B)
Class kotlin.io.FilesKt__FileTreeWalkKt                                               : loaded 3 times (x 67B)
Class [Ldagger.hilt.processor.internal.optionvalues.GradleProjectType;                : loaded 3 times (x 65B)
Class org.jetbrains.kotlin.config.ApiVersion$Companion                                : loaded 3 times (x 67B)
Class org.jetbrains.plugins.gradle.model.GradleExtension                              : loaded 3 times (x 66B)
Class com.google.common.base.CharMatcher$Ascii                                        : loaded 3 times (x 108B)
Class org.gradle.internal.impldep.com.google.common.collect.Lists                     : loaded 3 times (x 67B)
Class org.jetbrains.kotlin.idea.gradleTooling.KotlinDslScriptTaskModelBuilder         : loaded 3 times (x 82B)
Class kotlin.sequences.FilteringSequence                                              : loaded 3 times (x 71B)
Class kotlin.coroutines.jvm.internal.BaseContinuationImpl                             : loaded 3 times (x 83B)
Class org.jetbrains.kotlin.idea.projectModel.KotlinTaskProperties                     : loaded 3 times (x 66B)
Class kotlin.Result$Companion                                                         : loaded 3 times (x 67B)
Class org.jetbrains.plugins.gradle.tooling.serialization.internal.IdeaProjectSerializationService: loaded 3 times (x 73B)
Class com.google.common.collect.Ordering                                              : loaded 3 times (x 110B)
Class kotlin.text.CharsKt__CharJVMKt                                                  : loaded 3 times (x 67B)
Class kotlin.comparisons.ComparisonsKt___ComparisonsKt                                : loaded 3 times (x 67B)
Class kotlin.comparisons.ComparisonsKt                                                : loaded 3 times (x 67B)
Class com.amazon.ion.IonStruct                                                        : loaded 3 times (x 66B)
Class com.amazon.ion.impl.bin.IonManagedBinaryWriter$SymbolState                      : loaded 3 times (x 76B)
Class jdk.internal.jimage.decompressor.ZipDecompressorFactory                         : loaded 3 times (x 70B)
Class com.amazon.ion.impl.lite.IonDecimalLite                                         : loaded 3 times (x 184B)
Class org.gradle.internal.impldep.com.google.common.collect.Iterators$MergingIterator : loaded 3 times (x 77B)
Class com.intellij.openapi.externalSystem.model.project.dependencies.ArtifactDependencyNode: loaded 3 times (x 66B)
Class com.amazon.ion.IonBufferConfiguration$Builder                                   : loaded 3 times (x 74B)
Class org.jetbrains.kotlin.idea.gradleTooling.KotlinMPPGradleModelBinary              : loaded 3 times (x 66B)
Class kotlin.sequences.SequencesKt__SequencesKt                                       : loaded 3 times (x 67B)
Class kotlin.sequences.SequencesKt___SequencesKt$flatMap$2                            : loaded 3 times (x 121B)
Class kotlin.ranges.RangesKt__RangesKt                                                : loaded 3 times (x 67B)
Class kotlin.collections.SetsKt___SetsKt                                              : loaded 3 times (x 67B)
Class com.google.common.math.IntMath$1                                                : loaded 3 times (x 67B)
Class kotlin.coroutines.Continuation                                                  : loaded 3 times (x 66B)
Class kotlin.comparisons.ComparisonsKt__ComparisonsKt                                 : loaded 3 times (x 67B)
Class com.amazon.ion.UnsupportedIonVersionException                                   : loaded 3 times (x 81B)
Class [Lcom.amazon.ion.impl.bin.IonRawBinaryWriter$StreamFlushMode;                   : loaded 3 times (x 65B)
Class org.jetbrains.plugins.gradle.tooling.util.IntObjectMap$1                        : loaded 3 times (x 73B)
Class com.google.common.graph.SuccessorsFunction                                      : loaded 3 times (x 66B)
Class kotlin.jvm.internal.markers.KMappedMarker                                       : loaded 3 times (x 66B)
Class com.google.common.collect.ImmutableRangeSet$Builder                             : loaded 3 times (x 73B)
Class kotlin.text.StringsKt__StringBuilderJVMKt                                       : loaded 3 times (x 67B)
Class kotlin.text.Regex                                                               : loaded 3 times (x 68B)
Class kotlin.sequences.SequencesKt__SequenceBuilderKt$sequence$$inlined$Sequence$1    : loaded 3 times (x 71B)
Class com.google.common.collect.Sets$SetView                                          : loaded 3 times (x 134B)
Class com.intellij.openapi.externalSystem.model.project.dependencies.DependencyNode   : loaded 3 times (x 66B)
Class org.gradle.internal.impldep.com.google.common.collect.Iterators$1               : loaded 3 times (x 77B)
Class com.google.common.base.CharMatcher$Invisible                                    : loaded 3 times (x 108B)
Class com.intellij.gradle.toolingExtension.impl.model.taskModel.GradleTaskSerialisationService: loaded 3 times (x 72B)
Class com.amazon.ion.system.SimpleCatalog                                             : loaded 3 times (x 87B)
Class com.amazon.ion.BufferConfiguration                                              : loaded 3 times (x 69B)
Class com.android.ide.gradle.model.LegacyV1AgpVersionModel                            : loaded 3 times (x 66B)
Class com.android.ide.gradle.model.builder.GradlePropertiesModelBuilder               : loaded 3 times (x 71B)
Class kotlin.collections.AbstractCollection                                           : loaded 3 times (x 113B)
Class kotlin.collections.AbstractList                                                 : loaded 3 times (x 193B)
Class kotlin.sequences.SequencesKt__SequencesJVMKt                                    : loaded 3 times (x 67B)
Class kotlin.coroutines.jvm.internal.RestrictedSuspendLambda                          : loaded 3 times (x 87B)
Class kotlin.io.FilePathComponents                                                    : loaded 3 times (x 68B)
Class com.google.common.collect.Maps$8                                                : loaded 3 times (x 77B)
Class com.google.common.collect.CompoundOrdering                                      : loaded 3 times (x 111B)
Class com.amazon.ion.impl.lite.IonSystemLite                                          : loaded 3 times (x 271B)
Class com.amazon.ion.impl.bin.IonRawBinaryWriter$PreallocationMode                    : loaded 3 times (x 78B)
Class com.amazon.ion.impl.bin._Private_IonRawWriter                                   : loaded 3 times (x 66B)
Class com.amazon.ion.IonWriter                                                        : loaded 3 times (x 66B)
Class com.amazon.ion.IonString                                                        : loaded 3 times (x 66B)
Class jdk.internal.jimage.ImageReader$Directory                                       : loaded 3 times (x 80B)
Class org.gradle.internal.impldep.com.google.common.collect.ImmutableCollection       : loaded 3 times (x 121B)
Class [Lcom.amazon.ion.impl.bin.IonRawBinaryWriter$ContainerType;                     : loaded 3 times (x 65B)
Class com.google.common.collect.ListMultimap                                          : loaded 3 times (x 66B)
Class com.google.common.collect.ImmutableEnumMap                                      : loaded 3 times (x 121B)
Class kotlin.text.StringsKt__RegexExtensionsKt                                        : loaded 3 times (x 67B)
Class kotlin.collections.EmptyIterator                                                : loaded 3 times (x 85B)
Class org.gradle.internal.impldep.gnu.trove.TObjectHashingStrategy                    : loaded 3 times (x 66B)
Class org.jetbrains.plugins.gradle.model.FileCollectionDependency                     : loaded 3 times (x 66B)
Class com.amazon.ion.impl.lite.IonTimestampLite                                       : loaded 3 times (x 188B)
Class com.amazon.ion.impl.LocalSymbolTableAsStruct                                    : loaded 3 times (x 122B)
Class jdk.internal.jimage.decompressor.ResourceDecompressorRepository                 : loaded 3 times (x 67B)
Class com.google.common.collect.ImmutableMultimap$Builder                             : loaded 3 times (x 79B)
Class com.android.ide.gradle.model.dependencies.DeclaredDependenciesModelBuilder      : loaded 3 times (x 71B)
Class com.intellij.gradle.toolingExtension.impl.model.buildScriptClasspathModel.GradleBuildScriptClasspathModelBuilder: loaded 3 times (x 82B)
Class kotlin.jvm.internal.ArrayIterator                                               : loaded 3 times (x 75B)
Class com.intellij.gradle.toolingExtension.impl.model.buildScriptClasspathModel.GradleBuildScriptClasspathSerializationService: loaded 3 times (x 73B)
Class com.amazon.ion.impl.bin.IonManagedBinaryWriter$ImportedSymbolResolverMode       : loaded 3 times (x 76B)
Class com.amazon.ion.impl.LocalSymbolTable$Factory                                    : loaded 3 times (x 73B)
Class com.intellij.gradle.toolingExtension.impl.modelBuilder.ExtraModelBuilder        : loaded 3 times (x 81B)
Class org.jetbrains.plugins.gradle.tooling.builder.WarModelBuilderImpl                : loaded 3 times (x 82B)
Class org.jetbrains.plugins.gradle.tooling.builder.ScalaModelBuilderImpl              : loaded 3 times (x 77B)
Class com.amazon.ion.IonFloat                                                         : loaded 3 times (x 66B)
Class com.amazon.ion.impl.lite.IonListLite                                            : loaded 3 times (x 486B)
Class com.amazon.ion.impl.lite.IonSexpLite                                            : loaded 3 times (x 486B)
Class kotlin.text.StringsKt__AppendableKt                                             : loaded 3 times (x 67B)
Class org.jetbrains.plugins.gradle.tooling.ModelBuilderContext                        : loaded 3 times (x 66B)
Class jdk.internal.jimage.ImageReader$SharedImageReader$LocationVisitor               : loaded 3 times (x 66B)
Class kotlin.jvm.internal.DefaultConstructorMarker                                    : loaded 3 times (x 67B)
Class com.google.common.collect.Maps                                                  : loaded 3 times (x 67B)
Class com.google.common.collect.ImmutableRangeSet                                     : loaded 3 times (x 111B)
Class com.google.common.base.CharMatcher$JavaUpperCase                                : loaded 3 times (x 107B)
Class org.jetbrains.kotlin.idea.gradleTooling.model.allopen.AllOpenModel              : loaded 3 times (x 66B)
Class [Lcom.amazon.ion.impl.bin.IonRawBinaryWriter$PreallocationMode;                 : loaded 3 times (x 65B)
Class com.amazon.ion.util._Private_FastAppendable                                     : loaded 3 times (x 66B)
Class com.amazon.ion.impl.lite.IonIntLite                                             : loaded 3 times (x 185B)
Class org.gradle.internal.impldep.com.google.common.collect.ImmutableList             : loaded 3 times (x 202B)
Class org.jetbrains.plugins.gradle.tooling.AbstractModelBuilderService                : loaded 3 times (x 82B)
Class kotlin.io.FileSystemException                                                   : loaded 3 times (x 78B)
Class com.intellij.gradle.toolingExtension.impl.model.sourceSetModel.GradleSourceSetSerialisationService: loaded 3 times (x 73B)
Class com.intellij.gradle.toolingExtension.impl.model.sourceSetDependencyModel.GradleSourceSetDependencyModelBuilder: loaded 3 times (x 82B)
Class com.google.common.collect.ImmutableBiMapFauxverideShim                          : loaded 3 times (x 116B)
Class com.amazon.ion.impl._Private_RecyclingQueue$ElementFactory                      : loaded 3 times (x 66B)
Class com.amazon.ion.impl._Private_IonContainer                                       : loaded 3 times (x 66B)
Class com.intellij.gradle.toolingExtension.impl.model.buildScriptClasspathModel.GradleBuildScriptClasspathSerializationService$ReadContext: loaded 3 times (x 68B)
Class org.gradle.internal.impldep.gnu.trove.TObjectIntHashMap                         : loaded 3 times (x 105B)
Class com.google.common.collect.ComparatorOrdering                                    : loaded 3 times (x 111B)
Class com.google.common.collect.Sets$1                                                : loaded 3 times (x 135B)
Class com.amazon.ion.impl.bin.IonManagedBinaryWriter$ImportedSymbolContext            : loaded 3 times (x 68B)
Class com.amazon.ion.IonSystem                                                        : loaded 3 times (x 66B)
Class jdk.internal.jrtfs.JrtPath                                                      : loaded 3 times (x 114B)
Class jdk.internal.jimage.ImageBufferCache                                            : loaded 3 times (x 67B)
Class com.google.common.collect.IndexedImmutableSet$1                                 : loaded 3 times (x 208B)
Class jdk.internal.jrtfs.JrtDirectoryStream                                           : loaded 3 times (x 85B)
Class org.jetbrains.plugins.gradle.tooling.serialization.internal.adapter.Supplier    : loaded 3 times (x 66B)
Class com.amazon.ion.IonList                                                          : loaded 3 times (x 66B)
Class com.intellij.gradle.toolingExtension.impl.javaModel.manifestModel.JavaGradleManifestModelBuilder: loaded 3 times (x 82B)
Class org.jetbrains.kotlin.idea.gradleTooling.KotlinDslScriptTaskModelBuilder$Companion: loaded 3 times (x 67B)
Class com.amazon.ion.impl.bin.utf8.Utf8StringEncoder$Result                           : loaded 3 times (x 70B)
Class kotlin.enums.EnumEntries                                                        : loaded 3 times (x 66B)
Class kotlin.jvm.internal.ArrayIteratorKt                                             : loaded 3 times (x 67B)
Class com.google.common.base.Equivalence                                              : loaded 3 times (x 78B)
Class com.intellij.gradle.toolingExtension.impl.model.sourceSetModel.GradleSourceSetSerialisationService$Companion: loaded 3 times (x 67B)
Class com.amazon.ion.impl.bin.utf8.Pool$Allocator                                     : loaded 3 times (x 66B)
Class org.jetbrains.plugins.gradle.tooling.serialization.SerializationService         : loaded 3 times (x 66B)
Class com.amazon.ion.impl.LocalSymbolTable                                            : loaded 3 times (x 117B)
Class com.amazon.ion.impl.lite.IonBlobLite                                            : loaded 3 times (x 215B)
Class org.jetbrains.plugins.gradle.tooling.builder.EarModelBuilderImpl                : loaded 3 times (x 82B)
Class org.jetbrains.plugins.gradle.tooling.ModelBuilderService$ParameterizedModelBuilderService: loaded 3 times (x 66B)
Class org.jetbrains.kotlin.idea.gradleTooling.KotlinMPPGradleModelBuilder             : loaded 3 times (x 82B)
Class com.intellij.gradle.toolingExtension.impl.model.utilTurnOffDefaultTasksModel.TurnOffDefaultTasksModelBuilder: loaded 3 times (x 82B)
Class com.amazon.ion.impl._Private_IonValue                                           : loaded 3 times (x 66B)
Class kotlin.ranges.IntRange                                                          : loaded 3 times (x 89B)
Class com.google.common.collect.Iterators$10                                          : loaded 3 times (x 77B)
Class com.google.common.base.CharMatcher$JavaDigit                                    : loaded 3 times (x 107B)
Class org.jetbrains.plugins.gradle.tooling.serialization.internal.IdeaProjectSerializationService$WriteContext$8: loaded 3 times (x 79B)
Class com.amazon.ion.impl.bin.IonManagedBinaryWriter                                  : loaded 3 times (x 162B)
Class com.amazon.ion.impl.bin.WriteBuffer                                             : loaded 3 times (x 74B)
Class com.google.common.base.CaseFormat$1                                             : loaded 3 times (x 79B)
Class org.gradle.internal.impldep.com.google.common.collect.UnmodifiableIterator      : loaded 3 times (x 76B)
Class kotlin.jvm.internal.CallableReference                                           : loaded 3 times (x 102B)
Class com.google.common.math.IntMath                                                  : loaded 3 times (x 67B)
Class com.amazon.ion.impl.bin.IonManagedBinaryWriter$UserState$2                      : loaded 3 times (x 81B)
Class com.amazon.ion.impl._Private_RecyclingStack$$Iterator                           : loaded 3 times (x 95B)
Class com.amazon.ion.impl.SharedSymbolTable                                           : loaded 3 times (x 89B)
Class com.amazon.ion.impl.bin.IonRawBinaryWriter                                      : loaded 3 times (x 165B)
Class com.amazon.ion.SymbolToken                                                      : loaded 3 times (x 66B)
Class org.jetbrains.plugins.gradle.tooling.serialization.internal.IdeaProjectSerializationService$WriteContext$7: loaded 3 times (x 79B)
Class com.amazon.ion.impl.lite.ValueFactoryLite                                       : loaded 3 times (x 214B)
Class com.google.common.collect.NaturalOrdering                                       : loaded 3 times (x 111B)
Class jdk.internal.jimage.BasicImageReader                                            : loaded 3 times (x 91B)
Class com.google.common.collect.Sets$2                                                : loaded 3 times (x 135B)
Class com.google.common.collect.ImmutableMap$SerializedForm                           : loaded 3 times (x 70B)
Class com.amazon.ion.IonText                                                          : loaded 3 times (x 66B)
Class org.jetbrains.plugins.gradle.tooling.util.IntObjectMap                          : loaded 3 times (x 69B)
Class org.jetbrains.plugins.gradle.tooling.serialization.internal.IdeaProjectSerializationService$WriteContext$6: loaded 3 times (x 79B)
Class com.amazon.ion.IonType                                                          : loaded 3 times (x 75B)
Class com.amazon.ion.impl.lite._Private_LiteDomTrampoline                             : loaded 3 times (x 67B)
Class com.amazon.ion.impl._Private_RecyclingQueue$ElementIterator                     : loaded 3 times (x 78B)
Class com.amazon.ion.impl.bin.IntList                                                 : loaded 3 times (x 73B)
Class [Lkotlin.sequences.Sequence;                                                    : loaded 3 times (x 65B)
Class kotlin.sequences.SequencesKt___SequencesKt$sortedWith$1                         : loaded 3 times (x 71B)
Class kotlin.sequences.SequenceScope                                                  : loaded 3 times (x 69B)
Class com.google.common.base.CharMatcher$JavaLetter                                   : loaded 3 times (x 107B)
Class com.amazon.ion.impl.SymbolTokenImpl                                             : loaded 3 times (x 77B)
Class com.intellij.gradle.toolingExtension.impl.model.sourceSetDependencyModel.GradleSourceSetDependencySerialisationService$SourceSetDependencyModelWriteContext: loaded 3 times (x 68B)
Class org.jetbrains.plugins.gradle.tooling.serialization.internal.IdeaProjectSerializationService$WriteContext$5: loaded 3 times (x 79B)
Class com.amazon.ion.BufferConfiguration$Builder                                      : loaded 3 times (x 74B)
Class jdk.internal.jrtfs.JrtFileAttributes                                            : loaded 3 times (x 79B)
Class org.jetbrains.plugins.gradle.tooling.builder.ProjectExtensionsDataBuilderImpl$Companion: loaded 3 times (x 67B)
Class [Lorg.jetbrains.kotlin.config.LanguageVersion;                                  : loaded 3 times (x 65B)
Class kotlin.text.StringsKt__StringNumberConversionsKt                                : loaded 3 times (x 67B)
Class kotlin.sequences.Sequence                                                       : loaded 3 times (x 66B)
Class kotlin.text.StringsKt__StringNumberConversionsJVMKt                             : loaded 3 times (x 67B)
Class [Lkotlin.Pair;                                                                  : loaded 3 times (x 65B)
Class kotlin.jvm.internal.markers.KMutableList                                        : loaded 3 times (x 66B)
Class kotlin.io.FilesKt__FileReadWriteKt                                              : loaded 3 times (x 67B)
Class com.google.common.collect.Maps$EntryTransformer                                 : loaded 3 times (x 66B)
Class com.google.common.collect.UsingToStringOrdering                                 : loaded 3 times (x 110B)
Class com.intellij.gradle.toolingExtension.impl.model.sourceSetDependencyModel.GradleSourceSetDependencySerialisationService$Companion: loaded 3 times (x 67B)
Class com.android.ide.gradle.model.builder.LegacyV1AgpVersionModelBuilder             : loaded 3 times (x 71B)
Class org.gradle.internal.impldep.com.google.common.collect.Iterators$4               : loaded 3 times (x 78B)
Class org.jetbrains.plugins.gradle.tooling.serialization.internal.IdeaProjectSerializationService$WriteContext$4: loaded 3 times (x 79B)
Class org.jetbrains.kotlin.idea.gradleTooling.AndroidAwareGradleModelProvider         : loaded 3 times (x 75B)
Class jdk.internal.jimage.ImageReader$Resource                                        : loaded 3 times (x 80B)
Class com.google.common.base.CaseFormat$2                                             : loaded 3 times (x 79B)
Class jdk.internal.jimage.decompressor.Decompressor                                   : loaded 3 times (x 68B)
Class kotlin.ranges.IntProgression                                                    : loaded 3 times (x 77B)
Class kotlin.coroutines.jvm.internal.RestrictedContinuationImpl                       : loaded 3 times (x 83B)
Class org.jetbrains.kotlin.config.ExplicitApiMode                                     : loaded 3 times (x 75B)
Class com.google.common.collect.ImmutableMultiset                                     : loaded 3 times (x 159B)
Class jdk.internal.jrtfs.SystemImage                                                  : loaded 3 times (x 70B)
Class org.jetbrains.plugins.gradle.tooling.serialization.internal.IdeaProjectSerializationService$WriteContext$3: loaded 3 times (x 79B)
Class com.amazon.ion.impl.lite.IonBoolLite                                            : loaded 3 times (x 174B)
Class org.gradle.internal.impldep.gnu.trove.TObjectHash$NULL                          : loaded 3 times (x 67B)
Class com.google.common.collect.Sets$3                                                : loaded 3 times (x 135B)
Class org.jetbrains.plugins.gradle.tooling.serialization.AnnotationProcessingModelSerializationService$ReadContext: loaded 3 times (x 68B)
Class com.amazon.ion.impl.bin.PooledBlockAllocatorProvider                            : loaded 3 times (x 69B)
Class com.amazon.ion.IonContainer                                                     : loaded 3 times (x 66B)
Class com.amazon.ion.impl.lite.IonValueLite                                           : loaded 3 times (x 143B)
Class com.amazon.ion.impl._Private_IonSymbol                                          : loaded 3 times (x 66B)
Class com.google.common.base.CaseFormat$StringConverter                               : loaded 3 times (x 86B)
Class kotlin.text.StringsKt                                                           : loaded 3 times (x 67B)
Class com.amazon.ion.SubstituteSymbolTableException                                   : loaded 3 times (x 80B)
Class com.google.common.base.FunctionalEquivalence                                    : loaded 3 times (x 79B)
Class com.google.common.collect.ImmutableMultimap$EntryCollection                     : loaded 3 times (x 123B)
Class com.google.common.collect.AbstractMapBasedMultimap                              : loaded 3 times (x 135B)
Class org.jetbrains.plugins.gradle.tooling.serialization.internal.IdeaProjectSerializationService$WriteContext$2: loaded 3 times (x 79B)
Class kotlin.collections.CollectionsKt___CollectionsKt$asSequence$$inlined$Sequence$1 : loaded 3 times (x 71B)
Class com.amazon.ion.impl._Private_SymtabExtendsCache                                 : loaded 3 times (x 68B)
Class com.amazon.ion.impl.bin.utf8.Pool                                               : loaded 3 times (x 70B)
Class com.intellij.gradle.toolingExtension.impl.model.taskModel.GradleTaskModelBuilder: loaded 3 times (x 82B)
Class org.jetbrains.kotlin.idea.gradleTooling.model.annotation.AnnotationBasedPluginModelBuilderService: loaded 3 times (x 81B)
Class com.android.ide.gradle.model.builder.AndroidStudioToolingPlugin                 : loaded 3 times (x 71B)
Class com.google.common.collect.ImmutableSet$CachingAsList                            : loaded 3 times (x 143B)
Class kotlin.collections.CollectionsKt__IteratorsKt                                   : loaded 3 times (x 67B)
Class kotlin.sequences.SequencesKt                                                    : loaded 3 times (x 67B)
Class kotlin.coroutines.jvm.internal.SuspendFunction                                  : loaded 3 times (x 66B)
Class com.google.common.base.Converter                                                : loaded 3 times (x 86B)
Class com.google.common.base.CharMatcher$Any                                          : loaded 3 times (x 108B)
Class org.jetbrains.plugins.gradle.tooling.serialization.internal.IdeaProjectSerializationService$WriteContext$1: loaded 3 times (x 79B)
Class com.amazon.ion.impl.bin.IonManagedBinaryWriter$SymbolState$4                    : loaded 3 times (x 76B)
Class org.jetbrains.kotlin.config.LanguageVersion$Companion                           : loaded 3 times (x 67B)
Class jdk.internal.jimage.BasicImageReader$1                                          : loaded 3 times (x 73B)
Class org.jetbrains.kotlin.util.capitalizeDecapitalize.CapitalizeDecapitalizeKt       : loaded 3 times (x 67B)
Class com.android.ide.gradle.model.dependencies.DeclaredDependenciesModelBuilder$Companion: loaded 3 times (x 67B)
Class org.jetbrains.plugins.gradle.model.scala.ScalaModel                             : loaded 3 times (x 66B)
Class kotlin.collections.CollectionsKt__CollectionsJVMKt                              : loaded 3 times (x 67B)
Class org.jetbrains.kotlin.config.AnalysisFlag                                        : loaded 3 times (x 68B)
Class com.intellij.openapi.externalSystem.model.project.dependencies.ProjectDependencyNodeImpl: loaded 3 times (x 89B)
Class com.amazon.ion.impl.bin.IonManagedBinaryWriter$ImportDescriptor                 : loaded 3 times (x 72B)
Class com.intellij.gradle.toolingExtension.impl.util.collectionUtil.GradleCollectionVisitor: loaded 3 times (x 66B)
Class com.intellij.openapi.externalSystem.model.project.dependencies.UnknownDependencyNode: loaded 3 times (x 83B)
Class org.gradle.internal.impldep.com.google.common.collect.Iterators$5               : loaded 3 times (x 78B)
Class kotlin.io.FilesKt__UtilsKt                                                      : loaded 3 times (x 67B)
Class com.intellij.gradle.toolingExtension.impl.model.dependencyGraphModel.GradleDependencyGraphModelBuilder: loaded 3 times (x 78B)
Class com.google.common.collect.Lists$TransformingRandomAccessList                    : loaded 3 times (x 195B)
Class com.amazon.ion.IonBinaryWriter                                                  : loaded 3 times (x 66B)
Class com.google.common.base.CaseFormat$3                                             : loaded 3 times (x 79B)
Class com.amazon.ion.impl.bin.IonRawBinaryWriter$StreamFlushMode                      : loaded 3 times (x 75B)
Class com.amazon.ion.impl.bin.IonManagedBinaryWriter$SymbolState$3                    : loaded 3 times (x 76B)
Class com.amazon.ion.impl.bin.IonRawBinaryWriter$ContainerInfo                        : loaded 3 times (x 70B)
Class jdk.internal.jimage.ImageReader$Node                                            : loaded 3 times (x 80B)
Class com.amazon.ion.SymbolTable                                                      : loaded 3 times (x 66B)
Class org.gradle.internal.impldep.gnu.trove.PrimeFinder                               : loaded 3 times (x 67B)
Class kotlin.coroutines.intrinsics.IntrinsicsKt__IntrinsicsKt                         : loaded 3 times (x 67B)
Class org.jetbrains.plugins.gradle.tooling.serialization.GradleExtensionsSerializationService$WriteContext: loaded 3 times (x 68B)
Class com.google.common.collect.Sets$4                                                : loaded 3 times (x 135B)
Class com.google.common.collect.ImmutableMultimap$Values                              : loaded 3 times (x 122B)
Class com.google.common.collect.ImmutableSortedAsList                                 : loaded 3 times (x 216B)
Class com.amazon.ion.IonNull                                                          : loaded 3 times (x 66B)
Class com.amazon.ion.impl.bin.IonManagedBinaryWriter$SymbolState$2                    : loaded 3 times (x 76B)
Class org.jetbrains.plugins.gradle.model.ExternalSourceSet                            : loaded 3 times (x 66B)
Class org.jetbrains.plugins.gradle.model.ProjectImportModelProvider                   : loaded 3 times (x 66B)
Class com.android.ide.gradle.model.LegacyAndroidGradlePluginPropertiesModelParameters : loaded 3 times (x 66B)
Class org.jetbrains.kotlin.config.JvmDefaultMode                                      : loaded 3 times (x 75B)
Class kotlin.NotImplementedError                                                      : loaded 3 times (x 78B)
Class com.google.common.collect.ImmutableSet$JdkBackedSetBuilderImpl                  : loaded 3 times (x 72B)
Class kotlin.text.StringsKt__StringsKt                                                : loaded 3 times (x 67B)
Class com.intellij.gradle.toolingExtension.impl.model.dependencyModel.DependencyReadContext: loaded 3 times (x 68B)
Class com.intellij.gradle.toolingExtension.impl.model.sourceSetDependencyModel.GradleSourceSetDependencySerialisationService$SourceSetDependencyModelReadContext: loaded 3 times (x 68B)
Class [Lcom.amazon.ion.IonType;                                                       : loaded 3 times (x 65B)
Class com.amazon.ion.impl.LocalSymbolTableAsStruct$Factory                            : loaded 3 times (x 75B)
Class com.amazon.ion.impl.bin.IonManagedBinaryWriter$SymbolState$1                    : loaded 3 times (x 76B)
Class jdk.internal.jimage.decompressor.ResourceDecompressorFactory                    : loaded 3 times (x 70B)
Class com.intellij.gradle.toolingExtension.impl.model.taskModel.GradleTaskSerialisationService$Companion: loaded 3 times (x 67B)
Class kotlin.jvm.internal.StringCompanionObject                                       : loaded 3 times (x 67B)
Class org.jetbrains.kotlin.utils.DescriptionAware                                     : loaded 3 times (x 66B)
Class kotlin.jvm.internal.Ref$BooleanRef                                              : loaded 3 times (x 67B)
Class com.google.common.collect.AbstractListMultimap                                  : loaded 3 times (x 168B)
Class kotlin.coroutines.intrinsics.IntrinsicsKt__IntrinsicsJvmKt                      : loaded 3 times (x 67B)
Class com.intellij.util.containers.IntObjectHashMap                                   : loaded 3 times (x 68B)
Class org.jetbrains.plugins.gradle.model.ExternalDependency                           : loaded 3 times (x 66B)
Class jdk.internal.jimage.ImageReader$SharedImageReader                               : loaded 3 times (x 91B)
Class com.intellij.gradle.toolingExtension.impl.model.utilDummyModel.DummyModelBuilder: loaded 3 times (x 82B)
Class com.intellij.openapi.externalSystem.model.project.dependencies.AbstractDependencyNode: loaded 3 times (x 83B)
Class org.jetbrains.plugins.gradle.tooling.builder.VersionCatalogsModelBuilder        : loaded 3 times (x 82B)
Class com.android.ide.gradle.model.builder.LegacyAndroidGradlePluginPropertiesModelBuilder: loaded 3 times (x 76B)
Class org.jetbrains.plugins.gradle.tooling.builder.DependencyAccessorsModelBuilder    : loaded 3 times (x 77B)
Class jdk.internal.jimage.ImageReader                                                 : loaded 3 times (x 71B)
Class org.jetbrains.kotlin.idea.gradleTooling.model.assignment.AssignmentModelBuilderService: loaded 3 times (x 81B)
Class com.intellij.compose.ide.plugin.gradleTooling.rt.ComposeResourcesModelBuilder   : loaded 3 times (x 74B)
Class kotlin.coroutines.jvm.internal.CoroutineStackFrame                              : loaded 3 times (x 66B)
Class org.jetbrains.kotlin.idea.gradleTooling.model.annotation.AnnotationBasedPluginModel: loaded 3 times (x 66B)
Class com.google.common.base.CaseFormat$4                                             : loaded 3 times (x 79B)
Class kotlin.UninitializedPropertyAccessException                                     : loaded 3 times (x 78B)
Class com.google.common.collect.ForwardingObject                                      : loaded 3 times (x 68B)
Class [Lcom.amazon.ion.impl.bin.IonManagedBinaryWriter$SymbolState;                   : loaded 3 times (x 65B)
Class kotlin.Metadata                                                                 : loaded 3 times (x 66B)
Class com.android.ide.gradle.model.AdditionalClassifierArtifactsModelParameter        : loaded 3 times (x 66B)
Class com.amazon.ion.UnknownSymbolException                                           : loaded 3 times (x 82B)
Class com.amazon.ion.IonTimestamp                                                     : loaded 3 times (x 66B)
Class com.amazon.ion.impl.bin.PooledBlockAllocatorProvider$PooledBlockAllocator       : loaded 3 times (x 77B)
Class com.android.ide.gradle.model.composites.BuildMap                                : loaded 3 times (x 66B)
Class org.jetbrains.plugins.gradle.tooling.serialization.GradleExtensionsSerializationService: loaded 3 times (x 73B)
Class com.amazon.ion.impl._Private_IonWriterBase                                      : loaded 3 times (x 158B)
Class com.amazon.ion.impl.bin.IonRawBinaryWriter$ThrowingRunnable                     : loaded 3 times (x 66B)
Class com.amazon.ion.impl.bin.IonManagedBinaryWriter$LocalSymbolTableView             : loaded 3 times (x 103B)
Class com.amazon.ion.impl._Private_RecyclingStack$Recycler                            : loaded 3 times (x 66B)
Class com.android.ide.gradle.model.ArtifactIdentifier                                 : loaded 3 times (x 66B)
Class jdk.internal.jimage.ImageStringsReader                                          : loaded 3 times (x 76B)
Class [Lcom.google.common.base.CaseFormat;                                            : loaded 3 times (x 65B)
Class org.gradle.internal.impldep.com.google.common.collect.UnmodifiableListIterator  : loaded 3 times (x 91B)
Class org.jetbrains.kotlin.idea.gradleTooling.model.noarg.NoArgModelBuilderService    : loaded 3 times (x 81B)
Class kotlin.collections.MapsKt__MapsKt                                               : loaded 3 times (x 67B)
Class org.jetbrains.plugins.gradle.tooling.serialization.ExternalTestsSerializationService$WriteContext: loaded 3 times (x 68B)
Class com.amazon.ion.impl.bin.IonManagedBinaryWriter$SymbolResolverBuilder            : loaded 3 times (x 66B)
Class com.amazon.ion.system.IonSystemBuilder$Mutable                                  : loaded 3 times (x 71B)
Class com.amazon.ion.system.IonSystemBuilder                                          : loaded 3 times (x 71B)
Class kotlin.reflect.KFunction                                                        : loaded 3 times (x 66B)
Class kotlin.collections.ArrayDeque                                                   : loaded 3 times (x 203B)
Class com.amazon.ion.IonCatalog                                                       : loaded 3 times (x 66B)
Class org.jetbrains.plugins.gradle.tooling.serialization.KotlinDslScriptsModelSerializationService: loaded 3 times (x 77B)
Class org.jetbrains.plugins.gradle.model.ExternalProjectDependency                    : loaded 3 times (x 66B)
Class com.intellij.gradle.toolingExtension.impl.model.sourceSetArtifactIndex.GradleSourceSetArtifactIndexBuilder: loaded 3 times (x 82B)
Class org.jetbrains.kotlin.idea.gradleTooling.model.kapt.KaptModelBuilderService      : loaded 3 times (x 82B)
Class org.gradle.api.UncheckedIOException                                             : loaded 3 times (x 78B)
Class kotlin.text.StringsKt__IndentKt                                                 : loaded 3 times (x 67B)
Class kotlin.collections.SetsKt                                                       : loaded 3 times (x 67B)
Class org.jetbrains.kotlin.config.JvmDefaultMode$Companion                            : loaded 3 times (x 67B)
Class com.intellij.gradle.toolingExtension.impl.model.sourceSetModel.GradleSourceSetSerialisationService$SourceSetModelReadContext: loaded 3 times (x 68B)
Class [Lcom.amazon.ion.SymbolToken;                                                   : loaded 3 times (x 65B)
Class kotlin.io.NoSuchFileException                                                   : loaded 3 times (x 78B)
Class org.jetbrains.plugins.gradle.tooling.ModelBuilderService                        : loaded 3 times (x 66B)
Class org.jetbrains.kotlin.idea.gradleTooling.PrepareKotlinIdeaImportTaskModelBuilder$Companion: loaded 3 times (x 67B)
Class kotlin.text.StringsKt__StringsJVMKt                                             : loaded 3 times (x 67B)
Class kotlin.collections.IntIterator                                                  : loaded 3 times (x 78B)
Class com.intellij.gradle.toolingExtension.impl.model.projectModel.GradleExternalProjectSerializationService$WriteContext: loaded 3 times (x 69B)
Class com.amazon.ion.impl.bin._Private_IonManagedBinaryWriterBuilder                  : loaded 3 times (x 68B)
Class JetGradlePlugin$getJetModelBuilderOrRegisterIfAbsent                            : loaded 3 times (x 142B)
Class org.jetbrains.plugins.gradle.tooling.serialization.internal.adapter.InternalBuildIdentifier: loaded 3 times (x 71B)
Class com.amazon.ion.impl._Private_IonWriter                                          : loaded 3 times (x 66B)
Class com.amazon.ion.impl.bin.IonManagedBinaryWriter$UserState                        : loaded 3 times (x 81B)
Class jdk.internal.jimage.decompressor.ResourceDecompressor                           : loaded 3 times (x 66B)
Class com.google.common.base.CaseFormat$5                                             : loaded 3 times (x 79B)
Class org.jetbrains.plugins.gradle.tooling.builder.MavenRepositoriesModelBuilder      : loaded 3 times (x 77B)
Class org.jetbrains.plugins.gradle.tooling.builder.EarModelBuilderImplKt              : loaded 3 times (x 67B)
Class kotlin.ranges.ClosedRange                                                       : loaded 3 times (x 66B)
Class org.jetbrains.kotlin.cli.common.messages.MessageCollector                       : loaded 3 times (x 66B)
Class [Lorg.jetbrains.kotlin.config.JvmDefaultMode;                                   : loaded 3 times (x 65B)
Class kotlin.sequences.FlatteningSequence                                             : loaded 3 times (x 71B)
Class com.google.common.collect.ImmutableMultimap$Keys                                : loaded 3 times (x 162B)
Class org.jetbrains.plugins.gradle.tooling.serialization.RepositoriesModelSerializationService$ReadContext: loaded 3 times (x 68B)
Class [Lcom.amazon.ion.impl.bin.AbstractIonWriter$WriteValueOptimization;             : loaded 3 times (x 65B)
Class com.intellij.gradle.toolingExtension.impl.model.dependencyDownloadPolicyModel.GradleDependencyDownloadPolicyBuilder: loaded 3 times (x 82B)
Class org.jetbrains.plugins.gradle.tooling.serialization.RepositoriesModelSerializationService: loaded 3 times (x 78B)
Class com.amazon.ion.IonDatagram                                                      : loaded 3 times (x 66B)
Class com.amazon.ion.impl._Private_RecyclingStack$ElementFactory                      : loaded 3 times (x 66B)
Class com.amazon.ion.impl.bin.IonManagedBinaryWriter$ImportedSymbolResolverMode$1$1   : loaded 3 times (x 74B)
Class com.amazon.ion.impl._Private_ByteTransferSink                                   : loaded 3 times (x 66B)
Class com.amazon.ion.impl.bin.Symbols                                                 : loaded 3 times (x 67B)
Class com.intellij.openapi.externalSystem.model.project.dependencies.ResolutionState  : loaded 3 times (x 75B)
Class com.google.common.collect.AllEqualOrdering                                      : loaded 3 times (x 110B)
Class com.amazon.ion.IonBufferConfiguration                                           : loaded 3 times (x 69B)
Class com.google.common.collect.MapDifference                                         : loaded 3 times (x 66B)
Class com.android.ide.gradle.model.artifacts.AdditionalClassifierArtifactsModel       : loaded 3 times (x 66B)
Class kotlin.collections.CollectionsKt                                                : loaded 3 times (x 67B)
Class com.intellij.gradle.toolingExtension.impl.model.sourceSetModel.GradleSourceSetSerialisationService$SourceSetModelWriteContext: loaded 3 times (x 68B)
Class org.jetbrains.kotlin.config.ApiVersion                                          : loaded 3 times (x 82B)
Class org.gradle.internal.impldep.gnu.trove.TObjectIdentityHashingStrategy            : loaded 3 times (x 74B)
Class org.jetbrains.plugins.gradle.tooling.serialization.ProjectDependenciesSerializationService$ReadContext: loaded 3 times (x 68B)
Class jdk.internal.jimage.ImageHeader                                                 : loaded 3 times (x 67B)
Class org.gradle.internal.impldep.com.google.common.collect.PeekingIterator           : loaded 3 times (x 66B)
Class org.jetbrains.plugins.gradle.tooling.builder.IntelliJSettingsBuilder            : loaded 3 times (x 74B)
Class kotlin.ranges.IntProgressionIterator                                            : loaded 3 times (x 78B)
Class kotlin.internal.ProgressionUtilKt                                               : loaded 3 times (x 67B)
Class kotlin.io.FileAlreadyExistsException                                            : loaded 3 times (x 78B)
Class com.intellij.openapi.externalSystem.model.project.IExternalSystemSourceType     : loaded 3 times (x 66B)
Class com.amazon.ion.impl._Private_IonReaderBuilder$Mutable                           : loaded 3 times (x 91B)
Class com.intellij.openapi.externalSystem.model.project.dependencies.ArtifactDependencyNodeImpl: loaded 3 times (x 91B)
Class com.google.common.base.Equivalence$Identity                                     : loaded 3 times (x 78B)
Class kotlin.Function                                                                 : loaded 3 times (x 66B)
Class kotlin.collections.ArraysKt___ArraysJvmKt                                       : loaded 3 times (x 67B)
Class kotlin.text.StringsKt__RegexExtensionsJVMKt                                     : loaded 3 times (x 67B)
Class kotlin.collections.CollectionsKt__CollectionsKt                                 : loaded 3 times (x 67B)
Class kotlin.collections.SetsKt__SetsJVMKt                                            : loaded 3 times (x 67B)
Class org.jetbrains.plugins.gradle.tooling.util.ObjectCollector                       : loaded 3 times (x 68B)
Class com.amazon.ion.impl.bin._Private_IonManagedBinaryWriterBuilder$AllocatorMode    : loaded 3 times (x 76B)
Class com.android.ide.gradle.model.artifacts.builder.AdditionalClassifierArtifactsModelBuilder: loaded 3 times (x 75B)
Class com.amazon.ion.impl._Private_SymbolToken                                        : loaded 3 times (x 66B)
Class com.amazon.ion.impl.bin.IonManagedBinaryWriter$SymbolResolver                   : loaded 3 times (x 66B)
Class com.amazon.ion.impl._Private_IonReaderBuilder$TwoElementSequenceInputStream     : loaded 3 times (x 88B)
Class dagger.hilt.processor.internal.optionvalues.GradleProjectType                   : loaded 3 times (x 75B)
Class com.google.common.base.PairwiseEquivalence                                      : loaded 3 times (x 79B)
Class kotlin.collections.ArraysKt__ArraysKt                                           : loaded 3 times (x 67B)
Class com.google.common.math.MathPreconditions                                        : loaded 3 times (x 67B)
Class kotlin.Result$Failure                                                           : loaded 3 times (x 68B)
Class kotlin.coroutines.CoroutineContext                                              : loaded 3 times (x 66B)
Class com.google.common.collect.Multiset                                              : loaded 3 times (x 66B)
Class com.google.common.collect.ArrayListMultimapGwtSerializationDependencies         : loaded 3 times (x 168B)
Class kotlin.coroutines.jvm.internal.DebugProbesKt                                    : loaded 3 times (x 67B)
Class com.amazon.ion.ValueFactory                                                     : loaded 3 times (x 66B)
Class [Lcom.amazon.ion.impl.bin.IonManagedBinaryWriter$ImportedSymbolResolverMode;    : loaded 3 times (x 65B)
Class com.amazon.ion.impl.IonWriterSystemText                                         : loaded 3 times (x 186B)
Class org.jetbrains.plugins.gradle.model.ExternalLibraryDependency                    : loaded 3 times (x 66B)
Class com.amazon.ion.impl.lite.IonContext                                             : loaded 3 times (x 66B)
Class com.amazon.ion.impl.lite.IonLoaderLite                                          : loaded 3 times (x 78B)
Class com.amazon.ion.impl.bin.utf8.Utf8StringEncoderPool$1                            : loaded 3 times (x 72B)
Class org.jetbrains.plugins.gradle.model.ExternalTask                                 : loaded 3 times (x 66B)
Class org.jetbrains.kotlin.idea.gradleTooling.MultiplatformModelImportingChecker      : loaded 3 times (x 66B)
Class kotlin.ResultKt                                                                 : loaded 3 times (x 67B)
Class jdk.internal.jimage.decompressor.ResourceDecompressor$StringsProvider           : loaded 3 times (x 66B)
Class com.google.common.collect.NullsFirstOrdering                                    : loaded 3 times (x 111B)
Class kotlin.text.Regex$Companion                                                     : loaded 3 times (x 67B)
Class com.amazon.ion.impl.bin.Block                                                   : loaded 3 times (x 75B)
Class org.gradle.internal.impldep.com.google.common.collect.Iterators$ArrayItr        : loaded 3 times (x 93B)
Class org.jetbrains.kotlin.idea.gradleTooling.model.lombok.LombokModel                : loaded 3 times (x 66B)
Class com.amazon.ion.impl._Private_RecyclingQueue$Recycler                            : loaded 3 times (x 66B)
Class com.amazon.ion.impl.lite.ContainerlessContext                                   : loaded 3 times (x 76B)
Class org.jetbrains.plugins.gradle.tooling.serialization.GradleExtensionsSerializationService$ReadContext: loaded 3 times (x 68B)
Class com.amazon.ion.impl.lite.IonStringLite                                          : loaded 3 times (x 208B)
Class com.amazon.ion.impl.bin.PooledBlockAllocatorProvider$PooledBlockAllocator$1     : loaded 3 times (x 75B)
Class jdk.internal.jimage.ImageBufferCache$2                                          : loaded 3 times (x 87B)
Class com.intellij.gradle.toolingExtension.impl.model.projectModel.GradleExternalProjectModelBuilder: loaded 3 times (x 82B)
Class org.jetbrains.kotlin.idea.gradleTooling.KotlinMPPGradleModelBuilder$Companion   : loaded 3 times (x 67B)
Class kotlin.collections.EmptyList                                                    : loaded 3 times (x 170B)
Class kotlin.collections.MapsKt__MapsJVMKt                                            : loaded 3 times (x 67B)
Class kotlin.collections.ArraysKt___ArraysKt$asSequence$$inlined$Sequence$1           : loaded 3 times (x 71B)
Class org.jetbrains.plugins.gradle.tooling.serialization.internal.IdeaProjectSerializationService$ReadContext: loaded 3 times (x 68B)
Class org.gradle.internal.impldep.com.google.common.collect.Iterators$9               : loaded 3 times (x 77B)
Class org.gradle.internal.impldep.gnu.trove.TObjectCanonicalHashingStrategy           : loaded 3 times (x 76B)
Class jdk.internal.jimage.ImageBufferCache$1                                          : loaded 3 times (x 79B)
Class org.jetbrains.kotlin.config.MavenComparableVersion                              : loaded 3 times (x 74B)
Class com.google.common.base.CharMatcher$JavaLetterOrDigit                            : loaded 3 times (x 107B)
Class com.google.common.collect.ImmutableSortedSetFauxverideShim                      : loaded 3 times (x 143B)
Class com.intellij.gradle.toolingExtension.impl.model.buildScriptClasspathModel.GradleBuildScriptClasspathSerializationService$WriteContext: loaded 3 times (x 68B)
Class com.amazon.ion.IonMutableCatalog                                                : loaded 3 times (x 66B)
Class com.amazon.ion.impl._Private_IonReaderBuilder                                   : loaded 3 times (x 91B)
Class com.amazon.ion.impl._Private_RecyclingStack                                     : loaded 3 times (x 75B)
Class org.jetbrains.plugins.gradle.ExternalDependencyId                               : loaded 3 times (x 66B)
Class com.amazon.ion.impl.bin.IonManagedBinaryWriter$UserState$1                      : loaded 3 times (x 81B)
Class jdk.internal.jrtfs.SystemImage$1                                                : loaded 3 times (x 74B)
Class com.google.common.collect.ExplicitOrdering                                      : loaded 3 times (x 111B)
Class org.gradle.internal.impldep.gnu.trove.Equality                                  : loaded 3 times (x 66B)
Class com.amazon.ion.impl.bin._Private_IonManagedBinaryWriterBuilder$AllocatorMode$2  : loaded 3 times (x 76B)
Class com.amazon.ion.impl._Private_IonTextWriterBuilder                               : loaded 3 times (x 98B)
Class com.amazon.ion.IonValue                                                         : loaded 3 times (x 66B)
Class com.amazon.ion.impl.lite.IonFloatLite                                           : loaded 3 times (x 182B)
Class com.google.common.collect.ImmutableListMultimap                                 : loaded 3 times (x 174B)
Class com.google.common.collect.LexicographicalOrdering                               : loaded 3 times (x 111B)
Class org.jetbrains.kotlin.tooling.core.KotlinToolingVersion                          : loaded 3 times (x 71B)
Class jdk.internal.jrtfs.JrtDirectoryStream$1                                         : loaded 3 times (x 79B)
Class jdk.internal.jimage.ImageLocation                                               : loaded 3 times (x 86B)
Class com.android.ide.gradle.model.dependencies.DeclaredDependencies                  : loaded 3 times (x 66B)
Class org.gradle.kotlin.dsl.VersionCatalogAccessorsKt                                 : loaded 3 times (x 67B)
Class com.google.common.collect.Range                                                 : loaded 3 times (x 83B)
Class kotlin.text.CharsKt                                                             : loaded 3 times (x 67B)
Class kotlin.collections.AbstractIterator                                             : loaded 3 times (x 79B)
Class org.jetbrains.kotlin.config.LanguageFeature$State                               : loaded 3 times (x 78B)
Class com.google.common.base.CharMatcher$RangesMatcher                                : loaded 3 times (x 108B)
Class [Lkotlin.coroutines.intrinsics.CoroutineSingletons;                             : loaded 3 times (x 65B)
Class org.jetbrains.plugins.gradle.tooling.serialization.ProjectDependenciesSerializationService: loaded 3 times (x 73B)
Class org.jetbrains.plugins.gradle.tooling.serialization.ProjectDependenciesSerializationService$WriteContext: loaded 3 times (x 68B)
Class com.amazon.ion.impl.bin._Private_IonManagedBinaryWriterBuilder$AllocatorMode$1  : loaded 3 times (x 76B)
Class com.amazon.ion.Decimal                                                          : loaded 3 times (x 129B)
Class kotlin.jvm.internal.FunctionReference                                           : loaded 3 times (x 118B)
Class com.amazon.ion.impl.bin.AbstractSymbolTable                                     : loaded 3 times (x 103B)
Class com.amazon.ion.impl._Private_ReaderWriter                                       : loaded 3 times (x 66B)
Class kotlin.jvm.internal.FunctionBase                                                : loaded 3 times (x 66B)
Class kotlin.enums.EnumEntriesList                                                    : loaded 3 times (x 219B)
Class com.amazon.ion.impl.lite.IonStructLite                                          : loaded 3 times (x 294B)
Class com.google.common.collect.ImmutableRangeSet$AsSet                               : loaded 3 times (x 295B)
Class org.jetbrains.kotlin.idea.gradleTooling.KotlinGradlePluginVersion               : loaded 3 times (x 66B)
Class org.jetbrains.kotlin.idea.gradleTooling.model.samWithReceiver.SamWithReceiverModelBuilderService: loaded 3 times (x 81B)
Class com.intellij.gradle.toolingExtension.impl.model.sourceSetModel.GradleSourceSetModelBuilder: loaded 3 times (x 82B)
Class org.jetbrains.plugins.gradle.tooling.builder.ProjectExtensionsDataBuilderImpl   : loaded 3 times (x 74B)
Class org.jetbrains.kotlin.idea.gradleTooling.AbstractKotlinGradleModelBuilder        : loaded 3 times (x 77B)
Class com.google.common.collect.ImmutableRangeSet$1                                   : loaded 3 times (x 205B)
Class org.jetbrains.kotlin.config.MavenComparableVersion$IntegerItem                  : loaded 3 times (x 76B)
Class kotlin.reflect.KCallable                                                        : loaded 3 times (x 66B)
Class com.android.ide.gradle.model.LegacyAndroidGradlePluginProperties                : loaded 3 times (x 66B)
Class kotlin.io.FilesKt__FilePathComponentsKt                                         : loaded 3 times (x 67B)
Class kotlin.io.TerminateException                                                    : loaded 3 times (x 78B)
Class org.gradle.internal.impldep.gnu.trove.THash                                     : loaded 3 times (x 77B)
Class org.jetbrains.plugins.gradle.tooling.serialization.AnnotationProcessingModelSerializationService$WriteContext: loaded 3 times (x 68B)
Class com.amazon.ion.IonSymbol                                                        : loaded 3 times (x 66B)
Class com.amazon.ion.impl.bin.utf8.Poolable                                           : loaded 3 times (x 75B)
Class kotlin.collections.CollectionsKt__MutableCollectionsKt                          : loaded 3 times (x 67B)
Class com.amazon.ion.UnexpectedEofException                                           : loaded 3 times (x 80B)
Class com.google.common.collect.Sets$ImprovedAbstractSet                              : loaded 3 times (x 131B)
Class com.amazon.ion.IonSexp                                                          : loaded 3 times (x 66B)
Class com.amazon.ion.facet.Faceted                                                    : loaded 3 times (x 66B)
Class jdk.internal.jrtfs.SystemImage$2                                                : loaded 3 times (x 72B)
Class org.jetbrains.plugins.gradle.tooling.serialization.ToolingStreamApiUtils        : loaded 3 times (x 67B)
Class com.amazon.ion.impl.bin.IonRawBinaryWriter$ContainerType                        : loaded 3 times (x 75B)
Class com.amazon.ion.impl._Private_IonTextWriterBuilder$Mutable                       : loaded 3 times (x 98B)
Class com.google.common.collect.EmptyImmutableListMultimap                            : loaded 3 times (x 174B)
Class com.amazon.ion.ReadOnlyValueException                                           : loaded 3 times (x 80B)
Class com.amazon.ion.impl._Private_LocalSymbolTable                                   : loaded 3 times (x 66B)
Class com.amazon.ion.system.IonWriterBuilder                                          : loaded 3 times (x 70B)
Class com.amazon.ion.IonBufferConfiguration$OversizedSymbolTableHandler               : loaded 3 times (x 66B)
Class com.amazon.ion.impl.lite.IonContainerLite                                       : loaded 3 times (x 244B)
Class com.amazon.ion.BufferConfiguration$DataHandler                                  : loaded 3 times (x 66B)
Class kotlin.Pair                                                                     : loaded 3 times (x 68B)
Class kotlin.comparisons.ComparisonsKt___ComparisonsJvmKt                             : loaded 3 times (x 67B)
Class com.google.common.base.MoreObjects                                              : loaded 3 times (x 67B)
Class kotlin.sequences.TransformingSequence$iterator$1                                : loaded 3 times (x 75B)
Class com.google.common.collect.SingletonImmutableBiMap                               : loaded 3 times (x 140B)
Class com.google.common.base.Ascii                                                    : loaded 3 times (x 67B)
Class com.amazon.ion.impl.bin._Private_IonManagedWriter                               : loaded 3 times (x 66B)
Class org.jetbrains.kotlin.config.LanguageFeature                                     : loaded 3 times (x 76B)
Class com.amazon.ion.impl.bin.Symbols$2                                               : loaded 3 times (x 103B)
Class com.amazon.ion.impl.IonWriterSystem                                             : loaded 3 times (x 167B)
Class com.android.ide.gradle.model.GradlePropertiesModel                              : loaded 3 times (x 66B)
Class jdk.internal.jrtfs.JrtFileSystemProvider                                        : loaded 3 times (x 97B)
Class org.gradle.internal.impldep.com.google.common.collect.Iterators                 : loaded 3 times (x 67B)
Class com.amazon.ion.impl._Private_IonBinaryWriterBuilder                             : loaded 3 times (x 111B)
Class org.jetbrains.plugins.gradle.tooling.serialization.RepositoriesModelSerializationService$WriteContext: loaded 3 times (x 68B)
Class org.jetbrains.kotlin.config.LanguageOrApiVersion                                : loaded 3 times (x 66B)
Class kotlin.Result                                                                   : loaded 3 times (x 68B)
Class kotlin.jvm.KotlinReflectionNotSupportedError                                    : loaded 3 times (x 78B)
Class org.gradle.internal.impldep.com.google.common.collect.AbstractIterator          : loaded 3 times (x 78B)
Class [Lorg.jetbrains.kotlin.config.LanguageOrApiVersion;                             : loaded 3 times (x 65B)
Class com.android.ide.gradle.model.builder.AndroidStudioToolingPluginKt               : loaded 3 times (x 67B)
Class kotlin.collections.CollectionsKt__IteratorsJVMKt                                : loaded 3 times (x 67B)
Class org.jetbrains.kotlin.cli.jvm.config.JavaSourceRoot                              : loaded 2 times (x 73B)
Class com.google.common.reflect.TypeResolver$TypeVariableKey                          : loaded 2 times (x 68B)
Class org.jetbrains.kotlin.resolve.jvm.checkers.StrictfpApplicabilityChecker          : loaded 2 times (x 70B)
Class org.jetbrains.kotlin.descriptors.annotations.AnnotationUseSiteTarget            : loaded 2 times (x 75B)
Class org.jetbrains.kotlin.resolve.jvm.checkers.DefaultCheckerInTailrec               : loaded 2 times (x 70B)
Class androidx.room.compiler.processing.ksp.KSFunctionExtKt                           : loaded 2 times (x 67B)
Class dagger.internal.codegen.binding.BindingType                                     : loaded 2 times (x 75B)
Class dagger.internal.codegen.binding.AssistedInjectionAnnotations                    : loaded 2 times (x 67B)
Class dagger.internal.codegen.binding.BindingGraph$TopLevelBindingGraph               : loaded 2 times (x 95B)
Class dagger.internal.codegen.validation.DiagnosticMessageGenerator$Factory           : loaded 2 times (x 68B)
Class dagger.internal.codegen.binding.BindingGraphConverter                           : loaded 2 times (x 68B)
Class dagger.internal.codegen.validation.MultibindsMethodValidator_Factory            : loaded 2 times (x 75B)
Class dagger.spi.internal.shaded.androidx.room.compiler.processing.ksp.KspFiler$OriginatingElements: loaded 2 times (x 68B)
Class dagger.spi.internal.shaded.androidx.room.compiler.processing.ksp.KspFieldElement$closestMemberContainer$2: loaded 2 times (x 75B)
Class dagger.hilt.android.processor.internal.androidentrypoint.AndroidEntryPointProcessingStep: loaded 2 times (x 83B)
Class androidx.room.compiler.processing.ksp.KspProcessingEnv$jvmPlatformInfo$2        : loaded 2 times (x 75B)
Class org.jetbrains.kotlin.resolve.jvm.checkers.ProtectedInSuperClassCompanionCallChecker: loaded 2 times (x 70B)
Class org.jetbrains.kotlin.load.java.structure.impl.classFiles.PlainJavaLiteralAnnotationArgument: loaded 2 times (x 75B)
Class org.jetbrains.kotlin.metadata.jvm.JvmProtoBuf$StringTableTypes$1                : loaded 2 times (x 140B)
Class org.jetbrains.kotlin.cli.jvm.compiler.KotlinCliJavaFileManagerImpl$WhenMappings : loaded 2 times (x 67B)
Class org.jetbrains.kotlin.load.java.structure.impl.source.JavaElementPsiSource       : loaded 2 times (x 69B)
Class org.jetbrains.kotlin.load.java.structure.impl.JavaElementImpl                   : loaded 2 times (x 81B)
Class org.jetbrains.kotlin.psi.psiUtil.PsiUtilsKt$siblings$1$iterator$1               : loaded 2 times (x 75B)
Class org.jetbrains.kotlin.serialization.deserialization.ClassData                    : loaded 2 times (x 68B)
Class org.jetbrains.kotlin.utils.CollectionsKt                                        : loaded 2 times (x 67B)
Class org.jetbrains.kotlin.metadata.ProtoBuf$PropertyOrBuilder                        : loaded 2 times (x 66B)
Class org.jetbrains.kotlin.metadata.ProtoBuf$Constructor$1                            : loaded 2 times (x 140B)
Class org.jetbrains.kotlin.config.AnalysisFlags$muteExpectActualClassesWarning$2      : loaded 2 times (x 123B)
Class org.jetbrains.kotlin.config.AnalysisFlags$multiPlatformDoNotCheckActual$2       : loaded 2 times (x 123B)
Class org.jetbrains.kotlin.cli.jvm.index.JvmDependenciesIndex                         : loaded 2 times (x 66B)
Class org.jetbrains.kotlin.diagnostics.PositioningStrategies                          : loaded 2 times (x 67B)
Class org.jetbrains.kotlin.serialization.deserialization.KotlinMetadataFinder         : loaded 2 times (x 66B)
Class kotlin.reflect.KProperty0                                                       : loaded 2 times (x 66B)
Class org.jetbrains.kotlin.resolve.calls.checkers.CallableReferenceCompatibilityChecker: loaded 2 times (x 70B)
Class org.jetbrains.kotlin.resolve.jvm.checkers.SynchronizedAnnotationOnLambdaChecker : loaded 2 times (x 70B)
Class [Lorg.jetbrains.kotlin.lexer.KtKeywordToken;                                    : loaded 2 times (x 65B)
Class org.jetbrains.kotlin.resolve.jvm.checkers.JvmMultifileClassStateChecker         : loaded 2 times (x 70B)
Class org.jetbrains.kotlin.storage.CacheWithNotNullValues                             : loaded 2 times (x 66B)
Class org.jetbrains.kotlin.psi.stubs.elements.KtPlaceHolderStubElementType            : loaded 2 times (x 93B)
Class it.unimi.dsi.fastutil.ints.IntCollection                                        : loaded 2 times (x 66B)
Class org.jetbrains.kotlin.psi.stubs.elements.KtTypeProjectionElementType             : loaded 2 times (x 93B)
Class com.android.builder.model.v2.ide.TestInfo$Execution                             : loaded 2 times (x 75B)
Class [Lorg.objectweb.asm.Type;                                                       : loaded 2 times (x 65B)
Class org.gradle.internal.service.ServiceLocator                                      : loaded 2 times (x 66B)
Class org.jetbrains.kotlin.psi.stubs.KotlinClassStub                                  : loaded 2 times (x 66B)
Class [Lorg.jetbrains.kotlin.psi.KtImportList;                                        : loaded 2 times (x 65B)
Class dagger.hilt.processor.internal.root.ProcessedRootSentinelMetadata               : loaded 2 times (x 69B)
Class dagger.spi.internal.shaded.androidx.room.compiler.processing.ksp.KspPackageElement$qualifiedName$2: loaded 2 times (x 75B)
Class dagger.internal.codegen.binding.FrameworkType                                   : loaded 2 times (x 80B)
Class dagger.spi.internal.shaded.androidx.room.compiler.processing.ksp.KspMethodType$Companion: loaded 2 times (x 67B)
Class dagger.internal.codegen.validation.DiagnosticReporterFactory$DiagnosticReporterImpl: loaded 2 times (x 72B)
Class dagger.spi.internal.shaded.androidx.room.compiler.processing.ksp.synthetic.KspSyntheticPropertyMethodElement$thrownTypes$2: loaded 2 times (x 75B)
Class dagger.spi.internal.shaded.androidx.room.compiler.processing.ksp.KspAnnotation  : loaded 2 times (x 135B)
Class androidx.room.compiler.processing.ksp.KspAnnotationValue$1                      : loaded 2 times (x 75B)
Class androidx.room.compiler.processing.ksp.synthetic.KspSyntheticPropertyMethodElement$Getter: loaded 2 times (x 255B)
Class androidx.room.RoomKspProcessor                                                  : loaded 2 times (x 84B)
Class androidx.room.compiler.processing.ksp.KspMessager                               : loaded 2 times (x 69B)
Class dagger.hilt.processor.internal.uninstallmodules.KspUninstallModulesProcessor$Provider: loaded 2 times (x 70B)
Class jdk.internal.jrtfs.JrtFileSystem$1                                              : loaded 2 times (x 103B)
Class org.jetbrains.kotlin.psi.KtTypeReference                                        : loaded 2 times (x 650B)
Class org.jetbrains.kotlin.psi.KtSimpleNameExpression                                 : loaded 2 times (x 66B)
Class org.jetbrains.plugins.gradle.tooling.serialization.ExternalTestsSerializationService$1: loaded 2 times (x 72B)
Class org.jetbrains.kotlin.idea.gradleTooling.reflect.KotlinCompilerArgumentsResolverReflection: loaded 2 times (x 66B)
Class org.jetbrains.kotlin.tooling.core.InternerImpl$Store$Strong                     : loaded 2 times (x 72B)
Class org.jetbrains.kotlin.psi.KtSuperTypeEntry                                       : loaded 2 times (x 444B)
Class [Lorg.jetbrains.kotlin.psi.KtClassLiteralExpression;                            : loaded 2 times (x 65B)
Class org.jetbrains.kotlin.container.DynamicComponentDescriptor                       : loaded 2 times (x 70B)
Class kotlin.collections.builders.ListBuilder                                         : loaded 2 times (x 203B)
Class kotlin.collections.builders.ListBuilder$Companion                               : loaded 2 times (x 67B)
Class org.jetbrains.kotlin.load.kotlin.header.ReadKotlinClassHeaderAnnotationVisitor$CollectStringArrayAnnotationVisitor: loaded 2 times (x 81B)
Class org.jetbrains.kotlin.types.model.TypeSystemInferenceExtensionContext            : loaded 2 times (x 66B)
Class org.jetbrains.kotlin.config.AnalysisFlags$extendedCompilerChecks$2              : loaded 2 times (x 123B)
Class org.jetbrains.kotlin.config.AnalysisFlags$explicitApiMode$2                     : loaded 2 times (x 123B)
Class org.jetbrains.kotlin.psi.KtCommonFile                                           : loaded 2 times (x 880B)
Class kotlin.reflect.KProperty1                                                       : loaded 2 times (x 66B)
Class kotlin.reflect.KClass                                                           : loaded 2 times (x 66B)
Class org.jetbrains.kotlin.resolve.checkers.VolatileAnnotationChecker                 : loaded 2 times (x 70B)
Class org.jetbrains.kotlin.diagnostics.PositioningStrategies$NAME_IDENTIFIER$1        : loaded 2 times (x 70B)
Class org.jetbrains.kotlin.psi.KtSuperTypeListEntry                                   : loaded 2 times (x 444B)
Class [Lorg.jetbrains.kotlin.psi.KtContractEffectList;                                : loaded 2 times (x 65B)
Class [Lorg.jetbrains.kotlin.psi.KtReferenceExpression;                               : loaded 2 times (x 65B)
Class org.jetbrains.kotlin.psi.KtParameterList                                        : loaded 2 times (x 453B)
Class org.jetbrains.kotlin.psi.stubs.elements.KtClassLiteralExpressionElementType     : loaded 2 times (x 90B)
Class org.jetbrains.kotlin.resolve.jvm.checkers.JvmAnnotationsTargetNonExistentAccessorChecker: loaded 2 times (x 70B)
Class org.jetbrains.kotlin.metadata.jvm.JvmProtoBuf$StringTableTypes                  : loaded 2 times (x 106B)
Class org.jetbrains.kotlin.load.java.structure.impl.JavaAnnotationImpl                : loaded 2 times (x 95B)
Class com.google.common.cache.LocalCache$1                                            : loaded 2 times (x 85B)
Class org.gradle.tooling.internal.adapter.ProtocolToModelAdapter$SupportedPropertyInvoker: loaded 2 times (x 72B)
Class org.gradle.tooling.model.UnsupportedMethodException                             : loaded 2 times (x 78B)
Class dagger.hilt.processor.internal.AggregatedElements                               : loaded 2 times (x 67B)
Class androidx.room.processor.Context$CommonTypes$READONLY_COLLECTION$2               : loaded 2 times (x 75B)
Class androidx.room.processor.cache.Cache                                             : loaded 2 times (x 68B)
Class [Ldagger.internal.codegen.model.BindingKind;                                    : loaded 2 times (x 65B)
Class dagger.internal.codegen.binding.ModuleDescriptor                                : loaded 2 times (x 77B)
Class dagger.internal.codegen.validation.ProvidesMethodValidator$Validator            : loaded 2 times (x 76B)
Class dagger.internal.codegen.writing.AnnotationCreatorGenerator                      : loaded 2 times (x 76B)
Class dagger.internal.codegen.binding.MethodSignatureFormatter                        : loaded 2 times (x 82B)
Class dagger.Lazy                                                                     : loaded 2 times (x 66B)
Class dagger.spi.internal.shaded.androidx.room.compiler.processing.ksp.KspType$nullability$2$WhenMappings: loaded 2 times (x 67B)
Class dagger.spi.internal.shaded.androidx.room.compiler.processing.ksp.ResolverExtKt  : loaded 2 times (x 67B)
Class dagger.hilt.android.processor.internal.viewmodel.ViewModelMetadata              : loaded 2 times (x 68B)
Class dagger.spi.internal.shaded.androidx.room.compiler.processing.ksp.KspHasModifiers$ClassDeclaration: loaded 2 times (x 88B)
Class dagger.hilt.processor.internal.HiltCompilerOptions$EnumOption                   : loaded 2 times (x 68B)
Class com.squareup.javapoet.CodeWriter$Multiset                                       : loaded 2 times (x 68B)
Class androidx.room.compiler.processing.XHasModifiers                                 : loaded 2 times (x 66B)
Class com.intellij.compose.ide.plugin.gradleTooling.rt.ComposeResourcesExtension      : loaded 2 times (x 68B)
Class org.jetbrains.kotlin.protobuf.GeneratedMessageLite$ExtendableBuilder            : loaded 2 times (x 135B)
Class com.google.common.collect.ImmutableMapEntry$NonTerminalImmutableBiMapEntry      : loaded 2 times (x 81B)
Class javaslang.collection.HashArrayMappedTrieModule$LeafNode                         : loaded 2 times (x 100B)
Class org.jetbrains.kotlin.idea.gradleTooling.ModelBuilderUtilsKt                     : loaded 2 times (x 67B)
Class com.intellij.gradle.toolingExtension.impl.util.javaPluginUtil.JavaPluginUtil    : loaded 2 times (x 67B)
Class dagger.spi.internal.shaded.androidx.room.compiler.processing.XProcessingStep    : loaded 2 times (x 66B)
Class com.google.common.collect.AbstractSetMultimap                                   : loaded 2 times (x 170B)
Class androidx.room.compiler.processing.ksp.KspAnnotation$type$2                      : loaded 2 times (x 75B)
Class androidx.room.compiler.processing.ksp.KspPrimitiveType                          : loaded 2 times (x 184B)
Class androidx.room.compiler.processing.ksp.synthetic.KspSyntheticPropertyMethodElement$Getter$returnType$2: loaded 2 times (x 75B)
Class org.jetbrains.kotlin.types.TypeApproximatorConfiguration$IntersectionStrategy   : loaded 2 times (x 75B)
Class org.jetbrains.kotlin.resolve.calls.inference.model.MutableConstraintStorage     : loaded 2 times (x 85B)
Class kotlin.collections.CollectionsKt___CollectionsKt$withIndex$1                    : loaded 2 times (x 75B)
Class org.jetbrains.kotlin.types.model.DefinitelyNotNullTypeMarker                    : loaded 2 times (x 66B)
Class org.jetbrains.kotlin.descriptors.EffectiveVisibility                            : loaded 2 times (x 71B)
Class org.jetbrains.kotlin.types.model.TypeCheckerProviderContext                     : loaded 2 times (x 66B)
Class org.jetbrains.kotlin.metadata.deserialization.NameResolverImpl                  : loaded 2 times (x 73B)
Class kotlin.sequences.GeneratorSequence$iterator$1                                   : loaded 2 times (x 75B)
Class kotlin.reflect.KProperty2                                                       : loaded 2 times (x 66B)
Class org.jetbrains.kotlin.resolve.checkers.UnderscoreChecker                         : loaded 2 times (x 70B)
Class org.jetbrains.kotlin.resolve.jvm.JvmDeclarationReturnTypeSanitizer              : loaded 2 times (x 70B)
Class org.jetbrains.kotlin.resolve.sam.SamConversionResolver$Empty                    : loaded 2 times (x 70B)
Class [Lorg.jetbrains.kotlin.name.FqName;                                             : loaded 2 times (x 65B)
Class org.jetbrains.kotlin.psi.KtReturnExpression                                     : loaded 2 times (x 442B)
Class org.jetbrains.kotlin.psi.KtConstructorCalleeExpression                          : loaded 2 times (x 509B)
Class [Lorg.jetbrains.kotlin.diagnostics.DiagnosticFactoryWithPsiElement;             : loaded 2 times (x 65B)
Class org.jetbrains.kotlin.resolve.jvm.checkers.JavaAnnotationCallChecker$Companion   : loaded 2 times (x 67B)
Class org.jetbrains.kotlin.resolve.jvm.checkers.JavaAnnotationCallChecker             : loaded 2 times (x 70B)
Class org.jetbrains.kotlin.storage.EmptySimpleLock                                    : loaded 2 times (x 71B)
Class kotlin.io.CloseableKt                                                           : loaded 2 times (x 67B)
Class org.jetbrains.kotlin.cli.jvm.config.JvmClasspathRoot                            : loaded 2 times (x 76B)
Class dagger.spi.internal.shaded.androidx.room.compiler.processing.ksp.KspType$typeName$2: loaded 2 times (x 75B)
Class com.google.common.reflect.TypeToken$SimpleTypeToken                             : loaded 2 times (x 69B)
Class com.android.builder.model.v2.ide.BytecodeTransformation                         : loaded 2 times (x 75B)
Class com.google.common.cache.LocalCache$2                                            : loaded 2 times (x 138B)
Class [Ldagger.internal.codegen.base.ComponentCreatorAnnotation;                      : loaded 2 times (x 65B)
Class dagger.internal.codegen.validation.ValidationReport$Builder                     : loaded 2 times (x 68B)
Class dagger.spi.model.DaggerProcessingEnv$Backend                                    : loaded 2 times (x 75B)
Class dagger.internal.codegen.model.DiagnosticReporter                                : loaded 2 times (x 71B)
Class dagger.internal.codegen.bindinggraphvalidation.CompositeBindingGraphPlugin_Factory_Impl: loaded 2 times (x 71B)
Class dagger.internal.codegen.kotlin.KotlinMetadataFactory_Factory$InstanceHolder     : loaded 2 times (x 67B)
Class dagger.spi.internal.shaded.androidx.room.compiler.processing.XNullability       : loaded 2 times (x 75B)
Class [Landroidx.room.compiler.processing.XMethodElement;                             : loaded 2 times (x 65B)
Class com.squareup.javapoet.CodeWriter                                                : loaded 2 times (x 68B)
Class androidx.room.compiler.processing.ksp.KspTypeElement$_declaredMethods$2         : loaded 2 times (x 75B)
Class androidx.room.compiler.processing.ksp.KspTypeElement$Companion$WhenMappings     : loaded 2 times (x 67B)
Class org.jetbrains.kotlin.idea.gradleTooling.reflect.KotlinExtensionReflection$Companion: loaded 2 times (x 67B)
Class org.jetbrains.kotlin.idea.gradleTooling.reflect.KotlinExtensionReflection       : loaded 2 times (x 68B)
Class dagger.spi.internal.shaded.androidx.room.compiler.processing.ksp.KspHasModifiers$PropertyField$acceptDeclarationModifiers$2: loaded 2 times (x 75B)
Class dagger.spi.internal.shaded.androidx.room.compiler.processing.InternalXAnnotationValue$kind$2: loaded 2 times (x 75B)
Class com.intellij.gradle.toolingExtension.impl.util.javaPluginUtil.JavaPluginAccessor: loaded 2 times (x 66B)
Class dagger.spi.internal.shaded.androidx.room.compiler.processing.compat.XConverters : loaded 2 times (x 67B)
Class com.squareup.kotlinpoet.ClassName$Companion                                     : loaded 2 times (x 67B)
Class com.google.common.collect.SortedIterables                                       : loaded 2 times (x 67B)
Class org.jetbrains.kotlin.load.java.typeEnhancement.PredefinedFunctionEnhancementInfo: loaded 2 times (x 68B)
Class org.jetbrains.kotlin.load.java.JavaDefaultQualifiers                            : loaded 2 times (x 68B)
Class it.unimi.dsi.fastutil.objects.Object2IntFunction                                : loaded 2 times (x 66B)
Class org.jetbrains.kotlin.load.java.Jsr305Settings                                   : loaded 2 times (x 68B)
Class org.jetbrains.kotlin.psi.KtPsiUtil$1                                            : loaded 2 times (x 300B)
Class it.unimi.dsi.fastutil.ints.IntSpliterator                                       : loaded 2 times (x 66B)
Class org.jetbrains.kotlin.metadata.deserialization.ProtoBufUtilKt                    : loaded 2 times (x 67B)
Class org.jetbrains.kotlin.serialization.deserialization.FlexibleTypeDeserializer$ThrowException: loaded 2 times (x 70B)
Class dagger.hilt.processor.internal.ProcessorErrors                                  : loaded 2 times (x 67B)
Class com.squareup.javapoet.TypeSpec$Builder                                          : loaded 2 times (x 68B)
Class org.jetbrains.kotlin.serialization.DescriptorSerializerPlugin$Companion         : loaded 2 times (x 68B)
Class dagger.hilt.processor.internal.definecomponent.DefineComponents                 : loaded 2 times (x 68B)
Class org.jetbrains.kotlin.diagnostics.DiagnosticFactoryForDeprecation2$Companion     : loaded 2 times (x 67B)
Class org.jetbrains.kotlin.psi.KtTypeArgumentList                                     : loaded 2 times (x 445B)
Class org.jetbrains.kotlin.psi.KtEnumEntrySuperclassReferenceExpression               : loaded 2 times (x 640B)
Class [Lorg.jetbrains.kotlin.psi.KtTypeConstraint;                                    : loaded 2 times (x 65B)
Class org.jetbrains.kotlin.util.PerformanceCounter                                    : loaded 2 times (x 69B)
Class dagger.internal.codegen.bindinggraphvalidation.CompositeBindingGraphPlugin$Factory: loaded 2 times (x 66B)
Class dagger.internal.codegen.binding.MethodSignatureFormatter$1                      : loaded 2 times (x 83B)
Class org.jetbrains.kotlin.cli.jvm.config.JvmContentRootBase                          : loaded 2 times (x 66B)
Class com.android.builder.model.v2.ide.CodeShrinker                                   : loaded 2 times (x 75B)
Class dagger.spi.internal.shaded.androidx.room.compiler.processing.ksp.synthetic.KspSyntheticPropertyMethodElement$Setter$returnType$2: loaded 2 times (x 75B)
Class com.google.common.util.concurrent.AbstractFuture$UnsafeAtomicHelper$1           : loaded 2 times (x 72B)
Class dagger.internal.codegen.binding.KeyFactory$1                                    : loaded 2 times (x 67B)
Class com.squareup.javapoet.MethodSpec                                                : loaded 2 times (x 68B)
Class dagger.internal.codegen.model.DependencyRequest$Builder                         : loaded 2 times (x 72B)
Class dagger.internal.codegen.model.Key                                               : loaded 2 times (x 74B)
Class dagger.spi.internal.shaded.androidx.room.compiler.processing.ksp.KSFunctionExtKt: loaded 2 times (x 67B)
Class dagger.internal.codegen.validation.ValidationReport                             : loaded 2 times (x 68B)
Class dagger.internal.codegen.componentgenerator.ComponentGenerator                   : loaded 2 times (x 73B)
Class dagger.internal.codegen.DelegateComponentProcessor_SourceFileGeneratorsModule_ModuleConstructorProxyGeneratorFactory: loaded 2 times (x 75B)
Class dagger.internal.codegen.validation.BindingMethodValidator$MethodValidator       : loaded 2 times (x 76B)
Class dagger.internal.codegen.validation.AnyBindingMethodValidator_Factory            : loaded 2 times (x 75B)
Class dagger.spi.internal.shaded.androidx.room.compiler.processing.XAnnotationBox     : loaded 2 times (x 66B)
Class com.squareup.javapoet.TypeSpec$Kind                                             : loaded 2 times (x 75B)
Class dagger.hilt.android.processor.internal.androidentrypoint.AndroidEntryPointMetadata: loaded 2 times (x 87B)
Class dagger.spi.internal.shaded.androidx.room.compiler.processing.ksp.synthetic.KspSyntheticPropertyMethodElement$Getter$name$2: loaded 2 times (x 75B)
Class dagger.spi.internal.shaded.androidx.room.compiler.processing.ksp.KspTypeElement$_declaredFields$2: loaded 2 times (x 75B)
Class dagger.spi.internal.shaded.androidx.room.compiler.processing.ksp.KspTypeElement$type$2: loaded 2 times (x 75B)
Class dagger.internal.codegen.extension.DaggerStreams                                 : loaded 2 times (x 67B)
Class androidx.room.compiler.processing.ksp.KSAnnotatedExtKt                          : loaded 2 times (x 67B)
Class androidx.room.compiler.processing.ksp.KspTypeElement$type$2                     : loaded 2 times (x 75B)
Class dagger.spi.internal.shaded.androidx.room.compiler.processing.XProcessingEnvConfig$Companion: loaded 2 times (x 67B)
Class dagger.hilt.android.processor.internal.viewmodel.KspViewModelProcessor$Provider : loaded 2 times (x 70B)
Class com.intellij.gradle.toolingExtension.impl.util.collectionUtil.GradleCollections : loaded 2 times (x 67B)
Class com.google.common.cache.CacheLoader$FunctionToCacheLoader                       : loaded 2 times (x 71B)
Class com.google.common.reflect.Types$ParameterizedTypeImpl                           : loaded 2 times (x 77B)
Class kotlin.text.StringsKt__StringsKt$rangesDelimitedBy$2                            : loaded 2 times (x 75B)
Class it.unimi.dsi.fastutil.objects.ReferenceCollection                               : loaded 2 times (x 66B)
Class org.jetbrains.kotlin.storage.StorageManager                                     : loaded 2 times (x 66B)
Class [Lorg.jetbrains.kotlin.psi.KtTypeParameterListOwnerStub;                        : loaded 2 times (x 65B)
Class org.jetbrains.kotlin.psi.KtFunctionNotStubbed                                   : loaded 2 times (x 1221B)
Class org.jetbrains.kotlin.container.ComponentDescriptor                              : loaded 2 times (x 66B)
Class org.jetbrains.kotlin.backend.jvm.extensions.ClassGeneratorExtension$Companion   : loaded 2 times (x 68B)
Class org.jetbrains.kotlin.builtins.StandardNames                                     : loaded 2 times (x 67B)
Class javaslang.Function1                                                             : loaded 2 times (x 66B)
Class org.jetbrains.kotlin.cli.jvm.index.JvmDependenciesIndexImpl$FindClassRequest    : loaded 2 times (x 72B)
Class org.jetbrains.kotlin.load.kotlin.VirtualFileFinder$SERVICE                      : loaded 2 times (x 67B)
Class org.jetbrains.kotlin.load.java.JavaTypeEnhancementState$Companion$DEFAULT$1     : loaded 2 times (x 121B)
Class org.jetbrains.kotlin.psi.KtPsiUtil$2                                            : loaded 2 times (x 300B)
Class org.jetbrains.kotlin.parsing.KotlinExpressionParsing                            : loaded 2 times (x 108B)
Class [Lorg.jetbrains.kotlin.serialization.deserialization.AnnotatedCallableKind;     : loaded 2 times (x 65B)
Class org.jetbrains.kotlin.serialization.deserialization.AbstractAnnotationLoader     : loaded 2 times (x 90B)
Class org.jetbrains.kotlin.resolve.jvm.JvmClassName                                   : loaded 2 times (x 72B)
Class org.jetbrains.kotlin.backend.common.extensions.IrGenerationExtension            : loaded 2 times (x 66B)
Class org.jetbrains.kotlin.ir.linkage.IrDeserializer$IrLinkerExtension                : loaded 2 times (x 66B)
Class org.jetbrains.kotlin.protobuf.AbstractMessageLite$Builder                       : loaded 2 times (x 118B)
Class org.jetbrains.kotlin.protobuf.Internal$EnumLiteMap                              : loaded 2 times (x 66B)
Class org.jetbrains.kotlin.protobuf.GeneratedMessageLite                              : loaded 2 times (x 97B)
Class org.jetbrains.kotlin.cli.common.messages.MessageCollector$Companion             : loaded 2 times (x 67B)
Class org.jetbrains.kotlin.diagnostics.PositioningStrategies$LABEL$1                  : loaded 2 times (x 70B)
Class org.jetbrains.kotlin.psi.KtFunctionType                                         : loaded 2 times (x 515B)
Class org.jetbrains.kotlin.psi.KtConstructor                                          : loaded 2 times (x 1300B)
Class org.jetbrains.kotlin.config.CompilerConfiguration                               : loaded 2 times (x 84B)
Class org.jetbrains.kotlin.metadata.ProtoBuf$MemberKind$1                             : loaded 2 times (x 70B)
Class com.google.common.util.concurrent.AbstractFuture$Trusted                        : loaded 2 times (x 66B)
Class org.gradle.tooling.model.kotlin.dsl.KotlinDslScriptModel                        : loaded 2 times (x 66B)
Class org.gradle.tooling.internal.adapter.CollectionMapper                            : loaded 2 times (x 69B)
Class androidx.room.processor.Context$CommonTypes$SET$2                               : loaded 2 times (x 75B)
Class dagger.internal.codegen.model.Scope                                             : loaded 2 times (x 68B)
Class dagger.internal.codegen.writing.ProducerFactoryGenerator$NoArgFutureTransform   : loaded 2 times (x 74B)
Class dagger.internal.codegen.binding.MultibindingDeclaration$Factory                 : loaded 2 times (x 68B)
Class dagger.internal.codegen.validation.BindsInstanceMethodValidator                 : loaded 2 times (x 74B)
Class dagger.internal.codegen.processingstep.InjectProcessingStep                     : loaded 2 times (x 82B)
Class dagger.internal.codegen.writing.FactoryGenerator                                : loaded 2 times (x 73B)
Class dagger.internal.codegen.binding.ContributionBinding$Builder                     : loaded 2 times (x 79B)
Class dagger.internal.codegen.validation.BindingGraphValidator_Factory                : loaded 2 times (x 75B)
Class dagger.internal.codegen.binding.BindingGraphFactory_Factory                     : loaded 2 times (x 75B)
Class [Ldagger.spi.internal.shaded.androidx.room.compiler.processing.XFiler$Mode;     : loaded 2 times (x 65B)
Class dagger.spi.internal.shaded.androidx.room.compiler.processing.XFiler$Mode        : loaded 2 times (x 75B)
Class dagger.spi.internal.shaded.androidx.room.compiler.processing.ksp.KspAnnotationValueKt: loaded 2 times (x 67B)
Class dagger.spi.internal.shaded.androidx.room.compiler.processing.ksp.KspTypeElement$allFieldsIncludingPrivateSupers$1: loaded 2 times (x 75B)
Class dagger.spi.internal.shaded.androidx.room.compiler.processing.ksp.KspRoundEnv    : loaded 2 times (x 73B)
Class it.unimi.dsi.fastutil.longs.LongSet                                             : loaded 2 times (x 66B)
Class org.jetbrains.kotlin.metadata.jvm.JvmProtoBuf$StringTableTypes$RecordOrBuilder  : loaded 2 times (x 66B)
Class org.jetbrains.kotlin.load.java.structure.impl.JavaModifierListOwnerImpl         : loaded 2 times (x 66B)
Class [Lkotlin.annotation.AnnotationTarget;                                           : loaded 2 times (x 65B)
Class org.jetbrains.kotlin.idea.gradleTooling.reflect.ParameterList$Companion         : loaded 2 times (x 67B)
Class com.google.common.collect.LinkedHashMultimap$ValueSet                           : loaded 2 times (x 138B)
Class org.jetbrains.kotlin.idea.gradleTooling.KotlinTaskPropertiesImpl                : loaded 2 times (x 74B)
Class org.jetbrains.plugins.gradle.tooling.serialization.GradleExtensionsSerializationService$3: loaded 2 times (x 72B)
Class com.android.ide.gradle.model.dependencies.DeclaredDependenciesImpl              : loaded 2 times (x 71B)
Class com.android.ide.gradle.model.composites.BuildMapImpl                            : loaded 2 times (x 71B)
Class org.jetbrains.kotlin.utils.DFS$AbstractNodeHandler                              : loaded 2 times (x 75B)
Class dagger.spi.internal.shaded.androidx.room.compiler.processing.ksp.KspBasicAnnotationProcessor$DelegateLogger: loaded 2 times (x 75B)
Class org.jetbrains.kotlin.load.kotlin.KotlinJvmBinaryClass                           : loaded 2 times (x 66B)
Class org.jetbrains.kotlin.descriptors.Visibilities$Unknown                           : loaded 2 times (x 75B)
Class org.jetbrains.kotlin.load.java.AnnotationQualifierApplicabilityType             : loaded 2 times (x 75B)
Class org.jetbrains.kotlin.serialization.deserialization.ClassDeserializer$Companion  : loaded 2 times (x 67B)
Class org.jetbrains.kotlin.asJava.KotlinAsJavaSupport                                 : loaded 2 times (x 85B)
Class org.jetbrains.kotlin.metadata.jvm.JvmModuleProtoBuf$ModuleOrBuilder             : loaded 2 times (x 66B)
Class org.jetbrains.kotlin.protobuf.Parser                                            : loaded 2 times (x 66B)
Class org.jetbrains.kotlin.config.KotlinCompilerVersion                               : loaded 2 times (x 67B)
Class org.jetbrains.kotlin.resolve.checkers.ClassifierUsageCheckerContext             : loaded 2 times (x 74B)
Class org.jetbrains.kotlin.resolve.checkers.ReservedMembersAndConstructsForValueClass$Companion: loaded 2 times (x 67B)
Class [Lorg.jetbrains.kotlin.config.LanguageFeature$Kind;                             : loaded 2 times (x 65B)
Class org.jetbrains.kotlin.config.LanguageFeature$Kind                                : loaded 2 times (x 75B)
Class org.jetbrains.kotlin.diagnostics.PositioningStrategies$CALL_ELEMENT$1           : loaded 2 times (x 70B)
Class org.jetbrains.kotlin.psi.KtWhenConditionInRange                                 : loaded 2 times (x 378B)
Class org.jetbrains.kotlin.psi.KtContainerNode                                        : loaded 2 times (x 375B)
Class org.jetbrains.kotlin.psi.stubs.KotlinImportDirectiveStub                        : loaded 2 times (x 66B)
Class org.jetbrains.kotlin.psi.KtBackingField                                         : loaded 2 times (x 804B)
Class org.jetbrains.kotlin.psi.KtExpressionCodeFragmentType                           : loaded 2 times (x 80B)
Class org.jetbrains.kotlin.psi.stubs.elements.KtObjectElementType                     : loaded 2 times (x 94B)
Class org.jetbrains.kotlin.resolve.PlatformDependentAnalyzerServices                  : loaded 2 times (x 73B)
Class org.jetbrains.kotlin.cli.jvm.compiler.MockInferredAnnotationsManager            : loaded 2 times (x 70B)
Class kotlin.text.DelimitedRangesSequence$iterator$1                                  : loaded 2 times (x 75B)
Class it.unimi.dsi.fastutil.Function                                                  : loaded 2 times (x 66B)
Class [Lcom.android.builder.model.v2.ide.LibraryType;                                 : loaded 2 times (x 65B)
Class com.android.builder.model.v2.ide.LibraryType                                    : loaded 2 times (x 75B)
Class com.google.common.util.concurrent.UncheckedExecutionException                   : loaded 2 times (x 78B)
Class com.android.ide.gradle.model.ArtifactIdentifierImpl                             : loaded 2 times (x 73B)
Class dagger.internal.codegen.base.SourceFileHjarGenerator                            : loaded 2 times (x 73B)
Class dagger.internal.codegen.validation.ComponentHierarchyValidator_Factory          : loaded 2 times (x 75B)
Class dagger.internal.codegen.binding.BindingGraphFactory                             : loaded 2 times (x 71B)
Class dagger.internal.codegen.writing.MembersInjectorGenerator                        : loaded 2 times (x 73B)
Class dagger.internal.codegen.binding.ProvisionBinding$Builder                        : loaded 2 times (x 84B)
Class dagger.internal.codegen.base.ClearableCache                                     : loaded 2 times (x 66B)
Class dagger.internal.codegen.binding.MonitoringModules_Factory$InstanceHolder        : loaded 2 times (x 67B)
Class dagger.internal.codegen.base.DaggerSuperficialValidation_Factory                : loaded 2 times (x 75B)
Class dagger.spi.internal.shaded.androidx.room.compiler.processing.XAnnotationValue   : loaded 2 times (x 66B)
Class androidx.room.compiler.processing.XAnnotationValue                              : loaded 2 times (x 66B)
Class androidx.room.compiler.processing.ksp.KSTypeVarianceResolverScope$PropertyType  : loaded 2 times (x 70B)
Class [Landroidx.room.compiler.processing.XEquality;                                  : loaded 2 times (x 65B)
Class androidx.room.compiler.processing.ksp.KspFieldElement$enclosingElement$2        : loaded 2 times (x 75B)
Class androidx.room.compiler.processing.ksp.KspAnnotated$Companion                    : loaded 2 times (x 67B)
Class androidx.room.compiler.processing.ksp.KspHasModifiers$ClassDeclaration          : loaded 2 times (x 88B)
Class dagger.hilt.processor.internal.aliasof.KspAliasOfProcessor                      : loaded 2 times (x 85B)
Class dagger.spi.internal.shaded.androidx.room.compiler.processing.XFiler             : loaded 2 times (x 66B)
Class org.jetbrains.kotlin.idea.gradleTooling.reflect.ReflectionReceiver$Static       : loaded 2 times (x 73B)
Class androidx.room.compiler.processing.ksp.KspTypeElement$allMethods$1               : loaded 2 times (x 75B)
Class dagger.spi.internal.shaded.androidx.room.compiler.processing.ksp.KspRoundEnv$WhenMappings: loaded 2 times (x 67B)
Class dagger.spi.internal.shaded.androidx.room.compiler.processing.XTypeElement       : loaded 2 times (x 66B)
Class dagger.internal.codegen.xprocessing.XElements                                   : loaded 2 times (x 67B)
Class dagger.hilt.processor.internal.root.ir.InvalidRootsException                    : loaded 2 times (x 78B)
Class dagger.spi.internal.shaded.androidx.room.compiler.processing.ksp.KspFileMemberContainer$className$2: loaded 2 times (x 75B)
Class javaslang.λ                                                                    : loaded 2 times (x 66B)
Class kotlin.jvm.internal.Ref$IntRef                                                  : loaded 2 times (x 67B)
Class org.jetbrains.kotlin.load.kotlin.AbstractBinaryClassAnnotationLoaderKt          : loaded 2 times (x 67B)
Class [Lorg.jetbrains.kotlin.metadata.ProtoBuf$VersionRequirement$Level;              : loaded 2 times (x 65B)
Class org.jetbrains.kotlin.load.kotlin.KotlinClassFinder$Result                       : loaded 2 times (x 67B)
Class org.jetbrains.kotlin.load.java.JavaClassFinder$Request                          : loaded 2 times (x 68B)
Class org.jetbrains.kotlin.load.java.JavaNullabilityAnnotationsStatus                 : loaded 2 times (x 68B)
Class it.unimi.dsi.fastutil.objects.ObjectArrays$ForkJoinQuickSortComp                : loaded 2 times (x 92B)
Class kotlin.io.FileTreeWalk$FileTreeWalkIterator$WhenMappings                        : loaded 2 times (x 67B)
Class org.jetbrains.kotlin.types.TypeAttributeTranslator                              : loaded 2 times (x 66B)
Class org.jetbrains.kotlin.load.java.structure.JavaClass                              : loaded 2 times (x 66B)
Class org.jetbrains.kotlin.protobuf.WireFormat$JavaType                               : loaded 2 times (x 75B)
Class org.jetbrains.kotlin.psi.KtFile$Companion                                       : loaded 2 times (x 67B)
Class org.jetbrains.kotlin.resolve.checkers.SubtypingBetweenContextReceiversChecker   : loaded 2 times (x 70B)
Class org.jetbrains.kotlin.resolve.checkers.MissingDependencySupertypeChecker$ForDeclarations: loaded 2 times (x 70B)
Class org.jetbrains.kotlin.psi.stubs.KotlinClassifierStub                             : loaded 2 times (x 66B)
Class org.jetbrains.kotlin.psi.stubs.elements.KtStubElementType                       : loaded 2 times (x 90B)
Class org.jetbrains.kotlin.resolve.jvm.checkers.JvmNameAnnotationChecker              : loaded 2 times (x 70B)
Class org.jetbrains.kotlin.platform.jvm.JvmPlatforms                                  : loaded 2 times (x 67B)
Class org.jetbrains.kotlin.parsing.KotlinParserDefinition$Companion                   : loaded 2 times (x 67B)
Class dagger.internal.codegen.binding.KeyFactory                                      : loaded 2 times (x 68B)
Class org.gradle.tooling.internal.adapter.ProtocolToModelAdapter                      : loaded 2 times (x 76B)
Class org.gradle.internal.InternalTransformer                                         : loaded 2 times (x 66B)
Class androidx.room.processor.Context$Companion                                       : loaded 2 times (x 67B)
Class androidx.room.compiler.processing.ksp.KspExecutableElement$thrownTypes$2        : loaded 2 times (x 75B)
Class dagger.internal.codegen.writing.ModuleProxies_ModuleConstructorProxyGenerator_Factory: loaded 2 times (x 75B)
Class dagger.internal.codegen.processingstep.AssistedFactoryProcessingStep_Factory    : loaded 2 times (x 75B)
Class dagger.internal.codegen.validation.ComponentCreatorValidator_Factory            : loaded 2 times (x 75B)
Class dagger.internal.codegen.binding.MonitoringModules_Factory                       : loaded 2 times (x 74B)
Class dagger.internal.codegen.binding.InjectionAnnotations_Factory                    : loaded 2 times (x 75B)
Class dagger.internal.Factory                                                         : loaded 2 times (x 66B)
Class dagger.hilt.processor.internal.definecomponent.AutoValue_DefineComponentMetadatas_DefineComponentMetadata: loaded 2 times (x 72B)
Class com.squareup.kotlinpoet.Annotatable                                             : loaded 2 times (x 66B)
Class androidx.room.compiler.processing.ksp.KspAnnotationValue$value$2                : loaded 2 times (x 75B)
Class androidx.room.compiler.processing.InternalXAnnotationValue$Companion            : loaded 2 times (x 67B)
Class androidx.room.compiler.processing.ksp.KspType$typeName$2                        : loaded 2 times (x 75B)
Class androidx.room.compiler.processing.ksp.KspTypeElement$getEnclosedTypeElements$2  : loaded 2 times (x 75B)
Class com.android.ide.gradle.model.artifacts.impl.AdditionalClassifierArtifactsModelImpl: loaded 2 times (x 72B)
Class org.jetbrains.plugins.gradle.model.DefaultDependencyAccessorsModel              : loaded 2 times (x 72B)
Class org.sqlite.jdbc3.JDBC3Connection                                                : loaded 2 times (x 219B)
Class org.gradle.internal.classloader.InstrumentingClassLoader                        : loaded 2 times (x 66B)
Class org.jetbrains.kotlin.load.java.structure.JavaAnnotationAsAnnotationArgument     : loaded 2 times (x 66B)
Class org.jetbrains.kotlin.load.java.structure.impl.classFiles.BinaryJavaAnnotation$Companion: loaded 2 times (x 67B)
Class org.jetbrains.kotlin.load.java.structure.impl.classFiles.BinaryJavaAnnotation   : loaded 2 times (x 78B)
Class org.jetbrains.kotlin.load.java.SpecialGenericSignatures$TypeSafeBarrierDescription$MAP_GET_OR_DEFAULT: loaded 2 times (x 76B)
Class org.gradle.internal.classpath.TransformedClassPath                              : loaded 2 times (x 92B)
Class com.google.common.collect.ImmutableBiMap$Builder                                : loaded 2 times (x 76B)
Class kotlin.DeprecationLevel                                                         : loaded 2 times (x 75B)
Class org.jetbrains.kotlin.resolve.jvm.KotlinJavaPsiFacade$CliFinder                  : loaded 2 times (x 80B)
Class org.jetbrains.kotlin.psi.KtPsiFactoryKt                                         : loaded 2 times (x 67B)
Class org.jetbrains.kotlin.descriptors.Visibilities$PrivateToThis                     : loaded 2 times (x 75B)
Class org.jetbrains.kotlin.load.java.NullabilityAnnotationStatesImpl                  : loaded 2 times (x 71B)
Class it.unimi.dsi.fastutil.objects.ObjectArrays$ForkJoinQuickSort                    : loaded 2 times (x 92B)
Class org.jetbrains.kotlin.serialization.deserialization.ProtoBasedClassDataFinder    : loaded 2 times (x 71B)
Class org.jetbrains.kotlin.metadata.ProtoBuf$Annotation$Argument$Value$Builder        : loaded 2 times (x 150B)
Class org.jetbrains.kotlin.protobuf.SmallSortedMap$1                                  : loaded 2 times (x 126B)
Class org.jetbrains.kotlin.config.AnalysisFlags$libraryToSourceAnalysis$2             : loaded 2 times (x 123B)
Class org.jetbrains.kotlin.config.AnalysisFlags$skipPrereleaseCheck$2                 : loaded 2 times (x 123B)
Class org.jetbrains.kotlin.load.kotlin.KotlinClassFinder                              : loaded 2 times (x 66B)
Class kotlin.collections.builders.SetBuilder$Companion                                : loaded 2 times (x 67B)
Class kotlin.jvm.JvmStatic                                                            : loaded 2 times (x 66B)
Class org.jetbrains.kotlin.types.DynamicTypesSettings                                 : loaded 2 times (x 68B)
Class org.jetbrains.kotlin.resolve.calls.checkers.CompanionIncorrectlyUnboundedWhenUsedAsLHSCallChecker: loaded 2 times (x 70B)
Class org.jetbrains.kotlin.resolve.checkers.PrimitiveNumericComparisonCallChecker     : loaded 2 times (x 70B)
Class org.jetbrains.kotlin.resolve.calls.checkers.UnsupportedUntilRangeDeclarationChecker: loaded 2 times (x 70B)
Class org.jetbrains.kotlin.diagnostics.PositioningStrategies$CUT_CHAR_QUOTES$1        : loaded 2 times (x 70B)
Class org.jetbrains.kotlin.diagnostics.PositioningStrategies$PROPERTY_DELEGATE$1      : loaded 2 times (x 71B)
Class com.google.common.cache.CacheBuilder$NullListener                               : loaded 2 times (x 78B)
Class it.unimi.dsi.fastutil.ints.Int2ObjectFunction                                   : loaded 2 times (x 66B)
Class org.objectweb.asm.FieldWriter                                                   : loaded 2 times (x 74B)
Class com.google.common.collect.AbstractMapBasedMultimap$KeySet$1                     : loaded 2 times (x 78B)
Class com.android.builder.model.v2.ide.AndroidGradlePluginProjectFlags$BooleanFlag    : loaded 2 times (x 75B)
Class org.objectweb.asm.ClassWriter                                                   : loaded 2 times (x 102B)
Class com.google.common.cache.CacheLoader$UnsupportedLoadingOperationException        : loaded 2 times (x 78B)
Class org.gradle.internal.time.DefaultTimer                                           : loaded 2 times (x 76B)
Class org.gradle.internal.classloader.ClasspathUtil$1                                 : loaded 2 times (x 72B)
Class com.google.common.reflect.Invokable                                             : loaded 2 times (x 99B)
Class kotlin._Assertions                                                              : loaded 2 times (x 67B)
Class dagger.internal.codegen.javapoet.AnnotationSpecs$Suppression                    : loaded 2 times (x 75B)
Class dagger.internal.codegen.model.AutoValue_DependencyRequest                       : loaded 2 times (x 72B)
Class dagger.spi.internal.shaded.androidx.room.compiler.processing.XConstructorType   : loaded 2 times (x 66B)
Class dagger.internal.codegen.processingstep.BindingMethodProcessingStep              : loaded 2 times (x 82B)
Class com.squareup.javapoet.JavaFile$Builder                                          : loaded 2 times (x 68B)
Class dagger.spi.internal.shaded.androidx.room.compiler.processing.ksp.synthetic.KspSyntheticPropertyMethodElement$jvmName$2: loaded 2 times (x 75B)
Class dagger.spi.internal.shaded.androidx.room.compiler.processing.InternalXAnnotation$valuesByName$2: loaded 2 times (x 75B)
Class dagger.spi.internal.shaded.androidx.room.compiler.processing.ksp.KspAnnotated$getAllAnnotations$1: loaded 2 times (x 75B)
Class dagger.spi.internal.shaded.androidx.room.compiler.processing.ksp.KspTypeElement$packageElement$2: loaded 2 times (x 75B)
Class androidx.room.compiler.processing.ksp.KspFieldElement                           : loaded 2 times (x 197B)
Class androidx.room.compiler.processing.ksp.KspType                                   : loaded 2 times (x 184B)
Class androidx.room.compiler.processing.ksp.KspTypeElement$_declaredFields$2          : loaded 2 times (x 75B)
Class androidx.room.compiler.processing.XAnnotated                                    : loaded 2 times (x 66B)
Class dagger.hilt.processor.internal.originatingelement.KspOriginatingElementProcessor: loaded 2 times (x 85B)
Class [Landroidx.room.compiler.processing.XProcessingEnv$Backend;                     : loaded 2 times (x 65B)
Class org.jetbrains.kotlin.psi.KtTypeParameter                                        : loaded 2 times (x 929B)
Class org.jetbrains.kotlin.idea.gradleTooling.reflect.KotlinAndroidSourceSetInfoReflection: loaded 2 times (x 66B)
Class org.jetbrains.kotlin.psi.KtDeclarationModifierList                              : loaded 2 times (x 512B)
Class [Lorg.jetbrains.kotlin.psi.KtModifierList;                                      : loaded 2 times (x 65B)
Class org.jetbrains.kotlin.types.TypeCheckerState$SupertypesPolicy                    : loaded 2 times (x 68B)
Class org.jetbrains.kotlin.load.java.structure.JavaField                              : loaded 2 times (x 66B)
Class org.jetbrains.kotlin.metadata.ProtoBuf$Effect$EffectType$1                      : loaded 2 times (x 70B)
Class org.jetbrains.kotlin.metadata.ProtoBuf$EffectOrBuilder                          : loaded 2 times (x 66B)
Class org.jetbrains.kotlin.incremental.components.Position                            : loaded 2 times (x 67B)
Class org.jetbrains.kotlin.resolve.jvm.TopPackageNamesProvider                        : loaded 2 times (x 66B)
Class org.jetbrains.kotlin.descriptors.Modality                                       : loaded 2 times (x 75B)
Class [Lorg.jetbrains.kotlin.extensions.PreprocessedVirtualFileFactoryExtension;      : loaded 2 times (x 65B)
Class org.jetbrains.kotlin.metadata.jvm.deserialization.PackageParts                  : loaded 2 times (x 68B)
Class org.jetbrains.kotlin.protobuf.BoundedByteString                                 : loaded 2 times (x 108B)
Class org.jetbrains.kotlin.config.AnalysisFlags                                       : loaded 2 times (x 67B)
Class org.jetbrains.kotlin.load.kotlin.JvmPackagePartProviderBase$Companion           : loaded 2 times (x 67B)
Class org.jetbrains.kotlin.cli.jvm.index.JavaRoot$RootType                            : loaded 2 times (x 75B)
Class kotlin.collections.builders.ListBuilderKt                                       : loaded 2 times (x 67B)
Class org.jetbrains.kotlin.resolve.calls.results.TypeSpecificityComparator            : loaded 2 times (x 66B)
Class org.jetbrains.kotlin.diagnostics.PositioningStrategies$WHOLE_ELEMENT$1          : loaded 2 times (x 70B)
Class org.jetbrains.kotlin.psi.KtPrefixExpression                                     : loaded 2 times (x 507B)
Class [Lorg.jetbrains.kotlin.psi.KtBlockStringTemplateEntry;                          : loaded 2 times (x 65B)
Class org.jetbrains.kotlin.types.model.KotlinTypeMarker                               : loaded 2 times (x 66B)
Class org.jetbrains.kotlin.psi.KtDeclarationWithInitializer                           : loaded 2 times (x 66B)
Class org.jetbrains.kotlin.psi.KtElementImplStub                                      : loaded 2 times (x 442B)
Class org.jetbrains.kotlin.storage.NullableLazyValue                                  : loaded 2 times (x 66B)
Class org.jetbrains.kotlin.psi.stubs.KotlinValueArgumentStub                          : loaded 2 times (x 66B)
Class org.jetbrains.kotlin.psi.KtScript                                               : loaded 2 times (x 931B)
Class org.jetbrains.kotlin.diagnostics.PositioningStrategies$PARAMETER_VARARG_MODIFIER$1: loaded 2 times (x 70B)
Class com.google.common.base.Objects                                                  : loaded 2 times (x 67B)
Class org.objectweb.asm.FieldVisitor                                                  : loaded 2 times (x 73B)
Class org.gradle.tooling.internal.adapter.ProtocolToModelAdapter$ViewKey              : loaded 2 times (x 68B)
Class org.gradle.api.internal.classpath.DefaultModuleRegistry$DefaultModule           : loaded 2 times (x 82B)
Class org.jetbrains.kotlin.diagnostics.PositioningStrategies$FUN_INTERFACE$1          : loaded 2 times (x 70B)
Class [Lorg.jetbrains.kotlin.config.LanguageFeature;                                  : loaded 2 times (x 65B)
Class org.sqlite.util.ProcessRunner                                                   : loaded 2 times (x 69B)
Class androidx.room.compiler.processing.ksp.KspMethodElement                          : loaded 2 times (x 268B)
Class dagger.internal.codegen.binding.InjectionSiteFactory$InjectionSiteVisitor       : loaded 2 times (x 68B)
Class dagger.internal.codegen.model.BindingGraph$MaybeBinding                         : loaded 2 times (x 66B)
Class dagger.internal.codegen.validation.BindsOptionalOfMethodValidator$Validator     : loaded 2 times (x 76B)
Class dagger.internal.codegen.ServiceLoaders                                          : loaded 2 times (x 67B)
Class dagger.hilt.processor.internal.AutoValue_ProcessorErrorHandler_HiltError        : loaded 2 times (x 70B)
Class dagger.spi.internal.shaded.androidx.room.compiler.processing.ksp.KspHasModifiers$PropertyField: loaded 2 times (x 88B)
Class dagger.spi.internal.shaded.androidx.room.compiler.processing.ksp.KspAnnotated$getAllAnnotations$2: loaded 2 times (x 74B)
Class androidx.room.compiler.processing.ksp.KspTypeMapper                             : loaded 2 times (x 67B)
Class androidx.room.compiler.processing.ksp.KspTypeElement$xClassName$2               : loaded 2 times (x 75B)
Class dagger.hilt.android.processor.internal.androidentrypoint.KspAndroidEntryPointProcessor: loaded 2 times (x 85B)
Class org.jetbrains.kotlin.idea.gradleTooling.reflect.ReflectionReceiver$Instance     : loaded 2 times (x 73B)
Class org.jetbrains.kotlin.idea.gradleTooling.reflect.KotlinMultiplatformImportReflectionImpl: loaded 2 times (x 72B)
Class org.jetbrains.kotlin.idea.gradleTooling.ResolveCompilerArgumentsKt              : loaded 2 times (x 67B)
Class org.jetbrains.plugins.gradle.tooling.internal.DefaultRepositoryModels           : loaded 2 times (x 72B)
Class org.jetbrains.kotlin.idea.gradleTooling.reflect.ReflectionLogger                : loaded 2 times (x 66B)
Class org.jetbrains.kotlin.resolve.jvm.platform.JavaGenericVarianceViolationTypeChecker: loaded 2 times (x 72B)
Class kotlin.sequences.SequencesKt__SequencesKt$generateSequence$2                    : loaded 2 times (x 75B)
Class org.jetbrains.kotlin.resolve.jvm.modules.JavaModule$Root                        : loaded 2 times (x 68B)
Class org.jetbrains.kotlin.load.java.structure.impl.classFiles.ClassifierResolutionContext: loaded 2 times (x 68B)
Class org.jetbrains.kotlin.resolve.calls.inference.model.NewConstraintSystemImpl$TransactionState: loaded 2 times (x 70B)
Class org.jetbrains.kotlin.types.model.CapturedTypeConstructorMarker                  : loaded 2 times (x 66B)
Class [Lorg.jetbrains.kotlin.resolve.calls.tasks.ExplicitReceiverKind;                : loaded 2 times (x 65B)
Class org.jetbrains.kotlin.metadata.jvm.deserialization.JvmNameResolverKt             : loaded 2 times (x 67B)
Class org.jetbrains.kotlin.descriptors.Visibilities$InvisibleFake                     : loaded 2 times (x 75B)
Class org.jetbrains.kotlin.parsing.KotlinParsing$DeclarationParsingMode               : loaded 2 times (x 75B)
Class org.jetbrains.kotlin.metadata.deserialization.NameResolverImpl$WhenMappings     : loaded 2 times (x 67B)
Class org.jetbrains.kotlin.asJava.classes.ImplUtilsKt                                 : loaded 2 times (x 67B)
Class org.jetbrains.kotlin.resolve.extensions.ExtraImportsProviderExtension$Companion : loaded 2 times (x 68B)
Class org.jetbrains.kotlin.protobuf.UninitializedMessageException                     : loaded 2 times (x 80B)
Class org.jetbrains.kotlin.metadata.ProtoBuf$TypeParameter$Variance                   : loaded 2 times (x 78B)
Class org.jetbrains.kotlin.metadata.ProtoBuf$Annotation$Argument$Value$1              : loaded 2 times (x 140B)
Class [Lorg.jetbrains.kotlin.serialization.deserialization.descriptors.DeserializedContainerAbiStability;: loaded 2 times (x 65B)
Class org.jetbrains.kotlin.name.ClassId                                               : loaded 2 times (x 68B)
Class org.jetbrains.kotlin.resolve.jvm.checkers.FileClassAnnotationsChecker           : loaded 2 times (x 70B)
Class org.jetbrains.kotlin.psi.KtOperationExpression                                  : loaded 2 times (x 66B)
Class org.jetbrains.kotlin.psi.KtDestructuringDeclarationEntry                        : loaded 2 times (x 1263B)
Class [Lorg.jetbrains.kotlin.psi.KtSuperTypeEntry;                                    : loaded 2 times (x 65B)
Class [Lorg.jetbrains.kotlin.psi.KtSimpleNameExpression;                              : loaded 2 times (x 65B)
Class org.jetbrains.kotlin.psi.KtTypeConstraint                                       : loaded 2 times (x 576B)
Class org.jetbrains.kotlin.psi.stubs.elements.KtScriptElementType                     : loaded 2 times (x 90B)
Class org.jetbrains.kotlin.diagnostics.PositioningStrategies$DEFAULT$1                : loaded 2 times (x 70B)
Class org.jetbrains.kotlin.storage.SimpleLock                                         : loaded 2 times (x 66B)
Class org.jetbrains.kotlin.platform.jvm.JvmPlatform                                   : loaded 2 times (x 71B)
Class com.google.common.reflect.Reflection                                            : loaded 2 times (x 67B)
Class com.android.builder.model.v2.CustomSourceDirectory                              : loaded 2 times (x 66B)
Class com.google.common.primitives.Ints                                               : loaded 2 times (x 67B)
Class org.gradle.tooling.internal.adapter.ProtocolToModelAdapter$PropertyCachingMethodInvoker: loaded 2 times (x 72B)
Class org.jetbrains.kotlin.types.TypeSystemCommonBackendContext                       : loaded 2 times (x 66B)
Class androidx.room.processor.Context$CommonTypes$STRING$2                            : loaded 2 times (x 75B)
Class dagger.internal.codegen.writing.InjectionMethods$InjectionSiteMethod            : loaded 2 times (x 67B)
Class com.squareup.javapoet.MethodSpec$Builder                                        : loaded 2 times (x 68B)
Class dagger.internal.codegen.validation.BindingMethodValidator$Abstractness          : loaded 2 times (x 75B)
Class dagger.internal.codegen.ProcessingEnvironmentModule_MessagerFactory             : loaded 2 times (x 75B)
Class dagger.spi.internal.shaded.androidx.room.compiler.processing.ksp.KspAnnotationBox: loaded 2 times (x 75B)
Class dagger.spi.internal.shaded.androidx.room.compiler.processing.ksp.KSTypeKotlinPoetExtKt$typeVarNameFactoryMethod$2: loaded 2 times (x 74B)
Class dagger.spi.internal.shaded.androidx.room.compiler.processing.CommonProcessorDelegate$processRound$currentElementsDeferredByStep$1$previousRoundDeferredElementsByAnnotation$1: loaded 2 times (x 74B)
Class androidx.room.compiler.processing.ksp.synthetic.KspSyntheticPropertyMethodElement$closestMemberContainer$2: loaded 2 times (x 75B)
Class [Landroidx.room.compiler.processing.XElement;                                   : loaded 2 times (x 65B)
Class androidx.room.compiler.processing.XTypeElement                                  : loaded 2 times (x 66B)
Class dagger.hilt.processor.internal.BaseProcessingStep                               : loaded 2 times (x 83B)
Class kotlin.sequences.SequencesKt___SequencesJvmKt$filterIsInstance$1                : loaded 2 times (x 75B)
Class org.jetbrains.kotlin.resolve.calls.inference.model.NewConstraintError           : loaded 2 times (x 73B)
Class org.jetbrains.kotlin.idea.gradleTooling.reflect.ParameterList                   : loaded 2 times (x 169B)
Class org.jetbrains.plugins.gradle.tooling.serialization.GradleExtensionsSerializationService$2: loaded 2 times (x 72B)
Class jdk.internal.jimage.ImageReader$LinkNode                                        : loaded 2 times (x 80B)
Class dagger.spi.internal.shaded.androidx.room.compiler.processing.ksp.KspProcessingEnv$arrayTypeFactory$2: loaded 2 times (x 75B)
Class dagger.hilt.android.processor.internal.bindvalue.KspBindValueProcessor          : loaded 2 times (x 85B)
Class androidx.room.compiler.processing.ksp.KspAnnotation                             : loaded 2 times (x 135B)
Class dagger.spi.internal.shaded.androidx.room.compiler.processing.ksp.KspTypeElement$qualifiedName$2: loaded 2 times (x 75B)
Class dagger.spi.internal.shaded.androidx.room.compiler.processing.ksp.KspArrayType$Companion: loaded 2 times (x 67B)
Class dagger.internal.codegen.validation.InjectBindingRegistryImpl_Factory            : loaded 2 times (x 75B)
Class org.jetbrains.kotlin.load.java.typeEnhancement.SignatureEnhancementBuilder      : loaded 2 times (x 68B)
Class org.jetbrains.kotlin.load.java.structure.JavaValueParameter                     : loaded 2 times (x 66B)
Class [Lorg.jetbrains.kotlin.metadata.ProtoBuf$Effect$InvocationKind;                 : loaded 2 times (x 65B)
Class org.jetbrains.org.objectweb.asm.FieldVisitor                                    : loaded 2 times (x 72B)
Class org.jetbrains.kotlin.metadata.ProtoBuf$VersionRequirement$VersionKind           : loaded 2 times (x 78B)
Class org.jetbrains.kotlin.metadata.jvm.JvmProtoBuf$StringTableTypes$Record$Operation$1: loaded 2 times (x 70B)
Class kotlin.collections.IndexingIterable                                             : loaded 2 times (x 75B)
Class [Lorg.jetbrains.kotlin.parsing.KotlinParsing$NameParsingMode;                   : loaded 2 times (x 65B)
Class org.jetbrains.kotlin.builtins.functions.FunctionTypeKind$SuspendFunction        : loaded 2 times (x 72B)
Class org.jetbrains.kotlin.builtins.functions.FunctionTypeKind                        : loaded 2 times (x 72B)
Class org.jetbrains.kotlin.serialization.deserialization.AnnotatedCallableKind        : loaded 2 times (x 75B)
Class org.jetbrains.kotlin.metadata.ProtoBuf$Visibility$1                             : loaded 2 times (x 70B)
Class org.jetbrains.kotlin.serialization.deserialization.ClassDataFinder              : loaded 2 times (x 66B)
Class org.jetbrains.kotlin.resolve.jvm.extensions.PackageFragmentProviderExtension$Companion: loaded 2 times (x 68B)
Class org.jetbrains.kotlin.resolve.jvm.extensions.PackageFragmentProviderExtension    : loaded 2 times (x 66B)
Class org.jetbrains.kotlin.load.java.structure.impl.source.JavaElementSourceFactory   : loaded 2 times (x 75B)
Class org.jetbrains.kotlin.protobuf.GeneratedMessageLite$ExtensionDescriptor          : loaded 2 times (x 80B)
Class org.jetbrains.kotlin.protobuf.InvalidProtocolBufferException                    : loaded 2 times (x 80B)
Class org.jetbrains.kotlin.metadata.deserialization.NameResolver                      : loaded 2 times (x 66B)
Class dagger.internal.codegen.validation.BindingElementValidator$AllowsMultibindings  : loaded 2 times (x 75B)
Class org.jetbrains.kotlin.descriptors.Named                                          : loaded 2 times (x 66B)
Class dagger.internal.codegen.processingstep.BindsInstanceProcessingStep              : loaded 2 times (x 82B)
Class org.jetbrains.kotlin.diagnostics.PositioningStrategies$SAFE_ACCESS$1            : loaded 2 times (x 70B)
Class org.jetbrains.kotlin.psi.KtContextReceiverList                                  : loaded 2 times (x 442B)
Class [Lorg.jetbrains.kotlin.psi.KtPureClassOrObject;                                 : loaded 2 times (x 65B)
Class [Lorg.jetbrains.kotlin.psi.KtDeclaration;                                       : loaded 2 times (x 65B)
Class org.jetbrains.kotlin.psi.stubs.elements.KtContextReceiverElementType            : loaded 2 times (x 90B)
Class org.jetbrains.kotlin.resolve.jvm.checkers.SuspendInFunInterfaceChecker          : loaded 2 times (x 70B)
Class org.jetbrains.kotlin.resolve.jvm.checkers.JvmInlineApplicabilityChecker         : loaded 2 times (x 70B)
Class org.jetbrains.kotlin.resolve.DefaultImportProvider$DefaultImportsKey            : loaded 2 times (x 67B)
Class org.jetbrains.kotlin.platform.TargetPlatform                                    : loaded 2 times (x 115B)
Class it.unimi.dsi.fastutil.objects.ReferenceOpenHashSet                              : loaded 2 times (x 180B)
Class dagger.spi.model.DiagnosticReporter                                             : loaded 2 times (x 71B)
Class org.jetbrains.kotlin.cli.jvm.compiler.CompatKt                                  : loaded 2 times (x 67B)
Class com.android.builder.model.v2.models.ProjectSyncIssues                           : loaded 2 times (x 66B)
Class org.gradle.internal.time.DefaultCountdownTimer                                  : loaded 2 times (x 84B)
Class dagger.internal.codegen.binding.$AutoValue_ProvisionBinding$Builder             : loaded 2 times (x 99B)
Class [Ldagger.internal.codegen.model.DependencyRequest;                              : loaded 2 times (x 65B)
Class dagger.spi.internal.shaded.androidx.room.compiler.processing.ksp.KspExecutableParameterElement: loaded 2 times (x 184B)
Class dagger.internal.codegen.binding.$AutoValue_DelegateDeclaration                  : loaded 2 times (x 79B)
Class dagger.internal.codegen.bindinggraphvalidation.MapMultibindingValidator_Factory : loaded 2 times (x 75B)
Class dagger.spi.internal.shaded.androidx.room.compiler.processing.ksp.KspAnnotated$UseSiteFilter$Companion$WhenMappings: loaded 2 times (x 67B)
Class dagger.spi.internal.shaded.androidx.room.compiler.processing.ksp.TypeResolutionContext: loaded 2 times (x 68B)
Class com.squareup.kotlinpoet.Dynamic                                                 : loaded 2 times (x 82B)
Class dagger.internal.codegen.xprocessing.XTypes$1                                    : loaded 2 times (x 67B)
Class dagger.spi.internal.shaded.androidx.room.compiler.processing.InternalXAnnotationValue: loaded 2 times (x 151B)
Class dagger.spi.internal.shaded.androidx.room.compiler.processing.XArrayType         : loaded 2 times (x 66B)
Class dagger.spi.internal.shaded.androidx.room.compiler.processing.XTypeParameterElement: loaded 2 times (x 66B)
Class androidx.room.compiler.processing.ksp.KspArrayType$Factory                      : loaded 2 times (x 68B)
Class androidx.room.compiler.processing.ksp.KspAnnotation$ksType$2                    : loaded 2 times (x 75B)
Class com.squareup.javapoet.ParameterizedTypeName                                     : loaded 2 times (x 77B)
Class androidx.room.compiler.processing.XProcessingEnvConfig$Builder                  : loaded 2 times (x 68B)
Class dagger.internal.codegen.javapoet.AnnotationSpecs                                : loaded 2 times (x 67B)
Class androidx.room.compiler.processing.ksp.KspTypeElement$getEnclosedTypeElements$1  : loaded 2 times (x 74B)
Class androidx.room.vo.BuiltInConverterFlags$Companion                                : loaded 2 times (x 67B)
Class com.intellij.gradle.toolingExtension.impl.model.sourceSetArtifactIndex.GradleSourceSetArtifactModel: loaded 2 times (x 72B)
Class com.google.common.base.Splitter$1                                               : loaded 2 times (x 73B)
Class com.google.common.cache.LocalCache$Strength$3                                   : loaded 2 times (x 77B)
Class org.jetbrains.kotlin.types.TypeApproximatorConfiguration$PublicDeclaration      : loaded 2 times (x 83B)
Class org.jetbrains.kotlin.resolve.jvm.AsmTypes$1                                     : loaded 2 times (x 67B)
Class com.google.common.collect.ImmutableSetMultimap$Builder                          : loaded 2 times (x 79B)
Class org.jetbrains.kotlin.types.Variance                                             : loaded 2 times (x 76B)
Class it.unimi.dsi.fastutil.ints.IntArrays$ForkJoinQuickSort2                         : loaded 2 times (x 92B)
Class it.unimi.dsi.fastutil.objects.ObjectBidirectionalIterator                       : loaded 2 times (x 66B)
Class org.jetbrains.kotlin.serialization.deserialization.descriptors.DeserializedContainerSource: loaded 2 times (x 66B)
Class org.jetbrains.kotlin.protobuf.ByteString$ByteIterator                           : loaded 2 times (x 66B)
Class org.jetbrains.kotlin.resolve.jvm.JvmCompilerDeserializationConfiguration        : loaded 2 times (x 81B)
Class org.jetbrains.kotlin.resolve.calls.checkers.IncorrectCapturedApproximationCallChecker: loaded 2 times (x 70B)
Class org.jetbrains.kotlin.resolve.calls.checkers.ProtectedConstructorCallChecker     : loaded 2 times (x 70B)
Class org.jetbrains.kotlin.resolve.checkers.SealedInheritorInSamePackageChecker       : loaded 2 times (x 70B)
Class [Lorg.jetbrains.kotlin.name.ClassId;                                            : loaded 2 times (x 65B)
Class [Lorg.jetbrains.kotlin.psi.KtAnnotation;                                        : loaded 2 times (x 65B)
Class com.android.builder.model.v2.ide.AbstractArtifact                               : loaded 2 times (x 66B)
Class org.jetbrains.kotlin.psi.stubs.elements.KtValueArgumentListElementType          : loaded 2 times (x 93B)
Class it.unimi.dsi.fastutil.ints.Int2ObjectMap$FastEntrySet                           : loaded 2 times (x 66B)
Class com.intellij.openapi.diagnostic.Logger$Factory                                  : loaded 2 times (x 66B)
Class [Lorg.jetbrains.kotlin.psi.KtDeclarationWithInitializer;                        : loaded 2 times (x 65B)
Class org.gradle.tooling.internal.adapter.ProtocolToModelAdapter$AdaptingMethodInvoker: loaded 2 times (x 72B)
Class org.gradle.tooling.internal.gradle.DefaultBuildIdentifier                       : loaded 2 times (x 75B)
Class org.gradle.api.internal.classpath.Module                                        : loaded 2 times (x 66B)
Class [Lorg.jetbrains.kotlin.psi.KtConstructorCalleeExpression;                       : loaded 2 times (x 65B)
Class androidx.room.processor.Context$codeLanguage$2                                  : loaded 2 times (x 75B)
Class dagger.internal.codegen.model.$AutoValue_Key$Builder                            : loaded 2 times (x 74B)
Class dagger.internal.codegen.binding.BindingDeclaration                              : loaded 2 times (x 70B)
Class dagger.internal.codegen.binding.BindingFactory                                  : loaded 2 times (x 68B)
Class dagger.internal.codegen.validation.ExternalBindingGraphPlugins_Factory          : loaded 2 times (x 75B)
Class dagger.internal.codegen.validation.DependencyRequestValidator_Factory           : loaded 2 times (x 75B)
Class javax.inject.Provider                                                           : loaded 2 times (x 66B)
Class com.squareup.javapoet.AnnotationSpec$Builder                                    : loaded 2 times (x 68B)
Class dagger.internal.codegen.xprocessing.XAnnotationValues                           : loaded 2 times (x 67B)
Class dagger.spi.internal.shaded.androidx.room.compiler.processing.ksp.KspFieldElement$type$2: loaded 2 times (x 75B)
Class dagger.spi.internal.shaded.androidx.room.compiler.processing.ksp.KspHasModifiers$PropertyField$setterModifiers$2: loaded 2 times (x 75B)
Class dagger.spi.internal.shaded.androidx.room.compiler.processing.XParameterizable   : loaded 2 times (x 66B)
Class androidx.room.compiler.processing.ksp.KspAnnotated$getAllAnnotations$1          : loaded 2 times (x 75B)
Class androidx.room.compiler.processing.XParameterizable                              : loaded 2 times (x 66B)
Class androidx.room.RoomKspProcessor$Provider                                         : loaded 2 times (x 70B)
Class org.jetbrains.kotlin.idea.gradleTooling.KotlinGradleModelImpl                   : loaded 2 times (x 80B)
Class org.jetbrains.kotlin.diagnostics.PositioningStrategies$VAL_OR_VAR_NODE$1        : loaded 2 times (x 70B)
Class org.jetbrains.kotlin.resolve.checkers.ExplicitApiDeclarationChecker             : loaded 2 times (x 70B)
Class com.intellij.gradle.toolingExtension.impl.util.GradleObjectUtil                 : loaded 2 times (x 67B)
Class [Lcom.google.common.collect.LinkedHashMultimap$ValueSetLink;                    : loaded 2 times (x 65B)
Class org.jetbrains.kotlin.utils.SmartSet$SingletonIterator                           : loaded 2 times (x 77B)
Class org.jetbrains.kotlin.load.kotlin.MemberSignature                                : loaded 2 times (x 68B)
Class org.jetbrains.kotlin.metadata.deserialization.VersionRequirement$Companion      : loaded 2 times (x 67B)
Class org.jetbrains.kotlin.types.TypeSystemCommonBackendContextForTypeMapping         : loaded 2 times (x 66B)
Class kotlin.KotlinVersion                                                            : loaded 2 times (x 70B)
Class org.jetbrains.kotlin.resolve.calls.inference.components.ConstraintInjector      : loaded 2 times (x 68B)
Class it.unimi.dsi.fastutil.ints.IntOpenHashSet                                       : loaded 2 times (x 234B)
Class org.jetbrains.kotlin.metadata.deserialization.Flags$FlagField                   : loaded 2 times (x 69B)
Class kotlin.reflect.KTypeParameter                                                   : loaded 2 times (x 66B)
Class org.jetbrains.kotlin.metadata.deserialization.VersionSpecificBehaviorKt         : loaded 2 times (x 67B)
Class org.jetbrains.kotlin.resolve.calls.context.ResolutionContext                    : loaded 2 times (x 81B)
Class kotlin.reflect.KMutableProperty                                                 : loaded 2 times (x 66B)
Class org.jetbrains.kotlin.resolve.RequireKotlinConstants                             : loaded 2 times (x 67B)
Class org.jetbrains.kotlin.psi.KtPropertyDelegate                                     : loaded 2 times (x 377B)
Class org.jetbrains.kotlin.psi.KtTypeParameterListOwner                               : loaded 2 times (x 66B)
Class org.jetbrains.kotlin.diagnostics.ParametrizedDiagnostic                         : loaded 2 times (x 66B)
Class org.jetbrains.kotlin.storage.LockBasedStorageManager$MapBasedMemoizedFunctionToNotNull: loaded 2 times (x 81B)
Class com.intellij.openapi.util.Comparing                                             : loaded 2 times (x 67B)
Class com.intellij.openapi.util.Pair                                                  : loaded 2 times (x 68B)
Class com.google.common.cache.Weigher                                                 : loaded 2 times (x 66B)
Class org.gradle.api.internal.classpath.UnknownModuleException                        : loaded 2 times (x 78B)
Class org.jetbrains.kotlin.metadata.ProtoBuf$Annotation$Argument$Value                : loaded 2 times (x 123B)
Class org.jetbrains.kotlin.protobuf.CodedOutputStream$OutOfSpaceException             : loaded 2 times (x 78B)
Class org.jetbrains.kotlin.fir.extensions.FirExtensionRegistrarAdapter$Companion      : loaded 2 times (x 68B)
Class dagger.internal.codegen.binding.BindsTypeChecker$1                              : loaded 2 times (x 67B)
Class dagger.spi.internal.shaded.androidx.room.compiler.processing.XExecutableParameterElement: loaded 2 times (x 66B)
Class dagger.internal.codegen.binding.$AutoValue_ModuleDescriptor                     : loaded 2 times (x 82B)
Class dagger.internal.codegen.binding.DependencyRequestFactory                        : loaded 2 times (x 68B)
Class dagger.internal.codegen.bindinggraphvalidation.SetMultibindingValidator_Factory : loaded 2 times (x 74B)
Class dagger.internal.codegen.bindinggraphvalidation.DependsOnProductionExecutorValidator_Factory: loaded 2 times (x 75B)
Class dagger.hilt.processor.internal.definecomponent.DefineComponentMetadatas$DefineComponentMetadata: loaded 2 times (x 71B)
Class dagger.spi.internal.shaded.androidx.room.compiler.processing.ksp.KspTypeMapper  : loaded 2 times (x 67B)
Class androidx.room.compiler.processing.ksp.KspAnnotated$getAllAnnotations$2          : loaded 2 times (x 74B)
Class dagger.hilt.processor.internal.earlyentrypoint.EarlyEntryPointProcessingStep    : loaded 2 times (x 83B)
Class androidx.hilt.work.WorkerStep                                                   : loaded 2 times (x 75B)
Class org.jetbrains.kotlin.renderer.DescriptorRenderer                                : loaded 2 times (x 79B)
Class it.unimi.dsi.fastutil.ints.IntIterator                                          : loaded 2 times (x 66B)
Class [Lorg.jetbrains.kotlin.types.model.TypeArgumentMarker;                          : loaded 2 times (x 65B)
Class org.jetbrains.kotlin.load.kotlin.JvmTypeFactory                                 : loaded 2 times (x 66B)
Class kotlin.sequences.DistinctIterator                                               : loaded 2 times (x 79B)
Class org.jetbrains.kotlin.resolve.calls.inference.components.TypeVariableDependencyInformationProvider: loaded 2 times (x 68B)
Class org.jetbrains.kotlin.metadata.ProtoBuf$TypeAliasOrBuilder                       : loaded 2 times (x 66B)
Class org.jetbrains.kotlin.cli.jvm.index.JvmDependenciesIndexImpl$TraverseRequest     : loaded 2 times (x 72B)
Class org.jetbrains.kotlin.load.java.AbstractJavaClassFinder                          : loaded 2 times (x 86B)
Class org.jetbrains.kotlin.builtins.FunctionTypesKt                                   : loaded 2 times (x 67B)
Class [Lorg.jetbrains.kotlin.metadata.ProtoBuf$Class$Kind;                            : loaded 2 times (x 65B)
Class org.jetbrains.kotlin.resolve.jvm.KotlinFinderMarker                             : loaded 2 times (x 66B)
Class org.jetbrains.kotlin.metadata.ProtoBuf$QualifiedNameTable$QualifiedName         : loaded 2 times (x 106B)
Class org.jetbrains.kotlin.metadata.jvm.deserialization.BinaryModuleData              : loaded 2 times (x 68B)
Class kotlin.jvm.internal.PropertyReference                                           : loaded 2 times (x 111B)
Class org.jetbrains.kotlin.types.WrappedTypeFactory                                   : loaded 2 times (x 70B)
Class org.jetbrains.kotlin.descriptors.ParameterDescriptor                            : loaded 2 times (x 66B)
Class org.jetbrains.kotlin.container.InstanceComponentDescriptor                      : loaded 2 times (x 81B)
Class org.jetbrains.kotlin.resolve.checkers.MissingDependencyClassChecker             : loaded 2 times (x 70B)
Class org.jetbrains.kotlin.diagnostics.PositioningStrategies$FOR_UNRESOLVED_REFERENCE$1: loaded 2 times (x 70B)
Class org.jetbrains.kotlin.psi.KtClassLiteralExpression                               : loaded 2 times (x 584B)
Class org.jetbrains.kotlin.psi.KtSuperTypeCallEntry                                   : loaded 2 times (x 521B)
Class org.jetbrains.kotlin.psi.KtSuperTypeList                                        : loaded 2 times (x 446B)
Class org.jetbrains.kotlin.psi.LambdaArgument                                         : loaded 2 times (x 66B)
Class [Lorg.jetbrains.kotlin.psi.KtTypeConstraintList;                                : loaded 2 times (x 65B)
Class org.jetbrains.kotlin.lexer.KtToken                                              : loaded 2 times (x 71B)
Class org.jetbrains.kotlin.resolve.jvm.checkers.JvmPropertyVsFieldAmbiguityCallChecker: loaded 2 times (x 70B)
Class org.jetbrains.kotlin.platform.TargetPlatformVersion$NoVersion                   : loaded 2 times (x 70B)
Class com.intellij.openapi.util.SystemInfoRt                                          : loaded 2 times (x 67B)
Class org.jetbrains.kotlin.load.java.AbstractAnnotationTypeQualifierResolver$Companion: loaded 2 times (x 67B)
Class com.intellij.openapi.diagnostic.Logger                                          : loaded 2 times (x 94B)
Class org.jetbrains.kotlin.cli.common.arguments.K2JVMCompilerArguments$Companion      : loaded 2 times (x 67B)
Class com.google.common.base.Stopwatch                                                : loaded 2 times (x 68B)
Class com.google.common.cache.LocalCache$Strength                                     : loaded 2 times (x 77B)
Class com.google.common.cache.Cache                                                   : loaded 2 times (x 66B)
Class org.sqlite.util.LibraryLoaderUtil                                               : loaded 2 times (x 67B)
Class org.jetbrains.kotlin.load.java.structure.impl.JavaAnnotationOwnerImpl           : loaded 2 times (x 66B)
Class dagger.internal.codegen.binding.FrameworkTypeMapper                             : loaded 2 times (x 76B)
Class [Ldagger.internal.codegen.validation.ModuleValidator$ModuleMethodKind;          : loaded 2 times (x 65B)
Class dagger.internal.codegen.validation.BindingGraphValidator                        : loaded 2 times (x 68B)
Class dagger.internal.codegen.bindinggraphvalidation.SubcomponentFactoryMethodValidator: loaded 2 times (x 81B)
Class dagger.internal.codegen.binding.OptionalBindingDeclaration$Factory              : loaded 2 times (x 69B)
Class dagger.internal.codegen.binding.DelegateDeclaration                             : loaded 2 times (x 76B)
Class dagger.internal.codegen.processingstep.MultibindingAnnotationsProcessingStep    : loaded 2 times (x 82B)
Class dagger.internal.codegen.xprocessing.XTypeElements$Visibility                    : loaded 2 times (x 75B)
Class com.squareup.kotlinpoet.ParameterizedTypeName$Companion                         : loaded 2 times (x 67B)
Class dagger.spi.internal.shaded.androidx.room.compiler.processing.ksp.KSTypeExtKt    : loaded 2 times (x 67B)
Class dagger.spi.internal.shaded.androidx.room.compiler.processing.XProcessingEnv     : loaded 2 times (x 66B)
Class androidx.room.compiler.processing.XFiler                                        : loaded 2 times (x 66B)
Class org.jetbrains.kotlin.resolve.calls.inference.components.VariableFixationFinder$VariableForFixation: loaded 2 times (x 68B)
Class org.jetbrains.kotlin.resolve.calls.inference.model.VariableWithConstraints      : loaded 2 times (x 66B)
Class org.jetbrains.kotlin.resolve.calls.inference.ConstraintSystemBuilder            : loaded 2 times (x 66B)
Class kotlin.collections.IndexingIterator                                             : loaded 2 times (x 75B)
Class [Lorg.jetbrains.kotlin.parsing.KotlinExpressionParsing$Precedence;              : loaded 2 times (x 65B)
Class org.jetbrains.kotlin.serialization.deserialization.NameResolverUtilKt           : loaded 2 times (x 67B)
Class org.jetbrains.kotlin.protobuf.LazyFieldLite                                     : loaded 2 times (x 78B)
Class org.jetbrains.kotlin.protobuf.LiteralByteString                                 : loaded 2 times (x 108B)
Class org.jetbrains.kotlin.diagnostics.ClassicPositioningStrategies$INCOMPATIBLE_DECLARATION$1: loaded 2 times (x 71B)
Class [Lorg.jetbrains.kotlin.psi.KtLambdaArgument;                                    : loaded 2 times (x 65B)
Class org.jetbrains.kotlin.psi.stubs.KotlinUserTypeStub                               : loaded 2 times (x 66B)
Class [Lorg.jetbrains.kotlin.psi.KtTypeAlias;                                         : loaded 2 times (x 65B)
Class org.jetbrains.kotlin.psi.stubs.elements.KtSecondaryConstructorElementType       : loaded 2 times (x 97B)
Class org.jetbrains.kotlin.cli.common.CLIConfigurationKeys                            : loaded 2 times (x 67B)
Class org.jetbrains.kotlin.load.java.structure.impl.classFiles.BinaryJavaClass        : loaded 2 times (x 154B)
Class com.google.common.util.concurrent.AbstractFuture$Cancellation                   : loaded 2 times (x 68B)
Class dagger.internal.codegen.writing.InjectionMethods$InstanceCastPolicy             : loaded 2 times (x 75B)
Class dagger.internal.codegen.binding.FrameworkTypeMapper$1                           : loaded 2 times (x 76B)
Class dagger.internal.codegen.base.ModuleKind                                         : loaded 2 times (x 75B)
Class dagger.spi.internal.shaded.androidx.room.compiler.processing.ksp.KspTypeElement$KspEnumTypeElement$entries$2: loaded 2 times (x 75B)
Class com.google.common.graph.Traverser                                               : loaded 2 times (x 69B)
Class dagger.internal.codegen.binding.BindsTypeChecker_Factory                        : loaded 2 times (x 75B)
Class dagger.spi.internal.shaded.androidx.room.compiler.processing.ksp.KspAnnotationBoxKt: loaded 2 times (x 67B)
Class dagger.hilt.processor.internal.generatesrootinput.GeneratesRootInputs           : loaded 2 times (x 68B)
Class dagger.spi.internal.shaded.androidx.room.compiler.processing.XTypeKt            : loaded 2 times (x 67B)
Class dagger.spi.internal.shaded.androidx.room.compiler.processing.XAnnotation        : loaded 2 times (x 66B)
Class dagger.spi.internal.shaded.androidx.room.compiler.processing.ksp.KspTypeElement$Companion$WhenMappings: loaded 2 times (x 67B)
Class androidx.room.compiler.processing.CommonProcessorDelegate$processRound$currentElementsDeferredByStep$1$stepDeferredElementsByAnnotation$1: loaded 2 times (x 74B)
Class dagger.hilt.processor.internal.uninstallmodules.UninstallModulesProcessingStep  : loaded 2 times (x 83B)
Class androidx.room.compiler.processing.ksp.KspBasicAnnotationProcessor               : loaded 2 times (x 84B)
Class org.jetbrains.kotlin.resolve.calls.inference.components.ConstraintSystemCompletionContext: loaded 2 times (x 940B)
Class com.google.common.collect.TransformedIterator                                   : loaded 2 times (x 76B)
Class com.intellij.gradle.toolingExtension.impl.util.GradleProjectUtil                : loaded 2 times (x 67B)
Class org.jetbrains.kotlin.idea.gradleTooling.reflect.ReflectionReceiver              : loaded 2 times (x 66B)
Class com.google.common.collect.LinkedHashMultimap                                    : loaded 2 times (x 171B)
Class com.google.common.collect.AbstractMapBasedMultimap$AsMap$AsMapIterator          : loaded 2 times (x 79B)
Class org.jetbrains.kotlin.resolve.calls.inference.model.InitialConstraint            : loaded 2 times (x 68B)
Class [Lorg.jetbrains.kotlin.resolve.calls.inference.model.NewConstraintSystemImpl$State;: loaded 2 times (x 65B)
Class [Lorg.jetbrains.kotlin.load.java.typeEnhancement.MutabilityQualifier;           : loaded 2 times (x 65B)
Class org.jetbrains.kotlin.utils.SmartSet                                             : loaded 2 times (x 139B)
Class org.jetbrains.org.objectweb.asm.MethodVisitor                                   : loaded 2 times (x 100B)
Class org.jetbrains.kotlin.cli.jvm.index.JvmDependenciesIndexImpl$SearchResult$Found  : loaded 2 times (x 68B)
Class org.jetbrains.kotlin.cli.jvm.compiler.KotlinCliJavaFileManagerImpl$findPackage$3: loaded 2 times (x 788B)
Class org.jetbrains.kotlin.resolve.jvm.NotFoundPackagesCachingStrategy$Default        : loaded 2 times (x 70B)
Class org.jetbrains.kotlin.load.java.JavaClassFinderImpl                              : loaded 2 times (x 86B)
Class org.jetbrains.kotlin.config.JvmAnalysisFlags$useIR$2                            : loaded 2 times (x 123B)
Class org.jetbrains.kotlin.types.model.TypeSystemBuiltInsContext                      : loaded 2 times (x 66B)
Class org.jetbrains.kotlin.cli.jvm.index.SingleJavaFileRootsIndex                     : loaded 2 times (x 68B)
Class org.jetbrains.kotlin.resolve.jvm.modules.JavaModuleFinder                       : loaded 2 times (x 66B)
Class [Lkotlin.reflect.KAnnotatedElement;                                             : loaded 2 times (x 65B)
Class org.jetbrains.kotlin.resolve.calls.checkers.ReferencingToUnderscoreNamedParameterOfCatchBlockChecker: loaded 2 times (x 70B)
Class org.jetbrains.kotlin.resolve.calls.checkers.CallReturnsArrayOfNothingChecker    : loaded 2 times (x 70B)
Class org.jetbrains.kotlin.diagnostics.PositioningStrategies$IMPORT_LAST_BUT_ONE_NAME$1: loaded 2 times (x 70B)
Class org.jetbrains.kotlin.diagnostics.PositioningStrategies$ANNOTATION_USE_SITE$1    : loaded 2 times (x 70B)
Class org.jetbrains.kotlin.psi.KtBinaryExpression                                     : loaded 2 times (x 509B)
Class [Lorg.jetbrains.kotlin.psi.LambdaArgument;                                      : loaded 2 times (x 65B)
Class [Lorg.jetbrains.kotlin.psi.KtTypeParameterList;                                 : loaded 2 times (x 65B)
Class [Lorg.jetbrains.kotlin.psi.KtNamedFunction;                                     : loaded 2 times (x 65B)
Class [Lorg.jetbrains.kotlin.psi.KtNamedDeclarationStub;                              : loaded 2 times (x 65B)
Class org.jetbrains.kotlin.lexer.KtModifierKeywordToken                               : loaded 2 times (x 74B)
Class org.jetbrains.kotlin.cli.common.arguments.CommonToolArguments$Companion         : loaded 2 times (x 67B)
Class com.google.common.cache.RemovalListener                                         : loaded 2 times (x 66B)
Class org.gradle.tooling.internal.gradle.GradleProjectIdentity                        : loaded 2 times (x 66B)
Class org.gradle.api.internal.DefaultClassPathRegistry                                : loaded 2 times (x 72B)
Class org.jetbrains.plugins.gradle.tooling.serialization.GradleExtensionsSerializationService$1: loaded 2 times (x 72B)
Class dagger.internal.codegen.binding.FrameworkTypeMapper$2                           : loaded 2 times (x 76B)
Class dagger.spi.internal.shaded.androidx.room.compiler.processing.ksp.synthetic.KspSyntheticPropertyMethodElement$Setter$name$2: loaded 2 times (x 75B)
Class dagger.spi.internal.shaded.androidx.room.compiler.processing.ksp.KspConstructorElement$parameters$2: loaded 2 times (x 75B)
Class [Ldagger.internal.codegen.validation.BindingMethodValidator$Abstractness;       : loaded 2 times (x 65B)
Class dagger.internal.codegen.processingstep.AssistedInjectProcessingStep_Factory     : loaded 2 times (x 75B)
Class dagger.internal.codegen.model.RequestKind                                       : loaded 2 times (x 75B)
Class com.squareup.javapoet.CodeBlock$Builder                                         : loaded 2 times (x 68B)
Class dagger.internal.codegen.xprocessing.XTypes$XTypeEquivalence                     : loaded 2 times (x 80B)
Class dagger.spi.internal.shaded.androidx.room.compiler.processing.ksp.KspAnnotationValue: loaded 2 times (x 151B)
Class dagger.spi.internal.shaded.androidx.room.compiler.processing.ksp.KspFieldElement: loaded 2 times (x 197B)
Class jdk.internal.jrtfs.JrtFileStore                                                 : loaded 2 times (x 79B)
Class androidx.room.compiler.processing.ksp.KspHasModifiers$Companion                 : loaded 2 times (x 67B)
Class androidx.room.compiler.processing.ksp.KspAnnotation$declaredAnnotationValues$2  : loaded 2 times (x 75B)
Class org.jetbrains.kotlin.load.java.JvmAbi                                           : loaded 2 times (x 67B)
Class [Landroidx.room.compiler.processing.XExecutableElement;                         : loaded 2 times (x 65B)
Class kotlin.annotation.AnnotationTarget                                              : loaded 2 times (x 75B)
Class org.jetbrains.kotlin.resolve.ExternalOverridabilityCondition                    : loaded 2 times (x 66B)
Class dagger.spi.internal.shaded.androidx.room.compiler.processing.ksp.KspAnnotated$UseSiteFilter: loaded 2 times (x 66B)
Class org.jetbrains.kotlin.builtins.PrimitiveType                                     : loaded 2 times (x 75B)
Class org.jetbrains.kotlin.metadata.ProtoBuf$Type$Argument$Projection$1               : loaded 2 times (x 70B)
Class org.jetbrains.kotlin.protobuf.SmallSortedMap$EmptySet$1                         : loaded 2 times (x 74B)
Class org.jetbrains.kotlin.protobuf.AbstractMessageLite$Builder$LimitedInputStream    : loaded 2 times (x 88B)
Class [Ldagger.spi.internal.shaded.androidx.room.compiler.processing.XHasModifiers;   : loaded 2 times (x 65B)
Class org.jetbrains.kotlin.descriptors.MemberDescriptor                               : loaded 2 times (x 66B)
Class kotlin.reflect.KProperty                                                        : loaded 2 times (x 66B)
Class kotlin.jvm.internal.Reflection                                                  : loaded 2 times (x 67B)
Class kotlin.jvm.JvmClassMappingKt                                                    : loaded 2 times (x 67B)
Class org.jetbrains.kotlin.resolve.calls.checkers.UnsupportedUntilOperatorChecker     : loaded 2 times (x 70B)
Class org.jetbrains.kotlin.resolve.checkers.ValueParameterUsageInDefaultArgumentChecker: loaded 2 times (x 70B)
Class org.jetbrains.kotlin.diagnostics.PositioningStrategies$DOT_BY_QUALIFIED$1       : loaded 2 times (x 70B)
Class org.jetbrains.kotlin.diagnostics.PositioningStrategies$IMPORT_ALIAS$1           : loaded 2 times (x 70B)
Class org.jetbrains.kotlin.psi.KtSimpleNameStringTemplateEntry                        : loaded 2 times (x 443B)
Class org.jetbrains.kotlin.psi.stubs.KotlinCollectionLiteralExpressionStub            : loaded 2 times (x 66B)
Class org.jetbrains.kotlin.psi.stubs.elements.KtConstantExpressionElementType$Companion: loaded 2 times (x 67B)
Class [Lorg.jetbrains.kotlin.psi.KtInitializerList;                                   : loaded 2 times (x 65B)
Class org.jetbrains.kotlin.psi.KtExpressionImplStub                                   : loaded 2 times (x 507B)
Class [Lorg.jetbrains.kotlin.psi.KtClassInitializer;                                  : loaded 2 times (x 65B)
Class org.jetbrains.kotlin.psi.KtVariableDeclaration                                  : loaded 2 times (x 66B)
Class org.jetbrains.kotlin.psi.KtClassOrObject                                        : loaded 2 times (x 1119B)
Class dagger.internal.Provider                                                        : loaded 2 times (x 66B)
Class com.google.common.reflect.Invokable$ConstructorInvokable                        : loaded 2 times (x 103B)
Class com.android.builder.model.v2.ide.JavaArtifact                                   : loaded 2 times (x 66B)
Class com.google.common.primitives.IntsMethodsForWeb                                  : loaded 2 times (x 67B)
Class org.gradle.api.internal.ClassPathRegistry                                       : loaded 2 times (x 66B)
Class org.gradle.internal.classpath.DefaultClassPath$ImmutableUniqueList              : loaded 2 times (x 195B)
Class dagger.internal.codegen.bindinggraphvalidation.IncompatiblyScopedBindingsValidator_Factory: loaded 2 times (x 75B)
Class dagger.internal.codegen.bindinggraphvalidation.BindingGraphValidationModule_ProvidePluginsFactory: loaded 2 times (x 75B)
Class org.sqlite.core.Codes                                                           : loaded 2 times (x 66B)
Class androidx.room.compiler.processing.XElementKt                                    : loaded 2 times (x 67B)
Class dagger.internal.codegen.binding.FrameworkTypeMapper$3                           : loaded 2 times (x 67B)
Class dagger.spi.internal.shaded.androidx.room.compiler.processing.ksp.KspTypeElement$getEnclosedTypeElements$$inlined$filterIsInstance$1: loaded 2 times (x 74B)
Class dagger.spi.internal.shaded.androidx.room.compiler.processing.XEnumEntry         : loaded 2 times (x 66B)
Class dagger.internal.codegen.model.DaggerProcessingEnv                               : loaded 2 times (x 70B)
Class dagger.internal.codegen.binding.AutoValue_OptionalBindingDeclaration            : loaded 2 times (x 71B)
Class [Ldagger.internal.codegen.compileroption.ProcessingEnvironmentCompilerOptions$CommandLineOption;: loaded 2 times (x 65B)
Class dagger.internal.codegen.ProcessingEnvironmentModule_FilerFactory                : loaded 2 times (x 75B)
Class dagger.internal.codegen.binding.MethodSignatureFormatter_Factory                : loaded 2 times (x 75B)
Class androidx.room.compiler.processing.ksp.KspTypeElement$qualifiedName$2            : loaded 2 times (x 75B)
Class dagger.internal.codegen.base.SourceFileGenerationException                      : loaded 2 times (x 78B)
Class dagger.hilt.processor.internal.root.KspComponentTreeDepsProcessor               : loaded 2 times (x 85B)
Class androidx.hilt.work.WorkerStep$Companion                                         : loaded 2 times (x 67B)
Class dagger.hilt.processor.internal.originatingelement.KspOriginatingElementProcessor$Provider: loaded 2 times (x 70B)
Class org.gradle.kotlin.dsl.DebugImplementationConfigurationAccessorsKt               : loaded 2 times (x 67B)
Class dagger.internal.codegen.validation.BindingMethodValidatorsModule                : loaded 2 times (x 66B)
Class com.intellij.gradle.toolingExtension.impl.model.dependencyModel.auxiliary.AuxiliaryArtifactResolver: loaded 2 times (x 66B)
Class dagger.internal.codegen.binding.SubcomponentDeclaration$Factory                 : loaded 2 times (x 69B)
Class dagger.internal.codegen.binding.AutoValue_FrameworkField                        : loaded 2 times (x 70B)
Class androidx.room.compiler.processing.ksp.KspExecutableElement                      : loaded 2 times (x 206B)
Class org.gradle.tooling.model.Dependency                                             : loaded 2 times (x 66B)
Class org.gradle.api.JavaVersion                                                      : loaded 2 times (x 75B)
Class org.jetbrains.kotlin.load.kotlin.KotlinBinaryClassCache$RequestCache            : loaded 2 times (x 69B)
Class com.google.common.collect.MapMakerInternalMap$Segment                           : loaded 2 times (x 138B)
Class org.jetbrains.kotlin.descriptors.Visibilities$Protected                         : loaded 2 times (x 75B)
Class org.jetbrains.kotlin.descriptors.ClassKind                                      : loaded 2 times (x 75B)
Class org.jetbrains.kotlin.config.JvmAnalysisFlags$generatePropertyAnnotationsMethods$2: loaded 2 times (x 123B)
Class kotlin.jvm.internal.TypeIntrinsics                                              : loaded 2 times (x 67B)
Class org.jetbrains.kotlin.mpp.TypeRefMarker                                          : loaded 2 times (x 66B)
Class org.jetbrains.kotlin.metadata.jvm.JvmProtoBuf$JvmPropertySignature              : loaded 2 times (x 110B)
Class com.google.common.cache.LocalCache$Strength$2                                   : loaded 2 times (x 77B)
Class org.jetbrains.kotlin.extensions.StorageComponentContainerContributor            : loaded 2 times (x 66B)
Class org.jetbrains.kotlin.metadata.ProtoBuf$ValueParameterOrBuilder                  : loaded 2 times (x 66B)
Class org.jetbrains.kotlin.protobuf.SmallSortedMap$EmptySet$2                         : loaded 2 times (x 74B)
Class org.jetbrains.kotlin.metadata.ProtoBuf$PackageOrBuilder                         : loaded 2 times (x 66B)
Class org.jetbrains.kotlin.container.PlatformExtensionsClashResolver$FirstWins        : loaded 2 times (x 69B)
Class org.jetbrains.kotlin.resolve.calls.checkers.VarargWrongExecutionOrderChecker    : loaded 2 times (x 70B)
Class org.jetbrains.kotlin.resolve.checkers.SuspendFunctionAsSupertypeChecker         : loaded 2 times (x 70B)
Class org.jetbrains.kotlin.resolve.checkers.ActualClassifierMustHasTheSameMembersAsNonFinalExpectClassifierChecker: loaded 2 times (x 70B)
Class org.jetbrains.kotlin.psi.KtStringTemplateExpression                             : loaded 2 times (x 679B)
Class org.jetbrains.kotlin.psi.KtImportInfo$ImportContent                             : loaded 2 times (x 67B)
Class org.jetbrains.kotlin.KtNodeTypes                                                : loaded 2 times (x 66B)
Class org.jetbrains.kotlin.resolve.ImportPath$Companion                               : loaded 2 times (x 67B)
Class com.google.common.util.concurrent.SettableFuture                                : loaded 2 times (x 110B)
Class it.unimi.dsi.fastutil.ints.Int2ObjectOpenHashMap                                : loaded 2 times (x 279B)
Class com.google.common.reflect.TypeToken                                             : loaded 2 times (x 69B)
Class com.google.common.base.ExtraObjectsMethodsForWeb                                : loaded 2 times (x 67B)
Class com.google.common.collect.NullnessCasts                                         : loaded 2 times (x 67B)
Class com.google.common.reflect.Types$ClassOwnership$3                                : loaded 2 times (x 67B)
Class it.unimi.dsi.fastutil.objects.ObjectSpliterator                                 : loaded 2 times (x 66B)
Class dagger.spi.internal.shaded.androidx.room.compiler.processing.XEnumTypeElementKt : loaded 2 times (x 67B)
Class dagger.spi.internal.shaded.androidx.room.compiler.processing.ksp.KspConstructorType: loaded 2 times (x 79B)
Class dagger.internal.codegen.componentgenerator.TopLevelImplementationComponent      : loaded 2 times (x 66B)
Class dagger.internal.codegen.bindinggraphvalidation.DependsOnProductionExecutorValidator: loaded 2 times (x 81B)
Class dagger.internal.codegen.bindinggraphvalidation.ProvisionDependencyOnProducerBindingValidator_Factory$InstanceHolder: loaded 2 times (x 67B)
Class dagger.spi.internal.shaded.androidx.room.compiler.processing.ksp.KspMessager$onPrintMessage$nodes$1: loaded 2 times (x 91B)
Class dagger.spi.internal.shaded.androidx.room.compiler.processing.ksp.KSTypeVarianceResolverScope$needsWildcardResolution$2: loaded 2 times (x 75B)
Class dagger.spi.internal.shaded.androidx.room.compiler.processing.ksp.synthetic.KspSyntheticPropertyMethodElement$closestMemberContainer$2: loaded 2 times (x 75B)
Class dagger.spi.internal.shaded.androidx.room.compiler.processing.ksp.synthetic.KspSyntheticPropertyMethodElement$equalityItems$2: loaded 2 times (x 75B)
Class [Ldagger.spi.internal.shaded.androidx.room.compiler.processing.XExecutableElement;: loaded 2 times (x 65B)
Class dagger.spi.internal.shaded.androidx.room.compiler.processing.ksp.KspTypeElement$typeParameters$2: loaded 2 times (x 75B)
Class dagger.hilt.processor.internal.HiltProcessingEnvConfigs                         : loaded 2 times (x 67B)
Class org.jetbrains.kotlin.cli.jvm.compiler.KotlinCliJavaFileManagerImpl              : loaded 2 times (x 87B)
Class [Lorg.jetbrains.kotlin.descriptors.annotations.AnnotationUseSiteTarget;         : loaded 2 times (x 65B)
Class javaslang.collection.Traversable                                                : loaded 2 times (x 66B)
Class org.jetbrains.kotlin.diagnostics.PositioningStrategies$SUPERTYPES_LIST$1        : loaded 2 times (x 70B)
Class org.jetbrains.kotlin.load.java.JvmAnnotationNamesKt                             : loaded 2 times (x 67B)
Class org.jetbrains.kotlin.metadata.deserialization.VersionRequirementTable           : loaded 2 times (x 68B)
Class org.jetbrains.kotlin.load.kotlin.KotlinJvmBinaryClass$AnnotationArrayArgumentVisitor: loaded 2 times (x 66B)
Class org.jetbrains.kotlin.incremental.components.LookupTracker$DO_NOTHING            : loaded 2 times (x 72B)
Class org.jetbrains.kotlin.psi.KtTypeParameterList                                    : loaded 2 times (x 445B)
Class it.unimi.dsi.fastutil.longs.LongCollection                                      : loaded 2 times (x 66B)
Class com.intellij.openapi.util.io.FileUtilRt$RepeatableIOOperation                   : loaded 2 times (x 66B)
Class org.jetbrains.kotlin.descriptors.DeclarationDescriptor                          : loaded 2 times (x 66B)
Class org.jetbrains.kotlin.container.ValueDescriptor                                  : loaded 2 times (x 66B)
Class org.jetbrains.kotlin.resolve.calls.checkers.ResolutionToPrivateConstructorOfSealedClassChecker: loaded 2 times (x 70B)
Class org.jetbrains.kotlin.diagnostics.PositioningStrategies$DeclarationHeader        : loaded 2 times (x 71B)
Class org.jetbrains.kotlin.psi.KtObjectLiteralExpression                              : loaded 2 times (x 440B)
Class org.jetbrains.kotlin.psi.KtLoopExpression                                       : loaded 2 times (x 442B)
Class org.jetbrains.kotlin.psi.KtConstructorDelegationCall                            : loaded 2 times (x 454B)
Class org.jetbrains.kotlin.psi.KtExpressionImpl                                       : loaded 2 times (x 439B)
Class [Lorg.jetbrains.kotlin.psi.KtContextReceiver;                                   : loaded 2 times (x 65B)
Class org.jetbrains.kotlin.types.AbstractTypePreparator                               : loaded 2 times (x 68B)
Class [Lorg.jetbrains.kotlin.psi.KtSuperTypeListEntry;                                : loaded 2 times (x 65B)
Class org.jetbrains.kotlin.psi.KtCollectionLiteralExpression                          : loaded 2 times (x 574B)
Class com.android.builder.model.v2.dsl.SigningConfig                                  : loaded 2 times (x 66B)
Class com.android.builder.model.v2.models.AndroidProject                              : loaded 2 times (x 66B)
Class com.android.builder.model.v2.AndroidModel                                       : loaded 2 times (x 66B)
Class com.google.common.cache.CacheBuilder                                            : loaded 2 times (x 68B)
Class Settings_gradle$1                                                               : loaded 2 times (x 70B)
Class org.jetbrains.kotlin.psi.KtWhileExpression                                      : loaded 2 times (x 443B)
Class org.gradle.internal.classpath.ClassPath                                         : loaded 2 times (x 66B)
Class org.jetbrains.kotlin.diagnostics.PositioningStrategies$DECLARATION_SIGNATURE_OR_DEFAULT$1: loaded 2 times (x 70B)
Class org.jetbrains.kotlin.diagnostics.PositioningStrategies$SPECIAL_CONSTRUCT_TOKEN$1: loaded 2 times (x 70B)
Class org.sqlite.core.DB                                                              : loaded 2 times (x 139B)
Class [Ldagger.internal.codegen.base.ContributionType;                                : loaded 2 times (x 65B)
Class dagger.internal.codegen.validation.SpiModelBindingGraphConverter$DaggerProcessingEnvImpl: loaded 2 times (x 72B)
Class dagger.internal.codegen.validation.BindsOptionalOfMethodValidator               : loaded 2 times (x 74B)
Class dagger.internal.codegen.DelegateComponentProcessor$SourceFileGeneratorsModule   : loaded 2 times (x 66B)
Class dagger.internal.codegen.validation.ProvidesMethodValidator_Factory              : loaded 2 times (x 75B)
Class dagger.internal.codegen.DaggerDelegateComponentProcessor_Injector$Factory       : loaded 2 times (x 70B)
Class androidx.room.compiler.processing.InternalXAnnotationValue$kind$2               : loaded 2 times (x 75B)
Class androidx.room.compiler.processing.XMethodElement                                : loaded 2 times (x 66B)
Class dagger.hilt.processor.internal.root.RootProcessingStep                          : loaded 2 times (x 83B)
Class org.jetbrains.kotlin.resolve.lazy.DelegationFilter                              : loaded 2 times (x 66B)
Class org.jetbrains.kotlin.idea.gradleTooling.reflect.KotlinSourceSetReflection       : loaded 2 times (x 66B)
Class com.intellij.gradle.toolingExtension.impl.javaModel.manifestModel.DefaultJavaGradleManifestModel: loaded 2 times (x 72B)
Class com.intellij.openapi.externalSystem.model.project.ExternalSystemSourceType      : loaded 2 times (x 81B)
Class org.jetbrains.kotlin.resolve.calls.checkers.OperatorCallChecker                 : loaded 2 times (x 70B)
Class org.jetbrains.kotlin.resolve.calls.inference.model.ReceiverConstraintPosition   : loaded 2 times (x 68B)
Class com.google.common.base.Equivalence$Wrapper                                      : loaded 2 times (x 68B)
Class kotlin.sequences.TakeWhileSequence$iterator$1                                   : loaded 2 times (x 75B)
Class org.jetbrains.kotlin.resolve.calls.checkers.OperatorCallChecker$Companion       : loaded 2 times (x 67B)
Class org.jetbrains.kotlin.load.java.typeEnhancement.MutabilityQualifier              : loaded 2 times (x 75B)
Class it.unimi.dsi.fastutil.objects.Object2IntMap$FastEntrySet                        : loaded 2 times (x 66B)
Class org.jetbrains.kotlin.load.kotlin.FileBasedKotlinClass$1                         : loaded 2 times (x 83B)
Class kotlin.jvm.functions.Function22                                                 : loaded 2 times (x 66B)
Class org.jetbrains.kotlin.load.java.JavaNullabilityAnnotationSettingsKt              : loaded 2 times (x 67B)
Class [Lorg.jetbrains.kotlin.parsing.KotlinParsing$DeclarationParsingMode;            : loaded 2 times (x 65B)
Class org.jetbrains.kotlin.metadata.deserialization.TypeTable                         : loaded 2 times (x 68B)
Class org.jetbrains.kotlin.descriptors.annotations.AnnotationDescriptor               : loaded 2 times (x 66B)
Class org.jetbrains.kotlin.resolve.checkers.NullableExtensionOperatorWithSafeCallChecker: loaded 2 times (x 70B)
Class org.jetbrains.kotlin.resolve.calls.checkers.BuilderFunctionsCallChecker         : loaded 2 times (x 70B)
Class org.jetbrains.kotlin.resolve.checkers.TrailingCommaCallChecker                  : loaded 2 times (x 70B)
Class org.jetbrains.kotlin.diagnostics.DiagnosticFactoryForDeprecation                : loaded 2 times (x 68B)
Class org.jetbrains.kotlin.psi.KtSimpleNameExpressionImpl                             : loaded 2 times (x 577B)
Class [Lorg.jetbrains.kotlin.psi.KtDynamicType;                                       : loaded 2 times (x 65B)
Class org.jetbrains.kotlin.resolve.PlatformConfigurator                               : loaded 2 times (x 66B)
Class org.jetbrains.kotlin.config.AnalysisFlags$ignoreDataFlowInAssert$2              : loaded 2 times (x 123B)
Class org.jetbrains.kotlin.idea.KotlinLanguage                                        : loaded 2 times (x 99B)
Class [Lcom.google.common.reflect.Types$JavaVersion;                                  : loaded 2 times (x 65B)
Class com.google.common.base.JdkPattern                                               : loaded 2 times (x 71B)
Class org.jetbrains.kotlin.config.AnalysisFlags$ideMode$2                             : loaded 2 times (x 123B)
Class androidx.room.compiler.processing.ksp.KspTypeElement$_declaredProperties$2$1$1  : loaded 2 times (x 74B)
Class dagger.internal.codegen.base.AutoValue_ComponentAnnotation                      : loaded 2 times (x 72B)
Class com.squareup.javapoet.ParameterSpec$Builder                                     : loaded 2 times (x 68B)
Class [Ldagger.spi.internal.shaded.androidx.room.compiler.processing.XParameterizable;: loaded 2 times (x 65B)
Class dagger.spi.internal.shaded.androidx.room.compiler.processing.ksp.KspType$typeElement$2: loaded 2 times (x 75B)
Class dagger.hilt.android.processor.internal.AndroidClassNames                        : loaded 2 times (x 67B)
Class [Ldagger.hilt.processor.internal.optionvalues.BooleanValue;                     : loaded 2 times (x 65B)
Class androidx.room.compiler.processing.ksp.KspType$equalityItems$2                   : loaded 2 times (x 75B)
Class androidx.room.compiler.processing.ksp.KspType$typeElement$2                     : loaded 2 times (x 75B)
Class androidx.room.compiler.processing.CommonProcessorDelegate                       : loaded 2 times (x 68B)
Class dagger.spi.internal.shaded.androidx.room.compiler.processing.ksp.KspProcessingEnv: loaded 2 times (x 112B)
Class dagger.spi.internal.shaded.androidx.room.compiler.processing.XProcessingEnvConfig: loaded 2 times (x 67B)
Class dagger.hilt.android.processor.internal.customtestapplication.KspCustomTestApplicationProcessor$Provider: loaded 2 times (x 70B)
Class kotlin.collections.MapWithDefault                                               : loaded 2 times (x 66B)
Class org.jetbrains.kotlin.protobuf.GeneratedMessageLite$ExtendableMessage            : loaded 2 times (x 109B)
Class org.jetbrains.kotlin.metadata.jvm.JvmModuleProtoBuf$Module                      : loaded 2 times (x 120B)
Class com.google.common.collect.Sets$1$1                                              : loaded 2 times (x 78B)
Class org.jetbrains.kotlin.resolve.calls.model.PostponedCallableReferenceMarker       : loaded 2 times (x 66B)
Class org.jetbrains.kotlin.resolve.calls.inference.components.TypeCheckerStateForConstraintSystem: loaded 2 times (x 77B)
Class org.jetbrains.kotlin.load.java.structure.JavaType                               : loaded 2 times (x 66B)
Class org.jetbrains.kotlin.utils.SmartList$EmptyIterator                              : loaded 2 times (x 77B)
Class org.jetbrains.kotlin.metadata.deserialization.VersionRequirement                : loaded 2 times (x 68B)
Class org.jetbrains.kotlin.load.kotlin.FileBasedKotlinClass$2                         : loaded 2 times (x 83B)
Class org.jetbrains.kotlin.builtins.BuiltInsLoader                                    : loaded 2 times (x 66B)
Class org.jetbrains.kotlin.descriptors.Modality$Companion                             : loaded 2 times (x 67B)
Class org.jetbrains.kotlin.metadata.ProtoBuf$Type$ArgumentOrBuilder                   : loaded 2 times (x 66B)
Class org.jetbrains.kotlin.protobuf.GeneratedMessageLite$GeneratedExtension           : loaded 2 times (x 75B)
Class org.jetbrains.kotlin.load.kotlin.JvmPackagePartProviderBase                     : loaded 2 times (x 88B)
Class org.jetbrains.kotlin.resolve.calls.checkers.CallCheckerContext                  : loaded 2 times (x 74B)
Class [Lkotlin.reflect.KDeclarationContainer;                                         : loaded 2 times (x 65B)
Class [Lorg.jetbrains.kotlin.container.PlatformExtensionsClashResolver;               : loaded 2 times (x 65B)
Class org.jetbrains.kotlin.resolve.calls.checkers.ContractNotAllowedCallChecker       : loaded 2 times (x 70B)
Class org.jetbrains.kotlin.resolve.checkers.DataClassDeclarationChecker               : loaded 2 times (x 70B)
Class org.jetbrains.kotlin.diagnostics.PositioningStrategies$DELEGATOR_SUPER_CALL$1   : loaded 2 times (x 70B)
Class org.jetbrains.kotlin.psi.KtWhenExpression                                       : loaded 2 times (x 448B)
Class [Lorg.jetbrains.kotlin.psi.KtContextReceiverList;                               : loaded 2 times (x 65B)
Class org.jetbrains.kotlin.psi.KtValueArgument                                        : loaded 2 times (x 460B)
Class [Lorg.jetbrains.kotlin.psi.KtSecondaryConstructor;                              : loaded 2 times (x 65B)
Class [Lorg.jetbrains.kotlin.psi.KtAnnotated;                                         : loaded 2 times (x 65B)
Class org.jetbrains.kotlin.psi.stubs.elements.KtPrimaryConstructorElementType         : loaded 2 times (x 97B)
Class org.jetbrains.kotlin.config.CommonConfigurationKeys                             : loaded 2 times (x 67B)
Class org.jetbrains.kotlin.metadata.ProtoBuf$QualifiedNameTable$QualifiedNameOrBuilder: loaded 2 times (x 66B)
Class kotlin.jvm.internal.Lambda                                                      : loaded 2 times (x 71B)
Class it.unimi.dsi.fastutil.objects.ObjectIterable                                    : loaded 2 times (x 66B)
Class org.jetbrains.kotlin.cli.common.arguments.Freezable                             : loaded 2 times (x 68B)
Class org.objectweb.asm.SymbolTable$Entry                                             : loaded 2 times (x 70B)
Class com.google.common.util.concurrent.AbstractFuture$AtomicHelper                   : loaded 2 times (x 74B)
Class org.jetbrains.kotlin.resolve.jvm.extensions.AnalysisHandlerExtension            : loaded 2 times (x 66B)
Class org.jetbrains.kotlin.metadata.jvm.JvmProtoBuf$JvmPropertySignatureOrBuilder     : loaded 2 times (x 66B)
Class dagger.internal.codegen.binding.AutoValue_DelegateDeclaration                   : loaded 2 times (x 79B)
Class dagger.internal.codegen.validation.DependencyRequestValidator                   : loaded 2 times (x 68B)
Class org.jetbrains.kotlin.psi.KtBlockExpression                                      : loaded 2 times (x 542B)
Class dagger.internal.SingleCheck                                                     : loaded 2 times (x 73B)
Class dagger.hilt.processor.internal.definecomponent.DefineComponentBuilderMetadatas  : loaded 2 times (x 68B)
Class dagger.internal.codegen.xprocessing.XAnnotations                                : loaded 2 times (x 67B)
Class com.squareup.kotlinpoet.TypeName$Companion                                      : loaded 2 times (x 67B)
Class dagger.spi.internal.shaded.androidx.room.compiler.processing.ksp.KspTypeElement$name$2: loaded 2 times (x 75B)
Class androidx.room.compiler.processing.ksp.KspTypeElement$name$2                     : loaded 2 times (x 75B)
Class androidx.room.compiler.processing.InternalXAnnotated                            : loaded 2 times (x 66B)
Class org.jetbrains.kotlin.load.java.NullabilityAnnotationStates$Companion            : loaded 2 times (x 67B)
Class kotlin.annotation.AnnotationRetention                                           : loaded 2 times (x 75B)
Class org.jetbrains.plugins.gradle.DefaultExternalDependencyId                        : loaded 2 times (x 76B)
Class org.jetbrains.kotlin.idea.gradleTooling.reflect.KotlinLanguageSettingsReflection: loaded 2 times (x 66B)
Class kotlin.coroutines.jvm.internal.ContinuationImpl                                 : loaded 2 times (x 83B)
Class kotlin.coroutines.jvm.internal.SuspendLambda                                    : loaded 2 times (x 87B)
Class javaslang.Tuple                                                                 : loaded 2 times (x 66B)
Class com.google.common.collect.EmptyImmutableSetMultimap                             : loaded 2 times (x 178B)
Class org.jetbrains.kotlin.types.TypeApproximatorConfiguration$IncorporationConfiguration: loaded 2 times (x 83B)
Class org.jetbrains.kotlin.load.java.structure.impl.JavaClassifierImpl                : loaded 2 times (x 100B)
Class it.unimi.dsi.fastutil.objects.Object2IntOpenHashMap                             : loaded 2 times (x 284B)
Class org.jetbrains.kotlin.load.kotlin.FileBasedKotlinClass$3                         : loaded 2 times (x 73B)
Class org.jetbrains.kotlin.load.kotlin.JvmPackagePartSource                           : loaded 2 times (x 81B)
Class org.jetbrains.kotlin.metadata.ProtoBuf$Property$1                               : loaded 2 times (x 140B)
Class org.jetbrains.kotlin.metadata.ProtoBuf$Type                                     : loaded 2 times (x 141B)
Class org.jetbrains.kotlin.metadata.ProtoBuf$Class                                    : loaded 2 times (x 176B)
Class org.jetbrains.kotlin.resolve.checkers.MissingDependencyClassChecker$ClassifierUsage: loaded 2 times (x 70B)
Class org.jetbrains.kotlin.resolve.calls.checkers.NamedFunAsExpressionChecker         : loaded 2 times (x 70B)
Class org.jetbrains.kotlin.resolve.jvm.JvmOverridesBackwardCompatibilityHelper        : loaded 2 times (x 70B)
Class org.jetbrains.kotlin.diagnostics.DiagnosticFactoryForDeprecation0$Companion     : loaded 2 times (x 67B)
Class [Lorg.jetbrains.kotlin.psi.KtSuperTypeList;                                     : loaded 2 times (x 65B)
Class org.jetbrains.kotlin.psi.KtNamedDeclarationStub                                 : loaded 2 times (x 926B)
Class org.jetbrains.kotlin.psi.stubs.elements.KtStubElementTypes                      : loaded 2 times (x 66B)
Class [Lorg.jetbrains.kotlin.lexer.KtToken;                                           : loaded 2 times (x 65B)
Class org.jetbrains.kotlin.config.CommonConfigurationKeysKt                           : loaded 2 times (x 67B)
Class com.android.builder.model.v2.ide.Variant                                        : loaded 2 times (x 66B)
Class org.objectweb.asm.Edge                                                          : loaded 2 times (x 68B)
Class com.google.common.base.Suppliers$SupplierOfInstance                             : loaded 2 times (x 75B)
Class org.gradle.tooling.model.Model                                                  : loaded 2 times (x 66B)
Class [Ldagger.internal.codegen.base.ComponentCreatorKind;                            : loaded 2 times (x 65B)
Class dagger.internal.codegen.binding.DependencyVariableNamer$1                       : loaded 2 times (x 67B)
Class dagger.internal.codegen.processingstep.ProcessingStepsModule_ProcessingStepsFactory: loaded 2 times (x 75B)
Class dagger.internal.codegen.DelegateComponentProcessor_MembersInjector              : loaded 2 times (x 71B)
Class dagger.internal.codegen.compileroption.ProcessingEnvironmentCompilerOptions_Factory: loaded 2 times (x 75B)
Class dagger.hilt.android.processor.internal.viewmodel.ViewModelProcessingStep        : loaded 2 times (x 83B)
Class [Landroidx.room.compiler.processing.XHasModifiers;                              : loaded 2 times (x 65B)
Class androidx.room.compiler.processing.XExecutableElement                            : loaded 2 times (x 66B)
Class androidx.room.compiler.processing.ksp.KspTypeElement$_declaredProperties$2      : loaded 2 times (x 75B)
Class dagger.hilt.processor.internal.generatesrootinput.KspGeneratesRootInputProcessor: loaded 2 times (x 85B)
Class com.intellij.gradle.toolingExtension.impl.util.GradleIdeaPluginUtil             : loaded 2 times (x 67B)
Class com.android.ide.gradle.model.impl.GradlePluginModelImpl$Companion               : loaded 2 times (x 67B)
Class org.jetbrains.kotlin.resolve.calls.inference.model.NewConstraintSystemImpl      : loaded 2 times (x 1284B)
Class org.jetbrains.kotlin.load.kotlin.FileBasedKotlinClass$4                         : loaded 2 times (x 83B)
Class kotlin.properties.Delegates                                                     : loaded 2 times (x 67B)
Class org.jetbrains.kotlin.types.AbstractTypeApproximator                             : loaded 2 times (x 623B)
Class org.jetbrains.kotlin.util.ArrayMap                                              : loaded 2 times (x 79B)
Class kotlin.collections.AbstractMutableSet                                           : loaded 2 times (x 138B)
Class dagger.spi.internal.shaded.androidx.room.compiler.processing.ksp.KspBasicAnnotationProcessor: loaded 2 times (x 84B)
Class org.jetbrains.kotlin.resolve.calls.checkers.SafeCallChecker                     : loaded 2 times (x 70B)
Class org.jetbrains.kotlin.resolve.jvm.checkers.ExplicitMetadataChecker               : loaded 2 times (x 70B)
Class androidx.room.compiler.processing.ksp.KSTypeVarianceResolverScope$hasSuppressWildcards$2: loaded 2 times (x 75B)
Class org.jetbrains.kotlin.diagnostics.PositioningStrategies$USELESS_ELVIS$1          : loaded 2 times (x 70B)
Class org.jetbrains.kotlin.psi.KtQualifiedExpression                                  : loaded 2 times (x 66B)
Class org.jetbrains.kotlin.psi.stubs.KotlinTypeProjectionStub                         : loaded 2 times (x 66B)
Class org.jetbrains.kotlin.psi.stubs.KotlinModifierListStub                           : loaded 2 times (x 66B)
Class [Lorg.jetbrains.kotlin.psi.KtClassBody;                                         : loaded 2 times (x 65B)
Class org.jetbrains.kotlin.psi.KtValVarKeywordOwner                                   : loaded 2 times (x 66B)
Class org.jetbrains.kotlin.psi.KtExpression                                           : loaded 2 times (x 66B)
Class org.jetbrains.kotlin.kdoc.lexer.KDocToken                                       : loaded 2 times (x 71B)
Class [Lorg.jetbrains.kotlin.diagnostics.DiagnosticFactory;                           : loaded 2 times (x 65B)
Class org.jetbrains.kotlin.resolve.jvm.checkers.UpperBoundViolatedInTypealiasConstructorChecker: loaded 2 times (x 70B)
Class dagger.spi.internal.shaded.androidx.room.compiler.processing.ksp.KspTypeElement$DefaultKspTypeElement: loaded 2 times (x 300B)
Class com.google.devtools.ksp.processing.KSPJvmConfig                                 : loaded 2 times (x 68B)
Class dagger.spi.internal.shaded.androidx.room.compiler.processing.ksp.KspTypeElement$_declaredMethods$2: loaded 2 times (x 75B)
Class com.google.common.reflect.TypeToken$1                                           : loaded 2 times (x 106B)
Class com.android.builder.model.v2.ide.SyncIssue                                      : loaded 2 times (x 66B)
Class com.google.common.cache.LocalCache$ComputingValueReference                      : loaded 2 times (x 92B)
Class dagger.internal.codegen.validation.ProducesMethodValidator                      : loaded 2 times (x 74B)
Class dagger.internal.codegen.componentgenerator.ComponentGenerator_Factory           : loaded 2 times (x 75B)
Class dagger.internal.codegen.model.Key$Builder                                       : loaded 2 times (x 72B)
Class dagger.internal.codegen.model.DaggerElement                                     : loaded 2 times (x 69B)
Class org.sqlite.ProgressHandler                                                      : loaded 2 times (x 68B)
Class [Landroidx.room.BuiltInTypeConverters$State;                                    : loaded 2 times (x 65B)
Class androidx.room.processor.CustomConverterProcessor$ProcessResult                  : loaded 2 times (x 68B)
Class dagger.spi.internal.shaded.androidx.room.compiler.processing.ksp.KspTypeElement$WhenMappings: loaded 2 times (x 67B)
Class dagger.internal.codegen.binding.AutoValue_Nullability                           : loaded 2 times (x 70B)
Class dagger.internal.codegen.writing.InaccessibleMapKeyProxyGenerator                : loaded 2 times (x 73B)
Class dagger.internal.codegen.base.DaggerSuperficialValidation$ValidationException$UnexpectedException: loaded 2 times (x 79B)
Class dagger.internal.codegen.binding.ProvisionBinding                                : loaded 2 times (x 91B)
Class dagger.internal.codegen.binding.InjectionSiteFactory                            : loaded 2 times (x 68B)
Class dagger.spi.internal.shaded.androidx.room.compiler.processing.ksp.KspArrayType$BoxedArray$componentType$2: loaded 2 times (x 75B)
Class com.squareup.kotlinpoet.WildcardTypeName                                        : loaded 2 times (x 82B)
Class com.squareup.kotlinpoet.ClassName                                               : loaded 2 times (x 85B)
Class dagger.spi.internal.shaded.androidx.room.compiler.processing.ksp.KSTypeVarianceResolverScope$hasSuppressWildcards$2: loaded 2 times (x 75B)
Class dagger.spi.internal.shaded.androidx.room.compiler.processing.ksp.KspAnnotation$type$2: loaded 2 times (x 75B)
Class androidx.room.compiler.processing.ksp.DefaultKspType                            : loaded 2 times (x 184B)
Class androidx.room.compiler.processing.ksp.KspTypeElement$DefaultKspTypeElement      : loaded 2 times (x 290B)
Class dagger.hilt.processor.internal.originatingelement.OriginatingElementProcessingStep: loaded 2 times (x 83B)
Class androidx.room.processor.Context$CommonTypes$LIST$2                              : loaded 2 times (x 75B)
Class com.android.ide.gradle.model.impl.GradlePropertiesModelImpl                     : loaded 2 times (x 73B)
Class com.android.ide.gradle.model.impl.LegacyAndroidGradlePluginPropertiesImpl       : loaded 2 times (x 75B)
Class org.gradle.internal.impldep.com.google.common.collect.Multimap                  : loaded 2 times (x 66B)
Class com.intellij.gradle.toolingExtension.impl.model.dependencyDownloadPolicyModel.GradleDependencyDownloadPolicyCache: loaded 2 times (x 71B)
Class org.jetbrains.plugins.gradle.tooling.MessageReporter                            : loaded 2 times (x 66B)
Class com.google.common.collect.MultimapBuilder                                       : loaded 2 times (x 69B)
Class com.google.common.collect.AbstractMapBasedMultimap$AsMap$AsMapEntries           : loaded 2 times (x 134B)
Class org.jetbrains.kotlin.resolve.calls.inference.model.ConstraintKind               : loaded 2 times (x 75B)
Class org.jetbrains.kotlin.parsing.KotlinExpressionParsing$Precedence$1               : loaded 2 times (x 77B)
Class org.jetbrains.kotlin.parsing.AbstractTokenStreamPredicate                       : loaded 2 times (x 73B)
Class org.jetbrains.kotlin.metadata.ProtoBuf$Class$Kind                               : loaded 2 times (x 78B)
Class org.jetbrains.kotlin.metadata.jvm.JvmProtoBuf$JvmMethodSignatureOrBuilder       : loaded 2 times (x 66B)
Class org.jetbrains.kotlin.psi.UserDataProperty                                       : loaded 2 times (x 68B)
Class org.jetbrains.kotlin.metadata.ProtoBuf$Annotation$Argument                      : loaded 2 times (x 104B)
Class org.jetbrains.kotlin.protobuf.GeneratedMessageLite$Builder                      : loaded 2 times (x 124B)
Class org.jetbrains.kotlin.protobuf.WireFormat$FieldType$1                            : loaded 2 times (x 79B)
Class org.jetbrains.kotlin.protobuf.ByteString                                        : loaded 2 times (x 104B)
Class kotlin.reflect.KProperty$Getter                                                 : loaded 2 times (x 66B)
Class kotlin.sequences.SequencesKt___SequencesKt$filterNotNull$1                      : loaded 2 times (x 74B)
Class org.jetbrains.kotlin.descriptors.DeclarationDescriptorWithSource                : loaded 2 times (x 66B)
Class org.jetbrains.kotlin.resolve.checkers.PlatformDiagnosticSuppressor              : loaded 2 times (x 66B)
Class org.jetbrains.kotlin.resolve.calls.checkers.CoroutineSuspendCallChecker         : loaded 2 times (x 70B)
Class [Lorg.jetbrains.kotlin.psi.KtStringTemplateEntryWithExpression;                 : loaded 2 times (x 65B)
Class org.jetbrains.kotlin.psi.KtTypeProjection                                       : loaded 2 times (x 589B)
Class com.google.common.reflect.TypeToken$2                                           : loaded 2 times (x 106B)
Class com.android.builder.model.v2.ide.Library                                        : loaded 2 times (x 66B)
Class com.android.builder.model.v2.ide.ArtifactDependenciesAdjacencyList              : loaded 2 times (x 66B)
Class com.android.builder.model.v2.models.Versions                                    : loaded 2 times (x 66B)
Class com.google.common.cache.LocalCache$Segment                                      : loaded 2 times (x 150B)
Class org.gradle.tooling.internal.adapter.ProtocolToModelAdapter$MethodInvocationCache: loaded 2 times (x 69B)
Class com.google.common.cache.LocalCache$Strength$1                                   : loaded 2 times (x 77B)
Class org.objectweb.asm.ModuleVisitor                                                 : loaded 2 times (x 77B)
Class com.google.common.reflect.TypeResolver                                          : loaded 2 times (x 68B)
Class com.google.common.reflect.Types$ClassOwnership$2                                : loaded 2 times (x 76B)
Class dagger.hilt.processor.internal.root.AggregatedRootMetadata                      : loaded 2 times (x 73B)
Class org.sqlite.util.OSInfo                                                          : loaded 2 times (x 67B)
Class dagger.internal.codegen.writing.ModuleProxies                                   : loaded 2 times (x 67B)
Class dagger.spi.internal.shaded.androidx.room.compiler.processing.ksp.KspMethodElement$KspSuspendMethodElement: loaded 2 times (x 268B)
Class dagger.internal.codegen.componentgenerator.ComponentHjarGenerator_Factory       : loaded 2 times (x 75B)
Class dagger.internal.codegen.validation.ValidationBindingGraphPlugin                 : loaded 2 times (x 81B)
Class dagger.internal.codegen.processingstep.MonitoringModuleProcessingStep           : loaded 2 times (x 82B)
Class dagger.internal.codegen.processingstep.InjectProcessingStep_Factory             : loaded 2 times (x 75B)
Class dagger.internal.codegen.bindinggraphvalidation.SubcomponentFactoryMethodValidator_Factory$InstanceHolder: loaded 2 times (x 67B)
Class dagger.spi.internal.shaded.androidx.room.compiler.processing.ksp.KspExecutableElement: loaded 2 times (x 206B)
Class dagger.spi.internal.shaded.androidx.room.compiler.processing.ksp.KspType$equalityItems$2: loaded 2 times (x 75B)
Class dagger.spi.internal.shaded.androidx.room.compiler.processing.CommonProcessorDelegate: loaded 2 times (x 68B)
Class androidx.room.compiler.processing.ksp.KspAnnotationValue                        : loaded 2 times (x 151B)
Class androidx.room.compiler.processing.ksp.KspTypeElement                            : loaded 2 times (x 290B)
Class [Lorg.jetbrains.kotlin.psi.KtCallableDeclaration;                               : loaded 2 times (x 65B)
Class [Lorg.jetbrains.kotlin.psi.KtVariableDeclaration;                               : loaded 2 times (x 65B)
Class org.jetbrains.kotlin.psi.KtInitializerList                                      : loaded 2 times (x 443B)
Class org.jetbrains.kotlin.types.AbstractStrictEqualityTypeChecker                    : loaded 2 times (x 67B)
Class org.jetbrains.kotlin.psi.KtBinaryExpressionWithTypeRHS                          : loaded 2 times (x 507B)
Class org.jetbrains.kotlin.diagnostics.PositioningStrategies$projectionPosition$1     : loaded 2 times (x 70B)
Class org.jetbrains.kotlin.resolve.jvm.RuntimeAssertionsTypeChecker                   : loaded 2 times (x 72B)
Class org.jetbrains.kotlin.resolve.calls.inference.model.MutableVariableWithConstraints: loaded 2 times (x 73B)
Class org.jetbrains.kotlin.load.java.structure.impl.JavaClassImpl$Companion           : loaded 2 times (x 67B)
Class org.jetbrains.kotlin.load.kotlin.VirtualFileFinderFactory$SERVICE               : loaded 2 times (x 67B)
Class org.jetbrains.kotlin.config.JvmAnalysisFlags$sanitizeParentheses$2              : loaded 2 times (x 123B)
Class org.jetbrains.kotlin.parsing.KotlinExpressionParsing$Precedence$2               : loaded 2 times (x 77B)
Class org.jetbrains.kotlin.builtins.PrimitiveType$Companion                           : loaded 2 times (x 67B)
Class kotlin.SafePublicationLazyImpl                                                  : loaded 2 times (x 72B)
Class org.jetbrains.kotlin.protobuf.UnmodifiableLazyStringList$2                      : loaded 2 times (x 79B)
Class org.jetbrains.kotlin.metadata.ProtoBuf$TypeParameter                            : loaded 2 times (x 126B)
Class org.jetbrains.kotlin.metadata.ProtoBuf$ValueParameter$1                         : loaded 2 times (x 140B)
Class [Lorg.jetbrains.kotlin.protobuf.WireFormat$FieldType;                           : loaded 2 times (x 65B)
Class org.jetbrains.kotlin.protobuf.WireFormat$FieldType$2                            : loaded 2 times (x 79B)
Class [Lorg.jetbrains.kotlin.config.LanguageFeature$State;                            : loaded 2 times (x 65B)
Class org.jetbrains.kotlin.descriptors.CallableMemberDescriptor                       : loaded 2 times (x 66B)
Class org.jetbrains.kotlin.container.ClassInfo                                        : loaded 2 times (x 68B)
Class org.jetbrains.kotlin.diagnostics.PositioningStrategies$COMMAS$1                 : loaded 2 times (x 70B)
Class org.jetbrains.kotlin.psi.KtCatchClause                                          : loaded 2 times (x 378B)
Class org.jetbrains.kotlin.psi.stubs.KotlinScriptStub                                 : loaded 2 times (x 66B)
Class [Lorg.jetbrains.kotlin.psi.KtDelegatedSuperTypeEntry;                           : loaded 2 times (x 65B)
Class org.jetbrains.kotlin.psi.stubs.KotlinObjectStub                                 : loaded 2 times (x 66B)
Class org.jetbrains.kotlin.psi.stubs.elements.KtAnnotationUseSiteTargetElementType    : loaded 2 times (x 90B)
Class org.jetbrains.kotlin.psi.stubs.elements.KtClassElementType                      : loaded 2 times (x 96B)
Class [Lorg.jetbrains.kotlin.diagnostics.Severity;                                    : loaded 2 times (x 65B)
Class org.jetbrains.kotlin.diagnostics.Severity                                       : loaded 2 times (x 75B)
Class org.jetbrains.kotlin.resolve.jvm.checkers.JvmSyntheticAssignmentChecker         : loaded 2 times (x 70B)
Class org.jetbrains.kotlin.resolve.jvm.checkers.MissingBuiltInDeclarationChecker      : loaded 2 times (x 70B)
Class org.jetbrains.kotlin.cli.jvm.compiler.KotlinCoreEnvironment                     : loaded 2 times (x 68B)
Class it.unimi.dsi.fastutil.objects.ObjectIterator                                    : loaded 2 times (x 66B)
Class [Lorg.jetbrains.kotlin.resolve.AdditionalAnnotationChecker;                     : loaded 2 times (x 65B)
Class org.jetbrains.kotlin.resolve.checkers.TailrecFunctionChecker                    : loaded 2 times (x 70B)
Class com.android.builder.model.v2.models.ndk.NativeModule                            : loaded 2 times (x 66B)
Class [Lorg.objectweb.asm.SymbolTable$Entry;                                          : loaded 2 times (x 65B)
Class com.google.common.cache.CacheLoader                                             : loaded 2 times (x 70B)
Class org.gradle.internal.installation.GradleInstallation$1                           : loaded 2 times (x 71B)
Class org.gradle.api.internal.classpath.ModuleRegistry                                : loaded 2 times (x 66B)
Class org.jetbrains.kotlin.resolve.calls.checkers.AbstractClassInstantiationChecker   : loaded 2 times (x 70B)
Class dagger.internal.codegen.writing.FactoryGenerator$FactoryCreationStrategy        : loaded 2 times (x 75B)
Class dagger.internal.codegen.binding.MapKeys                                         : loaded 2 times (x 67B)
Class dagger.spi.internal.shaded.androidx.room.compiler.processing.ksp.KspTypeElement$KspEnumTypeElement: loaded 2 times (x 352B)
Class dagger.internal.codegen.binding.DependencyRequestFormatter                      : loaded 2 times (x 82B)
Class dagger.internal.codegen.validation.MultibindsMethodValidator                    : loaded 2 times (x 75B)
Class dagger.hilt.processor.internal.root.AutoValue_Root                              : loaded 2 times (x 74B)
Class dagger.spi.internal.shaded.androidx.room.compiler.processing.InternalXAnnotationValue$Kind$Companion: loaded 2 times (x 67B)
Class dagger.spi.internal.shaded.androidx.room.compiler.processing.ksp.synthetic.KspSyntheticPropertyMethodElement$Getter: loaded 2 times (x 255B)
Class [Ldagger.spi.internal.shaded.androidx.room.compiler.processing.XMethodElement;  : loaded 2 times (x 65B)
Class androidx.room.compiler.processing.ksp.KspFieldElement$setter$2                  : loaded 2 times (x 75B)
Class androidx.room.compiler.processing.ksp.KspType$nullability$2                     : loaded 2 times (x 75B)
Class dagger.hilt.processor.internal.aliasof.AliasOfProcessingStep                    : loaded 2 times (x 83B)
Class dagger.spi.internal.shaded.androidx.room.compiler.processing.ksp.KspMessager    : loaded 2 times (x 69B)
Class kotlin.jvm.functions.Function21                                                 : loaded 2 times (x 66B)
Class org.jetbrains.kotlin.metadata.ProtoBuf$StringTableOrBuilder                     : loaded 2 times (x 66B)
Class [Lorg.jetbrains.kotlin.protobuf.WireFormat$JavaType;                            : loaded 2 times (x 65B)
Class org.jetbrains.kotlin.load.java.structure.JavaElement                            : loaded 2 times (x 66B)
Class org.jetbrains.kotlin.serialization.SerializerExtensionProtocol                  : loaded 2 times (x 68B)
Class org.jetbrains.kotlin.load.kotlin.KotlinJvmBinarySourceElement                   : loaded 2 times (x 77B)
Class it.unimi.dsi.fastutil.longs.LongIterable                                        : loaded 2 times (x 66B)
Class org.jetbrains.kotlin.descriptors.InlineClassRepresentation                      : loaded 2 times (x 71B)
Class [Lorg.jetbrains.kotlin.types.TypeCheckerState$LowerCapturedTypePolicy;          : loaded 2 times (x 65B)
Class org.jetbrains.org.objectweb.asm.AnnotationVisitor                               : loaded 2 times (x 73B)
Class org.jetbrains.kotlin.resolve.calls.inference.components.PostponedArgumentInputTypesResolver$Companion: loaded 2 times (x 67B)
Class org.jetbrains.kotlin.util.AbstractArrayMapOwner$AbstractArrayMapAccessor        : loaded 2 times (x 67B)
Class org.jetbrains.kotlin.parsing.BindAll                                            : loaded 2 times (x 70B)
Class org.jetbrains.kotlin.parsing.KotlinExpressionParsing$Precedence$3               : loaded 2 times (x 77B)
Class org.jetbrains.kotlin.protobuf.WireFormat$FieldType$3                            : loaded 2 times (x 79B)
Class org.jetbrains.kotlin.cli.jvm.modules.JavaModuleGraph                            : loaded 2 times (x 68B)
Class org.jetbrains.kotlin.load.java.JavaTypeEnhancementState                         : loaded 2 times (x 68B)
Class org.jetbrains.kotlin.diagnostics.PositioningStrategies$CALL_EXPRESSION$1        : loaded 2 times (x 70B)
Class org.jetbrains.kotlin.diagnostics.PositioningStrategies$WHEN_EXPRESSION$1        : loaded 2 times (x 70B)
Class org.jetbrains.kotlin.psi.KtStatementExpression                                  : loaded 2 times (x 66B)
Class org.jetbrains.kotlin.psi.KtDeclarationContainer                                 : loaded 2 times (x 66B)
Class org.jetbrains.kotlin.resolve.jvm.checkers.JvmFieldApplicabilityChecker          : loaded 2 times (x 70B)
Class org.jetbrains.kotlin.resolve.jvm.checkers.ExternalFunChecker                    : loaded 2 times (x 70B)
Class org.jetbrains.kotlin.storage.SimpleLock$Companion                               : loaded 2 times (x 67B)
Class org.jetbrains.kotlin.utils.PlatformUtilsKt                                      : loaded 2 times (x 67B)
Class org.jetbrains.kotlin.cli.jvm.modules.CoreJrtFileSystem                          : loaded 2 times (x 97B)
Class org.jetbrains.kotlin.cli.jvm.compiler.KotlinCoreApplicationEnvironmentMode      : loaded 2 times (x 66B)
Class com.google.devtools.ksp.processing.KSPLogger                                    : loaded 2 times (x 66B)
Class com.android.builder.model.v2.ide.PrivacySandboxSdkInfo                          : loaded 2 times (x 66B)
Class com.google.common.util.concurrent.internal.InternalFutureFailureAccess          : loaded 2 times (x 68B)
Class com.google.common.base.Splitter$SplittingIterator                               : loaded 2 times (x 80B)
Class org.gradle.tooling.internal.adapter.ObjectGraphAdapter                          : loaded 2 times (x 66B)
Class org.jetbrains.kotlin.config.JvmAnalysisFlags$Delegates$JvmDefaultModeDisabledByDefault: loaded 2 times (x 67B)
Class dagger.internal.codegen.extension.Optionals                                     : loaded 2 times (x 67B)
Class dagger.internal.codegen.processingstep.ComponentHjarProcessingStep              : loaded 2 times (x 82B)
Class dagger.internal.codegen.processingstep.MapKeyProcessingStep_Factory             : loaded 2 times (x 75B)
Class dagger.spi.internal.shaded.androidx.room.compiler.processing.ksp.KspProcessingEnv$getTypeElementsFromPackage$$inlined$filterIsInstance$1: loaded 2 times (x 74B)
Class com.squareup.javapoet.JavaFile$1                                                : loaded 2 times (x 75B)
Class dagger.hilt.android.processor.internal.bindvalue.BindValueMetadata              : loaded 2 times (x 69B)
Class dagger.spi.internal.shaded.androidx.room.compiler.processing.XFieldElement      : loaded 2 times (x 66B)
Class dagger.spi.internal.shaded.androidx.room.compiler.processing.util.MemoizedSequence$delegateIterator$2: loaded 2 times (x 75B)
Class com.google.common.collect.MapMakerInternalMap$StrongValueEntry                  : loaded 2 times (x 66B)
Class org.jetbrains.kotlin.load.kotlin.VirtualFileKotlinClass                         : loaded 2 times (x 84B)
Class [Lorg.jetbrains.org.objectweb.asm.Attribute;                                    : loaded 2 times (x 65B)
Class org.jetbrains.kotlin.cli.jvm.index.JvmDependenciesIndexImpl$SearchResult$NotFound: loaded 2 times (x 67B)
Class org.jetbrains.kotlin.resolve.calls.inference.InferenceUtilsKt                   : loaded 2 times (x 67B)
Class com.google.common.collect.MultimapBuilder$ArrayListSupplier                     : loaded 2 times (x 73B)
Class org.jetbrains.kotlin.resolve.calls.results.TypeWithConversion                   : loaded 2 times (x 68B)
Class [Lkotlin.jvm.internal.markers.KMappedMarker;                                    : loaded 2 times (x 65B)
Class org.jetbrains.kotlin.resolve.jvm.AsmTypes                                       : loaded 2 times (x 67B)
Class [Lorg.jetbrains.kotlin.types.model.TypeVariance;                                : loaded 2 times (x 65B)
Class com.google.common.collect.Iterators$6                                           : loaded 2 times (x 76B)
Class javaslang.collection.HashArrayMappedTrieModule$LeafSingleton                    : loaded 2 times (x 101B)
Class [Lcom.google.common.collect.LinkedHashMultimap$ValueEntry;                      : loaded 2 times (x 65B)
Class org.jetbrains.kotlin.load.java.SpecialGenericSignatures$Companion               : loaded 2 times (x 67B)
Class kotlin.text.RegexKt                                                             : loaded 2 times (x 67B)
Class org.jetbrains.kotlin.types.model.IntersectionTypeConstructorMarker              : loaded 2 times (x 66B)
Class [Lorg.jetbrains.org.objectweb.asm.Type;                                         : loaded 2 times (x 65B)
Class org.jetbrains.kotlin.descriptors.Visibilities$Internal                          : loaded 2 times (x 75B)
Class org.jetbrains.kotlin.metadata.ProtoBuf$VersionRequirement$Level                 : loaded 2 times (x 78B)
Class org.jetbrains.kotlin.metadata.ProtoBuf$VersionRequirementOrBuilder              : loaded 2 times (x 66B)
Class org.jetbrains.kotlin.load.kotlin.FileBasedKotlinClass$3$1                       : loaded 2 times (x 73B)
Class org.jetbrains.kotlin.mpp.TypeAliasSymbolMarker                                  : loaded 2 times (x 66B)
Class org.jetbrains.kotlin.config.JvmAnalysisFlags$javaTypeEnhancementState$2         : loaded 2 times (x 123B)
Class org.jetbrains.kotlin.resolve.calls.inference.components.TrivialConstraintTypeInferenceOracle: loaded 2 times (x 447B)
Class org.jetbrains.kotlin.metadata.jvm.JvmProtoBuf$JvmMethodSignature$1              : loaded 2 times (x 140B)
Class org.jetbrains.kotlin.serialization.deserialization.FlexibleTypeDeserializer     : loaded 2 times (x 66B)
Class org.jetbrains.kotlin.resolve.extensions.AssignResolutionAltererExtension        : loaded 2 times (x 66B)
Class org.jetbrains.kotlin.extensions.ProjectExtensionDescriptor                      : loaded 2 times (x 68B)
Class org.jetbrains.kotlin.load.java.structure.impl.source.JavaElementSourceFactory$Companion: loaded 2 times (x 67B)
Class org.jetbrains.kotlin.cli.jvm.compiler.CliVirtualFileFinderFactory               : loaded 2 times (x 76B)
Class [Lorg.jetbrains.kotlin.metadata.ProtoBuf$Annotation$Argument$Value$Type;        : loaded 2 times (x 65B)
Class org.jetbrains.kotlin.metadata.ProtoBuf$Contract$1                               : loaded 2 times (x 140B)
Class org.jetbrains.kotlin.metadata.ProtoBuf$Type$1                                   : loaded 2 times (x 140B)
Class org.jetbrains.kotlin.protobuf.WireFormat$FieldType$4                            : loaded 2 times (x 79B)
Class org.jetbrains.kotlin.config.AnalysisFlags$allowKotlinPackage$2                  : loaded 2 times (x 123B)
Class com.intellij.gradle.toolingExtension.impl.model.sourceSetModel.GradleSourceSetResolutionContext: loaded 2 times (x 69B)
Class org.jetbrains.kotlin.resolve.calls.checkers.BuilderInferenceAssignmentChecker   : loaded 2 times (x 70B)
Class org.jetbrains.kotlin.resolve.checkers.FunInterfaceDeclarationChecker            : loaded 2 times (x 70B)
Class org.jetbrains.kotlin.psi.KtAnnotationUseSiteTarget                              : loaded 2 times (x 442B)
Class [Lorg.jetbrains.kotlin.psi.KtPrimaryConstructor;                                : loaded 2 times (x 65B)
Class org.jetbrains.kotlin.psi.KtPropertyAccessor                                     : loaded 2 times (x 899B)
Class org.jetbrains.kotlin.psi.KtElement                                              : loaded 2 times (x 66B)
Class org.jetbrains.kotlin.name.FqNameUnsafe                                          : loaded 2 times (x 68B)
Class org.jetbrains.kotlin.platform.jvm.JvmPlatformKt                                 : loaded 2 times (x 67B)
Class org.jetbrains.kotlin.parsing.KotlinParserDefinition                             : loaded 2 times (x 91B)
Class com.android.builder.model.v2.ide.Installation                                   : loaded 2 times (x 66B)
Class com.google.common.util.concurrent.AbstractFuture$UnsafeAtomicHelper             : loaded 2 times (x 74B)
Class com.google.common.cache.LocalCache$LocalManualCache$1                           : loaded 2 times (x 71B)
Class com.intellij.compose.ide.plugin.gradleTooling.rt.ComposeResourcesExtension$Companion: loaded 2 times (x 67B)
Class dagger.hilt.processor.internal.root.ir.AggregatedRootIr                         : loaded 2 times (x 68B)
Class androidx.room.compiler.processing.ksp.KspMethodElement$jvmName$2                : loaded 2 times (x 75B)
Class dagger.internal.codegen.javapoet.CodeBlocks                                     : loaded 2 times (x 67B)
Class dagger.internal.codegen.processingstep.BindingMethodProcessingStep_Factory      : loaded 2 times (x 75B)
Class [Ldagger.internal.codegen.model.BindingGraphPlugin;                             : loaded 2 times (x 65B)
Class dagger.internal.codegen.validation.BindingElementValidator$AllowsScoping        : loaded 2 times (x 75B)
Class dagger.internal.codegen.base.Formatter                                          : loaded 2 times (x 81B)
Class dagger.spi.internal.shaded.androidx.room.compiler.processing.ksp.KspMethodElement$KspNormalMethodElement: loaded 2 times (x 268B)
Class dagger.spi.internal.shaded.androidx.room.compiler.processing.ksp.KSTypeVarianceResolver: loaded 2 times (x 68B)
Class dagger.spi.internal.shaded.androidx.room.compiler.processing.XRoundEnv          : loaded 2 times (x 66B)
Class dagger.spi.internal.shaded.androidx.room.compiler.processing.XProcessingEnv$Companion: loaded 2 times (x 67B)
Class dagger.spi.internal.shaded.androidx.room.compiler.processing.javac.XTypeElementStore: loaded 2 times (x 68B)
Class dagger.spi.internal.shaded.androidx.room.compiler.processing.ksp.KspTypeElement$_declaredProperties$2: loaded 2 times (x 75B)
Class dagger.internal.codegen.binding.InjectionSiteFactory_Factory                    : loaded 2 times (x 75B)
Class dagger.internal.codegen.validation.ModuleValidator$ModuleMethodKind             : loaded 2 times (x 75B)
Class dagger.internal.codegen.processingstep.ComponentProcessingStep_Factory          : loaded 2 times (x 75B)
Class com.google.common.collect.Multimaps$CustomListMultimap                          : loaded 2 times (x 170B)
Class dagger.spi.internal.shaded.androidx.room.compiler.processing.ksp.KspProcessingEnv$CommonTypes: loaded 2 times (x 68B)
Class org.jetbrains.kotlin.descriptors.Visibilities                                   : loaded 2 times (x 67B)
Class org.jetbrains.kotlin.types.TypeCheckerState$LowerCapturedTypePolicy             : loaded 2 times (x 75B)
Class org.jetbrains.kotlin.metadata.ProtoBuf$Expression                               : loaded 2 times (x 116B)
Class org.jetbrains.kotlin.load.java.structure.impl.source.JavaSourceFactoryOwner     : loaded 2 times (x 66B)
Class org.jetbrains.kotlin.load.java.structure.MapBasedJavaAnnotationOwner            : loaded 2 times (x 66B)
Class dagger.internal.codegen.writing.FactoryGenerator$1                              : loaded 2 times (x 67B)
Class org.jetbrains.kotlin.metadata.ProtoBuf$StringTable$1                            : loaded 2 times (x 140B)
Class org.gradle.internal.service.UnknownServiceException                             : loaded 2 times (x 79B)
Class org.jetbrains.kotlin.resolve.jvm.modules.JavaModuleResolver                     : loaded 2 times (x 66B)
Class org.jetbrains.kotlin.psi.KtPackageDirective                                     : loaded 2 times (x 597B)
Class org.jetbrains.kotlin.psi.stubs.elements.KtUserTypeElementType                   : loaded 2 times (x 93B)
Class org.jetbrains.kotlin.storage.LockBasedStorageManager$1                          : loaded 2 times (x 104B)
Class org.jetbrains.kotlin.cli.jvm.compiler.DummyJavaFileCodeStyleFacadeFactory       : loaded 2 times (x 70B)
Class com.google.common.base.AbstractIterator$State                                   : loaded 2 times (x 75B)
Class com.google.common.cache.LocalCache$LocalLoadingCache                            : loaded 2 times (x 130B)
Class com.android.builder.model.v2.models.ModelBuilderParameter                       : loaded 2 times (x 66B)
Class org.gradle.api.internal.classpath.DefaultModuleRegistry                         : loaded 2 times (x 82B)
Class com.google.common.util.concurrent.AbstractFuture$SafeAtomicHelper               : loaded 2 times (x 75B)
Class [Lorg.objectweb.asm.AnnotationVisitor;                                          : loaded 2 times (x 65B)
Class dagger.internal.codegen.validation.BindingMethodValidator$1                     : loaded 2 times (x 67B)
Class [Ldagger.internal.codegen.binding.BindingType;                                  : loaded 2 times (x 65B)
Class dagger.internal.codegen.bindinggraphvalidation.BindingGraphValidationModule     : loaded 2 times (x 66B)
Class dagger.internal.codegen.bindinggraphvalidation.MapMultibindingValidator         : loaded 2 times (x 81B)
Class dagger.internal.codegen.validation.BindsInstanceParameterValidator_Factory      : loaded 2 times (x 75B)
Class dagger.internal.codegen.compileroption.ProcessingEnvironmentCompilerOptions$KeyOnlyOption$1: loaded 2 times (x 82B)
Class dagger.spi.BindingGraphPlugin                                                   : loaded 2 times (x 66B)
Class dagger.spi.internal.shaded.androidx.room.compiler.processing.ksp.KspExecutableElement$Companion: loaded 2 times (x 67B)
Class dagger.hilt.processor.internal.BadInputException                                : loaded 2 times (x 78B)
Class androidx.room.compiler.processing.InternalXAnnotation$valuesByName$2            : loaded 2 times (x 75B)
Class com.squareup.javapoet.TypeName                                                  : loaded 2 times (x 77B)
Class com.google.common.reflect.Types$ClassOwnership$1                                : loaded 2 times (x 76B)
Class com.android.ide.gradle.model.dependencies.CoordinatesImpl                       : loaded 2 times (x 73B)
Class org.jetbrains.plugins.gradle.model.DefaultExternalLibraryDependency             : loaded 2 times (x 107B)
Class org.jetbrains.kotlin.cli.common.CompilerSystemProperties                        : loaded 2 times (x 76B)
Class org.jetbrains.kotlin.load.java.structure.impl.classFiles.BinaryClassSignatureParser: loaded 2 times (x 68B)
Class com.google.common.collect.LinkedHashMultimap$ValueSetLink                       : loaded 2 times (x 66B)
Class com.google.common.collect.ImmutableSetMultimap$EntrySet                         : loaded 2 times (x 143B)
Class org.jetbrains.kotlin.resolve.jvm.checkers.OverloadsAnnotationChecker            : loaded 2 times (x 70B)
Class org.jetbrains.kotlin.load.java.structure.impl.classFiles.ClassifierResolutionContext$Result: loaded 2 times (x 68B)
Class kotlin.collections.AbstractSet                                                  : loaded 2 times (x 131B)
Class org.jetbrains.kotlin.psi.stubs.elements.KtTypeParameterElementType              : loaded 2 times (x 93B)
Class [Lorg.jetbrains.kotlin.psi.KtDeclarationModifierList;                           : loaded 2 times (x 65B)
Class org.jetbrains.kotlin.resolve.calls.inference.components.ConstraintInjector$TypeCheckerStateForConstraintInjector: loaded 2 times (x 605B)
Class org.jetbrains.kotlin.resolve.calls.inference.model.ConstraintPosition           : loaded 2 times (x 67B)
Class kotlin.collections.AbstractMutableMap                                           : loaded 2 times (x 124B)
Class kotlin.collections.IndexedValue                                                 : loaded 2 times (x 68B)
Class org.jetbrains.kotlin.metadata.jvm.deserialization.JvmProtoBufUtil               : loaded 2 times (x 67B)
Class org.jetbrains.kotlin.load.kotlin.KotlinJvmBinaryClass$AnnotationVisitor         : loaded 2 times (x 66B)
Class kotlin.KotlinVersionCurrentValue                                                : loaded 2 times (x 67B)
Class org.jetbrains.kotlin.resolve.constants.ClassLiteralValue                        : loaded 2 times (x 68B)
Class org.jetbrains.kotlin.metadata.deserialization.Flags$BooleanFlagField            : loaded 2 times (x 72B)
Class kotlin.collections.builders.MapBuilder$Itr                                      : loaded 2 times (x 68B)
Class org.jetbrains.kotlin.metadata.ProtoBuf$Annotation$Argument$1                    : loaded 2 times (x 140B)
Class org.jetbrains.kotlin.metadata.jvm.JvmModuleProtoBuf$Module$1                    : loaded 2 times (x 140B)
Class org.jetbrains.kotlin.metadata.ProtoBuf$Function$1                               : loaded 2 times (x 140B)
Class org.jetbrains.kotlin.config.AnalysisFlags$allowUnstableDependencies$2           : loaded 2 times (x 123B)
Class org.jetbrains.kotlin.cli.jvm.index.JvmDependenciesIndexImpl                     : loaded 2 times (x 73B)
Class org.jetbrains.kotlin.resolve.calls.checkers.AssigningNamedArgumentToVarargChecker: loaded 2 times (x 70B)
Class org.jetbrains.kotlin.resolve.checkers.ConstModifierChecker                      : loaded 2 times (x 70B)
Class org.jetbrains.kotlin.name.JvmStandardClassIds                                   : loaded 2 times (x 67B)
Class org.jetbrains.kotlin.resolve.calls.checkers.AdditionalTypeChecker               : loaded 2 times (x 66B)
Class org.jetbrains.kotlin.psi.KtFinallySection                                       : loaded 2 times (x 376B)
Class org.jetbrains.kotlin.psi.KtCallElement                                          : loaded 2 times (x 66B)
Class org.jetbrains.kotlin.psi.stubs.KotlinParameterStub                              : loaded 2 times (x 66B)
Class org.jetbrains.kotlin.psi.KtTypeAlias                                            : loaded 2 times (x 1089B)
Class org.jetbrains.kotlin.psi.KtIntersectionType                                     : loaded 2 times (x 507B)
Class org.jetbrains.kotlin.psi.KtStringTemplateEntry                                  : loaded 2 times (x 443B)
Class com.google.common.util.concurrent.ListenableFuture                              : loaded 2 times (x 66B)
Class com.google.common.cache.ReferenceEntry                                          : loaded 2 times (x 66B)
Class org.jetbrains.kotlin.psi.KtContinueExpression                                   : loaded 2 times (x 439B)
Class org.jetbrains.kotlin.diagnostics.PositioningStrategies$SECONDARY_CONSTRUCTOR_DELEGATION_CALL$1: loaded 2 times (x 70B)
Class org.jetbrains.kotlin.builtins.jvm.JavaToKotlinClassMapper                       : loaded 2 times (x 70B)
Class org.jetbrains.kotlin.resolve.checkers.AnnotationClassTargetAndRetentionChecker  : loaded 2 times (x 70B)
Class dagger.hilt.processor.internal.root.$AutoValue_AggregatedRootMetadata           : loaded 2 times (x 78B)
Class com.squareup.javapoet.FieldSpec$Builder                                         : loaded 2 times (x 68B)
Class com.squareup.javapoet.ParameterSpec                                             : loaded 2 times (x 68B)
Class dagger.spi.internal.shaded.androidx.room.compiler.processing.XEnumTypeElement   : loaded 2 times (x 66B)
Class dagger.internal.codegen.compileroption.ProcessingEnvironmentCompilerOptions$KeyOnlyOption$2: loaded 2 times (x 82B)
Class dagger.spi.internal.shaded.androidx.room.compiler.processing.ksp.KspAnnotationValue$1: loaded 2 times (x 75B)
Class dagger.spi.internal.shaded.androidx.room.compiler.processing.ksp.KspFieldElement$name$2: loaded 2 times (x 75B)
Class dagger.spi.internal.shaded.androidx.room.compiler.processing.ksp.KspType$nullability$2: loaded 2 times (x 75B)
Class androidx.room.compiler.processing.ksp.KspHasModifiers$PropertyField$isLateinit$2: loaded 2 times (x 75B)
Class androidx.room.compiler.processing.ksp.KspTypeElement$className$2                : loaded 2 times (x 75B)
Class jdk.internal.jimage.BasicImageReader$2                                          : loaded 2 times (x 73B)
Class org.jetbrains.kotlin.resolve.calls.checkers.ApiVersionCallChecker               : loaded 2 times (x 70B)
Class kotlin.jvm.functions.Function20                                                 : loaded 2 times (x 66B)
Class org.jetbrains.kotlin.protobuf.LazyStringList                                    : loaded 2 times (x 66B)
Class org.jetbrains.kotlin.serialization.deserialization.ClassDeserializer            : loaded 2 times (x 68B)
Class org.jetbrains.kotlin.metadata.ProtoBuf$MemberKind                               : loaded 2 times (x 78B)
Class kotlin.properties.NotNullVar                                                    : loaded 2 times (x 75B)
Class org.jetbrains.kotlin.name.SpecialNames                                          : loaded 2 times (x 67B)
Class org.jetbrains.kotlin.config.JvmAnalysisFlags$inheritMultifileParts$2            : loaded 2 times (x 123B)
Class org.jetbrains.kotlin.serialization.deserialization.builtins.BuiltInSerializerProtocol: loaded 2 times (x 68B)
Class kotlin.jvm.internal.markers.KMutableSet                                         : loaded 2 times (x 66B)
Class com.intellij.openapi.util.io.FileTooBigException                                : loaded 2 times (x 78B)
Class org.jetbrains.kotlin.descriptors.ClassifierDescriptorWithTypeParameters         : loaded 2 times (x 66B)
Class org.jetbrains.kotlin.resolve.calls.checkers.SuspendConversionCallChecker        : loaded 2 times (x 70B)
Class org.jetbrains.kotlin.resolve.checkers.EnumCompanionInEnumConstructorCallChecker : loaded 2 times (x 70B)
Class org.jetbrains.kotlin.resolve.checkers.ContractDescriptionBlockChecker           : loaded 2 times (x 70B)
Class org.jetbrains.kotlin.container.StorageComponentContainer                        : loaded 2 times (x 82B)
Class org.jetbrains.kotlin.utils.WrappedValues                                        : loaded 2 times (x 67B)
Class org.jetbrains.kotlin.diagnostics.PositioningStrategies$NAME_OF_NAMED_ARGUMENT$1 : loaded 2 times (x 70B)
Class org.jetbrains.kotlin.psi.KtContractEffect                                       : loaded 2 times (x 442B)
Class org.jetbrains.kotlin.kdoc.lexer.KDocTokens                                      : loaded 2 times (x 66B)
Class org.jetbrains.kotlin.resolve.jvm.checkers.PolymorphicSignatureCallChecker       : loaded 2 times (x 70B)
Class org.jetbrains.kotlin.types.TypeMappingContext                                   : loaded 2 times (x 66B)
Class [Lcom.android.builder.model.v2.ide.CodeShrinker;                                : loaded 2 times (x 65B)
Class com.google.common.util.concurrent.AbstractFuture                                : loaded 2 times (x 102B)
Class dagger.internal.codegen.DelegateComponentProcessor_SourceFileGeneratorsModule_ProducerFactoryGeneratorFactory: loaded 2 times (x 75B)
Class dagger.internal.codegen.validation.BindsInstanceElementValidator                : loaded 2 times (x 74B)
Class dagger.internal.codegen.validation.BindsMethodValidator                         : loaded 2 times (x 74B)
Class dagger.internal.codegen.processingstep.TypeCheckingProcessingStep_MembersInjector: loaded 2 times (x 71B)
Class com.google.common.collect.MapMakerInternalMap$Strength$2                        : loaded 2 times (x 76B)
Class dagger.internal.codegen.bindinggraphvalidation.DuplicateBindingsValidator_Factory: loaded 2 times (x 75B)
Class dagger.spi.internal.shaded.androidx.room.compiler.processing.ksp.synthetic.KspSyntheticPropertyMethodElement$Companion: loaded 2 times (x 67B)
Class org.jetbrains.kotlin.load.java.JvmAnnotationNames                               : loaded 2 times (x 67B)
Class org.jetbrains.kotlin.metadata.jvm.deserialization.JvmNameResolverBase$Companion : loaded 2 times (x 67B)
Class org.jetbrains.kotlin.metadata.jvm.deserialization.ClassMapperLite               : loaded 2 times (x 67B)
Class org.jetbrains.kotlin.load.java.structure.JavaArrayType                          : loaded 2 times (x 66B)
Class org.jetbrains.kotlin.load.java.JavaTypeQualifiersByElementType                  : loaded 2 times (x 68B)
Class org.jetbrains.kotlin.idea.gradleTooling.reflect.KotlinMultiplatformImportReflection: loaded 2 times (x 66B)
Class androidx.room.compiler.processing.ksp.KspFieldElement$name$2                    : loaded 2 times (x 75B)
Class org.jetbrains.kotlin.load.java.typeEnhancement.SignatureEnhancementBuilder$ClassEnhancementBuilder$FunctionEnhancementBuilder: loaded 2 times (x 68B)
Class org.jetbrains.kotlin.builtins.jvm.JvmBuiltInsSignatures                         : loaded 2 times (x 67B)
Class org.jetbrains.kotlin.resolve.jvm.NotFoundPackagesCachingStrategy$CacheType      : loaded 2 times (x 75B)
Class org.jetbrains.kotlin.descriptors.Visibilities$Private                           : loaded 2 times (x 75B)
Class org.jetbrains.kotlin.psi.KtCommonFileKt                                         : loaded 2 times (x 67B)
Class dagger.spi.internal.shaded.androidx.room.compiler.processing.ksp.KspTypeElement$xClassName$2: loaded 2 times (x 75B)
Class dagger.spi.internal.shaded.androidx.room.compiler.processing.XElementKt         : loaded 2 times (x 67B)
Class org.jetbrains.kotlin.psi.KtNameReferenceExpression                              : loaded 2 times (x 640B)
Class kotlin.LazyKt__LazyJVMKt                                                        : loaded 2 times (x 67B)
Class org.jetbrains.kotlin.cli.jvm.compiler.KotlinCoreApplicationEnvironment$Companion: loaded 2 times (x 67B)
Class com.google.common.reflect.TypeResolver$TypeTable                                : loaded 2 times (x 69B)
Class org.objectweb.asm.RecordComponentVisitor                                        : loaded 2 times (x 73B)
Class com.google.common.cache.CacheLoader$SupplierToCacheLoader                       : loaded 2 times (x 71B)
Class com.android.ide.gradle.model.artifacts.AdditionalClassifierArtifacts            : loaded 2 times (x 66B)
Class org.gradle.util.internal.DefaultGradleVersion$Stage                             : loaded 2 times (x 71B)
Class dagger.internal.codegen.base.RequestKinds                                       : loaded 2 times (x 67B)
Class dagger.internal.codegen.validation.SpiModelBindingGraphConverter                : loaded 2 times (x 67B)
Class dagger.internal.codegen.binding.AutoValue_ModuleDescriptor                      : loaded 2 times (x 82B)
Class dagger.internal.codegen.compileroption.ValidationType                           : loaded 2 times (x 75B)
Class dagger.hilt.processor.internal.aggregateddeps.AggregatedDepsGenerator           : loaded 2 times (x 68B)
Class dagger.spi.internal.shaded.androidx.room.compiler.processing.ksp.KSTypeKotlinPoetExtKt: loaded 2 times (x 67B)
Class com.squareup.kotlinpoet.UtilKt                                                  : loaded 2 times (x 67B)
Class dagger.spi.internal.shaded.androidx.room.compiler.processing.ksp.KspMethodElement$enclosingElement$2: loaded 2 times (x 75B)
Class androidx.room.compiler.processing.XTypeKt                                       : loaded 2 times (x 67B)
Class dagger.spi.internal.shaded.androidx.room.compiler.processing.ksp.KspMethodElement$KspNormalMethodElement$returnType$2: loaded 2 times (x 75B)
Class dagger.spi.internal.shaded.androidx.room.compiler.processing.ksp.KspMethodType$typeVariableNames$2: loaded 2 times (x 75B)
Class org.jetbrains.plugins.gradle.model.DefaultGradleProperty                        : loaded 2 times (x 74B)
Class org.jetbrains.kotlin.idea.gradleTooling.GetAdditionalVisibleSourceSetsKt        : loaded 2 times (x 67B)
Class dagger.internal.codegen.writing.InjectionMethods$CheckNotNullPolicy             : loaded 2 times (x 75B)
Class com.squareup.javapoet.LineWrapper$1                                             : loaded 2 times (x 67B)
Class org.gradle.api.internal.ClassPathProvider                                       : loaded 2 times (x 66B)
Class [Lorg.gradle.api.internal.ClassPathProvider;                                    : loaded 2 times (x 65B)
Class org.jetbrains.kotlin.utils.DFS$NodeHandler                                      : loaded 2 times (x 66B)
Class org.gradle.tooling.ToolingModelContract                                         : loaded 2 times (x 66B)
Class kotlin.text.MatchNamedGroupCollection                                           : loaded 2 times (x 66B)
Class org.jetbrains.kotlin.load.java.structure.JavaLoadingKt                          : loaded 2 times (x 67B)
Class org.jetbrains.kotlin.metadata.ProtoBuf$VersionRequirement$VersionKind$1         : loaded 2 times (x 70B)
Class org.jetbrains.kotlin.cli.jvm.index.JvmDependenciesIndexImpl$SearchRequest       : loaded 2 times (x 66B)
Class org.jetbrains.kotlin.load.java.ReportLevel$Companion                            : loaded 2 times (x 67B)
Class org.jetbrains.kotlin.types.model.TypeSystemContext                              : loaded 2 times (x 66B)
Class org.jetbrains.kotlin.serialization.deserialization.ProtoContainer               : loaded 2 times (x 69B)
Class com.android.builder.model.v2.models.BasicAndroidProject                         : loaded 2 times (x 66B)
Class org.jetbrains.kotlin.codegen.extensions.ClassBuilderInterceptorExtension$Companion: loaded 2 times (x 68B)
Class org.jetbrains.kotlin.metadata.ProtoBuf$QualifiedNameTable$QualifiedName$Kind    : loaded 2 times (x 78B)
Class org.jetbrains.kotlin.metadata.ProtoBuf$Annotation$1                             : loaded 2 times (x 140B)
Class org.jetbrains.kotlin.protobuf.AbstractParser                                    : loaded 2 times (x 140B)
Class it.unimi.dsi.fastutil.ints.IntIterable                                          : loaded 2 times (x 66B)
Class it.unimi.dsi.fastutil.ints.IntSet                                               : loaded 2 times (x 66B)
Class org.jetbrains.kotlin.psi.KtConstructorDelegationReferenceExpression             : loaded 2 times (x 504B)
Class org.jetbrains.kotlin.psi.stubs.KotlinNameReferenceExpressionStub                : loaded 2 times (x 66B)
Class org.jetbrains.kotlin.psi.KtModifierList                                         : loaded 2 times (x 512B)
Class org.jetbrains.kotlin.cli.common.CompilerSystemProperties$value$1                : loaded 2 times (x 121B)
Class org.jetbrains.kotlin.config.LanguageVersionSettingsImpl$Companion               : loaded 2 times (x 67B)
Class org.jetbrains.kotlin.resolve.DefaultImportProvider                              : loaded 2 times (x 71B)
Class com.google.common.reflect.TypeResolver$TypeTable$1                              : loaded 2 times (x 69B)
Class org.gradle.internal.time.MonotonicClock                                         : loaded 2 times (x 73B)
Class org.gradle.internal.service.ServiceLookupException                              : loaded 2 times (x 78B)
Class org.jetbrains.kotlin.diagnostics.DiagnosticMarker                               : loaded 2 times (x 66B)
Class org.sqlite.SQLiteConnection                                                     : loaded 2 times (x 218B)
Class org.sqlite.core.DB$ProgressObserver                                             : loaded 2 times (x 66B)
Class androidx.room.compiler.processing.ksp.KspConstructorElement$parameters$2        : loaded 2 times (x 75B)
Class dagger.internal.codegen.writing.InjectionMethods$1                              : loaded 2 times (x 67B)
Class dagger.spi.internal.shaded.androidx.room.compiler.processing.ksp.KspMethodType$typeVariables$2: loaded 2 times (x 75B)
Class dagger.internal.codegen.validation.SpiModelBindingGraphConverter$1              : loaded 2 times (x 67B)
Class dagger.internal.codegen.writing.FactoryGenerator_Factory                        : loaded 2 times (x 75B)
Class dagger.internal.codegen.binding.InjectionAnnotations                            : loaded 2 times (x 68B)
Class dagger.internal.codegen.binding.DependencyRequestFormatter_Factory              : loaded 2 times (x 75B)
Class dagger.hilt.processor.internal.Components                                       : loaded 2 times (x 67B)
Class dagger.spi.internal.shaded.androidx.room.compiler.processing.ksp.KspFileMemberContainer$xClassName$2: loaded 2 times (x 75B)
Class com.squareup.kotlinpoet.TypeName$cachedString$2                                 : loaded 2 times (x 75B)
Class dagger.spi.internal.shaded.androidx.room.compiler.processing.ksp.KspType        : loaded 2 times (x 184B)
Class androidx.room.compiler.processing.ksp.KspType$rawType$2                         : loaded 2 times (x 75B)
Class com.squareup.javapoet.LineWrapper                                               : loaded 2 times (x 68B)
Class androidx.room.compiler.processing.ksp.KspHasModifiers                           : loaded 2 times (x 88B)
Class dagger.hilt.processor.internal.aggregateddeps.KspAggregatedDepsProcessor        : loaded 2 times (x 85B)
Class dagger.hilt.processor.internal.KspBaseProcessingStepProcessor                   : loaded 2 times (x 85B)
Class org.jetbrains.kotlin.psi.KtImportInfo$ImportContent$ExpressionBased             : loaded 2 times (x 68B)
Class org.gradle.internal.impldep.com.google.common.base.ExtraObjectsMethodsForWeb    : loaded 2 times (x 67B)
Class [Lorg.jetbrains.kotlin.tooling.core.KotlinToolingVersion$Maturity;              : loaded 2 times (x 65B)
Class [Lorg.jetbrains.kotlin.psi.KtValueArgumentList;                                 : loaded 2 times (x 65B)
Class org.jetbrains.kotlin.psi.KtDoWhileExpression                                    : loaded 2 times (x 444B)
Class org.jetbrains.kotlin.diagnostics.PositioningStrategies$VALUE_ARGUMENTS$1        : loaded 2 times (x 70B)
Class org.jetbrains.kotlin.resolve.calls.results.FlatSignatureKt                      : loaded 2 times (x 67B)
Class org.jetbrains.kotlin.types.TypeCheckerState$SupertypesPolicy$DoCustomTransform  : loaded 2 times (x 68B)
Class org.jetbrains.kotlin.diagnostics.rendering.DiagnosticFactoryToRendererMap       : loaded 2 times (x 68B)
Class org.jetbrains.kotlin.resolve.calls.results.TypeSpecificityComparator$NONE       : loaded 2 times (x 70B)
Class org.jetbrains.kotlin.protobuf.ExtensionRegistryLite                             : loaded 2 times (x 70B)
Class org.jetbrains.kotlin.load.kotlin.JvmPackagePartProviderBase$ModuleMappingInfo   : loaded 2 times (x 68B)
Class org.jetbrains.kotlin.types.TypeCheckerState$SupertypesPolicy$None               : loaded 2 times (x 68B)
Class org.jetbrains.kotlin.load.java.FakePureImplementationsProvider                  : loaded 2 times (x 67B)
Class org.jetbrains.kotlin.metadata.ProtoBuf$Expression$ConstantValue                 : loaded 2 times (x 78B)
Class org.jetbrains.kotlin.metadata.jvm.deserialization.JvmFlags                      : loaded 2 times (x 67B)
Class org.jetbrains.kotlin.load.java.structure.JavaPackage                            : loaded 2 times (x 66B)
Class org.jetbrains.kotlin.resolve.jvm.KotlinSafeClassFinder                          : loaded 2 times (x 66B)
Class org.jetbrains.kotlin.load.java.AbstractJavaClassFinder$FilterOutKotlinSourceFilesScope: loaded 2 times (x 101B)
Class org.jetbrains.kotlin.parsing.AllCommentsBinder                                  : loaded 2 times (x 70B)
Class [Lorg.jetbrains.kotlin.builtins.functions.FunctionTypeKind;                     : loaded 2 times (x 65B)
Class kotlin.jvm.internal.MutablePropertyReference1Impl                               : loaded 2 times (x 133B)
Class [Lorg.jetbrains.kotlin.protobuf.Internal$EnumLite;                              : loaded 2 times (x 65B)
Class org.jetbrains.kotlin.mpp.RegularClassSymbolMarker                               : loaded 2 times (x 66B)
Class org.jetbrains.kotlin.resolve.checkers.PrivateInlineFunctionsReturningAnonymousObjectsChecker: loaded 2 times (x 70B)
Class org.jetbrains.kotlin.resolve.checkers.DynamicReceiverChecker                    : loaded 2 times (x 70B)
Class org.jetbrains.kotlin.psi.stubs.KotlinContractEffectStub                         : loaded 2 times (x 66B)
Class org.jetbrains.kotlin.psi.KtClassBody                                            : loaded 2 times (x 445B)
Class org.jetbrains.kotlin.resolve.jvm.checkers.SamInterfaceConstructorReferenceCallChecker: loaded 2 times (x 70B)
Class com.google.common.collect.Lists$ReverseList                                     : loaded 2 times (x 196B)
Class [Lcom.google.common.cache.LocalCache$EntryFactory;                              : loaded 2 times (x 65B)
Class org.gradle.internal.classloader.ClassLoaderFactory                              : loaded 2 times (x 66B)
Class androidx.room.processor.Context$useNullAwareConverter$2                         : loaded 2 times (x 75B)
Class [Ldagger.internal.codegen.writing.InjectionMethods$InstanceCastPolicy;          : loaded 2 times (x 65B)
Class [Ldagger.internal.codegen.writing.FactoryGenerator$FactoryCreationStrategy;     : loaded 2 times (x 65B)
Class dagger.internal.codegen.model.DependencyRequest                                 : loaded 2 times (x 71B)
Class dagger.internal.codegen.validation.ProducesMethodValidator$Validator            : loaded 2 times (x 76B)
Class dagger.internal.codegen.processingstep.MonitoringModuleGenerator_Factory        : loaded 2 times (x 75B)
Class dagger.internal.codegen.validation.InjectValidator_Factory                      : loaded 2 times (x 75B)
Class dagger.spi.model.BindingGraphPlugin                                             : loaded 2 times (x 66B)
Class dagger.spi.internal.shaded.androidx.room.compiler.processing.ksp.KspAnnotationValueKt$unwrap$1$1$1: loaded 2 times (x 75B)
Class dagger.spi.internal.shaded.androidx.room.compiler.processing.ksp.KSTypeJavaPoetExtKt$WhenMappings: loaded 2 times (x 67B)
Class dagger.spi.internal.shaded.androidx.room.compiler.codegen.XClassName            : loaded 2 times (x 71B)
Class dagger.spi.internal.shaded.androidx.room.compiler.processing.ksp.KspProcessingEnv$jvmDefaultMode$2: loaded 2 times (x 75B)
Class com.android.ide.gradle.model.builder.LegacyAndroidGradlePluginPropertiesModelBuilder$PluginType: loaded 2 times (x 75B)
Class org.jetbrains.kotlin.metadata.jvm.JvmProtoBuf$JvmFieldSignature                 : loaded 2 times (x 104B)
Class org.jetbrains.kotlin.metadata.ProtoBuf$Modality                                 : loaded 2 times (x 78B)
Class org.jetbrains.kotlin.parsing.KotlinParsing$NameParsingMode                      : loaded 2 times (x 75B)
Class org.jetbrains.kotlin.parsing.KotlinWhitespaceAndCommentsBindersKt               : loaded 2 times (x 67B)
Class org.jetbrains.kotlin.util.OneElementArrayMap                                    : loaded 2 times (x 80B)
Class com.google.common.collect.MapMakerInternalMap$Strength$1                        : loaded 2 times (x 76B)
Class kotlin.text.MatchResult                                                         : loaded 2 times (x 66B)
Class org.jetbrains.kotlin.load.java.structure.JavaLiteralAnnotationArgument          : loaded 2 times (x 66B)
Class org.jetbrains.kotlin.name.FqNamesUtilKt$WhenMappings                            : loaded 2 times (x 67B)
Class org.jetbrains.kotlin.util.EmptyArrayMap                                         : loaded 2 times (x 79B)
Class org.jetbrains.kotlin.asJava.finder.JavaElementFinder$Companion                  : loaded 2 times (x 67B)
Class org.jetbrains.kotlin.config.AnalysisFlag$Delegates$Boolean                      : loaded 2 times (x 67B)
Class org.jetbrains.kotlin.descriptors.ClassOrPackageFragmentDescriptor               : loaded 2 times (x 66B)
Class org.jetbrains.kotlin.resolve.calls.checkers.LambdaWithSuspendModifierCallChecker: loaded 2 times (x 70B)
Class org.jetbrains.kotlin.resolve.jvm.JvmDelegationFilter                            : loaded 2 times (x 70B)
Class org.jetbrains.kotlin.psi.KtWhenConditionWithExpression                          : loaded 2 times (x 376B)
Class org.jetbrains.kotlin.psi.ValueArgument                                          : loaded 2 times (x 66B)
Class [Lorg.jetbrains.kotlin.psi.KtEnumEntrySuperclassReferenceExpression;            : loaded 2 times (x 65B)
Class org.jetbrains.kotlin.psi.KtDotQualifiedExpression                               : loaded 2 times (x 578B)
Class org.jetbrains.kotlin.psi.KtReferenceExpression                                  : loaded 2 times (x 66B)
Class org.jetbrains.kotlin.psi.KtImportList                                           : loaded 2 times (x 443B)
Class [Lorg.jetbrains.kotlin.psi.KtParameterList;                                     : loaded 2 times (x 65B)
Class org.jetbrains.kotlin.psi.stubs.KotlinFunctionStub                               : loaded 2 times (x 66B)
Class org.jetbrains.kotlin.resolve.jvm.RuntimeAssertionsOnExtensionReceiverCallChecker: loaded 2 times (x 70B)
Class org.jetbrains.kotlin.platform.jvm.JdkPlatform                                   : loaded 2 times (x 71B)
Class org.jetbrains.kotlin.cli.jvm.compiler.MockInferredAnnotationsManager$Companion  : loaded 2 times (x 67B)
Class org.jetbrains.kotlin.cli.jvm.modules.CoreJrtVirtualFile                         : loaded 2 times (x 149B)
Class org.jetbrains.kotlin.cli.jvm.modules.CoreJrtFileSystem$Companion                : loaded 2 times (x 67B)
Class [Lorg.jetbrains.kotlin.load.java.SpecialGenericSignatures$TypeSafeBarrierDescription;: loaded 2 times (x 65B)
Class com.android.builder.model.v2.ide.LibraryInfo                                    : loaded 2 times (x 66B)
Class com.google.common.cache.LocalCache$LocalManualCache                             : loaded 2 times (x 95B)
Class com.google.common.base.CommonPattern                                            : loaded 2 times (x 70B)
Class org.gradle.internal.service.CachingServiceLocator                               : loaded 2 times (x 78B)
Class com.google.common.collect.Maps$ViewCachingAbstractMap                           : loaded 2 times (x 121B)
Class org.sqlite.core.NativeDB                                                        : loaded 2 times (x 139B)
Class androidx.room.compiler.processing.ksp.KspExecutableElement$typeParameters$2     : loaded 2 times (x 75B)
Class dagger.spi.internal.shaded.androidx.room.compiler.processing.XPackageElement    : loaded 2 times (x 66B)
Class dagger.internal.codegen.binding.MembersInjectionBinding$InjectionSite$Kind      : loaded 2 times (x 75B)
Class dagger.internal.codegen.binding.AutoValue_MembersInjectionBinding_InjectionSite : loaded 2 times (x 73B)
Class dagger.internal.codegen.binding.MembersInjectionBinding$InjectionSite           : loaded 2 times (x 72B)
Class dagger.internal.codegen.validation.DiagnosticReporterFactory_Factory            : loaded 2 times (x 75B)
Class com.squareup.javapoet.WildcardTypeName                                          : loaded 2 times (x 77B)
Class dagger.spi.internal.shaded.androidx.room.compiler.processing.ksp.KspAnnotated   : loaded 2 times (x 131B)
Class androidx.room.compiler.processing.ksp.KspAnnotated                              : loaded 2 times (x 131B)
Class com.android.ide.gradle.model.builder.LegacyAndroidGradlePluginPropertiesModelBuilder$Companion$MethodCacheKey: loaded 2 times (x 68B)
Class org.jetbrains.kotlin.tooling.core.KotlinToolingVersionKt                        : loaded 2 times (x 67B)
Class org.jetbrains.kotlin.tooling.core.InternerImpl$Store                            : loaded 2 times (x 66B)
Class com.google.common.collect.LinkedHashMultimapGwtSerializationDependencies        : loaded 2 times (x 170B)
Class org.jetbrains.plugins.gradle.tooling.serialization.internal.adapter.InternalProjectIdentifier: loaded 2 times (x 72B)
Class org.jetbrains.kotlin.utils.SmartSet$ArrayIterator                               : loaded 2 times (x 77B)
Class com.google.common.collect.LinkedHashMultimap$ValueEntry                         : loaded 2 times (x 85B)
Class com.intellij.gradle.toolingExtension.impl.model.dependencyModel.GradleDependencyTraverser$Itr: loaded 2 times (x 79B)
Class kotlin.jvm.internal.Intrinsics$Kotlin                                           : loaded 2 times (x 67B)
Class org.jetbrains.kotlin.load.kotlin.header.ReadKotlinClassHeaderAnnotationVisitor$KotlinMetadataArgumentVisitor$1: loaded 2 times (x 81B)
Class kotlin.collections.AbstractMap                                                  : loaded 2 times (x 118B)
Class org.jetbrains.kotlin.descriptors.Visibilities$Public                            : loaded 2 times (x 75B)
Class org.jetbrains.kotlin.psi.KtPsiUtil                                              : loaded 2 times (x 67B)
Class org.jetbrains.kotlin.protobuf.ExtensionRegistryLite$ObjectIntPair               : loaded 2 times (x 68B)
Class org.jetbrains.kotlin.metadata.ProtoBuf$Class$1                                  : loaded 2 times (x 140B)
Class org.jetbrains.kotlin.descriptors.ModuleDescriptor                               : loaded 2 times (x 66B)
Class dagger.spi.internal.shaded.androidx.room.compiler.processing.javac.JavacElement : loaded 2 times (x 175B)
Class org.jetbrains.kotlin.diagnostics.PositioningStrategies$ELSE_ENTRY$1             : loaded 2 times (x 70B)
Class org.jetbrains.kotlin.diagnostics.PositioningStrategies$DECLARATION_WITH_BODY$1  : loaded 2 times (x 70B)
Class org.jetbrains.kotlin.diagnostics.PositioningStrategies$DECLARATION_NAME$1       : loaded 2 times (x 71B)
Class [Lorg.jetbrains.kotlin.psi.KtEscapeStringTemplateEntry;                         : loaded 2 times (x 65B)
Class org.jetbrains.kotlin.psi.stubs.KotlinTypeParameterStub                          : loaded 2 times (x 66B)
Class org.jetbrains.kotlin.psi.stubs.KotlinPropertyStub                               : loaded 2 times (x 66B)
Class org.jetbrains.kotlin.psi.KtBlockCodeFragmentType                                : loaded 2 times (x 80B)
Class [Ldagger.hilt.processor.internal.root.RootType;                                 : loaded 2 times (x 65B)
Class org.jetbrains.kotlin.load.kotlin.KotlinBinaryClassCache                         : loaded 2 times (x 71B)
Class it.unimi.dsi.fastutil.objects.AbstractObjectCollection                          : loaded 2 times (x 139B)
Class kotlin.collections.AbstractList$IteratorImpl                                    : loaded 2 times (x 78B)
Class com.google.common.collect.AbstractMapBasedMultimap$KeySet                       : loaded 2 times (x 133B)
Class com.google.common.collect.Streams                                               : loaded 2 times (x 67B)
Class dagger.hilt.processor.internal.root.Root                                        : loaded 2 times (x 73B)
Class [Ldagger.internal.codegen.writing.InjectionMethods$CheckNotNullPolicy;          : loaded 2 times (x 65B)
Class dagger.internal.codegen.model.AutoValue_Key                                     : loaded 2 times (x 76B)
Class dagger.internal.codegen.writing.ProducerFactoryGenerator                        : loaded 2 times (x 73B)
Class dagger.internal.codegen.compileroption.ProcessingEnvironmentCompilerOptions$KeyOnlyOption: loaded 2 times (x 82B)
Class dagger.spi.internal.shaded.androidx.room.compiler.processing.ksp.KSFileAsOriginatingElement: loaded 2 times (x 97B)
Class dagger.hilt.processor.internal.definecomponent.DefineComponentBuilderMetadatas$DefineComponentBuilderMetadata: loaded 2 times (x 70B)
Class dagger.spi.internal.shaded.androidx.room.compiler.processing.KnownTypeNames     : loaded 2 times (x 67B)
Class androidx.room.compiler.processing.javac.kotlin.JvmAbi                           : loaded 2 times (x 67B)
Class androidx.room.compiler.processing.ksp.KspElement$docComment$2                   : loaded 2 times (x 75B)
Class dagger.hilt.processor.internal.definecomponent.DefineComponentProcessingStep    : loaded 2 times (x 83B)
Class com.intellij.gradle.toolingExtension.impl.model.buildScriptClasspathModel.GradleBuildScriptClasspathSerializationService$1: loaded 2 times (x 72B)
Class dagger.internal.codegen.processingstep.SuperficialValidator                     : loaded 2 times (x 71B)
Class dagger.internal.codegen.processingstep.AssistedFactoryProcessingStep            : loaded 2 times (x 82B)
Class dagger.internal.codegen.componentgenerator.ComponentGeneratorModule             : loaded 2 times (x 66B)
Class com.intellij.gradle.toolingExtension.impl.modelBuilder.DefaultMessageReporter   : loaded 2 times (x 71B)
Class dagger.spi.internal.shaded.androidx.room.compiler.processing.ksp.KspExecutableElement$thrownTypes$2$1: loaded 2 times (x 75B)
Class dagger.internal.codegen.model.DaggerAnnotation                                  : loaded 2 times (x 72B)
Class org.jetbrains.kotlin.resolve.calls.inference.model.NewConstraintSystemImpl$State: loaded 2 times (x 75B)
Class org.jetbrains.kotlin.SpecialJvmAnnotations                                      : loaded 2 times (x 67B)
Class org.jetbrains.kotlin.metadata.ProtoBuf$VersionRequirement$1                     : loaded 2 times (x 140B)
Class org.jetbrains.kotlin.metadata.jvm.JvmProtoBuf$StringTableTypes$Record$1         : loaded 2 times (x 140B)
Class org.jetbrains.kotlin.load.kotlin.header.ReadKotlinClassHeaderAnnotationVisitor$KotlinMetadataArgumentVisitor$2: loaded 2 times (x 81B)
Class com.google.common.collect.MapMakerInternalMap$InternalEntry                     : loaded 2 times (x 66B)
Class org.jetbrains.kotlin.load.java.NullabilityAnnotationStates                      : loaded 2 times (x 66B)
Class org.jetbrains.kotlin.psi.KtCodeFragment                                         : loaded 2 times (x 1290B)
Class org.jetbrains.kotlin.builtins.StandardNames$FqNames                             : loaded 2 times (x 67B)
Class kotlin.properties.ReadOnlyProperty                                              : loaded 2 times (x 66B)
Class org.jetbrains.kotlin.cli.jvm.compiler.CliJavaModuleUtilsKt                      : loaded 2 times (x 67B)
Class kotlin.jvm.internal.markers.KMutableMap                                         : loaded 2 times (x 66B)
Class org.jetbrains.kotlin.resolve.checkers.ValueClassDeclarationChecker              : loaded 2 times (x 70B)
Class org.jetbrains.kotlin.resolve.checkers.ExpectActualInTheSameModuleChecker        : loaded 2 times (x 70B)
Class org.jetbrains.kotlin.config.LanguageFeature$Companion                           : loaded 2 times (x 67B)
Class org.jetbrains.kotlin.diagnostics.PositioningStrategies$OBJECT_KEYWORD$1         : loaded 2 times (x 70B)
Class org.jetbrains.kotlin.diagnostics.PositioningStrategies$DECLARATION_NAME_ONLY$1  : loaded 2 times (x 71B)
Class org.jetbrains.kotlin.psi.KtIfExpression                                         : loaded 2 times (x 446B)
Class org.jetbrains.kotlin.psi.KtAnonymousInitializer                                 : loaded 2 times (x 66B)
Class org.jetbrains.kotlin.resolve.jvm.checkers.ProtectedSyntheticExtensionCallChecker: loaded 2 times (x 70B)
Class dagger.internal.codegen.binding.FrameworkType$3                                 : loaded 2 times (x 67B)
Class org.jetbrains.kotlin.cli.common.config.ContentRoot                              : loaded 2 times (x 66B)
Class androidx.room.processor.cache.Cache$Bucket                                      : loaded 2 times (x 68B)
Class com.google.common.reflect.Types$TypeVariableInvocationHandler                   : loaded 2 times (x 71B)
Class org.objectweb.asm.commons.InstructionAdapter                                    : loaded 2 times (x 184B)
Class [Lorg.gradle.api.JavaVersion;                                                   : loaded 2 times (x 65B)
Class org.gradle.tooling.model.idea.IdeaDependencyScope                               : loaded 2 times (x 66B)
Class org.gradle.internal.time.TimeSource                                             : loaded 2 times (x 66B)
Class org.gradle.tooling.model.kotlin.dsl.KotlinDslScriptsModel                       : loaded 2 times (x 66B)
Class org.gradle.api.internal.DefaultClassPathProvider                                : loaded 2 times (x 72B)
Class com.google.common.base.Splitter                                                 : loaded 2 times (x 68B)
Class org.sqlite.jdbc4.JDBC4Connection                                                : loaded 2 times (x 219B)
Class dagger.internal.codegen.writing.GwtCompatibility                                : loaded 2 times (x 67B)
Class com.google.common.graph.Traverser$1                                             : loaded 2 times (x 70B)
Class dagger.internal.codegen.bindinggraphvalidation.NullableBindingValidator         : loaded 2 times (x 81B)
Class dagger.spi.internal.shaded.androidx.room.compiler.processing.ksp.KSTypeKotlinPoetExtKt$typeVarNameCompanionInstance$2: loaded 2 times (x 74B)
Class [Ldagger.spi.internal.shaded.androidx.room.compiler.processing.XAnnotated;      : loaded 2 times (x 65B)
Class dagger.spi.internal.shaded.androidx.room.compiler.processing.ksp.KspHasModifiers: loaded 2 times (x 88B)
Class androidx.room.compiler.processing.ksp.KspTypeElement$packageElement$2           : loaded 2 times (x 75B)
Class org.objectweb.asm.AnnotationVisitor                                             : loaded 2 times (x 74B)
Class org.jetbrains.kotlin.storage.CacheWithNullableValues                            : loaded 2 times (x 66B)
Class org.jetbrains.kotlin.psi.stubs.elements.KtEnumEntrySuperClassReferenceExpressionElementType: loaded 2 times (x 90B)
Class org.jetbrains.kotlin.psi.KtUserType                                             : loaded 2 times (x 514B)
Class org.jetbrains.kotlin.diagnostics.PositioningStrategies$InlineFunPositioningStrategy: loaded 2 times (x 72B)
Class org.jetbrains.org.objectweb.asm.Type                                            : loaded 2 times (x 68B)
Class org.jetbrains.kotlin.diagnostics.PositioningStrategies$PARAMETERS_WITH_DEFAULT_VALUE$1: loaded 2 times (x 70B)
Class org.jetbrains.kotlin.parsing.DoNotBindAnything                                  : loaded 2 times (x 70B)
Class org.jetbrains.kotlin.parsing.KotlinParsing$AnnotationParsingMode                : loaded 2 times (x 75B)
Class org.jetbrains.kotlin.extensions.PreprocessedVirtualFileFactoryExtension$Companion: loaded 2 times (x 68B)
Class org.jetbrains.kotlin.fir.extensions.FirExtensionRegistrarAdapter                : loaded 2 times (x 67B)
Class org.jetbrains.kotlin.metadata.ProtoBuf$TypeParameterOrBuilder                   : loaded 2 times (x 66B)
Class org.jetbrains.kotlin.metadata.ProtoBuf$Property                                 : loaded 2 times (x 144B)
Class org.jetbrains.kotlin.config.AnalysisFlag$Delegates$ApiModeDisabledByDefault     : loaded 2 times (x 67B)
Class [Lorg.jetbrains.kotlin.resolve.calls.checkers.AdditionalTypeChecker;            : loaded 2 times (x 65B)
Class org.jetbrains.kotlin.diagnostics.PositioningStrategies$NOT_SUPPORTED_IN_INLINE_MOST_RELEVANT$1: loaded 2 times (x 70B)
Class org.jetbrains.kotlin.psi.KtCallExpression                                       : loaded 2 times (x 579B)
Class org.jetbrains.kotlin.psi.KtWhileExpressionBase                                  : loaded 2 times (x 443B)
Class org.jetbrains.kotlin.psi.KtEscapeStringTemplateEntry                            : loaded 2 times (x 444B)
Class org.jetbrains.kotlin.psi.KotlinStringLiteralTextEscaper                         : loaded 2 times (x 72B)
Class org.jetbrains.kotlin.psi.KtContextReceiver                                      : loaded 2 times (x 442B)
Class [Lorg.jetbrains.kotlin.psi.KtQualifiedExpression;                               : loaded 2 times (x 65B)
Class [Lorg.jetbrains.kotlin.psi.KtClass;                                             : loaded 2 times (x 65B)
Class org.jetbrains.kotlin.KtNodeType$KtLeftBoundNodeType                             : loaded 2 times (x 72B)
Class org.jetbrains.kotlin.lexer.KtSingleValueToken                                   : loaded 2 times (x 73B)
Class org.jetbrains.kotlin.name.FqName                                                : loaded 2 times (x 68B)
Class org.jetbrains.kotlin.config.LanguageVersionSettingsImpl                         : loaded 2 times (x 77B)
Class org.jetbrains.kotlin.mpp.ClassLikeSymbolMarker                                  : loaded 2 times (x 66B)
Class [Lkotlin.reflect.KCallable;                                                     : loaded 2 times (x 65B)
Class org.jetbrains.kotlin.cli.common.arguments.CommonCompilerArguments$Companion     : loaded 2 times (x 67B)
Class com.android.builder.model.v2.ide.TestInfo                                       : loaded 2 times (x 66B)
Class org.gradle.tooling.internal.gradle.GradleBuildIdentity                          : loaded 2 times (x 66B)
Class kotlin.reflect.KProperty$Accessor                                               : loaded 2 times (x 66B)
Class org.jetbrains.kotlin.protobuf.CodedOutputStream$ByteBufferOutputStream          : loaded 2 times (x 82B)
Class androidx.room.compiler.processing.ksp.KspTypeElement$getEnclosedTypeElements$$inlined$filterIsInstance$1: loaded 2 times (x 74B)
Class dagger.internal.codegen.model.$AutoValue_Key                                    : loaded 2 times (x 76B)
Class com.google.common.graph.Traverser$2                                             : loaded 2 times (x 70B)
Class dagger.internal.codegen.processingstep.ComponentHjarProcessingStep_Factory      : loaded 2 times (x 75B)
Class dagger.internal.codegen.DaggerDelegateComponentProcessor_Injector$TopLevelImplementationComponentFactory: loaded 2 times (x 71B)
Class dagger.internal.codegen.base.ElementFormatter                                   : loaded 2 times (x 81B)
Class [Ldagger.internal.codegen.compileroption.ProcessingEnvironmentCompilerOptions$KeyOnlyOption;: loaded 2 times (x 65B)
Class dagger.spi.internal.shaded.androidx.room.compiler.processing.ksp.KSTypeVarianceResolverScope: loaded 2 times (x 70B)
Class androidx.room.compiler.processing.ksp.synthetic.KspSyntheticPropertyMethodElement$thrownTypes$2: loaded 2 times (x 75B)
Class org.gradle.kotlin.dsl.Accessors377twfxlhpj2n65rquy9ybeqsKt                      : loaded 2 times (x 67B)
Class org.jetbrains.kotlin.idea.gradleTooling.reflect.TypeToken                       : loaded 2 times (x 68B)
Class org.jetbrains.kotlin.name.StandardClassIds$Annotations                          : loaded 2 times (x 67B)
Class org.jetbrains.kotlin.load.java.typeEnhancement.TypeEnhancementInfo              : loaded 2 times (x 68B)
Class javaslang.collection.Iterator                                                   : loaded 2 times (x 66B)
Class javaslang.collection.Stack                                                      : loaded 2 times (x 66B)
Class org.jetbrains.kotlin.resolve.calls.inference.NewConstraintSystem                : loaded 2 times (x 66B)
Class org.jetbrains.kotlin.types.AbstractTypeRefiner                                  : loaded 2 times (x 68B)
Class org.jetbrains.kotlin.resolve.calls.inference.model.FixVariableConstraintPosition: loaded 2 times (x 68B)
Class org.jetbrains.kotlin.types.model.TypeVariableTypeConstructorMarker              : loaded 2 times (x 66B)
Class org.jetbrains.kotlin.metadata.jvm.deserialization.UtfEncodingKt                 : loaded 2 times (x 67B)
Class org.jetbrains.kotlin.load.kotlin.header.ReadKotlinClassHeaderAnnotationVisitor$KotlinMetadataArgumentVisitor: loaded 2 times (x 82B)
Class org.jetbrains.kotlin.parsing.Consumer                                           : loaded 2 times (x 66B)
Class org.jetbrains.kotlin.metadata.jvm.JvmProtoBuf$JvmFieldSignature$1               : loaded 2 times (x 140B)
Class org.jetbrains.kotlin.metadata.jvm.JvmProtoBuf$JvmMethodSignature                : loaded 2 times (x 104B)
Class org.jetbrains.kotlin.metadata.ProtoBuf$TypeTable                                : loaded 2 times (x 105B)
Class org.jetbrains.kotlin.utils.MetadataHelpersKt                                    : loaded 2 times (x 67B)
Class org.jetbrains.kotlin.protobuf.MessageLiteOrBuilder                              : loaded 2 times (x 66B)
Class org.jetbrains.kotlin.resolve.CompilerDeserializationConfiguration               : loaded 2 times (x 81B)
Class org.jetbrains.kotlin.serialization.deserialization.DeserializationConfiguration : loaded 2 times (x 66B)
Class kotlin.jvm.internal.markers.KMutableListIterator                                : loaded 2 times (x 66B)
Class org.jetbrains.kotlin.container.UnresolvedServiceException                       : loaded 2 times (x 78B)
Class org.jetbrains.kotlin.name.ClassId$Companion                                     : loaded 2 times (x 67B)
Class org.jetbrains.kotlin.diagnostics.ClassicPositioningStrategies$ACTUAL_DECLARATION_NAME$1: loaded 2 times (x 71B)
Class org.jetbrains.kotlin.diagnostics.PositioningStrategies$TYPEALIAS_TYPE_REFERENCE$1: loaded 2 times (x 70B)
Class org.jetbrains.kotlin.psi.stubs.KotlinConstantExpressionStub                     : loaded 2 times (x 66B)
Class org.jetbrains.kotlin.psi.KtImportAlias                                          : loaded 2 times (x 559B)
Class [Lorg.jetbrains.kotlin.psi.KtTypeParameter;                                     : loaded 2 times (x 65B)
Class org.jetbrains.kotlin.resolve.ImportPath                                         : loaded 2 times (x 68B)
Class [Lorg.jetbrains.kotlin.cli.common.CompilerSystemProperties;                     : loaded 2 times (x 65B)
Class com.android.builder.model.v2.ide.JavaCompileOptions                             : loaded 2 times (x 66B)
Class com.google.common.cache.CacheBuilder$OneWeigher                                 : loaded 2 times (x 78B)
Class org.gradle.tooling.internal.adapter.ProtocolToModelAdapter$MixInMappingAction   : loaded 2 times (x 76B)
Class org.gradle.internal.exceptions.ResolutionProvider                               : loaded 2 times (x 66B)
Class sync_studio_tooling11_6eqq9nlczn3e042kn9efgbnd1                                 : loaded 2 times (x 175B)
Class dagger.internal.codegen.base.$AutoValue_ComponentAnnotation                     : loaded 2 times (x 72B)
Class dagger.internal.codegen.binding.$AutoValue_ProvisionBinding                     : loaded 2 times (x 91B)
Class dagger.internal.codegen.model.BindingKind                                       : loaded 2 times (x 75B)
Class dagger.internal.codegen.compileroption.ProcessingEnvironmentCompilerOptions$Validation: loaded 2 times (x 89B)
Class dagger.internal.codegen.ProcessingEnvironmentModule                             : loaded 2 times (x 66B)
Class dagger.internal.codegen.ServiceLoaders$1                                        : loaded 2 times (x 67B)
Class dagger.internal.codegen.xprocessing.XAnnotations$1                              : loaded 2 times (x 80B)
Class dagger.spi.internal.shaded.androidx.room.compiler.processing.ksp.KspMessager$WhenMappings: loaded 2 times (x 67B)
Class dagger.spi.internal.shaded.androidx.room.compiler.processing.ksp.KSTypeArgumentWrapper: loaded 2 times (x 68B)
Class dagger.internal.codegen.xprocessing.XTypes                                      : loaded 2 times (x 67B)
Class dagger.spi.internal.shaded.androidx.room.compiler.processing.ksp.KSDeclarationExtKt: loaded 2 times (x 67B)
Class dagger.spi.internal.shaded.androidx.room.compiler.processing.ksp.KspAnnotated$Companion: loaded 2 times (x 67B)
Class dagger.hilt.processor.internal.optionvalues.BooleanValue                        : loaded 2 times (x 75B)
Class androidx.room.compiler.processing.util.NamingUtilsKt                            : loaded 2 times (x 67B)
Class androidx.room.compiler.processing.ksp.KspElement$equalityItems$2                : loaded 2 times (x 75B)
Class androidx.room.compiler.processing.ksp.KspRoundEnv$WhenMappings                  : loaded 2 times (x 67B)
Class org.gradle.kotlin.dsl.TestImplementationConfigurationAccessorsKt                : loaded 2 times (x 67B)
Class org.jetbrains.kotlin.types.model.TypeSystemContextKt$WhenMappings               : loaded 2 times (x 67B)
Class javaslang.collection.HashMap                                                    : loaded 2 times (x 465B)
Class org.jetbrains.kotlin.idea.gradleTooling.AndroidAwareGradleModelProvider$Result  : loaded 2 times (x 68B)
Class org.jetbrains.kotlin.idea.gradleTooling.reflect.ReflectionKt                    : loaded 2 times (x 67B)
Class javaslang.collection.HashArrayMappedTrieModule$AbstractNode                     : loaded 2 times (x 97B)
Class org.jetbrains.kotlin.codegen.signature.AsmTypeFactory                           : loaded 2 times (x 75B)
Class org.jetbrains.kotlin.load.kotlin.FileBasedKotlinClass                           : loaded 2 times (x 84B)
Class org.jetbrains.kotlin.types.model.TypeSystemCommonSuperTypesContext              : loaded 2 times (x 66B)
Class org.jetbrains.kotlin.builtins.functions.FunctionTypeKind$Function               : loaded 2 times (x 72B)
Class org.jetbrains.kotlin.asJava.KotlinAsJavaSupportBase                             : loaded 2 times (x 99B)
Class org.jetbrains.kotlin.metadata.ProtoBuf$AnnotationOrBuilder                      : loaded 2 times (x 66B)
Class org.jetbrains.kotlin.protobuf.WireFormat$FieldType                              : loaded 2 times (x 79B)
Class org.jetbrains.kotlin.psi.KtWhenEntry                                            : loaded 2 times (x 381B)
Class [Lorg.jetbrains.kotlin.psi.KtFunction;                                          : loaded 2 times (x 65B)
Class org.jetbrains.kotlin.psi.KtTypeParameterListOwnerStub                           : loaded 2 times (x 1011B)
Class org.jetbrains.kotlin.resolve.jvm.checkers.SynchronizedAnnotationChecker         : loaded 2 times (x 70B)
Class dagger.hilt.processor.internal.definecomponent.KspDefineComponentProcessor$Provider: loaded 2 times (x 70B)
Class com.google.common.reflect.Types$ClassOwnership$1LocalClass                      : loaded 2 times (x 67B)
Class org.gradle.tooling.model.idea.IdeaCompilerOutput                                : loaded 2 times (x 66B)
Class org.gradle.tooling.model.ProjectIdentifier                                      : loaded 2 times (x 66B)
Class org.gradle.internal.classloader.ClasspathUtil                                   : loaded 2 times (x 67B)
Class androidx.room.compiler.processing.ksp.KspAnnotated$KSAnnotatedDelegate          : loaded 2 times (x 131B)
Class androidx.room.processor.Context                                                 : loaded 2 times (x 68B)
Class dagger.spi.internal.shaded.androidx.room.compiler.processing.ksp.synthetic.KspSyntheticPropertyMethodElement$Setter$parameters$2: loaded 2 times (x 75B)
Class dagger.internal.codegen.model.BindingGraphPlugin                                : loaded 2 times (x 66B)
Class dagger.internal.codegen.validation.MultibindsMethodValidator$Validator          : loaded 2 times (x 76B)
Class dagger.internal.codegen.processingstep.AssistedProcessingStep_Factory           : loaded 2 times (x 75B)
Class dagger.hilt.android.processor.internal.viewmodel.ViewModelValidationPlugin      : loaded 2 times (x 79B)
Class dagger.spi.internal.shaded.androidx.room.compiler.processing.ksp.KspAnnotation$wrap$$inlined$sortedBy$1: loaded 2 times (x 86B)
Class dagger.spi.internal.shaded.androidx.room.compiler.processing.javac.kotlin.JvmAbi: loaded 2 times (x 67B)
Class dagger.spi.internal.shaded.androidx.room.compiler.processing.ksp.KspArrayType$Factory: loaded 2 times (x 68B)
Class dagger.spi.internal.shaded.androidx.room.compiler.processing.ksp.KspElement$docComment$2: loaded 2 times (x 75B)
Class androidx.room.compiler.processing.XArrayType                                    : loaded 2 times (x 66B)
Class androidx.room.compiler.processing.util.MemoizedSequence                         : loaded 2 times (x 71B)
Class [Lcom.android.ide.gradle.model.builder.LegacyAndroidGradlePluginPropertiesModelBuilder$PluginType;: loaded 2 times (x 65B)
Class com.intellij.gradle.toolingExtension.impl.model.buildScriptClasspathModel.DefaultGradleBuildScriptClasspathModel: loaded 2 times (x 79B)
Class org.jetbrains.kotlin.idea.gradleTooling.reflect.KotlinSourceSetReflectionImpl$Companion: loaded 2 times (x 67B)
Class com.intellij.gradle.toolingExtension.impl.model.sourceSetDependencyModel.GradleSourceSetDependencyResolver: loaded 2 times (x 68B)
Class org.jetbrains.plugins.gradle.model.DefaultExternalProject                       : loaded 2 times (x 91B)
Class dagger.hilt.processor.internal.ErrorTypeException                               : loaded 2 times (x 78B)
Class org.jetbrains.kotlin.resolve.calls.results.FlatSignature$Companion              : loaded 2 times (x 67B)
Class org.jetbrains.kotlin.resolve.calls.tasks.ExplicitReceiverKind                   : loaded 2 times (x 75B)
Class org.jetbrains.kotlin.metadata.ProtoBuf$TypeAlias                                : loaded 2 times (x 133B)
Class org.jetbrains.kotlin.load.kotlin.header.KotlinClassHeader$Kind                  : loaded 2 times (x 75B)
Class org.jetbrains.kotlin.load.kotlin.KotlinJvmBinaryClass$AnnotationArgumentVisitor : loaded 2 times (x 66B)
Class org.jetbrains.kotlin.metadata.ProtoBuf$PackageFragment                          : loaded 2 times (x 121B)
Class dagger.hilt.android.processor.internal.androidentrypoint.AutoValue_AndroidEntryPointMetadata: loaded 2 times (x 88B)
Class org.jetbrains.kotlin.resolve.jvm.KotlinJavaPsiFacade$KotlinPsiElementFinderWrapper: loaded 2 times (x 66B)
Class [Lorg.jetbrains.kotlin.metadata.ProtoBuf$QualifiedNameTable$QualifiedName$Kind; : loaded 2 times (x 65B)
Class [Lorg.jetbrains.kotlin.metadata.ProtoBuf$TypeParameter$Variance;                : loaded 2 times (x 65B)
Class org.jetbrains.kotlin.metadata.ProtoBuf$Constructor                              : loaded 2 times (x 120B)
Class kotlin.jvm.internal.PropertyReference0                                          : loaded 2 times (x 123B)
Class kotlin.sequences.EmptySequence                                                  : loaded 2 times (x 74B)
Class org.jetbrains.kotlin.cli.jvm.modules.JavaVersionUtilsKt                         : loaded 2 times (x 67B)
Class kotlin.collections.builders.SetBuilder                                          : loaded 2 times (x 139B)
Class org.jetbrains.kotlin.resolve.checkers.SuspendLimitationsChecker                 : loaded 2 times (x 70B)
Class org.jetbrains.kotlin.psi.KtContractEffectList                                   : loaded 2 times (x 442B)
Class [Lorg.jetbrains.kotlin.psi.KtNamed;                                             : loaded 2 times (x 65B)
Class org.jetbrains.kotlin.resolve.jvm.checkers.BadInheritedJavaSignaturesChecker     : loaded 2 times (x 70B)
Class it.unimi.dsi.fastutil.Hash                                                      : loaded 2 times (x 66B)
Class com.android.builder.model.v2.ide.ComponentInfo                                  : loaded 2 times (x 66B)
Class org.jetbrains.kotlin.tooling.core.HasExtras                                     : loaded 2 times (x 66B)
Class com.google.common.base.Charsets                                                 : loaded 2 times (x 67B)
Class com.google.common.util.concurrent.Uninterruptibles                              : loaded 2 times (x 67B)
Class com.android.builder.model.v2.ide.ProjectType                                    : loaded 2 times (x 75B)
Class dagger.spi.internal.shaded.androidx.room.compiler.processing.ksp.KspExecutableElement$thrownTypes$2: loaded 2 times (x 75B)
Class dagger.internal.codegen.binding.ComponentDescriptor$Factory                     : loaded 2 times (x 71B)
Class dagger.internal.codegen.base.ModuleKind$1                                       : loaded 2 times (x 67B)
Class dagger.internal.codegen.componentgenerator.ComponentGeneratorModule_ComponentHjarGeneratorFactory: loaded 2 times (x 75B)
Class dagger.internal.codegen.validation.ComponentDescriptorValidator_Factory         : loaded 2 times (x 75B)
Class dagger.internal.codegen.bindinggraphvalidation.ProvisionDependencyOnProducerBindingValidator: loaded 2 times (x 81B)
Class dagger.internal.codegen.processingstep.TypeCheckingProcessingStep               : loaded 2 times (x 82B)
Class dagger.internal.codegen.binding.SourceFiles_Factory                             : loaded 2 times (x 74B)
Class [Ldagger.internal.codegen.xprocessing.XTypeElements$Visibility;                 : loaded 2 times (x 65B)
Class com.squareup.kotlinpoet.ClassName$special$$inlined$compareBy$1                  : loaded 2 times (x 85B)
Class dagger.spi.internal.shaded.androidx.room.compiler.processing.ksp.KspAnnotated$UseSiteFilter$Impl: loaded 2 times (x 71B)
Class androidx.room.compiler.processing.ksp.KspFieldElement$closestMemberContainer$2  : loaded 2 times (x 75B)
Class androidx.room.compiler.processing.XElement                                      : loaded 2 times (x 66B)
Class com.squareup.javapoet.TypeVariableName                                          : loaded 2 times (x 77B)
Class dagger.spi.internal.shaded.androidx.room.compiler.processing.ksp.KspFiler       : loaded 2 times (x 74B)
Class androidx.room.compiler.processing.ksp.KspBasicAnnotationProcessor$steps$2       : loaded 2 times (x 75B)
Class com.intellij.gradle.toolingExtension.impl.model.dependencyModel.auxiliary.LegacyAuxiliaryArtifactResolver: loaded 2 times (x 72B)
Class dagger.spi.model.BindingGraph$Edge                                              : loaded 2 times (x 66B)
Class dagger.internal.codegen.base.UniqueNameSet                                      : loaded 2 times (x 68B)
Class dagger.internal.codegen.binding.FrameworkType$2                                 : loaded 2 times (x 80B)
Class org.gradle.tooling.internal.gradle.DefaultProjectIdentifier                     : loaded 2 times (x 82B)
Class kotlin.sequences.DistinctSequence                                               : loaded 2 times (x 71B)
Class com.android.builder.model.v2.models.AndroidDsl                                  : loaded 2 times (x 66B)
Class org.jetbrains.kotlin.resolve.calls.tower.CandidateApplicabilityKt               : loaded 2 times (x 67B)
Class org.jetbrains.kotlin.serialization.deserialization.ValueClassUtilKt             : loaded 2 times (x 67B)
Class org.jetbrains.kotlin.metadata.jvm.JvmProtoBuf$JvmMethodSignature$Builder        : loaded 2 times (x 130B)
Class org.jetbrains.kotlin.mpp.FunctionSymbolMarker                                   : loaded 2 times (x 66B)
Class kotlin.jvm.internal.PropertyReference1                                          : loaded 2 times (x 123B)
Class org.jetbrains.kotlin.psi.KtCodeFragmentBase                                     : loaded 2 times (x 66B)
Class org.jetbrains.kotlin.metadata.jvm.JvmProtoBuf$JvmFieldSignatureOrBuilder        : loaded 2 times (x 66B)
Class org.jetbrains.kotlin.metadata.ProtoBuf$PackageFragment$1                        : loaded 2 times (x 140B)
Class org.jetbrains.kotlin.psi.KtVisitor                                              : loaded 2 times (x 187B)
Class org.jetbrains.kotlin.metadata.ProtoBuf$VersionRequirementTableOrBuilder         : loaded 2 times (x 66B)
Class org.jetbrains.kotlin.cli.jvm.config.JvmContentRootsKt                           : loaded 2 times (x 67B)
Class org.jetbrains.kotlin.resolve.scopes.receivers.ReceiverValue                     : loaded 2 times (x 66B)
Class org.jetbrains.kotlin.diagnostics.DiagnosticFactoryForDeprecation3$Companion     : loaded 2 times (x 67B)
Class org.jetbrains.kotlin.diagnostics.PositioningStrategies$FIELD_KEYWORD$1          : loaded 2 times (x 71B)
Class [Lorg.jetbrains.kotlin.psi.KtAnnotationUseSiteTarget;                           : loaded 2 times (x 65B)
Class org.jetbrains.kotlin.psi.KtClassInitializer                                     : loaded 2 times (x 798B)
Class org.jetbrains.kotlin.diagnostics.PositioningStrategies$DECLARATION_RETURN_TYPE$1: loaded 2 times (x 70B)
Class org.jetbrains.kotlin.cli.jvm.compiler.IdeaStandaloneExecutionSetup              : loaded 2 times (x 67B)
Class com.android.builder.model.v2.dsl.BaseConfig                                     : loaded 2 times (x 66B)
Class org.gradle.internal.time.TimeSource$1                                           : loaded 2 times (x 73B)
Class org.gradle.api.specs.Spec                                                       : loaded 2 times (x 66B)
Class dagger.spi.internal.shaded.androidx.room.compiler.processing.ksp.KspPackageElement$name$2: loaded 2 times (x 75B)
Class dagger.internal.codegen.validation.BindingElementValidator$1                    : loaded 2 times (x 67B)
Class dagger.spi.internal.shaded.androidx.room.compiler.processing.ksp.KspMethodType$KspNormalMethodType$returnType$2: loaded 2 times (x 75B)
Class dagger.spi.internal.shaded.androidx.room.compiler.processing.ksp.synthetic.KspSyntheticPropertyMethodElement$Setter: loaded 2 times (x 255B)
Class dagger.internal.codegen.binding.ProductionBinding                               : loaded 2 times (x 91B)
Class dagger.internal.codegen.validation.ExternalBindingGraphPlugins                  : loaded 2 times (x 68B)
Class dagger.internal.codegen.binding.MultibindingDeclaration_Factory_Factory         : loaded 2 times (x 75B)
Class dagger.spi.internal.shaded.androidx.room.compiler.processing.ksp.KspHasModifiers$PropertyField$isLateinit$2: loaded 2 times (x 75B)
Class androidx.room.compiler.processing.ksp.KspProcessingEnv$jvmDefaultMode$2         : loaded 2 times (x 75B)
Class androidx.room.compiler.processing.ksp.KspProcessingEnv$jvmVersion$2             : loaded 2 times (x 75B)
Class dagger.hilt.processor.internal.aggregateddeps.KspAggregatedDepsProcessor$Provider: loaded 2 times (x 70B)
Class org.jetbrains.kotlin.cli.jvm.config.JvmContentRoot                              : loaded 2 times (x 66B)
Class org.jetbrains.kotlin.tooling.core.InternerImpl                                  : loaded 2 times (x 72B)
Class org.jetbrains.kotlin.BlockExpressionElementType                                 : loaded 2 times (x 94B)
Class org.jetbrains.kotlin.psi.KtPureElement                                          : loaded 2 times (x 66B)
Class [Lorg.jetbrains.kotlin.psi.KtImportDirective;                                   : loaded 2 times (x 65B)
Class com.google.common.collect.MultimapBuilder$ListMultimapBuilder                   : loaded 2 times (x 71B)
Class org.jetbrains.kotlin.types.TypeCheckerState$SupertypesPolicy$LowerIfFlexible    : loaded 2 times (x 68B)
Class org.jetbrains.kotlin.load.kotlin.header.KotlinClassHeader                       : loaded 2 times (x 68B)
Class org.jetbrains.kotlin.cli.jvm.index.JvmDependenciesIndexImpl$SearchResult        : loaded 2 times (x 67B)
Class org.jetbrains.kotlin.incremental.components.ScopeKind                           : loaded 2 times (x 75B)
Class com.google.common.collect.MapMaker                                              : loaded 2 times (x 68B)
Class org.jetbrains.kotlin.name.CallableId                                            : loaded 2 times (x 68B)
Class org.jetbrains.kotlin.psi.KtDotQualifiedExpression$Companion                     : loaded 2 times (x 67B)
Class [Lorg.jetbrains.kotlin.psi.KtTypeElement;                                       : loaded 2 times (x 65B)
Class kotlin.UnsafeLazyImpl                                                           : loaded 2 times (x 72B)
Class kotlin.jvm.internal.MutablePropertyReference                                    : loaded 2 times (x 115B)
Class org.jetbrains.kotlin.cli.jvm.compiler.CoreEnvironmentUtilsKt                    : loaded 2 times (x 67B)
Class kotlin.LazyKt__LazyJVMKt$WhenMappings                                           : loaded 2 times (x 67B)
Class org.jetbrains.kotlin.protobuf.ProtocolStringList                                : loaded 2 times (x 66B)
Class org.jetbrains.kotlin.resolve.calls.checkers.EqualityCallChecker                 : loaded 2 times (x 70B)
Class org.jetbrains.kotlin.resolve.calls.checkers.CompanionInParenthesesLHSCallChecker: loaded 2 times (x 70B)
Class [Lorg.jetbrains.kotlin.container.ComponentStorageState;                         : loaded 2 times (x 65B)
Class org.jetbrains.kotlin.psi.KtSafeQualifiedExpression                              : loaded 2 times (x 513B)
Class [Lorg.jetbrains.kotlin.psi.KtTypeArgumentList;                                  : loaded 2 times (x 65B)
Class [Lorg.jetbrains.kotlin.psi.KtPackageDirective;                                  : loaded 2 times (x 65B)
Class [Lorg.jetbrains.kotlin.psi.KtAnnotationsContainer;                              : loaded 2 times (x 65B)
Class org.jetbrains.kotlin.psi.stubs.elements.KtImportAliasElementType                : loaded 2 times (x 90B)
Class org.jetbrains.kotlin.kdoc.lexer.KDocLexer                                       : loaded 2 times (x 83B)
Class org.jetbrains.kotlin.name.Name                                                  : loaded 2 times (x 71B)
Class com.google.common.reflect.Types$JavaVersion                                     : loaded 2 times (x 79B)
Class [Lorg.jetbrains.kotlin.psi.KtValueArgument;                                     : loaded 2 times (x 65B)
Class org.jetbrains.kotlin.diagnostics.PositioningStrategies$RETURN_WITH_LABEL$1      : loaded 2 times (x 70B)
Class androidx.room.preconditions.Checks                                              : loaded 2 times (x 68B)
Class dagger.spi.internal.shaded.androidx.room.compiler.processing.ksp.KspConstructorElement$enclosingElement$2: loaded 2 times (x 75B)
Class dagger.internal.codegen.validation.ProducesMethodValidator_Factory              : loaded 2 times (x 75B)
Class dagger.spi.internal.shaded.androidx.room.compiler.processing.ksp.KspProcessingEnv$getTypeElementsFromPackage$1: loaded 2 times (x 74B)
Class dagger.spi.internal.shaded.androidx.room.compiler.processing.ksp.KSTypeJavaPoetExtKt: loaded 2 times (x 67B)
Class dagger.spi.internal.shaded.androidx.room.compiler.processing.ksp.KspAnnotation$typesByName$2: loaded 2 times (x 75B)
Class androidx.room.compiler.processing.ksp.KSTypeVarianceResolverScope$PropertyGetterMethodReturnType: loaded 2 times (x 70B)
Class [Landroidx.room.compiler.processing.XParameterizable;                           : loaded 2 times (x 65B)
Class androidx.room.compiler.processing.InternalXAnnotation                           : loaded 2 times (x 135B)
Class dagger.hilt.processor.internal.definecomponent.KspDefineComponentProcessor      : loaded 2 times (x 85B)
Class androidx.room.DatabaseProcessingStep$Companion                                  : loaded 2 times (x 67B)
Class org.jetbrains.kotlin.diagnostics.ClassicPositioningStrategies$UNREACHABLE_CODE$1: loaded 2 times (x 70B)
Class org.jetbrains.kotlin.resolve.calls.checkers.CapturingInClosureChecker           : loaded 2 times (x 70B)
Class org.jetbrains.kotlin.resolve.calls.checkers.FunInterfaceConstructorReferenceChecker: loaded 2 times (x 70B)
Class com.google.common.collect.Sets$3$1                                              : loaded 2 times (x 78B)
Class org.jetbrains.kotlin.load.java.structure.impl.classFiles.PlainJavaArrayAnnotationArgument: loaded 2 times (x 75B)
Class org.jetbrains.kotlin.load.java.structure.JavaEnumValueAnnotationArgument        : loaded 2 times (x 66B)
Class org.jetbrains.kotlin.util.EmptyArrayMap$iterator$1                              : loaded 2 times (x 74B)
Class org.jetbrains.kotlin.name.FqNamesUtilKt                                         : loaded 2 times (x 67B)
Class org.jetbrains.kotlin.kdoc.parser.KDocElementType                                : loaded 2 times (x 72B)
Class org.jetbrains.kotlin.builtins.functions.FunctionTypeKindExtractor               : loaded 2 times (x 68B)
Class org.jetbrains.kotlin.metadata.deserialization.Flags                             : loaded 2 times (x 67B)
Class kotlin.LazyThreadSafetyMode                                                     : loaded 2 times (x 75B)
Class org.jetbrains.kotlin.metadata.ProtoBuf$TypeTable$1                              : loaded 2 times (x 140B)
Class org.jetbrains.kotlin.config.AnalysisFlags$optIn$2                               : loaded 2 times (x 123B)
Class org.jetbrains.kotlin.config.AnalysisFlags$metadataCompilation$2                 : loaded 2 times (x 123B)
Class org.jetbrains.kotlin.cli.jvm.index.JvmDependenciesIndexImpl$Cache               : loaded 2 times (x 68B)
Class org.jetbrains.kotlin.builtins.KotlinBuiltIns                                    : loaded 2 times (x 156B)
Class org.jetbrains.kotlin.descriptors.VariableDescriptor                             : loaded 2 times (x 66B)
Class org.jetbrains.kotlin.config.AnalysisFlags$skipExpectedActualDeclarationChecker$2: loaded 2 times (x 123B)
Class org.jetbrains.kotlin.resolve.checkers.DataObjectContentChecker                  : loaded 2 times (x 70B)
Class org.jetbrains.kotlin.resolve.checkers.DeprecationInheritanceChecker             : loaded 2 times (x 70B)
Class org.jetbrains.kotlin.container.PlatformExtensionsClashResolver$FallbackToDefault: loaded 2 times (x 69B)
Class org.jetbrains.kotlin.diagnostics.PositioningStrategies$UNUSED_VALUE$1           : loaded 2 times (x 70B)
Class org.jetbrains.kotlin.psi.KtElementImpl                                          : loaded 2 times (x 375B)
Class org.jetbrains.kotlin.psi.KtDelegatedSuperTypeEntry                              : loaded 2 times (x 446B)
Class org.jetbrains.kotlin.psi.KtPrimaryConstructor                                   : loaded 2 times (x 1300B)
Class [Lorg.jetbrains.kotlin.psi.KtModifierListOwner;                                 : loaded 2 times (x 65B)
Class it.unimi.dsi.fastutil.HashCommon                                                : loaded 2 times (x 67B)
Class com.google.common.cache.LocalCache$LoadingValueReference                        : loaded 2 times (x 92B)
Class org.jetbrains.kotlin.config.AnalysisFlag$Delegates$ListOfStrings                : loaded 2 times (x 67B)
Class org.jetbrains.kotlin.metadata.jvm.deserialization.JvmMetadataVersion            : loaded 2 times (x 70B)
Class dagger.spi.internal.shaded.androidx.room.compiler.processing.ksp.KspExecutableParameterElement$Companion: loaded 2 times (x 67B)
Class dagger.internal.codegen.binding.MultibindingDeclaration                         : loaded 2 times (x 74B)
Class dagger.internal.codegen.writing.UnwrappedMapKeyGenerator_Factory                : loaded 2 times (x 75B)
Class dagger.internal.codegen.writing.ModuleProxies$ModuleConstructorProxyGenerator   : loaded 2 times (x 73B)
Class dagger.internal.codegen.compileroption.ProcessingEnvironmentCompilerOptions$CommandLineOption: loaded 2 times (x 66B)
Class dagger.internal.codegen.validation.ComponentValidator_Factory                   : loaded 2 times (x 75B)
Class dagger.spi.internal.shaded.androidx.room.compiler.processing.ksp.KspProcessingEnv$getTypeElementsFromPackage$2: loaded 2 times (x 75B)
Class dagger.spi.internal.shaded.androidx.room.compiler.processing.ksp.KSTypeWrapper$arguments$2: loaded 2 times (x 75B)
Class dagger.spi.internal.shaded.androidx.room.compiler.processing.ksp.KspAnnotation$ksType$2: loaded 2 times (x 75B)
Class androidx.room.compiler.processing.InternalXAnnotationKt                         : loaded 2 times (x 67B)
Class com.squareup.javapoet.ArrayTypeName                                             : loaded 2 times (x 77B)
Class dagger.internal.codegen.KspComponentProcessor                                   : loaded 2 times (x 84B)
Class org.jetbrains.kotlin.metadata.ProtoBuf$EnumEntry                                : loaded 2 times (x 114B)
Class org.jetbrains.kotlin.backend.jvm.extensions.ClassGeneratorExtension             : loaded 2 times (x 66B)
Class org.jetbrains.kotlin.idea.gradleTooling.reflect.Parameter                       : loaded 2 times (x 68B)
Class it.unimi.dsi.fastutil.objects.ObjectArrays$ArrayHashStrategy                    : loaded 2 times (x 71B)
Class org.jetbrains.kotlin.psi.KtExpressionImpl$Companion                             : loaded 2 times (x 67B)
Class org.jetbrains.kotlin.types.AbstractTypeApproximator$Companion                   : loaded 2 times (x 67B)
Class org.jetbrains.kotlin.idea.gradleTooling.PrepareKotlinIdeaImportTaskModelBuilder$KotlinNativePlatformDependenciesKt: loaded 2 times (x 67B)
Class org.jetbrains.kotlin.resolve.calls.inference.components.ConstraintSystemUtilContext: loaded 2 times (x 66B)
Class com.google.common.collect.CollectSpliterators                                   : loaded 2 times (x 67B)
Class com.google.common.collect.AbstractMapBasedMultimap$AsMap                        : loaded 2 times (x 124B)
Class org.jetbrains.kotlin.resolve.calls.inference.components.TypeVariableDirectionCalculator$ResolveDirection: loaded 2 times (x 75B)
Class org.jetbrains.kotlin.incremental.components.LookupTracker                       : loaded 2 times (x 66B)
Class org.jetbrains.kotlin.metadata.ProtoBuf$Function                                 : loaded 2 times (x 145B)
Class org.jetbrains.kotlin.load.java.JavaTypeEnhancementState$Companion               : loaded 2 times (x 67B)
Class kotlin.jvm.internal.SpreadBuilder                                               : loaded 2 times (x 72B)
Class org.jetbrains.kotlin.resolve.checkers.ActualTypealiasToSpecialAnnotationChecker : loaded 2 times (x 70B)
Class org.jetbrains.kotlin.resolve.jvm.JvmOverloadFilter                              : loaded 2 times (x 70B)
Class org.jetbrains.kotlin.name.StandardClassIds                                      : loaded 2 times (x 67B)
Class org.jetbrains.kotlin.resolve.jvm.checkers.JavaTypeAccessibilityChecker          : loaded 2 times (x 72B)
Class org.jetbrains.kotlin.psi.KtWhenConditionIsPattern                               : loaded 2 times (x 377B)
Class [Lorg.jetbrains.kotlin.psi.KtTypeReference;                                     : loaded 2 times (x 65B)
Class [Lorg.jetbrains.kotlin.psi.KtImportInfo;                                        : loaded 2 times (x 65B)
Class org.jetbrains.kotlin.psi.stubs.elements.KtContractEffectListElementType         : loaded 2 times (x 93B)
Class org.jetbrains.kotlin.resolve.calls.checkers.LateinitIntrinsicApplicabilityChecker: loaded 2 times (x 70B)
Class org.jetbrains.kotlin.resolve.jvm.checkers.ClassInheritsJavaSealedClassChecker   : loaded 2 times (x 70B)
Class org.jetbrains.kotlin.util.SimpleCounter                                         : loaded 2 times (x 69B)
Class kotlin.SynchronizedLazyImpl                                                     : loaded 2 times (x 72B)
Class org.jetbrains.kotlin.utils.WrappedValues$1                                      : loaded 2 times (x 67B)
Class com.google.common.reflect.Invokable$MethodInvokable                             : loaded 2 times (x 103B)
Class com.google.common.base.Platform                                                 : loaded 2 times (x 67B)
Class org.gradle.internal.time.Clock                                                  : loaded 2 times (x 66B)
Class org.jetbrains.org.objectweb.asm.Handle                                          : loaded 2 times (x 68B)
Class org.jetbrains.kotlin.resolve.calls.inference.model.ConstraintSystemError        : loaded 2 times (x 68B)
Class dagger.hilt.android.processor.internal.viewmodel.ViewModelValidationPluginKt    : loaded 2 times (x 67B)
Class dagger.internal.codegen.validation.ProvidesMethodValidator                      : loaded 2 times (x 74B)
Class dagger.internal.codegen.DelegateComponentProcessor_SourceFileGeneratorsModule_FactoryGeneratorFactory: loaded 2 times (x 75B)
Class dagger.spi.internal.shaded.androidx.room.compiler.processing.ksp.synthetic.KspSyntheticPropertyMethodElement$executableType$2: loaded 2 times (x 75B)
Class dagger.spi.internal.shaded.androidx.room.compiler.processing.ksp.KspTypeElement$Companion: loaded 2 times (x 67B)
Class androidx.room.compiler.processing.ksp.synthetic.KspSyntheticPropertyMethodElement$Getter$name$2: loaded 2 times (x 75B)
Class Build_gradle$2                                                                  : loaded 2 times (x 70B)
Class org.jetbrains.kotlin.resolve.calls.results.SimpleConstraintSystem               : loaded 2 times (x 66B)
Class org.jetbrains.kotlin.idea.gradleTooling.KotlinGradlePluginVersionImpl           : loaded 2 times (x 74B)
Class org.jetbrains.plugins.gradle.tooling.serialization.RepositoriesModelSerializationService$1: loaded 2 times (x 72B)
Class com.google.common.collect.CollectSpliterators$1WithCharacteristics              : loaded 2 times (x 86B)
Class androidx.room.compiler.processing.ksp.synthetic.KspSyntheticPropertyMethodElement$equalityItems$2: loaded 2 times (x 75B)
Class org.jetbrains.kotlin.load.java.structure.impl.classFiles.PlainJavaAnnotationAsAnnotationArgument: loaded 2 times (x 75B)
Class androidx.room.compiler.processing.ksp.KSTypeExtKt                               : loaded 2 times (x 67B)
Class org.jetbrains.kotlin.types.model.TypeSystemContextKt                            : loaded 2 times (x 67B)
Class org.jetbrains.kotlin.resolve.calls.inference.model.OnlyInputTypeConstraintPosition: loaded 2 times (x 66B)
Class org.jetbrains.kotlin.metadata.ProtoBuf$Effect$InvocationKind                    : loaded 2 times (x 78B)
Class org.jetbrains.kotlin.load.kotlin.header.ReadKotlinClassHeaderAnnotationVisitor  : loaded 2 times (x 76B)
Class it.unimi.dsi.fastutil.objects.ObjectArrays                                      : loaded 2 times (x 67B)
Class dagger.spi.internal.shaded.androidx.room.compiler.processing.ksp.KspTypeElement$_constructors$2: loaded 2 times (x 75B)
Class org.jetbrains.kotlin.extensions.PreprocessedFileCreator                         : loaded 2 times (x 68B)
Class org.jetbrains.kotlin.resolve.extensions.AnalysisHandlerExtension                : loaded 2 times (x 66B)
Class org.jetbrains.kotlin.load.java.structure.JavaModifierListOwner                  : loaded 2 times (x 66B)
Class org.jetbrains.kotlin.metadata.ProtoBuf$VersionRequirementTable                  : loaded 2 times (x 103B)
Class org.jetbrains.kotlin.protobuf.LazyField                                         : loaded 2 times (x 79B)
Class dagger.spi.internal.shaded.androidx.room.compiler.processing.ksp.KspAnnotation$defaultValues$2: loaded 2 times (x 75B)
Class org.jetbrains.kotlin.resolve.checkers.ResultClassInReturnTypeChecker            : loaded 2 times (x 70B)
Class org.jetbrains.kotlin.name.StandardClassIdsKt                                    : loaded 2 times (x 67B)
Class org.jetbrains.kotlin.resolve.jvm.checkers.MissingBuiltInDeclarationChecker$ClassifierUsage: loaded 2 times (x 70B)
Class [Lorg.jetbrains.kotlin.psi.KtPureElement;                                       : loaded 2 times (x 65B)
Class org.jetbrains.kotlin.lexer.KtKeywordToken                                       : loaded 2 times (x 74B)
Class org.jetbrains.kotlin.diagnostics.DiagnosticFactory                              : loaded 2 times (x 72B)
Class org.jetbrains.kotlin.resolve.jvm.checkers.LocalFunInlineChecker                 : loaded 2 times (x 70B)
Class org.jetbrains.kotlin.config.LanguageVersionSettings$Companion                   : loaded 2 times (x 67B)
Class dagger.spi.internal.shaded.androidx.room.compiler.processing.XType              : loaded 2 times (x 66B)
Class dagger.spi.internal.shaded.androidx.room.compiler.processing.ksp.KspFieldElement$enclosingElement$2: loaded 2 times (x 75B)
Class dagger.spi.internal.shaded.androidx.room.compiler.processing.ksp.synthetic.KspSyntheticPropertyMethodElement: loaded 2 times (x 255B)
Class com.google.devtools.ksp.processing.KspGradleLogger$Companion                    : loaded 2 times (x 67B)
Class com.android.builder.model.v2.dsl.ProductFlavor                                  : loaded 2 times (x 66B)
Class [Lcom.android.builder.model.v2.ide.TestInfo$Execution;                          : loaded 2 times (x 65B)
Class [Lorg.objectweb.asm.AnnotationWriter;                                           : loaded 2 times (x 65B)
Class com.google.common.primitives.Ints$IntConverter                                  : loaded 2 times (x 86B)
Class org.gradle.tooling.internal.adapter.TypeInspector                               : loaded 2 times (x 69B)
Class org.gradle.tooling.internal.adapter.ProtocolToModelAdapter$NoOpDecoration       : loaded 2 times (x 75B)
Class org.gradle.tooling.model.Element                                                : loaded 2 times (x 66B)
Class dagger.internal.codegen.validation.InjectBindingRegistryImpl$BindingsCollection : loaded 2 times (x 68B)
Class androidx.room.processor.Context$CommonTypes$VOID$2                              : loaded 2 times (x 75B)
Class dagger.internal.codegen.base.SourceFileGenerator                                : loaded 2 times (x 73B)
Class dagger.internal.codegen.binding.SourceFiles                                     : loaded 2 times (x 67B)
Class dagger.internal.codegen.DaggerDelegateComponentProcessor_Injector               : loaded 2 times (x 67B)
Class [Ldagger.internal.codegen.base.ClearableCache;                                  : loaded 2 times (x 65B)
Class org.jetbrains.kotlin.idea.gradleTooling.reflect.KotlinMultiplatformImportReflectionImpl$Companion: loaded 2 times (x 67B)
Class dagger.spi.internal.shaded.androidx.room.compiler.processing.XConstructorElement: loaded 2 times (x 66B)
Class [Ldagger.internal.codegen.binding.FrameworkTypeMapper;                          : loaded 2 times (x 65B)
Class dagger.internal.codegen.binding.FrameworkType$1                                 : loaded 2 times (x 80B)
Class androidx.room.compiler.processing.ksp.KspConstructorElement$executableType$2    : loaded 2 times (x 75B)
Class org.gradle.api.internal.classpath.EffectiveClassPath                            : loaded 2 times (x 86B)
Class [Lorg.jetbrains.kotlin.types.model.CaptureStatus;                               : loaded 2 times (x 65B)
Class org.jetbrains.kotlin.metadata.ProtoBuf$Expression$ConstantValue$1               : loaded 2 times (x 70B)
Class [Lorg.jetbrains.kotlin.descriptors.ClassKind;                                   : loaded 2 times (x 65B)
Class org.jetbrains.kotlin.parsing.TokenStreamPredicate                               : loaded 2 times (x 66B)
Class kotlin.collections.ArrayAsCollection                                            : loaded 2 times (x 101B)
Class org.jetbrains.kotlin.metadata.ProtoBuf$PackageFragmentOrBuilder                 : loaded 2 times (x 66B)
Class kotlin.Triple                                                                   : loaded 2 times (x 68B)
Class org.jetbrains.kotlin.metadata.jvm.JvmModuleProtoBuf$PackageParts                : loaded 2 times (x 124B)
Class org.jetbrains.kotlin.metadata.ProtoBuf$TypeParameter$1                          : loaded 2 times (x 140B)
Class org.jetbrains.kotlin.cli.jvm.compiler.JvmPackagePartProviderKt                  : loaded 2 times (x 67B)
Class it.unimi.dsi.fastutil.ints.Int2ObjectMap                                        : loaded 2 times (x 66B)
Class com.intellij.openapi.util.io.FileUtilRt$SymlinkResolver                         : loaded 2 times (x 66B)
Class org.jetbrains.kotlin.utils.StringsKt                                            : loaded 2 times (x 67B)
Class org.jetbrains.kotlin.utils.PathUtil                                             : loaded 2 times (x 67B)
Class org.jetbrains.kotlin.psi.KtFunctionLiteral                                      : loaded 2 times (x 1226B)
Class [Lorg.jetbrains.kotlin.psi.KtStringTemplateEntry;                               : loaded 2 times (x 65B)
Class [Lorg.jetbrains.kotlin.psi.KtImportAlias;                                       : loaded 2 times (x 65B)
Class org.jetbrains.kotlin.psi.stubs.KotlinPropertyAccessorStub                       : loaded 2 times (x 66B)
Class [Lorg.jetbrains.kotlin.psi.KtNamedDeclaration;                                  : loaded 2 times (x 65B)
Class org.jetbrains.kotlin.psi.stubs.elements.KtDotQualifiedExpressionElementType     : loaded 2 times (x 93B)
Class [Lorg.jetbrains.kotlin.resolve.calls.checkers.CallChecker;                      : loaded 2 times (x 65B)
Class kotlin.LazyKt__LazyKt                                                           : loaded 2 times (x 67B)
Class org.jetbrains.kotlin.cli.jvm.compiler.KotlinCoreProjectEnvironment              : loaded 2 times (x 85B)
Class com.google.common.collect.Lists$ReverseList$1                                   : loaded 2 times (x 95B)
Class org.jetbrains.kotlin.load.java.structure.impl.classFiles.BinaryClassSignatureParser$ClsFormatException: loaded 2 times (x 78B)
Class org.jetbrains.kotlin.tooling.core.Extras                                        : loaded 2 times (x 66B)
Class com.google.common.cache.LocalCache$StrongValueReference                         : loaded 2 times (x 86B)
Class com.google.common.util.concurrent.AbstractFuture$SynchronizedHelper             : loaded 2 times (x 74B)
Class [Lorg.jetbrains.kotlin.psi.KtAnonymousInitializer;                              : loaded 2 times (x 65B)
Class dagger.internal.codegen.base.ComponentCreatorKind                               : loaded 2 times (x 75B)
Class [Lcom.squareup.javapoet.LineWrapper$FlushType;                                  : loaded 2 times (x 65B)
Class [Lorg.jetbrains.kotlin.psi.KtUserType;                                          : loaded 2 times (x 65B)
Class dagger.internal.codegen.javapoet.TypeNames                                      : loaded 2 times (x 67B)
Class dagger.internal.codegen.validation.ModuleValidator_Factory                      : loaded 2 times (x 75B)
Class dagger.internal.codegen.validation.BindsOptionalOfMethodValidator_Factory       : loaded 2 times (x 75B)
Class dagger.spi.internal.shaded.androidx.room.compiler.processing.ksp.KspExecutableElement$typeParameters$2: loaded 2 times (x 75B)
Class dagger.spi.internal.shaded.androidx.room.compiler.processing.InternalXAnnotation: loaded 2 times (x 135B)
Class androidx.room.compiler.processing.ksp.KSAsMemberOfKt                            : loaded 2 times (x 67B)
Class androidx.room.compiler.processing.ksp.KspTypeElement$typeParameters$2           : loaded 2 times (x 75B)
Class androidx.room.compiler.processing.ksp.KspElement                                : loaded 2 times (x 144B)
Class org.jetbrains.plugins.gradle.model.DefaultUnresolvedExternalDependency          : loaded 2 times (x 107B)
Class [Lorg.jetbrains.kotlin.psi.ValueArgument;                                       : loaded 2 times (x 65B)
Class com.google.common.collect.RegularImmutableBiMap$Inverse                         : loaded 2 times (x 140B)
Class org.jetbrains.kotlin.types.AbstractNullabilityChecker                           : loaded 2 times (x 67B)
Class org.jetbrains.kotlin.load.java.structure.impl.JavaPackageImpl                   : loaded 2 times (x 100B)
Class org.jetbrains.kotlin.resolve.calls.inference.components.TrivialConstraintTypeInferenceOracle$Companion: loaded 2 times (x 67B)
Class org.jetbrains.kotlin.util.TypeRegistry                                          : loaded 2 times (x 69B)
Class org.jetbrains.kotlin.parsing.KotlinExpressionParsing$Precedence                 : loaded 2 times (x 77B)
Class org.jetbrains.kotlin.parsing.AbstractKotlinParsing                              : loaded 2 times (x 97B)
Class it.unimi.dsi.fastutil.ints.AbstractIntSet                                       : loaded 2 times (x 229B)
Class kotlin.jvm.internal.Ref$ObjectRef                                               : loaded 2 times (x 68B)
Class org.jetbrains.kotlin.metadata.ProtoBuf$QualifiedNameTable$QualifiedName$1       : loaded 2 times (x 140B)
Class org.jetbrains.kotlin.metadata.deserialization.BinaryVersion$Companion           : loaded 2 times (x 67B)
Class org.jetbrains.kotlin.load.java.JavaModuleAnnotationsProvider                    : loaded 2 times (x 66B)
Class com.intellij.openapi.util.io.FileUtilRt                                         : loaded 2 times (x 67B)
Class org.jetbrains.kotlin.resolve.calls.context.CallResolutionContext                : loaded 2 times (x 81B)
Class kotlin.jvm.internal.ReflectionFactory                                           : loaded 2 times (x 87B)
Class org.jetbrains.kotlin.resolve.checkers.StubForBuilderInferenceParameterTypeChecker: loaded 2 times (x 70B)
Class org.jetbrains.kotlin.resolve.checkers.MultiFieldValueClassAnnotationsChecker    : loaded 2 times (x 70B)
Class [Lorg.jetbrains.kotlin.psi.ValueArgumentName;                                   : loaded 2 times (x 65B)
Class org.jetbrains.kotlin.psi.stubs.elements.KtConstructorElementType                : loaded 2 times (x 97B)
Class org.jetbrains.kotlin.diagnostics.Errors                                         : loaded 2 times (x 66B)
Class org.jetbrains.kotlin.resolve.jvm.checkers.FunctionDelegateMemberNameClashChecker: loaded 2 times (x 70B)
Class kotlin.UNINITIALIZED_VALUE                                                      : loaded 2 times (x 67B)
Class org.jetbrains.kotlin.cli.jvm.compiler.KotlinCoreApplicationEnvironment          : loaded 2 times (x 90B)
Class [Lorg.jetbrains.kotlin.config.JVMAssertionsMode;                                : loaded 2 times (x 65B)
Class org.jetbrains.kotlin.config.JVMAssertionsMode                                   : loaded 2 times (x 75B)
Class org.objectweb.asm.Type                                                          : loaded 2 times (x 68B)
Class org.gradle.tooling.model.internal.ImmutableDomainObjectSet                      : loaded 2 times (x 151B)
Class org.gradle.internal.classloader.VisitableURLClassLoader$InstrumentingVisitableURLClassLoader: loaded 2 times (x 119B)
Class androidx.room.processor.Context$typeAdapterStore$2                              : loaded 2 times (x 75B)
Class dagger.internal.codegen.writing.InjectionMethods                                : loaded 2 times (x 67B)
Class [Ldagger.internal.codegen.validation.BindingElementValidator$AllowsScoping;     : loaded 2 times (x 65B)
Class dagger.internal.codegen.validation.BindingMethodValidator                       : loaded 2 times (x 74B)
Class dagger.internal.codegen.processingstep.MonitoringModuleProcessingStep_Factory   : loaded 2 times (x 75B)
Class dagger.internal.codegen.base.DaggerSuperficialValidation$ValidationException$UnknownErrorType: loaded 2 times (x 79B)
Class [Ldagger.internal.codegen.compileroption.ProcessingEnvironmentCompilerOptions$EnumOption;: loaded 2 times (x 65B)
Class dagger.internal.codegen.bindinggraphvalidation.InjectBindingValidator_Factory   : loaded 2 times (x 75B)
Class dagger.hilt.processor.internal.Processors                                       : loaded 2 times (x 67B)
Class dagger.spi.internal.shaded.androidx.room.compiler.processing.XMessager          : loaded 2 times (x 69B)
Class androidx.room.processor.Context$BooleanProcessorOptions                         : loaded 2 times (x 76B)
Class org.gradle.kotlin.dsl.AndroidTestImplementationConfigurationAccessorsKt         : loaded 2 times (x 67B)
Class org.gradle.kotlin.dsl.Accessors6ijptz36i787i38pli2t3331aKt                      : loaded 2 times (x 67B)
Class org.jetbrains.kotlin.psi.KtScriptInitializer                                    : loaded 2 times (x 730B)
Class org.jetbrains.kotlin.diagnostics.PositioningStrategies$DECLARATION_START_TO_NAME$1: loaded 2 times (x 71B)
Class org.jetbrains.kotlin.resolve.calls.inference.model.IncorporationConstraintPosition: loaded 2 times (x 68B)
Class org.jetbrains.kotlin.utils.SmartSet$Companion                                   : loaded 2 times (x 67B)
Class kotlin.collections.ReversedListReadOnly$listIterator$1                          : loaded 2 times (x 86B)
Class org.jetbrains.kotlin.resolve.checkers.SealedInheritorInSameModuleChecker        : loaded 2 times (x 70B)
Class [Lorg.jetbrains.kotlin.resolve.jvm.KotlinJavaPsiFacade$KotlinPsiElementFinderWrapper;: loaded 2 times (x 65B)
Class com.google.common.collect.MapMakerInternalMap$AbstractWeakKeyEntry              : loaded 2 times (x 86B)
Class org.jetbrains.kotlin.lexer._JetLexer                                            : loaded 2 times (x 79B)
Class org.jetbrains.kotlin.builtins.functions.FunctionTypeKind$KSuspendFunction       : loaded 2 times (x 72B)
Class org.jetbrains.kotlin.metadata.ProtoBuf$ValueParameter                           : loaded 2 times (x 124B)
Class org.jetbrains.kotlin.metadata.ProtoBuf$ClassOrBuilder                           : loaded 2 times (x 66B)
Class org.jetbrains.kotlin.metadata.ProtoBuf$QualifiedNameTable$1                     : loaded 2 times (x 140B)
Class org.jetbrains.kotlin.resolve.checkers.DeprecatedClassifierUsageChecker          : loaded 2 times (x 70B)
Class org.jetbrains.kotlin.descriptors.ClassifierDescriptor                           : loaded 2 times (x 66B)
Class kotlin.jvm.internal.ClassBasedDeclarationContainer                              : loaded 2 times (x 66B)
Class org.jetbrains.kotlin.resolve.checkers.OptionalExpectationUsageChecker           : loaded 2 times (x 70B)
Class org.jetbrains.kotlin.resolve.calls.checkers.CustomEnumEntriesMigrationCallChecker: loaded 2 times (x 70B)
Class org.jetbrains.kotlin.resolve.OverridesBackwardCompatibilityHelper               : loaded 2 times (x 66B)
Class org.jetbrains.kotlin.descriptors.DeclarationDescriptorNonRoot                   : loaded 2 times (x 66B)
Class org.jetbrains.kotlin.psi.KtValueArgumentName                                    : loaded 2 times (x 448B)
Class org.jetbrains.kotlin.psi.KtTypeConstraintList                                   : loaded 2 times (x 443B)
Class [Lorg.jetbrains.kotlin.psi.KtParameter;                                         : loaded 2 times (x 65B)
Class org.jetbrains.kotlin.psi.KtParameter                                            : loaded 2 times (x 1175B)
Class org.jetbrains.kotlin.psi.stubs.elements.KtCollectionLiteralExpressionElementType: loaded 2 times (x 90B)
Class org.jetbrains.kotlin.storage.LockBasedStorageManager$MapBasedMemoizedFunction   : loaded 2 times (x 78B)
Class org.jetbrains.kotlin.types.KotlinType                                           : loaded 2 times (x 79B)
Class org.jetbrains.kotlin.cli.jvm.modules.CliJavaModuleResolver                      : loaded 2 times (x 74B)
Class org.jetbrains.kotlin.asJava.finder.JavaElementFinder                            : loaded 2 times (x 80B)
Class com.android.builder.model.v2.ide.AndroidGradlePluginProjectFlags                : loaded 2 times (x 66B)
Class [Lcom.android.builder.model.v2.ide.AndroidGradlePluginProjectFlags$BooleanFlag; : loaded 2 times (x 65B)
Class com.android.builder.model.v2.ide.BasicVariant                                   : loaded 2 times (x 66B)
Class org.objectweb.asm.ByteVector                                                    : loaded 2 times (x 75B)
Class [Lcom.google.common.cache.CacheBuilder$NullListener;                            : loaded 2 times (x 65B)
Class org.gradle.internal.classloader.VisitableURLClassLoader$Spec                    : loaded 2 times (x 70B)
Class org.gradle.internal.classpath.DefaultClassPath                                  : loaded 2 times (x 86B)
Class kotlin.io.FileTreeWalk$FileTreeWalkIterator                                     : loaded 2 times (x 79B)
Class org.jetbrains.kotlin.metadata.ProtoBuf$Type$Argument$1                          : loaded 2 times (x 140B)
Class org.jetbrains.kotlin.metadata.deserialization.Flags$EnumLiteFlagField           : loaded 2 times (x 72B)
Class org.jetbrains.kotlin.parsing.SemanticWhitespaceAwarePsiBuilder                  : loaded 2 times (x 66B)
Class androidx.room.compiler.processing.ksp.KspExecutableElement$Companion            : loaded 2 times (x 67B)
Class dagger.internal.codegen.base.RequestKinds$1                                     : loaded 2 times (x 67B)
Class dagger.internal.codegen.base.DaggerSuperficialValidation$1                      : loaded 2 times (x 67B)
Class [Ldagger.internal.codegen.validation.ValidationBindingGraphPlugin;              : loaded 2 times (x 65B)
Class dagger.internal.codegen.binding.ModuleDescriptor$Factory                        : loaded 2 times (x 71B)
Class dagger.internal.codegen.processingstep.BindsInstanceProcessingStep_Factory      : loaded 2 times (x 75B)
Class dagger.internal.codegen.validation.BindingMethodValidator$ExceptionSuperclass$1 : loaded 2 times (x 77B)
Class dagger.internal.codegen.writing.UnwrappedMapKeyGenerator                        : loaded 2 times (x 76B)
Class dagger.spi.internal.shaded.androidx.room.compiler.processing.XExecutableType    : loaded 2 times (x 66B)
Class dagger.internal.codegen.bindinggraphvalidation.SetMultibindingValidator_Factory$InstanceHolder: loaded 2 times (x 67B)
Class dagger.internal.codegen.bindinggraphvalidation.MissingBindingValidator_Factory  : loaded 2 times (x 75B)
Class dagger.internal.codegen.binding.ModuleDescriptor_Factory_Factory                : loaded 2 times (x 75B)
Class dagger.internal.codegen.binding.DelegateDeclaration_Factory_Factory             : loaded 2 times (x 75B)
Class dagger.hilt.processor.internal.root.ComponentTreeDepsMetadata                   : loaded 2 times (x 76B)
Class com.squareup.javapoet.TypeSpec                                                  : loaded 2 times (x 68B)
Class dagger.spi.internal.shaded.androidx.room.compiler.processing.ksp.KspBasicAnnotationProcessor$steps$2: loaded 2 times (x 75B)
Class org.jetbrains.kotlin.parsing.TrailingCommentsBinder                             : loaded 2 times (x 70B)
Class org.jetbrains.plugins.gradle.tooling.util.BooleanBiFunction                     : loaded 2 times (x 66B)
Class org.jetbrains.kotlin.resolve.calls.inference.components.PostponedArgumentInputTypesResolver: loaded 2 times (x 68B)
Class [Lorg.jetbrains.kotlin.resolve.calls.tower.CandidateApplicability;              : loaded 2 times (x 65B)
Class com.intellij.gradle.toolingExtension.impl.model.sourceSetArtifactIndex.GradleSourceSetArtifactIndex: loaded 2 times (x 74B)
Class javaslang.collection.Seq                                                        : loaded 2 times (x 66B)
Class org.jetbrains.kotlin.types.AbstractTypeApproximator$referenceApproximateToSuperType$1: loaded 2 times (x 121B)
Class org.jetbrains.kotlin.resolve.calls.inference.components.VariableFixationFinder$Context: loaded 2 times (x 66B)
Class org.jetbrains.kotlin.load.java.typeEnhancement.NullabilityQualifier             : loaded 2 times (x 75B)
Class org.jetbrains.kotlin.metadata.ProtoBuf$TypeAlias$1                              : loaded 2 times (x 140B)
Class org.jetbrains.org.objectweb.asm.ClassReader                                     : loaded 2 times (x 88B)
Class org.jetbrains.kotlin.metadata.jvm.JvmProtoBuf$StringTableTypesOrBuilder         : loaded 2 times (x 66B)
Class it.unimi.dsi.fastutil.ints.IntArrays                                            : loaded 2 times (x 67B)
Class org.jetbrains.kotlin.parsing.LastBefore                                         : loaded 2 times (x 80B)
Class org.jetbrains.kotlin.lexer._JetLexer$State                                      : loaded 2 times (x 67B)
Class org.jetbrains.kotlin.load.java.structure.ListBasedJavaAnnotationOwner           : loaded 2 times (x 66B)
Class org.jetbrains.kotlin.metadata.ProtoBuf$Annotation$Argument$ValueOrBuilder       : loaded 2 times (x 66B)
Class org.jetbrains.kotlin.cli.jvm.compiler.JvmPackagePartProvider                    : loaded 2 times (x 88B)
Class org.jetbrains.kotlin.tooling.core.Interner                                      : loaded 2 times (x 66B)
Class com.intellij.gradle.toolingExtension.impl.model.dependencyModel.DefaultModuleIdentifier: loaded 2 times (x 74B)
Class jdk.internal.jrtfs.ExplodedImage                                                : loaded 2 times (x 73B)
Class org.jetbrains.kotlin.resolve.calls.checkers.ConstructorHeaderCallChecker        : loaded 2 times (x 70B)
Class org.jetbrains.kotlin.resolve.checkers.EnumEntriesRedeclarationChecker           : loaded 2 times (x 70B)
Class org.jetbrains.kotlin.container.ComponentProvider                                : loaded 2 times (x 66B)
Class org.jetbrains.kotlin.diagnostics.PositioningStrategies$modifierSetPosition$1    : loaded 2 times (x 71B)
Class org.jetbrains.kotlin.psi.KtIsExpression                                         : loaded 2 times (x 508B)
Class org.jetbrains.kotlin.psi.KtDeclaration                                          : loaded 2 times (x 66B)
Class it.unimi.dsi.fastutil.Hash$Strategy                                             : loaded 2 times (x 66B)
Class com.google.devtools.ksp.processing.KspGradleLogger                              : loaded 2 times (x 75B)
Class com.google.common.reflect.Types$ClassOwnership                                  : loaded 2 times (x 76B)
Class com.android.builder.model.v2.ide.BundleInfo                                     : loaded 2 times (x 66B)
Class com.android.builder.model.v2.ide.SourceProvider                                 : loaded 2 times (x 66B)
Class org.objectweb.asm.Symbol                                                        : loaded 2 times (x 69B)
Class com.google.common.base.AbstractIterator                                         : loaded 2 times (x 76B)
Class org.gradle.util.internal.DefaultGradleVersion                                   : loaded 2 times (x 76B)
Class androidx.room.compiler.processing.ksp.KspProcessingEnv$arrayTypeFactory$2       : loaded 2 times (x 75B)
Class com.squareup.javapoet.LineWrapper$RecordingAppendable                           : loaded 2 times (x 73B)
Class androidx.room.compiler.processing.ksp.KspMethodElement$Companion                : loaded 2 times (x 67B)
Class dagger.spi.internal.shaded.androidx.room.compiler.processing.ksp.KSTypeVarianceResolverScope$MethodParameter: loaded 2 times (x 71B)
Class dagger.internal.codegen.validation.BindingMethodValidator$ExceptionSuperclass$2 : loaded 2 times (x 77B)
Class dagger.internal.codegen.base.ContributionType$HasContributionType               : loaded 2 times (x 66B)
Class dagger.internal.codegen.kotlin.KotlinMetadataUtil                               : loaded 2 times (x 68B)
Class dagger.internal.codegen.binding.BindingDeclarationFormatter_Factory             : loaded 2 times (x 75B)
Class com.squareup.javapoet.JavaFile                                                  : loaded 2 times (x 68B)
Class dagger.spi.internal.shaded.androidx.room.compiler.processing.ksp.KspFileMemberContainer$Companion: loaded 2 times (x 67B)
Class dagger.hilt.android.processor.internal.bindvalue.AutoValue_BindValueMetadata    : loaded 2 times (x 70B)
Class dagger.internal.codegen.xprocessing.XAnnotationValues$1                         : loaded 2 times (x 80B)
Class [Ldagger.spi.internal.shaded.androidx.room.compiler.processing.InternalXAnnotationValue$Kind;: loaded 2 times (x 65B)
Class dagger.spi.internal.shaded.androidx.room.compiler.processing.ksp.KspFieldElement$getter$2: loaded 2 times (x 75B)
Class dagger.spi.internal.shaded.androidx.room.compiler.processing.InternalXAnnotated : loaded 2 times (x 66B)
Class dagger.hilt.android.processor.internal.viewmodel.KspViewModelProcessor          : loaded 2 times (x 85B)
Class dagger.spi.internal.shaded.androidx.room.compiler.processing.XBasicAnnotationProcessor: loaded 2 times (x 66B)
Class androidx.room.compiler.processing.XBasicAnnotationProcessor                     : loaded 2 times (x 66B)
Class org.jetbrains.kotlin.idea.gradleTooling.UtilsKt                                 : loaded 2 times (x 67B)
Class org.jetbrains.kotlin.types.AbstractTypeApproximator$referenceApproximateToSubType$1: loaded 2 times (x 121B)
Class androidx.room.compiler.processing.ksp.KspHasModifiers$PropertyField             : loaded 2 times (x 88B)
Class androidx.room.compiler.processing.ksp.KspFieldElement$syntheticAccessors$2      : loaded 2 times (x 75B)
Class org.jetbrains.kotlin.types.model.CapturedTypeMarker                             : loaded 2 times (x 66B)
Class [Lorg.jetbrains.kotlin.name.State;                                              : loaded 2 times (x 65B)
Class org.jetbrains.kotlin.utils.NumbersKt                                            : loaded 2 times (x 67B)
Class org.jetbrains.kotlin.metadata.ProtoBuf$Effect$1                                 : loaded 2 times (x 140B)
Class [Lorg.jetbrains.kotlin.builtins.jvm.JavaToKotlinClassMap$PlatformMutabilityMapping;: loaded 2 times (x 65B)
Class org.jetbrains.kotlin.metadata.ProtoBuf$Visibility                               : loaded 2 times (x 78B)
Class org.jetbrains.kotlin.metadata.jvm.JvmProtoBuf                                   : loaded 2 times (x 67B)
Class org.jetbrains.kotlin.serialization.deserialization.descriptors.DeserializedContainerAbiStability: loaded 2 times (x 75B)
Class org.jetbrains.kotlin.asJava.KotlinAsJavaSupport$Companion                       : loaded 2 times (x 67B)
Class org.jetbrains.kotlin.resolve.jvm.KotlinJavaPsiFacade$KotlinPsiElementFinderWrapperImplDumbAware: loaded 2 times (x 78B)
Class org.jetbrains.kotlin.metadata.ProtoBuf$ConstructorOrBuilder                     : loaded 2 times (x 66B)
Class org.jetbrains.kotlin.utils.addToStdlib.AddToStdlibKt                            : loaded 2 times (x 67B)
Class kotlin.reflect.KType                                                            : loaded 2 times (x 66B)
Class org.jetbrains.kotlin.resolve.checkers.PropertiesWithBackingFieldsInsideValueClass: loaded 2 times (x 70B)
Class org.jetbrains.kotlin.resolve.checkers.SinceKotlinAnnotationValueChecker         : loaded 2 times (x 73B)
Class org.jetbrains.kotlin.resolve.IdentifierChecker                                  : loaded 2 times (x 66B)
Class org.jetbrains.kotlin.diagnostics.PositioningStrategies$PARAMETER_DEFAULT_VALUE$1: loaded 2 times (x 70B)
Class org.jetbrains.kotlin.psi.KtSuperExpression                                      : loaded 2 times (x 441B)
Class [Lorg.jetbrains.kotlin.psi.KtFileAnnotationList;                                : loaded 2 times (x 65B)
Class org.jetbrains.kotlin.psi.KtAnnotation                                           : loaded 2 times (x 445B)
Class org.jetbrains.kotlin.psi.KtAnnotationEntry                                      : loaded 2 times (x 523B)
Class org.jetbrains.kotlin.psi.stubs.KotlinConstructorStub                            : loaded 2 times (x 66B)
Class org.jetbrains.kotlin.psi.KtClassLikeDeclaration                                 : loaded 2 times (x 66B)
Class org.jetbrains.kotlin.psi.stubs.elements.KtBackingFieldElementType               : loaded 2 times (x 93B)
Class org.jetbrains.kotlin.psi.stubs.elements.KtContractEffectElementType             : loaded 2 times (x 90B)
Class org.jetbrains.kotlin.resolve.jvm.checkers.SuperCallWithDefaultArgumentsChecker  : loaded 2 times (x 70B)
Class org.jetbrains.kotlin.idea.KotlinFileType                                        : loaded 2 times (x 92B)
Class androidx.room.compiler.processing.ksp.KspFieldElement$getter$2                  : loaded 2 times (x 75B)
Class dagger.spi.internal.shaded.androidx.room.compiler.processing.ksp.KspFieldElement$setter$2: loaded 2 times (x 75B)
Class com.squareup.kotlinpoet.TypeName                                                : loaded 2 times (x 82B)
Class org.gradle.internal.classloader.ClassLoaderSpec                                 : loaded 2 times (x 67B)
Class dagger.spi.internal.shaded.androidx.room.compiler.processing.ksp.KspMethodElement$Companion: loaded 2 times (x 67B)
Class dagger.internal.codegen.processingstep.AssistedInjectProcessingStep             : loaded 2 times (x 82B)
Class dagger.internal.codegen.binding.BindingDeclarationFormatter                     : loaded 2 times (x 82B)
Class dagger.internal.codegen.binding.$AutoValue_ComponentDescriptor                  : loaded 2 times (x 85B)
Class dagger.internal.codegen.binding.AutoValue_MultibindingDeclaration               : loaded 2 times (x 75B)
Class dagger.internal.codegen.validation.BindingMethodValidator$ExceptionSuperclass$3 : loaded 2 times (x 77B)
Class dagger.spi.internal.shaded.androidx.room.compiler.processing.ksp.KspExecutableElement$enclosingElement$2: loaded 2 times (x 75B)
Class com.squareup.kotlinpoet.TagMap$Companion                                        : loaded 2 times (x 67B)
Class dagger.spi.internal.shaded.androidx.room.compiler.processing.XExecutableElement : loaded 2 times (x 66B)
Class dagger.spi.internal.shaded.androidx.room.compiler.processing.ksp.KspType$typeArguments$2: loaded 2 times (x 75B)
Class dagger.spi.internal.shaded.androidx.room.compiler.processing.XHasModifiers      : loaded 2 times (x 66B)
Class [Landroidx.room.compiler.processing.XAnnotated;                                 : loaded 2 times (x 65B)
Class androidx.room.compiler.processing.ksp.KSDeclarationExtKt                        : loaded 2 times (x 67B)
Class androidx.room.compiler.processing.ksp.KspType$typeArguments$2                   : loaded 2 times (x 75B)
Class dagger.hilt.android.processor.internal.bindvalue.BindValueProcessingStep        : loaded 2 times (x 83B)
Class org.jetbrains.plugins.gradle.model.DefaultExternalProjectDependency             : loaded 2 times (x 116B)
Class org.jetbrains.kotlin.tooling.core.InternerKt                                    : loaded 2 times (x 67B)
Class dagger.internal.codegen.bindinggraphvalidation.IncompatiblyScopedBindingsValidator: loaded 2 times (x 81B)
Class dagger.internal.codegen.bindinggraphvalidation.MissingBindingValidator          : loaded 2 times (x 81B)
Class org.jetbrains.kotlin.load.java.structure.JavaAnnotationArgument                 : loaded 2 times (x 66B)
Class [Lorg.jetbrains.kotlin.resolve.deprecation.DeprecationLevelValue;               : loaded 2 times (x 65B)
Class kotlin.collections.ReversedListReadOnly                                         : loaded 2 times (x 194B)
Class org.jetbrains.kotlin.types.model.TypeParameterMarker                            : loaded 2 times (x 66B)
Class org.jetbrains.kotlin.utils.SmartList$SingletonIterator                          : loaded 2 times (x 78B)
Class org.jetbrains.kotlin.config.JvmAnalysisFlags$strictMetadataVersionSemantics$2   : loaded 2 times (x 123B)
Class it.unimi.dsi.fastutil.ints.IntArrays$ForkJoinQuickSortComp                      : loaded 2 times (x 92B)
Class org.jetbrains.kotlin.codegen.extensions.ExpressionCodegenExtension$Companion    : loaded 2 times (x 68B)
Class org.jetbrains.kotlin.protobuf.SmallSortedMap                                    : loaded 2 times (x 126B)
Class dagger.internal.codegen.validation.ComponentDescriptorValidator                 : loaded 2 times (x 68B)
Class org.jetbrains.kotlin.descriptors.DeclarationDescriptorWithVisibility            : loaded 2 times (x 66B)
Class org.jetbrains.kotlin.resolve.checkers.InnerClassInsideValueClass                : loaded 2 times (x 70B)
Class [Lorg.jetbrains.kotlin.psi.KtDoubleColonExpression;                             : loaded 2 times (x 65B)
Class [Lorg.jetbrains.kotlin.psi.KtElementImplStub;                                   : loaded 2 times (x 65B)
Class org.jetbrains.kotlin.psi.KtClass                                                : loaded 2 times (x 1119B)
Class org.jetbrains.kotlin.psi.KtAnnotated                                            : loaded 2 times (x 66B)
Class org.jetbrains.kotlin.resolve.jvm.checkers.JavaClassOnCompanionChecker           : loaded 2 times (x 70B)
Class [Lorg.jetbrains.kotlin.resolve.checkers.DeclarationChecker;                     : loaded 2 times (x 65B)
Class kotlin.text.DelimitedRangesSequence                                             : loaded 2 times (x 71B)
Class dagger.internal.codegen.base.Util                                               : loaded 2 times (x 67B)
Class org.objectweb.asm.AnnotationWriter                                              : loaded 2 times (x 75B)
Class com.google.common.cache.CacheStats                                              : loaded 2 times (x 67B)
Class dagger.internal.codegen.model.DaggerTypeElement                                 : loaded 2 times (x 70B)
Class androidx.room.compiler.processing.ksp.KspMethodElement$actualEnclosingElement$2 : loaded 2 times (x 75B)
Class dagger.internal.codegen.base.AutoValue_ModuleAnnotation                         : loaded 2 times (x 72B)
Class dagger.MembersInjector                                                          : loaded 2 times (x 66B)
Class dagger.internal.codegen.processingstep.SuperficialValidator_Factory             : loaded 2 times (x 75B)
Class dagger.spi.internal.shaded.androidx.room.compiler.processing.ksp.KspAnnotationValue$value$2: loaded 2 times (x 75B)
Class dagger.spi.internal.shaded.androidx.room.compiler.processing.ksp.KspTypeElement$superClass$2: loaded 2 times (x 75B)
Class dagger.spi.internal.shaded.androidx.room.compiler.processing.XMemberContainer   : loaded 2 times (x 66B)
Class androidx.room.compiler.processing.XMemberContainer                              : loaded 2 times (x 66B)
Class dagger.internal.codegen.base.ContributionType                                   : loaded 2 times (x 75B)
Class com.intellij.gradle.toolingExtension.impl.model.resourceFilterModel.GradleResourceFilterModelBuilder: loaded 2 times (x 67B)
Class dagger.internal.codegen.base.ComponentCreatorAnnotation                         : loaded 2 times (x 75B)
Class androidx.room.log.RLog$Companion$MissingTypeErrorFilter$1                       : loaded 2 times (x 74B)
Class org.gradle.internal.classloader.ClassLoaderVisitor                              : loaded 2 times (x 72B)
Class org.jetbrains.kotlin.load.java.structure.impl.classFiles.PlainJavaAnnotationArgument: loaded 2 times (x 72B)
Class javaslang.collection.Set                                                        : loaded 2 times (x 66B)
Class org.jetbrains.kotlin.load.java.structure.impl.JavaTypeParameterImpl             : loaded 2 times (x 104B)
Class it.unimi.dsi.fastutil.objects.AbstractObject2IntMap                             : loaded 2 times (x 277B)
Class org.jetbrains.kotlin.utils.NumberWithRadix                                      : loaded 2 times (x 68B)
Class org.jetbrains.kotlin.load.kotlin.header.KotlinClassHeader$Kind$Companion        : loaded 2 times (x 67B)
Class org.jetbrains.kotlin.resolve.calls.tower.CandidateApplicability                 : loaded 2 times (x 75B)
Class org.jetbrains.kotlin.resolve.jvm.KotlinJavaPsiFacade$PackageCache               : loaded 2 times (x 69B)
Class [Lorg.jetbrains.kotlin.types.model.SimpleTypeMarker;                            : loaded 2 times (x 65B)
Class [Lorg.jetbrains.kotlin.load.java.AnnotationQualifierApplicabilityType;          : loaded 2 times (x 65B)
Class org.jetbrains.kotlin.serialization.DescriptorSerializerPlugin                   : loaded 2 times (x 66B)
Class org.jetbrains.kotlin.protobuf.SmallSortedMap$EmptySet                           : loaded 2 times (x 67B)
Class org.jetbrains.kotlin.load.kotlin.ModuleMappingUtilKt                            : loaded 2 times (x 67B)
Class org.jetbrains.kotlin.protobuf.MessageLite                                       : loaded 2 times (x 66B)
Class org.jetbrains.kotlin.config.JVMConfigurationKeys                                : loaded 2 times (x 67B)
Class org.jetbrains.kotlin.diagnostics.PositioningStrategies$FindReferencePositioningStrategy: loaded 2 times (x 70B)
Class org.jetbrains.kotlin.psi.KtForExpression                                        : loaded 2 times (x 447B)
Class [Lorg.jetbrains.kotlin.psi.KtSuperTypeCallEntry;                                : loaded 2 times (x 65B)
Class [Lorg.jetbrains.kotlin.psi.KtDotQualifiedExpression;                            : loaded 2 times (x 65B)
Class org.jetbrains.kotlin.psi.KtAnnotationsContainer                                 : loaded 2 times (x 66B)
Class org.jetbrains.kotlin.cli.jvm.compiler.KotlinCoreEnvironment$Companion           : loaded 2 times (x 67B)
Class org.jetbrains.kotlin.resolve.jvm.KotlinCliJavaFileManager                       : loaded 2 times (x 66B)
Class org.jetbrains.kotlin.resolve.calls.checkers.AssignmentChecker                   : loaded 2 times (x 66B)
Class org.jetbrains.kotlin.diagnostics.DiagnosticFactoryWithPsiElement                : loaded 2 times (x 76B)
Class org.objectweb.asm.RecordComponentWriter                                         : loaded 2 times (x 74B)
Class [Lcom.android.builder.model.v2.ide.ProjectType;                                 : loaded 2 times (x 65B)
Class com.google.common.util.concurrent.AbstractFuture$Listener                       : loaded 2 times (x 68B)
Class Settings_gradle$1$1                                                             : loaded 2 times (x 70B)
Class org.gradle.tooling.internal.adapter.ProtocolToModelAdapter$DefaultViewBuilder   : loaded 2 times (x 76B)
Class org.jetbrains.kotlin.diagnostics.PositioningStrategies$WHEN_CONDITION_IN_RANGE$1: loaded 2 times (x 70B)
Class org.jetbrains.kotlin.diagnostics.PositioningStrategies$SELECTOR_BY_QUALIFIED$1  : loaded 2 times (x 70B)
Class org.jetbrains.kotlin.diagnostics.PositioningStrategies$IMPORT_LAST_NAME$1       : loaded 2 times (x 70B)
Class androidx.room.compiler.processing.ksp.KspConstructorElement                     : loaded 2 times (x 244B)
Class dagger.internal.codegen.binding.AutoValue_ProvisionBinding                      : loaded 2 times (x 92B)
Class dagger.spi.internal.shaded.androidx.room.compiler.processing.ksp.KspConstructorElement: loaded 2 times (x 244B)
Class dagger.internal.codegen.validation.ComponentValidator                           : loaded 2 times (x 71B)
Class dagger.internal.codegen.writing.ProducerFactoryGenerator$FutureTransform        : loaded 2 times (x 74B)
Class dagger.internal.codegen.validation.BindsInstanceMethodValidator_Factory         : loaded 2 times (x 75B)
Class dagger.internal.codegen.validation.DiagnosticMessageGenerator_Factory_Factory   : loaded 2 times (x 75B)
Class dagger.spi.internal.shaded.androidx.room.compiler.processing.XMethodElementKt   : loaded 2 times (x 67B)
Class dagger.spi.internal.shaded.androidx.room.compiler.processing.ksp.KspType$rawType$2: loaded 2 times (x 75B)
Class dagger.spi.internal.shaded.androidx.room.compiler.processing.ksp.KspAnnotation$declaredAnnotationValues$2: loaded 2 times (x 75B)
Class dagger.spi.internal.shaded.androidx.room.compiler.processing.ksp.KspTypeElement : loaded 2 times (x 300B)
Class dagger.spi.internal.shaded.androidx.room.compiler.processing.XElement           : loaded 2 times (x 66B)
Class androidx.room.compiler.processing.XMethodElementKt                              : loaded 2 times (x 67B)
Class org.jetbrains.kotlin.idea.gradleTooling.reflect.KotlinSourceSetReflectionKt     : loaded 2 times (x 67B)
Class com.google.common.collect.MultimapBuilder$SortedSetMultimapBuilder              : loaded 2 times (x 73B)
Class org.jetbrains.kotlin.diagnostics.Errors$Initializer                             : loaded 2 times (x 67B)
Class javaslang.Value                                                                 : loaded 2 times (x 66B)
Class kotlin.collections.AbstractSet$Companion                                        : loaded 2 times (x 67B)
Class kotlin.collections.ArraysKt___ArraysKt$withIndex$1                              : loaded 2 times (x 75B)
Class org.jetbrains.kotlin.load.java.JavaDefaultQualifiersKt                          : loaded 2 times (x 67B)
Class org.jetbrains.kotlin.cli.jvm.compiler.CliVirtualFileFinder                      : loaded 2 times (x 86B)
Class org.jetbrains.kotlin.load.java.AbstractAnnotationTypeQualifierResolver          : loaded 2 times (x 73B)
Class kotlin.io.FileTreeWalk$DirectoryState                                           : loaded 2 times (x 69B)
Class org.jetbrains.kotlin.extensions.AnnotationBasedExtension                        : loaded 2 times (x 66B)
Class org.jetbrains.kotlin.metadata.jvm.deserialization.ModuleMapping$Companion       : loaded 2 times (x 67B)
Class com.intellij.openapi.util.io.FileUtil                                           : loaded 2 times (x 67B)
Class org.jetbrains.kotlin.lexer.KotlinLexer                                          : loaded 2 times (x 82B)
Class org.jetbrains.kotlin.psi.ValueArgumentName                                      : loaded 2 times (x 66B)
Class [Lorg.jetbrains.kotlin.psi.KtExpressionImplStub;                                : loaded 2 times (x 65B)
Class org.jetbrains.kotlin.psi.KtPureClassOrObject                                    : loaded 2 times (x 66B)
Class it.unimi.dsi.fastutil.objects.AbstractReferenceCollection                       : loaded 2 times (x 139B)
Class org.jetbrains.kotlin.resolve.DeclarationReturnTypeSanitizer                     : loaded 2 times (x 66B)
Class org.jetbrains.kotlin.container.ComponentStorage                                 : loaded 2 times (x 71B)
Class [Lcom.android.builder.model.v2.ide.AaptOptions$Namespacing;                     : loaded 2 times (x 65B)
Class org.objectweb.asm.Attribute                                                     : loaded 2 times (x 73B)
Class org.gradle.tooling.internal.adapter.ProtocolToModelAdapter$ViewGraphDetails$1   : loaded 2 times (x 73B)
Class org.gradle.internal.classloader.VisitableURLClassLoader                         : loaded 2 times (x 113B)
Class org.jetbrains.kotlin.util.OperatorNameConventions                               : loaded 2 times (x 67B)
Class org.sqlite.Function$Aggregate                                                   : loaded 2 times (x 71B)
Class dagger.internal.codegen.model.AutoValue_DaggerAnnotation                        : loaded 2 times (x 73B)
Class dagger.internal.codegen.bindinggraphvalidation.DependencyCycleValidator         : loaded 2 times (x 81B)
Class dagger.internal.codegen.bindinggraphvalidation.SubcomponentFactoryMethodValidator_Factory: loaded 2 times (x 74B)
Class androidx.room.compiler.processing.ksp.KSTypeVarianceResolverScope               : loaded 2 times (x 70B)
Class com.android.ide.gradle.model.dependencies.DeclaredDependenciesModelBuilderKt    : loaded 2 times (x 67B)
Class org.jetbrains.kotlin.resolve.checkers.MissingDependencySupertypeChecker$ForCalls: loaded 2 times (x 70B)
Class org.jetbrains.kotlin.mpp.CallableSymbolMarker                                   : loaded 2 times (x 66B)
Class org.jetbrains.kotlin.types.UnwrappedType                                        : loaded 2 times (x 82B)
Class org.jetbrains.kotlin.protobuf.LazyStringArrayList                               : loaded 2 times (x 276B)
Class org.jetbrains.kotlin.psi.KtVisitorVoid                                          : loaded 2 times (x 299B)
Class [Lkotlin.DeprecationLevel;                                                      : loaded 2 times (x 65B)
Class org.jetbrains.kotlin.types.TypeApproximatorConfiguration$AllFlexibleSameValue   : loaded 2 times (x 83B)
Class org.jetbrains.kotlin.load.java.typeEnhancement.TypeEnhancementUtilsKt           : loaded 2 times (x 67B)
Class org.jetbrains.kotlin.load.java.structure.impl.VirtualFileBoundJavaClass         : loaded 2 times (x 66B)
Class it.unimi.dsi.fastutil.objects.Object2IntMap                                     : loaded 2 times (x 66B)
Class org.jetbrains.kotlin.parsing.KotlinParsing$ModifierDetector                     : loaded 2 times (x 74B)
Class it.unimi.dsi.fastutil.objects.ObjectArrays$ForkJoinQuickSortIndirect            : loaded 2 times (x 92B)
Class org.jetbrains.kotlin.types.DefaultTypeAttributeTranslator                       : loaded 2 times (x 71B)
Class org.jetbrains.kotlin.utils.SmartList                                            : loaded 2 times (x 197B)
Class org.jetbrains.kotlin.config.AnalysisFlags$eagerResolveOfLightClasses$2          : loaded 2 times (x 123B)
Class org.jetbrains.kotlin.name.NameUtils                                             : loaded 2 times (x 67B)
Class com.intellij.openapi.util.io.FileUtil$1                                         : loaded 2 times (x 78B)
Class kotlin.sequences.GeneratorSequence                                              : loaded 2 times (x 71B)
Class org.jetbrains.kotlin.resolve.checkers.ContextualDeclarationChecker              : loaded 2 times (x 70B)
Class org.jetbrains.kotlin.container.ValueResolver                                    : loaded 2 times (x 66B)
Class org.jetbrains.kotlin.builtins.PlatformToKotlinClassMapper                       : loaded 2 times (x 66B)
Class org.jetbrains.kotlin.diagnostics.PositioningStrategies$DELEGATED_SUPERTYPE_BY_KEYWORD$1: loaded 2 times (x 70B)
Class org.jetbrains.kotlin.diagnostics.PositioningStrategies$FOR_REDECLARATION$1      : loaded 2 times (x 70B)
Class org.jetbrains.kotlin.psi.stubs.KotlinContextReceiverStub                        : loaded 2 times (x 66B)
Class org.jetbrains.kotlin.psi.stubs.elements.KtStringTemplateExpressionElementType   : loaded 2 times (x 93B)
Class org.jetbrains.kotlin.diagnostics.PositioningStrategy                            : loaded 2 times (x 70B)
Class org.jetbrains.kotlin.storage.LockBasedStorageManager$ExceptionHandlingStrategy  : loaded 2 times (x 66B)
Class org.jetbrains.kotlin.resolve.jvm.platform.JvmPlatformAnalyzerServices           : loaded 2 times (x 73B)
Class org.jetbrains.kotlin.resolve.jvm.modules.JavaModuleResolver$SERVICE             : loaded 2 times (x 67B)
Class org.jetbrains.kotlin.config.JvmAnalysisFlags$suppressMissingBuiltinsError$2     : loaded 2 times (x 123B)
Class com.google.common.util.concurrent.AbstractFuture$Waiter                         : loaded 2 times (x 68B)
Class Settings_gradle                                                                 : loaded 2 times (x 124B)
Class com.google.common.collect.ImmutableList$SerializedForm                          : loaded 2 times (x 69B)
Class kotlin.KotlinVersion$Companion                                                  : loaded 2 times (x 67B)
Class kotlin.sequences.SequencesKt___SequencesKt$flatMap$1                            : loaded 2 times (x 121B)
Class org.gradle.tooling.model.idea.IdeaDependency                                    : loaded 2 times (x 66B)
Class org.jetbrains.org.objectweb.asm.ClassVisitor                                    : loaded 2 times (x 83B)
Class org.jetbrains.kotlin.metadata.jvm.deserialization.JvmNameResolver               : loaded 2 times (x 76B)
Class com.squareup.javapoet.LineWrapper$FlushType                                     : loaded 2 times (x 75B)
Class com.squareup.javapoet.FieldSpec                                                 : loaded 2 times (x 68B)
Class dagger.internal.codegen.base.FrameworkTypes                                     : loaded 2 times (x 67B)
Class dagger.spi.internal.shaded.androidx.room.compiler.processing.ksp.KspConstructorElement$executableType$2: loaded 2 times (x 75B)
Class dagger.internal.codegen.validation.BindingElementValidator$ElementValidator     : loaded 2 times (x 73B)
Class dagger.spi.internal.shaded.androidx.room.compiler.processing.ksp.OriginatingElementWrapper: loaded 2 times (x 97B)
Class dagger.hilt.processor.internal.root.RootType                                    : loaded 2 times (x 75B)
Class dagger.spi.internal.shaded.androidx.room.compiler.processing.javac.kotlin.JvmDescriptorUtilsKt: loaded 2 times (x 67B)
Class dagger.spi.internal.shaded.androidx.room.compiler.processing.XEquality          : loaded 2 times (x 66B)
Class androidx.room.compiler.processing.ksp.synthetic.KspSyntheticPropertyMethodElement: loaded 2 times (x 255B)
Class androidx.room.compiler.processing.util.MemoizedSequence$delegateIterator$2      : loaded 2 times (x 75B)
Class androidx.hilt.AndroidXHiltKspProcessor                                          : loaded 2 times (x 84B)
Class org.jetbrains.kotlin.load.kotlin.FileBasedKotlinClass$4$2                       : loaded 2 times (x 101B)
Class com.intellij.gradle.toolingExtension.impl.model.dependencyModel.GradleDependencyResolver$1: loaded 2 times (x 73B)
Class [Lorg.jetbrains.kotlin.resolve.jvm.JvmPrimitiveType;                            : loaded 2 times (x 65B)
Class org.jetbrains.kotlin.builtins.CompanionObjectMapping                            : loaded 2 times (x 67B)
Class org.jetbrains.kotlin.load.java.structure.impl.JavaClassImpl                     : loaded 2 times (x 135B)
Class org.jetbrains.kotlin.load.java.BuiltinSpecialProperties                         : loaded 2 times (x 67B)
Class org.jetbrains.kotlin.load.java.typeEnhancement.JavaTypeQualifiers$Companion     : loaded 2 times (x 67B)
Class org.jetbrains.kotlin.parsing.ParseUtilsKt                                       : loaded 2 times (x 67B)
Class [Lorg.jetbrains.kotlin.metadata.ProtoBuf$VersionRequirement$VersionKind;        : loaded 2 times (x 65B)
Class org.jetbrains.kotlin.mpp.ConstructorSymbolMarker                                : loaded 2 times (x 66B)
Class kotlin.properties.ReadWriteProperty                                             : loaded 2 times (x 66B)
Class com.google.common.collect.MapMakerInternalMap                                   : loaded 2 times (x 157B)
Class org.jetbrains.kotlin.mpp.SimpleFunctionSymbolMarker                             : loaded 2 times (x 66B)
Class it.unimi.dsi.fastutil.ints.IntArrays$ArrayHashStrategy                          : loaded 2 times (x 71B)
Class org.jetbrains.kotlin.psi.KtNameReferenceExpression$Companion                    : loaded 2 times (x 67B)
Class org.jetbrains.kotlin.codegen.extensions.ExpressionCodegenExtension              : loaded 2 times (x 66B)
Class org.jetbrains.kotlin.metadata.jvm.JvmModuleProtoBuf$PackageParts$1              : loaded 2 times (x 140B)
Class org.jetbrains.kotlin.protobuf.CodedOutputStream                                 : loaded 2 times (x 68B)
Class org.jetbrains.kotlin.metadata.ProtoBuf$Annotation                               : loaded 2 times (x 105B)
Class org.jetbrains.kotlin.load.java.structure.MutableJavaAnnotationOwner             : loaded 2 times (x 66B)
Class com.intellij.openapi.util.io.FileUtil$2                                         : loaded 2 times (x 73B)
Class org.jetbrains.kotlin.descriptors.ReceiverParameterDescriptor                    : loaded 2 times (x 66B)
Class org.jetbrains.kotlin.resolve.calls.checkers.NullableVarargArgumentCallChecker   : loaded 2 times (x 70B)
Class org.jetbrains.kotlin.resolve.calls.checkers.ImplicitNothingAsTypeParameterCallChecker: loaded 2 times (x 70B)
Class org.jetbrains.kotlin.resolve.checkers.ReifiedTypeParameterAnnotationChecker     : loaded 2 times (x 70B)
Class org.jetbrains.kotlin.container.ContainerConsistencyException                    : loaded 2 times (x 78B)
Class org.jetbrains.kotlin.container.ValueResolveContext                              : loaded 2 times (x 66B)
Class org.jetbrains.kotlin.resolve.checkers.ClassifierUsageChecker                    : loaded 2 times (x 66B)
Class org.jetbrains.kotlin.diagnostics.PositioningStrategies$IF_EXPRESSION$1          : loaded 2 times (x 70B)
Class org.jetbrains.kotlin.psi.KtOperationReferenceExpression                         : loaded 2 times (x 577B)
Class org.jetbrains.kotlin.psi.KtConstantExpression                                   : loaded 2 times (x 506B)
Class org.jetbrains.kotlin.psi.KtValueArgumentList                                    : loaded 2 times (x 451B)
Class org.jetbrains.kotlin.psi.stubs.KotlinAnnotationEntryStub                        : loaded 2 times (x 66B)
Class org.jetbrains.kotlin.storage.DefaultSimpleLock                                  : loaded 2 times (x 74B)
Class org.jetbrains.kotlin.types.AbstractTypeRefiner$Default                          : loaded 2 times (x 68B)
Class com.android.builder.model.v2.ide.AaptOptions                                    : loaded 2 times (x 66B)
Class [Lcom.android.builder.model.v2.ide.BytecodeTransformation;                      : loaded 2 times (x 65B)
Class org.objectweb.asm.Handler                                                       : loaded 2 times (x 68B)
Class com.google.common.base.Ticker                                                   : loaded 2 times (x 68B)
Class com.google.common.base.Strings                                                  : loaded 2 times (x 67B)
Class kotlin.text.MatcherMatchResult$groupValues$1                                    : loaded 2 times (x 194B)
Class javaslang.collection.HashArrayMappedTrieModule$EmptyNode                        : loaded 2 times (x 97B)
Class dagger.internal.codegen.extension.DaggerCollectors$ToOptionalState              : loaded 2 times (x 68B)
Class dagger.internal.codegen.validation.DependencyRequestValidator$Validator         : loaded 2 times (x 68B)
Class dagger.internal.codegen.processingstep.MapKeyProcessingStep                     : loaded 2 times (x 82B)
Class dagger.spi.internal.shaded.androidx.room.compiler.processing.ksp.KSTypeReferenceExtKt: loaded 2 times (x 67B)
Class dagger.spi.internal.shaded.androidx.room.compiler.processing.XMethodElement     : loaded 2 times (x 66B)
Class dagger.spi.internal.shaded.androidx.room.compiler.processing.ksp.DefaultKspType : loaded 2 times (x 184B)
Class dagger.spi.internal.shaded.androidx.room.compiler.processing.ksp.KspPrimitiveType: loaded 2 times (x 184B)
Class dagger.spi.internal.shaded.androidx.room.compiler.processing.util.MemoizedSequence: loaded 2 times (x 71B)
Class androidx.room.Database                                                          : loaded 2 times (x 66B)
Class androidx.room.compiler.processing.XRoundEnv                                     : loaded 2 times (x 66B)
Class androidx.room.compiler.processing.ksp.KspProcessingEnv$ksTypeVarianceResolver$2 : loaded 2 times (x 75B)
Class org.jetbrains.plugins.gradle.model.DefaultExternalTask                          : loaded 2 times (x 79B)
Class androidx.room.compiler.processing.ksp.KspAnnotated$UseSiteFilter$Companion      : loaded 2 times (x 67B)
Class androidx.room.compiler.processing.ksp.synthetic.KspSyntheticPropertyMethodElement$executableType$2: loaded 2 times (x 75B)
Class [Ldagger.spi.internal.shaded.androidx.room.compiler.processing.XEquality;       : loaded 2 times (x 65B)
Class com.google.common.collect.MultimapBuilder$SetMultimapBuilder                    : loaded 2 times (x 71B)
Class com.google.common.collect.ImmutableSortedSet$Builder                            : loaded 2 times (x 82B)
Class org.jetbrains.kotlin.utils.DFS                                                  : loaded 2 times (x 67B)
Class [Lorg.jetbrains.kotlin.metadata.jvm.JvmProtoBuf$StringTableTypes$Record$Operation;: loaded 2 times (x 65B)
Class [Lorg.jetbrains.kotlin.load.kotlin.header.KotlinClassHeader$Kind;               : loaded 2 times (x 65B)
Class org.jetbrains.kotlin.serialization.deserialization.builtins.BuiltInsLoaderImpl  : loaded 2 times (x 71B)
Class org.jetbrains.kotlin.load.java.ErasedOverridabilityCondition                    : loaded 2 times (x 71B)
Class org.jetbrains.kotlin.incremental.IncrementalCompilationFeatures                 : loaded 2 times (x 67B)
Class dagger.spi.model.BindingGraph$Node                                              : loaded 2 times (x 66B)
Class org.jetbrains.kotlin.types.model.TypeSystemTypeFactoryContext                   : loaded 2 times (x 66B)
Class org.jetbrains.kotlin.util.AbstractArrayMapOwner                                 : loaded 2 times (x 77B)
Class org.jetbrains.kotlin.metadata.builtins.BuiltInsBinaryVersion$Companion          : loaded 2 times (x 67B)
Class org.jetbrains.kotlin.js.translate.extensions.JsSyntheticTranslateExtension$Companion: loaded 2 times (x 68B)
Class kotlin.jvm.internal.markers.KMutableIterator                                    : loaded 2 times (x 66B)
Class dagger.internal.codegen.model.AutoValue_DaggerType                              : loaded 2 times (x 71B)
Class org.jetbrains.kotlin.diagnostics.rendering.DefaultErrorMessages$Extension       : loaded 2 times (x 66B)
Class org.jetbrains.kotlin.psi.KtArrayAccessExpression                                : loaded 2 times (x 510B)
Class org.jetbrains.kotlin.psi.KtFunctionTypeReceiver                                 : loaded 2 times (x 443B)
Class [Lorg.jetbrains.kotlin.psi.KtNullableType;                                      : loaded 2 times (x 65B)
Class org.jetbrains.kotlin.resolve.calls.checkers.CallChecker                         : loaded 2 times (x 66B)
Class org.jetbrains.kotlin.config.JvmTarget                                           : loaded 2 times (x 79B)
Class dagger.internal.codegen.binding.$AutoValue_MembersInjectionBinding_InjectionSite: loaded 2 times (x 73B)
Class androidx.room.processor.Context$schemaInFolderPath$2                            : loaded 2 times (x 75B)
Class com.google.devtools.ksp.processing.KSPConfig                                    : loaded 2 times (x 68B)
Class com.android.builder.model.v2.models.ndk.NativeModelBuilderParameter             : loaded 2 times (x 66B)
Class [Lcom.google.common.cache.LocalCache$Segment;                                   : loaded 2 times (x 65B)
Class [Lcom.google.common.cache.LocalCache$Strength;                                  : loaded 2 times (x 65B)
Class com.google.common.cache.CacheBuilder$1                                          : loaded 2 times (x 81B)
Class org.gradle.internal.classpath.DefaultClassPath$ImmutableUniqueList$Builder      : loaded 2 times (x 71B)
Class org.sqlite.SQLiteJDBCLoader$VersionHolder                                       : loaded 2 times (x 67B)
Class androidx.room.log.RLog$Companion                                                : loaded 2 times (x 67B)
Class dagger.internal.codegen.model.BindingGraph                                      : loaded 2 times (x 89B)
Class dagger.internal.codegen.binding.MembersInjectionBinding                         : loaded 2 times (x 81B)
Class dagger.spi.internal.shaded.androidx.room.compiler.processing.ksp.KspAnnotated$UseSiteFilter$Companion: loaded 2 times (x 67B)
Class androidx.room.compiler.processing.ksp.KspAnnotated$UseSiteFilter                : loaded 2 times (x 66B)
Class dagger.internal.codegen.DelegateComponentProcessor                              : loaded 2 times (x 68B)
Class dagger.hilt.processor.internal.root.ComponentTreeDepsProcessingStep             : loaded 2 times (x 83B)
Class dagger.hilt.processor.internal.uninstallmodules.KspUninstallModulesProcessor    : loaded 2 times (x 85B)
Class androidx.room.compiler.processing.ksp.KspFiler                                  : loaded 2 times (x 74B)
Class org.gradle.internal.classloader.DefaultClassLoaderFactory                       : loaded 2 times (x 78B)
Class org.jetbrains.plugins.gradle.tooling.internal.ClasspathEntryModelImpl           : loaded 2 times (x 76B)
Class com.google.common.base.Platform$JdkPatternCompiler                              : loaded 2 times (x 71B)
Class [Lcom.google.common.cache.CacheBuilder$OneWeigher;                              : loaded 2 times (x 65B)
Class org.objectweb.asm.MethodTooLargeException                                       : loaded 2 times (x 79B)
Class org.jetbrains.kotlin.load.java.structure.JavaTypesKt                            : loaded 2 times (x 67B)
Class org.jetbrains.kotlin.config.JvmTarget$Companion                                 : loaded 2 times (x 67B)
Class org.jetbrains.kotlin.resolve.jvm.JvmPrimitiveType                               : loaded 2 times (x 75B)
Class org.jetbrains.kotlin.serialization.deserialization.ProtoEnumFlags               : loaded 2 times (x 67B)
Class com.google.common.collect.MapMakerInternalMap$WeakValueReference                : loaded 2 times (x 66B)
Class org.jetbrains.kotlin.parsing.KotlinParsing                                      : loaded 2 times (x 120B)
Class kotlin.io.FileTreeWalk$WalkState                                                : loaded 2 times (x 69B)
Class org.jetbrains.kotlin.extensions.internal.TypeResolutionInterceptorExtension     : loaded 2 times (x 66B)
Class org.jetbrains.kotlin.metadata.ProtoBuf$QualifiedNameTable$QualifiedName$Kind$1  : loaded 2 times (x 70B)
Class org.jetbrains.kotlin.protobuf.Internal$EnumLite                                 : loaded 2 times (x 66B)
Class org.jetbrains.kotlin.config.AnalysisFlags$explicitApiVersion$2                  : loaded 2 times (x 123B)
Class org.jetbrains.kotlin.utils.exceptions.KotlinExceptionWithAttachments            : loaded 2 times (x 66B)
Class kotlin.jvm.functions.Function3                                                  : loaded 2 times (x 66B)
Class org.jetbrains.kotlin.psi.KtTypeParameterListOwnerNotStubbed                     : loaded 2 times (x 943B)
Class org.jetbrains.kotlin.psi.KtTypeElement                                          : loaded 2 times (x 66B)
Class org.jetbrains.kotlin.psi.KtCallableDeclaration                                  : loaded 2 times (x 66B)
Class org.jetbrains.kotlin.psi.KtDeclarationWithBody                                  : loaded 2 times (x 66B)
Class [Lorg.jetbrains.kotlin.lexer.KtSingleValueToken;                                : loaded 2 times (x 65B)
Class org.jetbrains.kotlin.name.FqNameUnsafe$1                                        : loaded 2 times (x 70B)
Class org.jetbrains.kotlin.psi.stubs.elements.KtPropertyElementType                   : loaded 2 times (x 94B)
Class com.google.common.cache.LocalCache                                              : loaded 2 times (x 183B)
Class com.google.common.cache.CacheBuilder$2                                          : loaded 2 times (x 68B)
Class org.gradle.tooling.internal.adapter.WeakIdentityHashMap$AbsentValueProvider     : loaded 2 times (x 66B)
Class [Lorg.jetbrains.kotlin.psi.KtBackingField;                                      : loaded 2 times (x 65B)
Class androidx.room.verifier.DatabaseVerifier$Companion                               : loaded 2 times (x 67B)
Class dagger.spi.internal.shaded.androidx.room.compiler.processing.ksp.KspTypeElement$getEnclosedTypeElements$1: loaded 2 times (x 74B)
Class dagger.spi.internal.shaded.androidx.room.compiler.processing.ksp.KspExecutableParameterElement$type$2: loaded 2 times (x 75B)
Class dagger.internal.codegen.binding.ComponentDescriptor                             : loaded 2 times (x 83B)
Class dagger.internal.codegen.processingstep.MultibindingAnnotationsProcessingStep_Factory: loaded 2 times (x 75B)
Class dagger.internal.codegen.writing.AnnotationCreatorGenerator_Factory              : loaded 2 times (x 75B)
Class [Ldagger.internal.codegen.compileroption.ValidationType;                        : loaded 2 times (x 65B)
Class dagger.internal.codegen.base.ElementFormatter_Factory$InstanceHolder            : loaded 2 times (x 67B)
Class [Landroidx.room.processor.Context$BooleanProcessorOptions;                      : loaded 2 times (x 65B)
Class com.intellij.gradle.toolingExtension.impl.model.buildScriptClasspathModel.GradleBuildScriptClasspathCache: loaded 2 times (x 71B)
Class com.intellij.openapi.externalSystem.model.project.dependencies.ProjectDependenciesImpl: loaded 2 times (x 73B)
Class [Lorg.jetbrains.kotlin.psi.KtScript;                                            : loaded 2 times (x 65B)
Class org.jetbrains.kotlin.resolve.checkers.InfixModifierChecker                      : loaded 2 times (x 70B)
Class org.jetbrains.kotlin.resolve.calls.model.PostponedAtomWithRevisableExpectedType : loaded 2 times (x 66B)
Class [Lkotlin.reflect.KClass;                                                        : loaded 2 times (x 65B)
Class org.jetbrains.kotlin.resolve.calls.model.ResolvedCall                           : loaded 2 times (x 66B)
Class org.jetbrains.kotlin.load.kotlin.TypeMappingMode$Companion                      : loaded 2 times (x 67B)
Class javaslang.collection.Map                                                        : loaded 2 times (x 66B)
Class org.jetbrains.kotlin.types.expressions.OperatorConventions                      : loaded 2 times (x 67B)
Class org.jetbrains.kotlin.resolve.calls.inference.model.ArgumentConstraintPosition   : loaded 2 times (x 68B)
Class org.jetbrains.kotlin.load.java.structure.JavaAnnotation                         : loaded 2 times (x 66B)
Class it.unimi.dsi.fastutil.objects.AbstractObject2IntFunction                        : loaded 2 times (x 160B)
Class org.jetbrains.kotlin.builtins.jvm.JavaToKotlinClassMap$PlatformMutabilityMapping: loaded 2 times (x 68B)
Class org.jetbrains.kotlin.metadata.jvm.deserialization.JvmNameResolverBase           : loaded 2 times (x 76B)
Class org.jetbrains.kotlin.resolve.calls.inference.components.VariableFixationFinder  : loaded 2 times (x 68B)
Class org.jetbrains.kotlin.parsing.KotlinParsing$PropertyComponentKind$Collector      : loaded 2 times (x 70B)
Class org.jetbrains.kotlin.load.kotlin.VirtualFileFinderFactory                       : loaded 2 times (x 66B)
Class org.jetbrains.kotlin.parsing.KotlinParser                                       : loaded 2 times (x 71B)
Class org.jetbrains.kotlin.protobuf.RopeByteString                                    : loaded 2 times (x 106B)
Class org.jetbrains.kotlin.diagnostics.DiagnosticSink                                 : loaded 2 times (x 66B)
Class org.jetbrains.kotlin.types.model.TypeConstructorMarker                          : loaded 2 times (x 66B)
Class com.google.common.collect.MapMakerInternalMap$Strength                          : loaded 2 times (x 76B)
Class org.jetbrains.kotlin.resolve.calls.checkers.DslScopeViolationCallChecker        : loaded 2 times (x 70B)
Class org.jetbrains.kotlin.resolve.checkers.KClassWithIncorrectTypeArgumentChecker    : loaded 2 times (x 70B)
Class org.jetbrains.kotlin.resolve.OverloadFilter                                     : loaded 2 times (x 66B)
Class org.jetbrains.kotlin.diagnostics.PositioningStrategies$RECEIVER$1               : loaded 2 times (x 71B)
Class org.jetbrains.kotlin.psi.KtLabeledExpression                                    : loaded 2 times (x 556B)
Class org.jetbrains.kotlin.psi.KtImportInfo                                           : loaded 2 times (x 66B)
Class [Lorg.jetbrains.kotlin.psi.KtObjectDeclaration;                                 : loaded 2 times (x 65B)
Class org.jetbrains.kotlin.cli.jvm.compiler.MockExternalAnnotationsManager            : loaded 2 times (x 83B)
Class org.jetbrains.kotlin.load.kotlin.FileBasedKotlinClass$4$1                       : loaded 2 times (x 72B)
Class org.jetbrains.kotlin.metadata.ProtoBuf$Effect$EffectType                        : loaded 2 times (x 78B)
Class org.jetbrains.kotlin.load.java.structure.JavaPrimitiveType                      : loaded 2 times (x 66B)
Class org.jetbrains.kotlin.cli.common.arguments.K2JVMCompilerArguments                : loaded 2 times (x 77B)
Class com.google.common.base.AbstractIterator$1                                       : loaded 2 times (x 67B)
Class org.jetbrains.kotlin.load.java.typeEnhancement.AbstractSignatureParts           : loaded 2 times (x 86B)
Class org.gradle.internal.exceptions.NonGradleCauseExceptionsHolder                   : loaded 2 times (x 66B)
Class org.gradle.tooling.model.idea.IdeaModuleDependency                              : loaded 2 times (x 66B)
Class org.gradle.tooling.internal.adapter.ViewBuilder                                 : loaded 2 times (x 66B)
Class org.jetbrains.kotlin.load.java.typeEnhancement.TypeComponentPosition            : loaded 2 times (x 75B)
Class dagger.spi.internal.shaded.androidx.room.compiler.processing.ksp.KspTypeElement$getEnclosedTypeElements$2: loaded 2 times (x 75B)
Class dagger.internal.codegen.binding.Binding                                         : loaded 2 times (x 79B)
Class dagger.internal.codegen.binding.OptionalBindingDeclaration_Factory_Factory      : loaded 2 times (x 75B)
Class dagger.spi.internal.shaded.androidx.room.compiler.processing.ksp.KspHasModifiers$Declaration: loaded 2 times (x 88B)
Class org.jetbrains.kotlin.load.java.BuiltinSpecialPropertiesKt                       : loaded 2 times (x 67B)
Class dagger.spi.internal.shaded.androidx.room.compiler.processing.ksp.KSTypeArgumentWrapper$type$2: loaded 2 times (x 75B)
Class dagger.spi.internal.shaded.androidx.room.compiler.processing.ksp.KSTypeVarianceResolverScope$PropertyGetterMethodReturnType: loaded 2 times (x 70B)
Class androidx.room.compiler.processing.ksp.KspAnnotation$typesByName$2               : loaded 2 times (x 75B)
Class androidx.room.compiler.processing.CommonProcessorDelegate$processRound$currentElementsDeferredByStep$1$previousRoundDeferredElementsByAnnotation$1: loaded 2 times (x 74B)
Class dagger.hilt.processor.internal.root.KspRootProcessor                            : loaded 2 times (x 85B)
Class [Lcom.intellij.openapi.externalSystem.model.project.ExternalSystemSourceType;   : loaded 2 times (x 65B)
Class org.jetbrains.plugins.gradle.tooling.util.BiFunction                            : loaded 2 times (x 66B)
Class org.jetbrains.plugins.gradle.model.AbstractExternalDependency                   : loaded 2 times (x 102B)
Class org.jetbrains.kotlin.idea.gradleTooling.model.kapt.KaptGradleModelImpl          : loaded 2 times (x 73B)
Class androidx.hilt.AndroidXHiltKspProcessor$Provider                                 : loaded 2 times (x 70B)
Class org.jetbrains.kotlin.idea.gradleTooling.PrepareKotlinIdeaImportTaskModelBuilder$Messages: loaded 2 times (x 67B)
Class dagger.hilt.processor.internal.earlyentrypoint.KspEarlyEntryPointProcessor$Provider: loaded 2 times (x 70B)
Class androidx.room.compiler.processing.XAnnotation                                   : loaded 2 times (x 66B)
Class androidx.room.compiler.processing.InternalXAnnotationValue                      : loaded 2 times (x 151B)
Class org.jetbrains.kotlin.load.java.typeEnhancement.JavaTypeQualifiers               : loaded 2 times (x 68B)
Class org.jetbrains.kotlin.load.java.typeEnhancement.AbstractSignatureParts$TypeAndDefaultQualifiers: loaded 2 times (x 68B)
Class org.jetbrains.kotlin.asJava.KtLightClassMarker                                  : loaded 2 times (x 66B)
Class kotlin.collections.AbstractMap$Companion                                        : loaded 2 times (x 67B)
Class org.jetbrains.kotlin.types.model.FlexibleTypeMarker                             : loaded 2 times (x 66B)
Class org.jetbrains.kotlin.types.model.TypeArgumentListMarker                         : loaded 2 times (x 66B)
Class org.jetbrains.kotlin.parsing.PrecedingCommentsBinder                            : loaded 2 times (x 70B)
Class dagger.spi.internal.shaded.androidx.room.compiler.processing.ksp.KspAnnotated$KSAnnotatedDelegate: loaded 2 times (x 131B)
Class org.jetbrains.kotlin.metadata.deserialization.BinaryVersion                     : loaded 2 times (x 70B)
Class org.jetbrains.kotlin.config.AnalysisFlag$Delegate                               : loaded 2 times (x 71B)
Class org.jetbrains.kotlin.cli.jvm.modules.CliJavaModuleFinder$systemModules$1        : loaded 2 times (x 121B)
Class dagger.spi.internal.shaded.androidx.room.compiler.processing.InternalXAnnotationValue$Companion: loaded 2 times (x 67B)
Class org.jetbrains.kotlin.descriptors.Substitutable                                  : loaded 2 times (x 66B)
Class dagger.spi.internal.shaded.androidx.room.compiler.processing.ksp.KspMethodElement$parameters$2: loaded 2 times (x 75B)
Class kotlin.jvm.functions.Function5                                                  : loaded 2 times (x 66B)
Class org.jetbrains.kotlin.container.ComponentResolveContext                          : loaded 2 times (x 71B)
Class org.jetbrains.kotlin.diagnostics.PositioningStrategies$OPERATOR$1               : loaded 2 times (x 70B)
Class org.jetbrains.kotlin.psi.KtAnnotatedExpression                                  : loaded 2 times (x 572B)
Class org.jetbrains.kotlin.psi.KtParenthesizedExpression                              : loaded 2 times (x 440B)
Class [Lorg.jetbrains.kotlin.psi.KtConstantExpression;                                : loaded 2 times (x 65B)
Class [Lorg.jetbrains.kotlin.psi.KtConstructor;                                       : loaded 2 times (x 65B)
Class [Lorg.jetbrains.kotlin.psi.KtPropertyAccessor;                                  : loaded 2 times (x 65B)
Class [Lorg.jetbrains.kotlin.psi.KtClassOrObject;                                     : loaded 2 times (x 65B)
Class org.jetbrains.kotlin.psi.stubs.elements.KtTypeAliasElementType                  : loaded 2 times (x 90B)
Class org.jetbrains.kotlin.resolve.jvm.checkers.UnsupportedSyntheticCallableReferenceChecker: loaded 2 times (x 70B)
Class org.jetbrains.kotlin.resolve.jvm.checkers.TypeParameterBoundIsNotArrayChecker   : loaded 2 times (x 70B)
Class dagger.internal.codegen.compileroption.CompilerOptions                          : loaded 2 times (x 90B)
Class org.jetbrains.kotlin.load.kotlin.KotlinBinaryClassCache$Companion               : loaded 2 times (x 67B)
Class com.google.common.graph.PredecessorsFunction                                    : loaded 2 times (x 66B)
Class com.android.builder.model.v2.ide.AndroidLibraryData                             : loaded 2 times (x 66B)
Class com.android.builder.model.v2.ide.ApiVersion                                     : loaded 2 times (x 66B)
Class dagger.internal.codegen.processingstep.ModuleProcessingStep_Factory             : loaded 2 times (x 75B)
Class dagger.internal.codegen.binding.ContributionBinding$1                           : loaded 2 times (x 67B)
Class dagger.internal.codegen.model.DaggerType                                        : loaded 2 times (x 70B)
Class dagger.internal.codegen.validation.DiagnosticReporterFactory                    : loaded 2 times (x 68B)
Class dagger.internal.codegen.compileroption.ProcessingEnvironmentCompilerOptions     : loaded 2 times (x 91B)
Class dagger.spi.internal.shaded.androidx.room.compiler.processing.ksp.KspMethodElement$actualEnclosingElement$2: loaded 2 times (x 75B)
Class dagger.hilt.processor.internal.definecomponent.AutoValue_DefineComponentBuilderMetadatas_DefineComponentBuilderMetadata: loaded 2 times (x 71B)
Class dagger.spi.internal.shaded.androidx.room.compiler.codegen.XTypeName             : loaded 2 times (x 71B)
Class dagger.spi.internal.shaded.androidx.room.compiler.processing.ksp.synthetic.KspSyntheticPropertyMethodElement$Getter$returnType$2: loaded 2 times (x 75B)
Class dagger.spi.internal.shaded.androidx.room.compiler.processing.InternalXAnnotationKt: loaded 2 times (x 67B)
Class dagger.spi.internal.shaded.androidx.room.compiler.processing.ksp.KspTypeElement$packageName$2: loaded 2 times (x 75B)
Class androidx.room.compiler.processing.ksp.KspArrayType$BoxedArray$componentType$2   : loaded 2 times (x 75B)
Class dagger.hilt.processor.internal.generatesrootinput.GeneratesRootInputProcessingStep: loaded 2 times (x 83B)
Class dagger.hilt.processor.internal.root.KspRootProcessor$Provider                   : loaded 2 times (x 70B)
Class org.jetbrains.plugins.gradle.model.ModelFactory                                 : loaded 2 times (x 67B)
Class org.jetbrains.plugins.gradle.tooling.serialization.ToolingStreamApiUtilsKt      : loaded 2 times (x 67B)
Class org.gradle.internal.operations.MultipleBuildOperationFailures                   : loaded 2 times (x 91B)
Class org.jetbrains.plugins.gradle.tooling.ModelBuilderContext$DataProvider           : loaded 2 times (x 66B)
Class org.gradle.tooling.internal.adapter.MethodInvocation                            : loaded 2 times (x 81B)
Class org.jetbrains.kotlin.load.java.structure.impl.classFiles.BinaryJavaAnnotationVisitor: loaded 2 times (x 73B)
Class org.objectweb.asm.ClassVisitor                                                  : loaded 2 times (x 84B)
Class org.jetbrains.kotlin.resolve.calls.inference.ConstraintSystemBuilderKt          : loaded 2 times (x 67B)
Class [Lcom.google.common.collect.MapMakerInternalMap$Strength;                       : loaded 2 times (x 65B)
Class org.jetbrains.kotlin.resolve.jvm.JvmTypeSpecificityComparator                   : loaded 2 times (x 73B)
Class org.jetbrains.kotlin.psi.psiUtil.PsiUtilsKt$siblings$1                          : loaded 2 times (x 71B)
Class org.jetbrains.kotlin.metadata.ProtoBuf$Type$Argument$Projection                 : loaded 2 times (x 78B)
Class [Lorg.objectweb.asm.Symbol;                                                     : loaded 2 times (x 65B)
Class org.jetbrains.kotlin.metadata.ProtoBuf$EnumEntry$1                              : loaded 2 times (x 140B)
Class org.jetbrains.kotlin.config.AnalysisFlags$explicitReturnTypes$2                 : loaded 2 times (x 123B)
Class org.jetbrains.kotlin.cli.jvm.index.JavaRoot$RootTypes                           : loaded 2 times (x 67B)
Class kotlin.jvm.functions.Function6                                                  : loaded 2 times (x 66B)
Class org.jetbrains.kotlin.resolve.calls.checkers.NewSchemeOfIntegerOperatorResolutionChecker: loaded 2 times (x 70B)
Class org.jetbrains.kotlin.psi.KtInstanceExpressionWithLabel                          : loaded 2 times (x 440B)
Class org.jetbrains.kotlin.psi.KtNamedDeclarationNotStubbed                           : loaded 2 times (x 858B)
Class org.jetbrains.kotlin.psi.KtFileAnnotationList                                   : loaded 2 times (x 508B)
Class org.jetbrains.kotlin.psi.KtProperty                                             : loaded 2 times (x 1348B)
Class org.jetbrains.kotlin.storage.NotNullLazyValue                                   : loaded 2 times (x 66B)
Class org.jetbrains.kotlin.util.PerformanceCounter$Companion                          : loaded 2 times (x 67B)
Class org.jetbrains.kotlin.cli.jvm.compiler.KotlinCoreEnvironment$Companion$getOrCreateApplicationEnvironment$1$2: loaded 2 times (x 70B)
Class com.android.utils.FileUtils                                                     : loaded 2 times (x 67B)
Class com.android.builder.model.v2.ide.AaptOptions$Namespacing                        : loaded 2 times (x 75B)
Class com.android.builder.model.v2.models.Versions$Version                            : loaded 2 times (x 66B)
Class dagger.spi.internal.shaded.androidx.room.compiler.processing.ksp.KspPackageElement: loaded 2 times (x 158B)
Class dagger.internal.codegen.binding.Nullability                                     : loaded 2 times (x 69B)
Class dagger.spi.internal.shaded.androidx.room.compiler.processing.ksp.KspMethodElement$KspSuspendMethodElement$returnType$2: loaded 2 times (x 75B)
Class dagger.internal.codegen.writing.ProducerFactoryGenerator$SingleArgFutureTransform: loaded 2 times (x 74B)
Class dagger.internal.codegen.validation.BindsMethodValidator$Validator               : loaded 2 times (x 76B)
Class [Ldagger.internal.codegen.model.RequestKind;                                    : loaded 2 times (x 65B)
Class dagger.internal.codegen.bindinggraphvalidation.CompositeBindingGraphPlugin_Factory: loaded 2 times (x 68B)
Class dagger.internal.codegen.validation.MembersInjectionValidator_Factory            : loaded 2 times (x 75B)
Class dagger.internal.Preconditions                                                   : loaded 2 times (x 67B)
Class dagger.hilt.processor.internal.definecomponent.DefineComponentMetadatas         : loaded 2 times (x 68B)
Class dagger.spi.internal.shaded.androidx.room.compiler.processing.ksp.KSAnnotatedExtKt: loaded 2 times (x 67B)
Class dagger.spi.internal.shaded.androidx.room.compiler.processing.ksp.KspFieldElement$Companion: loaded 2 times (x 67B)
Class androidx.room.compiler.processing.ksp.KspType$superTypes$2                      : loaded 2 times (x 75B)
Class dagger.hilt.android.processor.internal.androidentrypoint.KspAndroidEntryPointProcessor$Provider: loaded 2 times (x 70B)
Class org.jetbrains.kotlin.tooling.core.KotlinToolingVersion$Maturity                 : loaded 2 times (x 75B)
Class com.google.common.reflect.TypeCapture                                           : loaded 2 times (x 67B)
Class it.unimi.dsi.fastutil.objects.ReferenceSet                                      : loaded 2 times (x 66B)
Class org.jetbrains.kotlin.resolve.jvm.platform.JvmPlatformConfigurator               : loaded 2 times (x 76B)
Class [Lcom.intellij.openapi.externalSystem.model.project.IExternalSystemSourceType;  : loaded 2 times (x 65B)
Class [Lorg.jetbrains.kotlin.psi.KtDeclarationWithBody;                               : loaded 2 times (x 65B)
Class org.jetbrains.kotlin.metadata.jvm.JvmProtoBuf$JvmPropertySignature$Builder      : loaded 2 times (x 137B)
Class org.jetbrains.kotlin.config.JvmAnalysisFlags$jvmDefaultMode$2                   : loaded 2 times (x 123B)
Class org.jetbrains.kotlin.parsing.AbstractTokenStreamPattern                         : loaded 2 times (x 79B)
Class kotlin.collections.builders.MapBuilder$KeysItr                                  : loaded 2 times (x 77B)
Class org.jetbrains.kotlin.resolve.diagnostics.DiagnosticSuppressor$Companion         : loaded 2 times (x 68B)
Class org.jetbrains.kotlin.metadata.jvm.deserialization.ModuleMapping                 : loaded 2 times (x 68B)
Class org.jetbrains.kotlin.cli.jvm.index.JavaRoot                                     : loaded 2 times (x 68B)
Class [Lorg.jetbrains.kotlin.psi.KtValVarKeywordOwner;                                : loaded 2 times (x 65B)
Class kotlin.jvm.functions.Function7                                                  : loaded 2 times (x 66B)
Class org.jetbrains.kotlin.resolve.IdentifierCheckerClashesResolver                   : loaded 2 times (x 69B)
Class org.jetbrains.kotlin.diagnostics.PositioningStrategies$SPREAD_OPERATOR$1        : loaded 2 times (x 70B)
Class org.jetbrains.kotlin.psi.KtModifierListOwner                                    : loaded 2 times (x 66B)
Class org.jetbrains.kotlin.psi.stubs.elements.KtNameReferenceExpressionElementType    : loaded 2 times (x 93B)
Class org.jetbrains.kotlin.psi.stubs.elements.KtPlaceHolderWithTextStubElementType    : loaded 2 times (x 90B)
Class org.jetbrains.kotlin.psi.stubs.elements.KtFunctionElementType                   : loaded 2 times (x 94B)
Class org.jetbrains.kotlin.cli.jvm.compiler.IdeaExtensionPoints                       : loaded 2 times (x 67B)
Class [Lorg.jetbrains.kotlin.psi.KtCallElement;                                       : loaded 2 times (x 65B)
Class kotlin.sequences.SequencesKt___SequencesKt$asIterable$$inlined$Iterable$1       : loaded 2 times (x 75B)
Class it.unimi.dsi.fastutil.objects.ObjectSet                                         : loaded 2 times (x 66B)
Class org.jetbrains.kotlin.cli.common.arguments.CommonCompilerArguments               : loaded 2 times (x 76B)
Class com.google.common.cache.LocalCache$WriteThroughEntry                            : loaded 2 times (x 75B)
Class com.google.common.cache.LocalCache$HashIterator                                 : loaded 2 times (x 82B)
Class com.google.common.cache.LocalCache$EntryFactory                                 : loaded 2 times (x 79B)
Class org.gradle.tooling.internal.adapter.ProtocolToModelAdapter$ReflectionMethodInvoker: loaded 2 times (x 72B)
Class org.jetbrains.kotlin.container.InvalidCardinalityException                      : loaded 2 times (x 78B)
Class kotlin.collections.builders.ListBuilder$Itr                                     : loaded 2 times (x 90B)
Class org.jetbrains.kotlin.metadata.ProtoBuf$StringTable                              : loaded 2 times (x 104B)
Class org.sqlite.SQLiteException                                                      : loaded 2 times (x 92B)
Class androidx.room.verifier.DatabaseVerifier                                         : loaded 2 times (x 68B)
Class androidx.room.vo.BuiltInConverterFlags                                          : loaded 2 times (x 68B)
Class dagger.internal.codegen.writing.InjectionMethods$ProvisionMethod                : loaded 2 times (x 67B)
Class dagger.internal.codegen.validation.MembersInjectionValidator                    : loaded 2 times (x 68B)
Class dagger.internal.codegen.binding.KeyFactory_Factory                              : loaded 2 times (x 75B)
Class dagger.spi.internal.shaded.androidx.room.compiler.processing.ksp.KspFieldElement$syntheticAccessors$2: loaded 2 times (x 75B)
Class dagger.spi.internal.shaded.androidx.room.compiler.processing.ksp.KspMemberContainer: loaded 2 times (x 66B)
Class com.squareup.javapoet.Util                                                      : loaded 2 times (x 67B)
Class dagger.spi.internal.shaded.androidx.room.compiler.processing.ksp.KspProcessingEnv$jvmVersion$2: loaded 2 times (x 75B)
Class [Lorg.jetbrains.kotlin.idea.gradleTooling.reflect.Parameter;                    : loaded 2 times (x 65B)
Class org.jetbrains.kotlin.protobuf.ByteString$Output                                 : loaded 2 times (x 82B)
Class org.jetbrains.kotlin.protobuf.UnmodifiableLazyStringList                        : loaded 2 times (x 273B)
Class [Lorg.jetbrains.kotlin.types.model.TypeArgumentListMarker;                      : loaded 2 times (x 65B)
Class org.jetbrains.kotlin.resolve.calls.inference.model.NewConstraintMismatch        : loaded 2 times (x 66B)
Class org.jetbrains.kotlin.load.java.structure.impl.classFiles.BinaryJavaModifierListOwner: loaded 2 times (x 66B)
Class org.jetbrains.kotlin.types.model.MarkerExtensionsKt                             : loaded 2 times (x 67B)
Class [Lkotlin.annotation.AnnotationRetention;                                        : loaded 2 times (x 65B)
Class org.jetbrains.kotlin.config.JvmAnalysisFlags                                    : loaded 2 times (x 67B)
Class it.unimi.dsi.fastutil.ints.IntArrays$ForkJoinQuickSortIndirect                  : loaded 2 times (x 92B)
Class org.jetbrains.kotlin.extensions.StorageComponentContainerContributor$Companion  : loaded 2 times (x 68B)
Class org.jetbrains.kotlin.metadata.ProtoBuf$Contract                                 : loaded 2 times (x 103B)
Class org.jetbrains.kotlin.metadata.ProtoBuf$VersionRequirementTable$1                : loaded 2 times (x 140B)
Class org.jetbrains.kotlin.utils.DeserializationHelpersKt                             : loaded 2 times (x 67B)
Class kotlin.collections.builders.MapBuilder$Companion                                : loaded 2 times (x 67B)
Class org.jetbrains.kotlin.descriptors.ValueDescriptor                                : loaded 2 times (x 66B)
Class kotlin.jvm.functions.Function8                                                  : loaded 2 times (x 66B)
Class [Lorg.jetbrains.kotlin.name.Name;                                               : loaded 2 times (x 65B)
Class org.jetbrains.kotlin.psi.KtCallableReferenceExpression                          : loaded 2 times (x 518B)
Class org.jetbrains.kotlin.psi.KtDestructuringDeclaration                             : loaded 2 times (x 794B)
Class [Lorg.jetbrains.kotlin.psi.KtAnnotationEntry;                                   : loaded 2 times (x 65B)
Class org.jetbrains.kotlin.psi.stubs.KotlinClassOrObjectStub                          : loaded 2 times (x 66B)
Class [Lorg.jetbrains.kotlin.lexer.KtModifierKeywordToken;                            : loaded 2 times (x 65B)
Class org.jetbrains.kotlin.resolve.jvm.checkers.JvmAnnotationsTargetNonExistentAccessorChecker$Companion: loaded 2 times (x 67B)
Class org.jetbrains.kotlin.parsing.KotlinCommonParserDefinition                       : loaded 2 times (x 91B)
Class org.jetbrains.kotlin.idea.gradleTooling.reflect.KotlinCompilerArgumentsResolverReflectionKt: loaded 2 times (x 67B)
Class androidx.room.compiler.processing.XProcessingEnv$Backend                        : loaded 2 times (x 75B)
Class androidx.room.compiler.processing.javac.XTypeElementStore                       : loaded 2 times (x 68B)
Class com.google.common.reflect.Types$NativeTypeVariableEquals                        : loaded 2 times (x 67B)
Class com.google.common.reflect.TypeParameter                                         : loaded 2 times (x 68B)
Class org.jetbrains.kotlin.tooling.core.HasMutableExtras                              : loaded 2 times (x 66B)
Class com.google.common.cache.LocalCache$AbstractReferenceEntry                       : loaded 2 times (x 103B)
Class com.google.common.base.Splitter$1$1                                             : loaded 2 times (x 82B)
Class dagger.spi.internal.shaded.androidx.room.compiler.processing.ksp.KspProcessingEnv$typeElementStore$3: loaded 2 times (x 75B)
Class androidx.room.compiler.processing.ksp.synthetic.KspSyntheticPropertyMethodElement$Companion: loaded 2 times (x 67B)
Class androidx.room.processor.Context$Companion$ARG_OPTIONS$2                         : loaded 2 times (x 74B)
Class [Ldagger.internal.codegen.javapoet.AnnotationSpecs$Suppression;                 : loaded 2 times (x 65B)
Class dagger.internal.codegen.binding.SourceFiles$1                                   : loaded 2 times (x 67B)
Class dagger.internal.codegen.writing.InaccessibleMapKeyProxyGenerator_Factory        : loaded 2 times (x 75B)
Class dagger.internal.codegen.model.BindingGraph$Node                                 : loaded 2 times (x 66B)
Class dagger.internal.codegen.DelegateComponentProcessor$Injector$Factory             : loaded 2 times (x 66B)
Class com.squareup.kotlinpoet.ParameterizedTypeName                                   : loaded 2 times (x 82B)
Class com.squareup.kotlinpoet.TypeNames                                               : loaded 2 times (x 67B)
Class dagger.spi.internal.shaded.androidx.room.compiler.processing.ksp.KSTypeVarianceResolverScope$PropertyType: loaded 2 times (x 70B)
Class dagger.hilt.processor.internal.ProcessorErrorHandler                            : loaded 2 times (x 68B)
Class androidx.room.compiler.processing.XEquality$Companion                           : loaded 2 times (x 67B)
Class androidx.room.compiler.processing.ksp.KspAnnotated$UseSiteFilter$Companion$NO_USE_SITE$1: loaded 2 times (x 70B)
Class [Ldagger.spi.internal.shaded.androidx.room.compiler.processing.XProcessingEnv$Backend;: loaded 2 times (x 65B)
Class dagger.internal.codegen.KspComponentProcessor$Provider                          : loaded 2 times (x 71B)
Class androidx.room.compiler.processing.ksp.KspArrayType$BoxedArray                   : loaded 2 times (x 211B)
Class dagger.spi.internal.shaded.androidx.room.compiler.processing.ksp.KspElement     : loaded 2 times (x 144B)
Class com.google.common.collect.MultimapBuilder$MultimapBuilderWithKeys$1             : loaded 2 times (x 72B)
Class dagger.spi.internal.shaded.androidx.room.compiler.processing.ksp.KspAnnotated$UseSiteFilter$Companion$NO_USE_SITE$1: loaded 2 times (x 70B)
Class com.google.common.collect.ImmutableMapKeySet                                    : loaded 2 times (x 146B)
Class [Lorg.jetbrains.kotlin.load.java.typeEnhancement.JavaTypeQualifiers;            : loaded 2 times (x 65B)
Class org.jetbrains.kotlin.metadata.deserialization.VersionRequirementTable$Companion : loaded 2 times (x 67B)
Class org.jetbrains.kotlin.metadata.jvm.deserialization.JvmNameResolverBase$WhenMappings: loaded 2 times (x 67B)
Class org.jetbrains.kotlin.metadata.jvm.deserialization.BitEncoding                   : loaded 2 times (x 67B)
Class org.jetbrains.org.objectweb.asm.Attribute                                       : loaded 2 times (x 73B)
Class org.jetbrains.org.objectweb.asm.Label                                           : loaded 2 times (x 69B)
Class org.jetbrains.kotlin.descriptors.Visibilities$Local                             : loaded 2 times (x 75B)
Class org.jetbrains.kotlin.config.JvmAnalysisFlags$Delegates$JavaTypeEnhancementStateWarnByDefault: loaded 2 times (x 67B)
Class it.unimi.dsi.fastutil.objects.ObjectListIterator                                : loaded 2 times (x 66B)
Class org.jetbrains.kotlin.builtins.functions.FunctionTypeKindExtractor$Companion     : loaded 2 times (x 67B)
Class [Lkotlin.LazyThreadSafetyMode;                                                  : loaded 2 times (x 65B)
Class org.jetbrains.kotlin.resolve.jvm.NotFoundPackagesCachingStrategy                : loaded 2 times (x 66B)
Class org.jetbrains.kotlin.protobuf.WireFormat                                        : loaded 2 times (x 67B)
Class org.jetbrains.kotlin.metadata.ProtoBuf$QualifiedNameTable                       : loaded 2 times (x 103B)
Class org.jetbrains.kotlin.metadata.ProtoBuf$QualifiedNameTableOrBuilder              : loaded 2 times (x 66B)
Class org.jetbrains.kotlin.utils.KotlinExceptionWithAttachments                       : loaded 2 times (x 90B)
Class kotlin.annotation.MustBeDocumented                                              : loaded 2 times (x 66B)
Class org.jetbrains.kotlin.descriptors.CallableDescriptor                             : loaded 2 times (x 66B)
Class kotlin.jvm.functions.Function10                                                 : loaded 2 times (x 66B)
Class kotlin.jvm.functions.Function9                                                  : loaded 2 times (x 66B)
Class [Lkotlin.reflect.KClassifier;                                                   : loaded 2 times (x 65B)
Class org.jetbrains.kotlin.resolve.checkers.PlatformDiagnosticSuppressorClashesResolver: loaded 2 times (x 69B)
Class org.jetbrains.kotlin.resolve.checkers.KotlinVersionStringAnnotationValueChecker : loaded 2 times (x 73B)
Class org.jetbrains.kotlin.container.PlatformExtensionsClashResolver                  : loaded 2 times (x 69B)
Class com.squareup.kotlinpoet.TagMap                                                  : loaded 2 times (x 75B)
Class org.jetbrains.kotlin.diagnostics.DiagnosticFactoryForDeprecation1$Companion     : loaded 2 times (x 67B)
Class org.jetbrains.kotlin.diagnostics.PositioningStrategies$TYPE_ARGUMENT_LIST_OR_SELF$1: loaded 2 times (x 70B)
Class org.jetbrains.kotlin.BlockExpressionElementType$Companion                       : loaded 2 times (x 67B)
Class org.jetbrains.kotlin.psi.KtFunction                                             : loaded 2 times (x 66B)
Class org.jetbrains.kotlin.psi.KtDeclarationStub                                      : loaded 2 times (x 724B)
Class org.jetbrains.kotlin.LambdaExpressionElementType                                : loaded 2 times (x 91B)
Class org.jetbrains.kotlin.psi.stubs.elements.KtValueArgumentElementType              : loaded 2 times (x 90B)
Class [Lorg.jetbrains.kotlin.platform.TargetPlatformVersion;                          : loaded 2 times (x 65B)
Class com.android.builder.model.v2.models.VariantDependencies                         : loaded 2 times (x 66B)
Class dagger.spi.internal.shaded.androidx.room.compiler.processing.ksp.KspArrayType$BoxedArray: loaded 2 times (x 211B)
Class org.objectweb.asm.SymbolTable                                                   : loaded 2 times (x 68B)
Class com.google.common.cache.CacheLoader$InvalidCacheLoadException                   : loaded 2 times (x 78B)
Class org.gradle.internal.classloader.SystemClassLoaderSpec                           : loaded 2 times (x 67B)
Class androidx.room.compiler.processing.XConstructorElement                           : loaded 2 times (x 66B)
Class org.sqlite.BusyHandler                                                          : loaded 2 times (x 68B)
Class androidx.room.compiler.processing.ksp.KspMethodElement$KspNormalMethodElement   : loaded 2 times (x 268B)
Class dagger.internal.codegen.binding.FrameworkField                                  : loaded 2 times (x 69B)
Class dagger.internal.codegen.xprocessing.XMethodElements                             : loaded 2 times (x 67B)
Class dagger.internal.codegen.binding.AutoValue_MembersInjectionBinding               : loaded 2 times (x 81B)
Class [Ldagger.spi.model.DaggerProcessingEnv$Backend;                                 : loaded 2 times (x 65B)
Class dagger.spi.model.DaggerProcessingEnv                                            : loaded 2 times (x 71B)
Class androidx.room.compiler.processing.ksp.KspConstructorElement$enclosingElement$2  : loaded 2 times (x 75B)
Class [Ldagger.internal.codegen.compileroption.ProcessingEnvironmentCompilerOptions$Feature;: loaded 2 times (x 65B)
Class dagger.internal.codegen.bindinggraphvalidation.ProvisionDependencyOnProducerBindingValidator_Factory: loaded 2 times (x 74B)
Class dagger.internal.codegen.DaggerDelegateComponentProcessor_Injector$InjectorImpl  : loaded 2 times (x 71B)
Class com.squareup.kotlinpoet.WildcardTypeName$Companion                              : loaded 2 times (x 67B)
Class dagger.spi.internal.shaded.androidx.room.compiler.processing.CommonProcessorDelegate$processRound$currentElementsDeferredByStep$1$stepDeferredElementsByAnnotation$1: loaded 2 times (x 74B)
Class androidx.room.compiler.processing.ksp.KspType$xTypeName$2                       : loaded 2 times (x 75B)
Class dagger.spi.internal.shaded.androidx.room.compiler.processing.XExecutableElementStore: loaded 2 times (x 68B)
Class dagger.spi.internal.shaded.androidx.room.compiler.processing.ksp.KspProcessingEnv$ksTypeVarianceResolver$2: loaded 2 times (x 75B)
Class org.jetbrains.plugins.gradle.tooling.internal.VersionCatalogsModelImpl          : loaded 2 times (x 72B)
Class dagger.hilt.processor.internal.root.ir.AggregatedRootIrValidator$rootsToProcess$$inlined$sortedBy$1: loaded 2 times (x 85B)
Class com.intellij.gradle.toolingExtension.impl.model.taskModel.DefaultGradleTaskModel: loaded 2 times (x 71B)
Class com.google.common.collect.MultimapBuilder$MultimapBuilderWithKeys$2             : loaded 2 times (x 72B)
Class org.jetbrains.kotlin.util.OneElementArrayMap$iterator$1                         : loaded 2 times (x 75B)
Class kotlin.text.MatcherMatchResult$groups$1                                         : loaded 2 times (x 147B)
Class [Lorg.jetbrains.kotlin.metadata.ProtoBuf$Effect$EffectType;                     : loaded 2 times (x 65B)
Class org.jetbrains.kotlin.descriptors.java.JavaVisibilities$PackageVisibility        : loaded 2 times (x 75B)
Class org.jetbrains.kotlin.cli.jvm.index.JvmDependenciesIndexImpl$WhenMappings        : loaded 2 times (x 67B)
Class org.jetbrains.kotlin.js.translate.extensions.JsSyntheticTranslateExtension      : loaded 2 times (x 66B)
Class org.jetbrains.kotlin.load.java.structure.JavaClassifier                         : loaded 2 times (x 66B)
Class org.jetbrains.kotlin.metadata.jvm.JvmModuleProtoBuf$PackagePartsOrBuilder       : loaded 2 times (x 66B)
Class org.gradle.tooling.internal.adapter.TargetTypeProvider                          : loaded 2 times (x 66B)
Class com.android.builder.model.v2.ide.AndroidArtifact                                : loaded 2 times (x 66B)
Class kotlin.jvm.functions.Function11                                                 : loaded 2 times (x 66B)
Class org.jetbrains.kotlin.resolve.checkers.CheckerContext                            : loaded 2 times (x 66B)
Class org.jetbrains.kotlin.diagnostics.PositioningStrategies$AS_TYPE$1                : loaded 2 times (x 70B)
Class [Lorg.jetbrains.kotlin.psi.KtContractEffect;                                    : loaded 2 times (x 65B)
Class org.jetbrains.kotlin.psi.KtNamed                                                : loaded 2 times (x 66B)
Class org.jetbrains.kotlin.resolve.jvm.checkers.JavaOverrideWithWrongNullabilityOverrideChecker: loaded 2 times (x 70B)
Class org.jetbrains.kotlin.cli.common.config.ContentRootsKt                           : loaded 2 times (x 67B)
Class org.jetbrains.kotlin.cli.jvm.config.JvmClasspathRootBase                        : loaded 2 times (x 66B)
Class org.jetbrains.kotlin.cli.jvm.compiler.KotlinCoreApplicationEnvironmentMode$UnitTest: loaded 2 times (x 67B)
Class org.jetbrains.kotlin.psi.stubs.KotlinFileStub                                   : loaded 2 times (x 66B)
Class [Lorg.jetbrains.kotlin.config.JvmTarget;                                        : loaded 2 times (x 65B)
Class com.android.builder.model.v2.ide.TestedTargetVariant                            : loaded 2 times (x 66B)
Class com.google.common.cache.LocalCache$StrongEntry                                  : loaded 2 times (x 104B)
Class com.google.common.util.concurrent.AbstractFuture$TrustedFuture                  : loaded 2 times (x 110B)
Class com.google.common.cache.LoadingCache                                            : loaded 2 times (x 66B)
Class org.gradle.internal.exceptions.MultiCauseException                              : loaded 2 times (x 66B)
Class org.gradle.internal.time.CountdownTimer                                         : loaded 2 times (x 66B)
Class org.jetbrains.kotlin.storage.MemoizedFunctionToNotNull                          : loaded 2 times (x 66B)
Class org.jetbrains.kotlin.psi.KtObjectDeclaration                                    : loaded 2 times (x 1119B)
Class com.google.common.graph.BaseGraph                                               : loaded 2 times (x 66B)
Class dagger.internal.codegen.binding.AutoValue_ComponentDescriptor                   : loaded 2 times (x 86B)
Class dagger.internal.codegen.validation.MapKeyValidator                              : loaded 2 times (x 68B)
Class dagger.internal.codegen.base.ElementFormatter_Factory                           : loaded 2 times (x 74B)
Class dagger.internal.DoubleCheck                                                     : loaded 2 times (x 76B)
Class [Lorg.jetbrains.kotlin.psi.KtTypeProjection;                                    : loaded 2 times (x 65B)
Class [Ldagger.spi.internal.shaded.androidx.room.compiler.processing.ksp.synthetic.KspSyntheticPropertyMethodElement;: loaded 2 times (x 65B)
Class [Ldagger.spi.internal.shaded.androidx.room.compiler.processing.XElement;        : loaded 2 times (x 65B)
Class dagger.hilt.processor.internal.HiltCompilerOptions                              : loaded 2 times (x 67B)
Class androidx.room.compiler.processing.ksp.synthetic.KspSyntheticPropertyMethodElement$jvmName$2: loaded 2 times (x 75B)
Class androidx.room.compiler.processing.ksp.KspProcessingEnv                          : loaded 2 times (x 111B)
Class androidx.room.compiler.processing.XProcessingEnvConfig$Companion                : loaded 2 times (x 67B)
Class androidx.room.compiler.processing.XProcessingEnvConfig                          : loaded 2 times (x 67B)
Class dagger.hilt.android.processor.internal.bindvalue.KspBindValueProcessor$Provider : loaded 2 times (x 70B)
Class org.gradle.kotlin.dsl.KspConfigurationAccessorsKt                               : loaded 2 times (x 67B)
Class org.gradle.kotlin.dsl.ImplementationConfigurationAccessorsKt                    : loaded 2 times (x 67B)
Class org.jetbrains.kotlin.psi.KtTryExpression                                        : loaded 2 times (x 443B)
Class com.intellij.gradle.toolingExtension.impl.model.sourceSetModel.GradleSourceSetModelBuilder$1: loaded 2 times (x 79B)
Class org.jetbrains.kotlin.diagnostics.PositioningStrategies$QUESTION_MARK_BY_TYPE$1  : loaded 2 times (x 70B)
Class org.jetbrains.kotlin.resolve.checkers.BigFunctionTypeAvailabilityChecker        : loaded 2 times (x 70B)
Class com.google.common.collect.MultimapBuilder$MultimapBuilderWithKeys$3             : loaded 2 times (x 72B)
Class kotlin.sequences.SequencesKt__SequencesKt$flatten$1                             : loaded 2 times (x 74B)
Class kotlin.sequences.TakeWhileSequence                                              : loaded 2 times (x 71B)
Class [Lorg.jetbrains.kotlin.resolve.calls.inference.components.ConstraintSystemCompletionMode;: loaded 2 times (x 65B)
Class org.jetbrains.kotlin.resolve.calls.inference.ConstraintSystemBuilderKt$WhenMappings: loaded 2 times (x 67B)
Class [Lorg.jetbrains.kotlin.load.java.typeEnhancement.NullabilityQualifier;          : loaded 2 times (x 65B)
Class org.jetbrains.kotlin.load.kotlin.SignatureBuildingComponents                    : loaded 2 times (x 67B)
Class org.jetbrains.kotlin.load.kotlin.FileBasedKotlinClass$InnerClassesInfo          : loaded 2 times (x 70B)
Class org.jetbrains.kotlin.types.model.DynamicTypeMarker                              : loaded 2 times (x 66B)
Class org.jetbrains.kotlin.resolve.calls.inference.components.ConstraintIncorporator  : loaded 2 times (x 68B)
Class it.unimi.dsi.fastutil.BidirectionalIterator                                     : loaded 2 times (x 66B)
Class org.jetbrains.kotlin.metadata.ProtoBuf$Type$Argument                            : loaded 2 times (x 106B)
Class kotlin.io.FileTreeWalk$FileTreeWalkIterator$TopDownDirectoryState               : loaded 2 times (x 70B)
Class org.jetbrains.kotlin.backend.common.extensions.IrGenerationExtension$Companion  : loaded 2 times (x 68B)
Class org.jetbrains.kotlin.resolve.checkers.ReservedMembersAndConstructsForValueClass : loaded 2 times (x 70B)
Class org.jetbrains.kotlin.psi.stubs.elements.KtTokenSets                             : loaded 2 times (x 66B)
Class kotlin.jvm.functions.Function12                                                 : loaded 2 times (x 66B)
Class org.jetbrains.kotlin.resolve.checkers.RequireKotlinAnnotationValueChecker       : loaded 2 times (x 73B)
Class org.jetbrains.kotlin.container.DslKt                                            : loaded 2 times (x 67B)
Class org.jetbrains.kotlin.diagnostics.PositioningStrategies$NULLABLE_TYPE$1          : loaded 2 times (x 70B)
Class org.jetbrains.kotlin.diagnostics.PositioningStrategies$CALL_ELEMENT_WITH_DOT$1  : loaded 2 times (x 70B)
Class org.jetbrains.kotlin.psi.KtThrowExpression                                      : loaded 2 times (x 440B)
Class org.jetbrains.kotlin.psi.KtImportDirective                                      : loaded 2 times (x 458B)
Class [Lorg.jetbrains.kotlin.psi.KtModifierListOwnerStub;                             : loaded 2 times (x 65B)
Class org.jetbrains.kotlin.resolve.jvm.checkers.JvmSyntheticApplicabilityChecker      : loaded 2 times (x 70B)
Class org.jetbrains.kotlin.resolve.checkers.SealedInterfaceAllowedChecker             : loaded 2 times (x 70B)
Class it.unimi.dsi.fastutil.objects.ObjectCollection                                  : loaded 2 times (x 66B)
Class kotlin.collections.builders.MapBuilder                                          : loaded 2 times (x 108B)
Class com.intellij.openapi.diagnostic.Logger$DefaultFactory                           : loaded 2 times (x 70B)
Class org.objectweb.asm.MethodWriter                                                  : loaded 2 times (x 102B)
Class [Lcom.google.common.cache.Weigher;                                              : loaded 2 times (x 65B)
Class org.jetbrains.kotlin.config.LanguageVersionSettingsKt                           : loaded 2 times (x 67B)
Class org.gradle.tooling.model.ProjectModel                                           : loaded 2 times (x 66B)
Class org.sqlite.JDBC                                                                 : loaded 2 times (x 83B)
Class dagger.spi.internal.shaded.androidx.room.compiler.processing.ksp.KspMethodType  : loaded 2 times (x 86B)
Class dagger.internal.codegen.model.BindingGraph$Edge                                 : loaded 2 times (x 66B)
Class com.google.common.graph.Network                                                 : loaded 2 times (x 66B)
Class dagger.internal.codegen.validation.BindsInstanceParameterValidator              : loaded 2 times (x 74B)
Class [Ldagger.internal.codegen.validation.BindingElementValidator$AllowsMultibindings;: loaded 2 times (x 65B)
Class dagger.spi.internal.shaded.androidx.room.compiler.processing.ksp.KspMethodElement: loaded 2 times (x 268B)
Class dagger.spi.internal.shaded.androidx.room.compiler.processing.ksp.KspArrayType   : loaded 2 times (x 211B)
Class dagger.spi.internal.shaded.androidx.room.compiler.processing.ksp.NoLocationTypeReference: loaded 2 times (x 84B)
Class androidx.room.compiler.processing.ksp.KspArrayType$Companion                    : loaded 2 times (x 67B)
Class androidx.room.compiler.processing.ksp.KspArrayType                              : loaded 2 times (x 211B)
Class androidx.room.compiler.processing.ksp.KspTypeElement$allFieldsIncludingPrivateSupers$1: loaded 2 times (x 75B)
Class org.jetbrains.kotlin.protobuf.GeneratedMessageLite$ExtendableMessageOrBuilder   : loaded 2 times (x 66B)
Class org.jetbrains.kotlin.metadata.ProtoBuf$FunctionOrBuilder                        : loaded 2 times (x 66B)
Class org.jetbrains.kotlin.protobuf.GeneratedMessageLite$1                            : loaded 2 times (x 67B)
Class org.jetbrains.kotlin.resolve.jvm.KotlinJavaPsiFacade                            : loaded 2 times (x 81B)
Class org.jetbrains.kotlin.resolve.extensions.SyntheticResolveExtension               : loaded 2 times (x 66B)
Class com.intellij.gradle.toolingExtension.impl.model.sourceSetModel.GradleSourceSetModelBuilder$2: loaded 2 times (x 79B)
Class org.jetbrains.plugins.gradle.tooling.MessageReportBuilder                       : loaded 2 times (x 66B)
Class com.google.common.collect.MultimapBuilder$MultimapBuilderWithKeys$4             : loaded 2 times (x 72B)
Class org.jetbrains.kotlin.serialization.deserialization.ProtoContainer$Package       : loaded 2 times (x 69B)
Class kotlin.text.Charsets                                                            : loaded 2 times (x 67B)
Class javaslang.collection.HashArrayMappedTrie                                        : loaded 2 times (x 66B)
Class org.jetbrains.kotlin.descriptors.java.JavaVisibilities$ProtectedStaticVisibility: loaded 2 times (x 75B)
Class org.jetbrains.kotlin.load.kotlin.KotlinJvmBinaryClass$MemberVisitor             : loaded 2 times (x 66B)
Class org.jetbrains.kotlin.psi.KtLambdaExpression                                     : loaded 2 times (x 544B)
Class org.jetbrains.kotlin.metadata.ProtoBuf$Modality$1                               : loaded 2 times (x 70B)
Class org.jetbrains.kotlin.resolve.extensions.ExtraImportsProviderExtension           : loaded 2 times (x 66B)
Class org.jetbrains.kotlin.serialization.deserialization.MetadataPartProvider         : loaded 2 times (x 66B)
Class org.jetbrains.kotlin.psi.KtProjectionKind                                       : loaded 2 times (x 75B)
Class org.jetbrains.kotlin.resolve.scopes.receivers.Receiver                          : loaded 2 times (x 66B)
Class kotlin.jvm.functions.Function13                                                 : loaded 2 times (x 66B)
Class org.jetbrains.kotlin.container.CacheKt                                          : loaded 2 times (x 67B)
Class org.jetbrains.kotlin.resolve.calls.checkers.EnumEntryVsCompanionPriorityCallChecker: loaded 2 times (x 70B)
Class org.jetbrains.kotlin.diagnostics.DiagnosticFactoryForDeprecation0               : loaded 2 times (x 68B)
Class org.jetbrains.kotlin.diagnostics.PositioningStrategies$TYPE_PARAMETERS_OR_DECLARATION_SIGNATURE$1: loaded 2 times (x 70B)
Class org.jetbrains.kotlin.psi.stubs.KotlinPlaceHolderWithTextStub                    : loaded 2 times (x 66B)
Class org.jetbrains.kotlin.cli.jvm.compiler.JavaLanguageLevelKt$EntriesMappings       : loaded 2 times (x 67B)
Class org.jetbrains.kotlin.cli.common.CompilerSystemProperties$Companion              : loaded 2 times (x 67B)
Class org.jetbrains.kotlin.load.java.FieldOverridabilityCondition                     : loaded 2 times (x 71B)
Class org.jetbrains.kotlin.load.kotlin.KotlinClassFinder$Result$KotlinClass           : loaded 2 times (x 68B)
Class org.jetbrains.kotlin.metadata.ProtoBuf$Effect$InvocationKind$1                  : loaded 2 times (x 70B)
Class dagger.hilt.processor.internal.root.ir.ProcessedRootSentinelIr                  : loaded 2 times (x 68B)
Class org.sqlite.Function                                                             : loaded 2 times (x 69B)
Class dagger.internal.codegen.model.Binding                                           : loaded 2 times (x 66B)
Class dagger.internal.codegen.binding.InjectBindingRegistry                           : loaded 2 times (x 66B)
Class [Ldagger.internal.codegen.compileroption.FeatureStatus;                         : loaded 2 times (x 65B)
Class dagger.internal.codegen.validation.BindingMethodValidatorsModule_IndexValidatorsFactory: loaded 2 times (x 75B)
Class [Lcom.squareup.javapoet.TypeName;                                               : loaded 2 times (x 65B)
Class dagger.spi.internal.shaded.androidx.room.compiler.processing.ksp.KSTypeJavaPoetExtKt$typeVarNameConstructor$2: loaded 2 times (x 74B)
Class com.squareup.kotlinpoet.ClassName$special$$inlined$thenBy$1                     : loaded 2 times (x 86B)
Class dagger.spi.internal.shaded.androidx.room.compiler.processing.ksp.KspAnnotation$annotationValues$2: loaded 2 times (x 75B)
Class androidx.room.compiler.processing.ksp.KSClassDeclarationExtKt                   : loaded 2 times (x 67B)
Class androidx.room.DatabaseProcessingStep                                            : loaded 2 times (x 75B)
Class androidx.room.compiler.processing.XProcessingEnv$Companion                      : loaded 2 times (x 67B)
Class org.jetbrains.kotlin.resolve.calls.components.PostponedArgumentsAnalyzerContext : loaded 2 times (x 66B)
Class com.intellij.gradle.toolingExtension.impl.model.sourceSetModel.GradleSourceSetModelBuilder$3: loaded 2 times (x 79B)
Class com.google.common.collect.MultimapBuilder$MultimapBuilderWithKeys$5             : loaded 2 times (x 74B)
Class org.jetbrains.kotlin.types.AbstractTypeApproximator$WhenMappings                : loaded 2 times (x 67B)
Class com.google.common.collect.ImmutableListMultimap$Builder                         : loaded 2 times (x 79B)
Class com.intellij.gradle.toolingExtension.impl.model.dependencyModel.GradleDependencyResolver: loaded 2 times (x 68B)
Class kotlin.sequences.SequencesKt__SequencesKt$flatten$3                             : loaded 2 times (x 74B)
Class dagger.spi.internal.shaded.androidx.room.compiler.processing.ksp.KspProcessingEnv$typeElementStore$2: loaded 2 times (x 74B)
Class org.jetbrains.kotlin.load.java.structure.JavaWildcardType                       : loaded 2 times (x 66B)
Class org.jetbrains.kotlin.metadata.ProtoBuf$VersionRequirement                       : loaded 2 times (x 112B)
Class org.jetbrains.kotlin.resolve.jvm.KotlinJavaPsiFacade$1                          : loaded 2 times (x 74B)
Class org.jetbrains.kotlin.parsing.TokenStreamPattern                                 : loaded 2 times (x 66B)
Class dagger.internal.codegen.writing.MembersInjectorGenerator_Factory                : loaded 2 times (x 75B)
Class org.jetbrains.kotlin.config.AnalysisFlags$allowFullyQualifiedNameInKClass$2     : loaded 2 times (x 123B)
Class org.jetbrains.kotlin.load.kotlin.PackageAndMetadataPartProvider                 : loaded 2 times (x 66B)
Class kotlin.jvm.functions.Function14                                                 : loaded 2 times (x 66B)
Class org.jetbrains.kotlin.resolve.AnnotationsKt                                      : loaded 2 times (x 67B)
Class org.jetbrains.kotlin.diagnostics.DiagnosticFactoryForDeprecation1               : loaded 2 times (x 68B)
Class org.jetbrains.kotlin.diagnostics.PositioningStrategies$SUPERTYPE_INITIALIZED_IN_EXPECTED_CLASS_DIAGNOSTIC$1: loaded 2 times (x 70B)
Class org.jetbrains.kotlin.psi.KtLambdaArgument                                       : loaded 2 times (x 463B)
Class [Lorg.jetbrains.kotlin.psi.KtExpression;                                        : loaded 2 times (x 65B)
Class org.jetbrains.kotlin.KtNodeType                                                 : loaded 2 times (x 72B)
Class org.jetbrains.kotlin.storage.LockBasedStorageManager                            : loaded 2 times (x 104B)
Class dagger.internal.codegen.validation.AnyBindingMethodValidator                    : loaded 2 times (x 71B)
Class com.google.common.reflect.Types$JavaVersion$1                                   : loaded 2 times (x 79B)
Class com.google.common.cache.LocalCache$ValueReference                               : loaded 2 times (x 66B)
Class org.gradle.tooling.model.idea.IdeaLanguageLevel                                 : loaded 2 times (x 66B)
Class org.gradle.tooling.internal.adapter.ProtocolToModelAdapter$SafeMethodInvoker    : loaded 2 times (x 72B)
Class org.gradle.tooling.internal.adapter.WeakIdentityHashMap$WeakKey                 : loaded 2 times (x 75B)
Class org.gradle.internal.exceptions.DefaultMultiCauseException                       : loaded 2 times (x 91B)
Class dagger.hilt.processor.internal.root.ir.AggregatedRootIrValidator                : loaded 2 times (x 67B)
Class dagger.internal.codegen.base.Keys                                               : loaded 2 times (x 67B)
Class dagger.internal.codegen.validation.MapKeyValidator_Factory                      : loaded 2 times (x 75B)
Class dagger.internal.codegen.binding.ComponentDescriptor_Factory_Factory             : loaded 2 times (x 75B)
Class dagger.spi.internal.shaded.androidx.room.compiler.processing.ksp.KspMethodElement$jvmName$2: loaded 2 times (x 75B)
Class com.squareup.kotlinpoet.ClassName$special$$inlined$thenBy$2                     : loaded 2 times (x 86B)
Class com.squareup.kotlinpoet.Taggable                                                : loaded 2 times (x 66B)
Class androidx.room.compiler.processing.ksp.KspTypeElement$superClass$2               : loaded 2 times (x 75B)
Class dagger.spi.internal.shaded.androidx.room.compiler.processing.ksp.KspBasicAnnotationProcessor$commonDelegate$2: loaded 2 times (x 75B)
Class dagger.internal.codegen.extension.DaggerCollectors                              : loaded 2 times (x 67B)
Class androidx.room.compiler.processing.ksp.KspMethodElement$enclosingElement$2       : loaded 2 times (x 75B)
Class androidx.room.compiler.processing.ksp.KspMethodElement$KspNormalMethodElement$returnType$2: loaded 2 times (x 75B)
Class com.google.common.collect.MultimapBuilder$MultimapBuilderWithKeys$6             : loaded 2 times (x 72B)
Class org.jetbrains.kotlin.types.AbstractTypeMapper                                   : loaded 2 times (x 67B)
Class org.jetbrains.kotlin.types.model.TypeVariableMarker                             : loaded 2 times (x 66B)
Class kotlin.coroutines.jvm.internal.Boxing                                           : loaded 2 times (x 67B)
Class org.jetbrains.kotlin.types.AbstractTypeChecker                                  : loaded 2 times (x 67B)
Class org.jetbrains.kotlin.resolve.calls.inference.components.ConstraintInjector$Context: loaded 2 times (x 66B)
Class [Lorg.jetbrains.kotlin.load.java.typeEnhancement.TypeComponentPosition;         : loaded 2 times (x 65B)
Class org.jetbrains.kotlin.mpp.TypeParameterSymbolMarker                              : loaded 2 times (x 66B)
Class androidx.room.processor.Context$CommonTypes                                     : loaded 2 times (x 68B)
Class org.jetbrains.kotlin.utils.SmartList$SingletonIteratorBase                      : loaded 2 times (x 77B)
Class org.jetbrains.kotlin.resolve.jvm.KotlinJavaPsiFacade$2                          : loaded 2 times (x 73B)
Class dagger.hilt.processor.internal.root.AutoValue_AggregatedRootMetadata            : loaded 2 times (x 78B)
Class org.jetbrains.kotlin.types.model.TypeSubstitutorMarker                          : loaded 2 times (x 66B)
Class it.unimi.dsi.fastutil.ints.IntArrays$Segment                                    : loaded 2 times (x 67B)
Class org.jetbrains.kotlin.psi.KtSimpleNameExpressionImpl$Companion                   : loaded 2 times (x 67B)
Class it.unimi.dsi.fastutil.ints.IntBidirectionalIterator                             : loaded 2 times (x 66B)
Class org.jetbrains.kotlin.descriptors.SourceElement$1                                : loaded 2 times (x 70B)
Class org.gradle.api.internal.classpath.ManifestUtil                                  : loaded 2 times (x 67B)
Class kotlin.jvm.functions.Function15                                                 : loaded 2 times (x 66B)
Class org.jetbrains.kotlin.descriptors.annotations.Annotated                          : loaded 2 times (x 66B)
Class org.jetbrains.kotlin.resolve.checkers.CyclicAnnotationsChecker                  : loaded 2 times (x 70B)
Class org.jetbrains.kotlin.resolve.jvm.checkers.JvmArrayVariableInLoopAssignmentChecker: loaded 2 times (x 72B)
Class org.gradle.tooling.internal.adapter.ProtocolToModelAdapter$InvocationHandlerImpl: loaded 2 times (x 73B)
Class org.gradle.tooling.model.build.GradleEnvironment                                : loaded 2 times (x 66B)
Class org.jetbrains.kotlin.diagnostics.ClassicPositioningStrategies                   : loaded 2 times (x 67B)
Class org.jetbrains.kotlin.diagnostics.DiagnosticFactoryForDeprecation2               : loaded 2 times (x 68B)
Class org.jetbrains.kotlin.diagnostics.PositioningStrategies$ModifierSetBasedPositioningStrategy: loaded 2 times (x 72B)
Class org.jetbrains.kotlin.psi.KtWhenCondition                                        : loaded 2 times (x 375B)
Class org.jetbrains.kotlin.psi.KtPostfixExpression                                    : loaded 2 times (x 507B)
Class org.jetbrains.kotlin.psi.KtStringTemplateEntryWithExpression                    : loaded 2 times (x 443B)
Class org.jetbrains.kotlin.psi.stubs.impl.KotlinTypeBean                              : loaded 2 times (x 66B)
Class [Lorg.jetbrains.kotlin.psi.KtDeclarationContainer;                              : loaded 2 times (x 65B)
Class org.jetbrains.kotlin.platform.TargetPlatformKt                                  : loaded 2 times (x 67B)
Class org.jetbrains.kotlin.platform.SimplePlatform                                    : loaded 2 times (x 71B)
Class com.google.common.util.concurrent.ExecutionError                                : loaded 2 times (x 78B)
Class it.unimi.dsi.fastutil.ints.AbstractInt2ObjectMap                                : loaded 2 times (x 273B)
Class com.google.common.reflect.Types$JavaVersion$2                                   : loaded 2 times (x 79B)
Class com.google.common.reflect.Types                                                 : loaded 2 times (x 67B)
Class com.google.common.hash.PrimitiveSink                                            : loaded 2 times (x 66B)
Class com.android.builder.model.v2.ide.ProjectInfo                                    : loaded 2 times (x 66B)
Class org.jetbrains.kotlin.cli.common.arguments.CommonToolArguments                   : loaded 2 times (x 69B)
Class com.google.common.util.concurrent.AbstractFuture$Failure                        : loaded 2 times (x 68B)
Class com.google.common.base.PatternCompiler                                          : loaded 2 times (x 66B)
Class org.gradle.tooling.model.HierarchicalElement                                    : loaded 2 times (x 66B)
Class com.android.builder.model.v2.models.VariantDependenciesAdjacencyList            : loaded 2 times (x 66B)
Class com.squareup.javapoet.CodeBlock$CodeBlockJoiner                                 : loaded 2 times (x 68B)
Class [Ldagger.internal.codegen.binding.MembersInjectionBinding$InjectionSite$Kind;   : loaded 2 times (x 65B)
Class dagger.internal.codegen.model.AutoValue_DaggerTypeElement                       : loaded 2 times (x 71B)
Class dagger.internal.codegen.binding.DelegateDeclaration$Factory                     : loaded 2 times (x 68B)
Class dagger.internal.codegen.binding.MonitoringModules                               : loaded 2 times (x 71B)
Class [Ldagger.internal.codegen.compileroption.ProcessingEnvironmentCompilerOptions$Validation;: loaded 2 times (x 65B)
Class dagger.internal.codegen.binding.DependencyRequestFactory_Factory                : loaded 2 times (x 75B)
Class dagger.internal.codegen.ProcessingEnvironmentModule_ProcessingOptionsFactory    : loaded 2 times (x 75B)
Class dagger.internal.codegen.kotlin.KotlinMetadataUtil_Factory                       : loaded 2 times (x 75B)
Class [Lcom.squareup.javapoet.TypeSpec$Kind;                                          : loaded 2 times (x 65B)
Class dagger.spi.internal.shaded.androidx.room.compiler.processing.XVariableElement   : loaded 2 times (x 66B)
Class androidx.room.compiler.processing.ksp.KspHasModifiers$PropertyFieldAccessor     : loaded 2 times (x 88B)
Class androidx.room.compiler.processing.ksp.KspHasModifiers$PropertyField$setterModifiers$2: loaded 2 times (x 75B)
Class androidx.room.compiler.processing.XVariableElement                              : loaded 2 times (x 66B)
Class androidx.room.compiler.processing.ksp.KspTypeElement$enclosingTypeElement$2     : loaded 2 times (x 75B)
Class androidx.room.compiler.processing.ksp.KspAnnotated$UseSiteFilter$Impl           : loaded 2 times (x 71B)
Class com.intellij.gradle.toolingExtension.impl.model.dependencyModel.auxiliary.AuxiliaryConfigurationArtifacts: loaded 2 times (x 70B)
Class org.jetbrains.plugins.gradle.model.DefaultGradleConfiguration                   : loaded 2 times (x 75B)
Class com.intellij.openapi.diagnostic.DefaultLogger                                   : loaded 2 times (x 94B)
Class com.intellij.openapi.diagnostic.Attachment                                      : loaded 2 times (x 68B)
Class org.jetbrains.kotlin.resolve.checkers.DeclarationChecker                        : loaded 2 times (x 66B)
Class [Lorg.jetbrains.kotlin.psi.KtElement;                                           : loaded 2 times (x 65B)
Class [Lorg.jetbrains.kotlin.psi.KtDeclarationStub;                                   : loaded 2 times (x 65B)
Class org.jetbrains.kotlin.psi.KtExpressionWithLabel                                  : loaded 2 times (x 439B)
Class org.jetbrains.kotlin.diagnostics.DiagnosticFactory4                             : loaded 2 times (x 77B)
Class org.jetbrains.kotlin.container.PlatformSpecificExtension                        : loaded 2 times (x 66B)
Class org.jetbrains.kotlin.resolve.checkers.ApiVersionClassifierUsageChecker          : loaded 2 times (x 70B)
Class org.jetbrains.kotlin.load.java.structure.JavaTypeParameterListOwner             : loaded 2 times (x 66B)
Class org.jetbrains.kotlin.resolve.calls.model.PostponedResolvedAtomMarker            : loaded 2 times (x 66B)
Class org.jetbrains.kotlin.resolve.jvm.KotlinJavaPsiFacade$3                          : loaded 2 times (x 67B)
Class org.jetbrains.kotlin.resolve.calls.inference.model.ConstraintStorage            : loaded 2 times (x 66B)
Class org.jetbrains.kotlin.metadata.ProtoBuf$Expression$1                             : loaded 2 times (x 140B)
Class org.jetbrains.kotlin.builtins.jvm.JavaToKotlinClassMap                          : loaded 2 times (x 67B)
Class [Lorg.jetbrains.kotlin.descriptors.Modality;                                    : loaded 2 times (x 65B)
Class [Lorg.jetbrains.kotlin.types.model.KotlinTypeMarker;                            : loaded 2 times (x 65B)
Class org.jetbrains.kotlin.extensions.internal.CallResolutionInterceptorExtension     : loaded 2 times (x 66B)
Class kotlin.jvm.functions.Function16                                                 : loaded 2 times (x 66B)
Class org.jetbrains.kotlin.resolve.checkers.ExplicitApiDeclarationChecker$Companion   : loaded 2 times (x 67B)
Class org.jetbrains.kotlin.resolve.checkers.DelegationChecker                         : loaded 2 times (x 70B)
Class org.jetbrains.kotlin.diagnostics.DiagnosticFactoryForDeprecation3               : loaded 2 times (x 68B)
Class org.jetbrains.kotlin.diagnostics.PositioningStrategies$LONG_LITERAL_SUFFIX$1    : loaded 2 times (x 70B)
Class org.jetbrains.kotlin.psi.KtThisExpression                                       : loaded 2 times (x 440B)
Class org.jetbrains.kotlin.psi.stubs.elements.KtConstantExpressionElementType         : loaded 2 times (x 90B)
Class kotlin.SafePublicationLazyImpl$Companion                                        : loaded 2 times (x 67B)
Class kotlin.LazyKt                                                                   : loaded 2 times (x 67B)
Class com.google.common.reflect.Types$JavaVersion$3                                   : loaded 2 times (x 79B)
Class com.android.builder.model.v2.dsl.DependenciesInfo                               : loaded 2 times (x 66B)
Class org.objectweb.asm.Label                                                         : loaded 2 times (x 69B)
Class org.objectweb.asm.CurrentFrame                                                  : loaded 2 times (x 69B)
Class org.objectweb.asm.ClassTooLargeException                                        : loaded 2 times (x 79B)
Class org.gradle.internal.time.Time                                                   : loaded 2 times (x 67B)
Class kotlin.jvm.internal.MutablePropertyReference1                                   : loaded 2 times (x 133B)
Class [Lorg.jetbrains.kotlin.metadata.ProtoBuf$Modality;                              : loaded 2 times (x 65B)
Class dagger.internal.codegen.binding.DependencyVariableNamer                         : loaded 2 times (x 67B)
Class [Ldagger.internal.codegen.base.ModuleKind;                                      : loaded 2 times (x 65B)
Class dagger.internal.codegen.base.DaggerSuperficialValidation$ValidationException    : loaded 2 times (x 79B)
Class dagger.internal.codegen.compileroption.ProcessingEnvironmentCompilerOptions$Feature: loaded 2 times (x 86B)
Class dagger.hilt.processor.internal.aggregateddeps.PkgPrivateMetadata                : loaded 2 times (x 71B)
Class dagger.spi.internal.shaded.androidx.room.compiler.codegen.XClassName$Companion  : loaded 2 times (x 67B)
Class dagger.spi.internal.shaded.androidx.room.compiler.processing.ksp.KspTypeElement$className$2: loaded 2 times (x 75B)
Class androidx.room.compiler.processing.ksp.KspMemberContainer                        : loaded 2 times (x 66B)
Class org.jetbrains.plugins.gradle.model.tests.DefaultExternalTestsModel              : loaded 2 times (x 73B)
Class org.jetbrains.kotlin.idea.gradleTooling.reflect.TypeToken$Companion             : loaded 2 times (x 67B)
Class org.jetbrains.kotlin.types.model.TypeArgumentMarker                             : loaded 2 times (x 66B)
Class kotlin.jvm.internal.PropertyReference1Impl                                      : loaded 2 times (x 123B)
Class org.jetbrains.kotlin.load.kotlin.VirtualFileKotlinClass$Factory                 : loaded 2 times (x 67B)
Class org.jetbrains.kotlin.resolve.deprecation.DeprecationLevelValue                  : loaded 2 times (x 75B)
Class org.jetbrains.kotlin.load.java.structure.impl.classFiles.PlainJavaEnumValueAnnotationArgument: loaded 2 times (x 76B)
Class org.jetbrains.kotlin.descriptors.java.JavaVisibilities$ProtectedAndPackage      : loaded 2 times (x 75B)
Class org.jetbrains.kotlin.load.java.structure.JavaMember                             : loaded 2 times (x 66B)
Class org.jetbrains.kotlin.load.java.typeEnhancement.PredefinedEnhancementInfoKt      : loaded 2 times (x 67B)
Class org.jetbrains.kotlin.load.java.PropertiesConventionUtilKt                       : loaded 2 times (x 67B)
Class kotlin.InitializedLazyImpl                                                      : loaded 2 times (x 72B)
Class [Lorg.jetbrains.kotlin.resolve.calls.inference.model.ConstraintKind;            : loaded 2 times (x 65B)
Class org.jetbrains.kotlin.metadata.ProtoBuf$ExpressionOrBuilder                      : loaded 2 times (x 66B)
Class com.google.common.collect.MapMakerInternalMap$InternalEntryHelper               : loaded 2 times (x 66B)
Class org.jetbrains.kotlin.parsing.AbstractKotlinParsing$AtSet                        : loaded 2 times (x 74B)
Class org.jetbrains.kotlin.psi.psiUtil.KtPsiUtilKt                                    : loaded 2 times (x 67B)
Class [Lorg.jetbrains.kotlin.metadata.ProtoBuf$Type$Argument$Projection;              : loaded 2 times (x 65B)
Class org.jetbrains.kotlin.metadata.jvm.deserialization.ModuleMappingKt               : loaded 2 times (x 67B)
Class org.jetbrains.kotlin.cli.common.messages.MessageCollector$Companion$NONE$1      : loaded 2 times (x 72B)
Class kotlin.jvm.functions.Function17                                                 : loaded 2 times (x 66B)
Class org.jetbrains.kotlin.resolve.calls.checkers.ReifiedTypeParameterSubstitutionChecker: loaded 2 times (x 71B)
Class org.jetbrains.kotlin.resolve.sam.SamConversionResolver                          : loaded 2 times (x 66B)
Class org.jetbrains.kotlin.diagnostics.DiagnosticFactoryForDeprecation4               : loaded 2 times (x 68B)
Class org.jetbrains.kotlin.psi.KtLabelReferenceExpression                             : loaded 2 times (x 577B)
Class [Lorg.jetbrains.kotlin.psi.KtStatementExpression;                               : loaded 2 times (x 65B)
Class org.jetbrains.kotlin.psi.stubs.KotlinStubWithFqName                             : loaded 2 times (x 66B)
Class org.jetbrains.kotlin.resolve.jvm.checkers.ApiVersionIsAtLeastArgumentsChecker   : loaded 2 times (x 70B)
Class org.jetbrains.kotlin.load.kotlin.KotlinBinaryClassCache$cache$1                 : loaded 2 times (x 79B)
Class org.jetbrains.kotlin.utils.DFS$Neighbors                                        : loaded 2 times (x 66B)
Class com.google.common.collect.ImmutableBiMap$SerializedForm                         : loaded 2 times (x 71B)
Class com.google.common.reflect.Types$JavaVersion$4                                   : loaded 2 times (x 79B)
Class com.intellij.gradle.toolingExtension.impl.model.utilDummyModel.DefaultDummyModel: loaded 2 times (x 69B)
Class org.objectweb.asm.Frame                                                         : loaded 2 times (x 69B)
Class org.objectweb.asm.MethodVisitor                                                 : loaded 2 times (x 101B)
Class com.google.common.cache.LocalCache$EntryFactory$1                               : loaded 2 times (x 79B)
Class [Lcom.google.common.cache.RemovalListener;                                      : loaded 2 times (x 65B)
Class sync_studio_tooling_5urioukbr6lai3irk841ddvdy                                   : loaded 2 times (x 175B)
Class dagger.spi.internal.shaded.androidx.room.compiler.processing.ksp.KspProcessingEnv$jvmPlatformInfo$2: loaded 2 times (x 75B)
Class dagger.spi.internal.shaded.androidx.room.compiler.processing.ksp.KspProcessingEnv$typeElementStore$1: loaded 2 times (x 75B)
Class dagger.spi.internal.shaded.androidx.room.compiler.processing.util.NamingUtilsKt : loaded 2 times (x 67B)
Class dagger.internal.codegen.model.AutoValue_DaggerElement                           : loaded 2 times (x 70B)
Class dagger.spi.internal.shaded.androidx.room.compiler.processing.ksp.KspExecutableType: loaded 2 times (x 77B)
Class dagger.internal.codegen.base.DaggerSuperficialValidation$ValidationException$KnownErrorType: loaded 2 times (x 79B)
Class dagger.spi.internal.shaded.androidx.room.compiler.processing.ksp.KSClassDeclarationExtKt: loaded 2 times (x 67B)
Class dagger.spi.internal.shaded.androidx.room.compiler.processing.XEquality$Companion: loaded 2 times (x 67B)
Class androidx.room.compiler.processing.XType                                         : loaded 2 times (x 66B)
Class androidx.room.compiler.processing.ksp.KspAnnotation$annotationValues$2          : loaded 2 times (x 75B)
Class androidx.hilt.ClassNames                                                        : loaded 2 times (x 67B)
Class dagger.hilt.android.processor.internal.customtestapplication.CustomTestApplicationProcessingStep: loaded 2 times (x 83B)
Class androidx.room.compiler.processing.ksp.KspTypeElement$Companion                  : loaded 2 times (x 67B)
Class androidx.room.compiler.processing.ksp.KspAnnotated$KSAnnotatedDelegate$annotations$1: loaded 2 times (x 75B)
Class dagger.spi.internal.shaded.androidx.room.compiler.processing.XAnnotated         : loaded 2 times (x 66B)
Class org.jetbrains.kotlin.load.java.SpecialGenericSignatures$TypeSafeBarrierDescription: loaded 2 times (x 76B)
Class org.jetbrains.kotlin.resolve.calls.inference.components.ConstraintSystemCompletionMode: loaded 2 times (x 75B)
Class org.jetbrains.org.objectweb.asm.MethodWriter                                    : loaded 2 times (x 101B)
Class org.jetbrains.kotlin.util.NullableArrayMapAccessor                              : loaded 2 times (x 70B)
Class org.jetbrains.kotlin.load.java.JavaNullabilityAnnotationsStatus$Companion       : loaded 2 times (x 67B)
Class org.jetbrains.kotlin.metadata.jvm.JvmProtoBuf$JvmPropertySignature$1            : loaded 2 times (x 140B)
Class org.jetbrains.kotlin.metadata.ProtoBuf$EnumEntryOrBuilder                       : loaded 2 times (x 66B)
Class org.jetbrains.kotlin.metadata.jvm.deserialization.JvmMetadataVersion$Companion  : loaded 2 times (x 67B)
Class org.jetbrains.kotlin.container.ConstructorInfo                                  : loaded 2 times (x 68B)
Class kotlin.jvm.functions.Function18                                                 : loaded 2 times (x 66B)
Class org.jetbrains.kotlin.descriptors.ValidateableDescriptor                         : loaded 2 times (x 66B)
Class org.jetbrains.kotlin.resolve.calls.checkers.UnderscoreUsageChecker              : loaded 2 times (x 70B)
Class [Lorg.jetbrains.kotlin.psi.KtSimpleNameStringTemplateEntry;                     : loaded 2 times (x 65B)
Class dagger.spi.internal.shaded.androidx.room.compiler.processing.ksp.KspType$superTypes$2: loaded 2 times (x 75B)
Class dagger.internal.codegen.binding.SubcomponentDeclaration_Factory_Factory         : loaded 2 times (x 75B)
Class com.google.common.reflect.Types$JavaVersion$5                                   : loaded 2 times (x 67B)
Class [Lcom.google.common.reflect.Types$ClassOwnership;                               : loaded 2 times (x 65B)
Class dagger.internal.codegen.bindinggraphvalidation.DependencyCycleValidator_Factory : loaded 2 times (x 75B)
Class com.google.common.cache.LocalCache$EntryFactory$2                               : loaded 2 times (x 79B)
Class org.gradle.api.internal.classpath.GlobalCacheRootsProvider                      : loaded 2 times (x 66B)
Class dagger.internal.codegen.model.AutoValue_DaggerProcessingEnv                     : loaded 2 times (x 71B)
Class [Lcom.squareup.javapoet.ClassName;                                              : loaded 2 times (x 65B)
Class dagger.spi.internal.shaded.androidx.room.compiler.processing.ksp.KspExecutableType$parameterTypes$2: loaded 2 times (x 75B)
Class androidx.room.compiler.processing.ksp.KspMethodElement$parameters$2             : loaded 2 times (x 75B)
Class dagger.hilt.android.processor.internal.viewmodel.ViewModelValidationPluginKt$WhenMappings: loaded 2 times (x 67B)
Class dagger.internal.codegen.processingstep.ProcessingStepsModule                    : loaded 2 times (x 66B)
Class dagger.internal.codegen.validation.ValidationBindingGraphPlugins                : loaded 2 times (x 68B)
Class dagger.internal.codegen.DelegateComponentProcessor_SourceFileGeneratorsModule_MembersInjectorGeneratorFactory: loaded 2 times (x 75B)
Class dagger.internal.codegen.base.DaggerSuperficialValidation                        : loaded 2 times (x 68B)
Class dagger.internal.codegen.binding.BindingFactory_Factory                          : loaded 2 times (x 75B)
Class dagger.hilt.android.processor.internal.androidentrypoint.$AutoValue_AndroidEntryPointMetadata: loaded 2 times (x 88B)
Class dagger.spi.internal.shaded.androidx.room.compiler.processing.ksp.KspType$xTypeName$2: loaded 2 times (x 75B)
Class androidx.room.compiler.processing.ksp.KspAnnotation$wrap$$inlined$sortedBy$1    : loaded 2 times (x 86B)
Class androidx.room.compiler.processing.XMessager                                     : loaded 2 times (x 69B)
Class androidx.room.compiler.processing.XProcessingStep                               : loaded 2 times (x 66B)
Class dagger.hilt.processor.internal.generatesrootinput.KspGeneratesRootInputProcessor$Provider: loaded 2 times (x 70B)
Class org.gradle.internal.impldep.com.google.common.base.Objects                      : loaded 2 times (x 67B)
Class dagger.internal.codegen.model.AutoValue_Scope                                   : loaded 2 times (x 69B)
Class dagger.internal.codegen.compileroption.ValidationType$1                         : loaded 2 times (x 67B)
Class org.sqlite.SQLiteJDBCLoader                                                     : loaded 2 times (x 67B)
Class org.gradle.internal.classloader.ClassLoaderHierarchy                            : loaded 2 times (x 66B)
Class com.google.common.collect.Multimaps                                             : loaded 2 times (x 67B)
Class org.jetbrains.kotlin.resolve.calls.results.FlatSignature                        : loaded 2 times (x 68B)
Class org.jetbrains.kotlin.utils.DFS$VisitedWithSet                                   : loaded 2 times (x 72B)
Class [Lcom.google.common.base.AbstractIterator$State;                                : loaded 2 times (x 65B)
Class org.jetbrains.kotlin.load.java.structure.JavaArrayAnnotationArgument            : loaded 2 times (x 66B)
Class org.jetbrains.kotlin.resolve.calls.inference.components.ConstraintIncorporator$Context: loaded 2 times (x 66B)
Class org.jetbrains.kotlin.name.State                                                 : loaded 2 times (x 75B)
Class org.jetbrains.kotlin.serialization.deserialization.ProtoEnumFlags$WhenMappings  : loaded 2 times (x 67B)
Class org.jetbrains.kotlin.load.java.ReportLevel                                      : loaded 2 times (x 75B)
Class it.unimi.dsi.fastutil.ints.IntArrays$ForkJoinQuickSort                          : loaded 2 times (x 92B)
Class it.unimi.dsi.fastutil.objects.ObjectArrays$ForkJoinQuickSort2                   : loaded 2 times (x 92B)
Class org.jetbrains.kotlin.psi.psiUtil.PsiUtilsKt                                     : loaded 2 times (x 67B)
Class kotlin.reflect.KMutableProperty$Setter                                          : loaded 2 times (x 66B)
Class kotlin.jvm.functions.Function19                                                 : loaded 2 times (x 66B)
Class org.jetbrains.kotlin.resolve.checkers.DeclarationCheckerContext                 : loaded 2 times (x 74B)
Class org.jetbrains.kotlin.resolve.lazy.AbsentDescriptorHandler                       : loaded 2 times (x 66B)
Class org.jetbrains.kotlin.resolve.calls.checkers.SynchronizedByValueChecker          : loaded 2 times (x 70B)
Class [Lorg.jetbrains.kotlin.psi.KtClassLikeDeclaration;                              : loaded 2 times (x 65B)
Class kotlin.Lazy                                                                     : loaded 2 times (x 66B)
Class org.jetbrains.kotlin.config.CompilerConfigurationKey                            : loaded 2 times (x 68B)
Class org.jetbrains.kotlin.resolve.jvm.checkers.EnumDeclaringClassDeprecationChecker  : loaded 2 times (x 70B)
Class com.google.common.collect.CollectCollectors                                     : loaded 2 times (x 67B)
Class org.objectweb.asm.ModuleWriter                                                  : loaded 2 times (x 78B)
Class com.google.common.cache.LocalCache$EntryFactory$3                               : loaded 2 times (x 79B)
Class com.google.common.base.Ticker$1                                                 : loaded 2 times (x 68B)
Class org.gradle.tooling.model.BuildIdentifier                                        : loaded 2 times (x 66B)
Class org.jetbrains.kotlin.psi.KtEnumEntry                                            : loaded 2 times (x 1121B)
Class dagger.hilt.processor.internal.root.AutoValue_ProcessedRootSentinelMetadata     : loaded 2 times (x 70B)
Class androidx.room.log.RLog                                                          : loaded 2 times (x 68B)
Class dagger.internal.codegen.validation.ComponentCreatorValidator                    : loaded 2 times (x 71B)
Class dagger.internal.codegen.binding.OptionalBindingDeclaration                      : loaded 2 times (x 70B)
Class dagger.internal.codegen.binding.$AutoValue_MultibindingDeclaration              : loaded 2 times (x 75B)
Class dagger.internal.codegen.binding.BindsTypeChecker                                : loaded 2 times (x 68B)
Class dagger.internal.codegen.validation.BindingElementValidator                      : loaded 2 times (x 74B)
Class dagger.internal.codegen.xprocessing.XTypeElements                               : loaded 2 times (x 67B)
Class org.jetbrains.kotlin.idea.gradleTooling.reflect.GradleReflectionLogger          : loaded 2 times (x 71B)
Class org.jetbrains.kotlin.psi.KtDynamicType                                          : loaded 2 times (x 508B)
Class org.jetbrains.kotlin.diagnostics.DiagnosticFactory3                             : loaded 2 times (x 77B)
Class com.google.common.collect.MultimapBuilder$1                                     : loaded 2 times (x 78B)
Class org.jetbrains.kotlin.resolve.calls.checkers.EnumEntriesUnsupportedChecker       : loaded 2 times (x 70B)
Class org.jetbrains.kotlin.load.kotlin.VirtualFileFinder                              : loaded 2 times (x 85B)
Class org.jetbrains.kotlin.metadata.ProtoBuf$ContractOrBuilder                        : loaded 2 times (x 66B)
Class org.jetbrains.kotlin.types.AbstractTypeChecker$WhenMappings                     : loaded 2 times (x 67B)
Class org.jetbrains.kotlin.load.java.structure.JavaConstructor                        : loaded 2 times (x 66B)
Class org.jetbrains.org.objectweb.asm.RecordComponentVisitor                          : loaded 2 times (x 73B)
Class [Lorg.jetbrains.kotlin.metadata.ProtoBuf$Expression$ConstantValue;              : loaded 2 times (x 65B)
Class org.jetbrains.kotlin.metadata.ProtoBuf$Effect                                   : loaded 2 times (x 109B)
Class org.jetbrains.kotlin.mpp.ValueParameterSymbolMarker                             : loaded 2 times (x 66B)
Class org.jetbrains.kotlin.utils.SortUtilsKt$topologicalSort$1                        : loaded 2 times (x 70B)
Class org.jetbrains.kotlin.storage.LockBasedStorageManager$NotValue                   : loaded 2 times (x 75B)
Class org.jetbrains.kotlin.serialization.deserialization.AnnotationLoader             : loaded 2 times (x 66B)
Class org.jetbrains.kotlin.resolve.diagnostics.DiagnosticSuppressor                   : loaded 2 times (x 66B)
Class org.jetbrains.kotlin.config.AnalysisFlags$skipMetadataVersionCheck$2            : loaded 2 times (x 123B)
Class org.jetbrains.kotlin.types.model.AnnotationMarker                               : loaded 2 times (x 66B)
Class org.jetbrains.kotlin.resolve.calls.checkers.SelfCallInNestedObjectConstructorChecker: loaded 2 times (x 70B)
Class org.jetbrains.kotlin.container.ComponentRegistry                                : loaded 2 times (x 68B)
Class [Lorg.jetbrains.kotlin.resolve.checkers.ClassifierUsageChecker;                 : loaded 2 times (x 65B)
Class org.jetbrains.kotlin.diagnostics.PositioningStrategies$TYPE_PARAMETERS_LIST$1   : loaded 2 times (x 70B)
Class org.jetbrains.kotlin.psi.KtDoubleColonExpression                                : loaded 2 times (x 66B)
Class [Lorg.jetbrains.kotlin.psi.KtFunctionType;                                      : loaded 2 times (x 65B)
Class org.jetbrains.kotlin.psi.stubs.KotlinBackingFieldStub                           : loaded 2 times (x 66B)
Class org.jetbrains.kotlin.psi.stubs.elements.KtPropertyAccessorElementType           : loaded 2 times (x 93B)
Class org.jetbrains.kotlin.diagnostics.DiagnosticFactory$Companion                    : loaded 2 times (x 67B)
Class org.jetbrains.kotlin.cli.jvm.compiler.JavaLanguageLevelKt                       : loaded 2 times (x 67B)
Class org.jetbrains.kotlin.cli.common.PropertiesKt                                    : loaded 2 times (x 67B)
Class com.android.builder.model.v2.ide.VectorDrawablesOptions                         : loaded 2 times (x 66B)
Class com.google.common.cache.LocalCache$EntryFactory$4                               : loaded 2 times (x 79B)
Class org.jetbrains.kotlin.protobuf.Utf8                                              : loaded 2 times (x 67B)
Class androidx.room.BuiltInTypeConverters$State                                       : loaded 2 times (x 75B)
Class dagger.internal.codegen.langmodel.Accessibility                                 : loaded 2 times (x 67B)
Class dagger.spi.internal.shaded.androidx.room.compiler.processing.ksp.KspExecutableParameterElement$closestMemberContainer$2: loaded 2 times (x 75B)
Class dagger.internal.codegen.validation.SpiModelBindingGraphConverter$DiagnosticReporterImpl: loaded 2 times (x 72B)
Class dagger.spi.internal.shaded.androidx.room.compiler.processing.ksp.KspMethodElement$executableType$2: loaded 2 times (x 75B)
Class com.squareup.javapoet.CodeBlock                                                 : loaded 2 times (x 68B)
Class com.squareup.javapoet.AnnotationSpec                                            : loaded 2 times (x 68B)
Class [Ldagger.spi.internal.shaded.androidx.room.compiler.processing.XNullability;    : loaded 2 times (x 65B)
Class org.jetbrains.kotlin.resolve.jvm.extensions.AnalysisHandlerExtension$Companion  : loaded 2 times (x 68B)
Class com.intellij.gradle.toolingExtension.impl.model.dependencyModel.GradleDependencyTraverser: loaded 2 times (x 76B)
Class org.jetbrains.kotlin.types.extensions.TypeAttributeTranslators                  : loaded 2 times (x 68B)
Class com.intellij.gradle.toolingExtension.impl.model.sourceSetDependencyModel.DefaultGradleSourceSetDependencyModel: loaded 2 times (x 73B)
Class com.google.common.collect.MultimapBuilder$2                                     : loaded 2 times (x 78B)
Class com.google.common.collect.MultimapBuilder$MultimapBuilderWithKeys               : loaded 2 times (x 78B)
Class org.jetbrains.kotlin.codegen.extensions.ClassBuilderInterceptorExtension        : loaded 2 times (x 66B)
Class org.jetbrains.kotlin.load.kotlin.TypeMappingMode                                : loaded 2 times (x 68B)
Class org.jetbrains.kotlin.types.model.CaptureStatus                                  : loaded 2 times (x 75B)
Class org.jetbrains.kotlin.types.model.StubTypeMarker                                 : loaded 2 times (x 66B)
Class org.jetbrains.org.objectweb.asm.Context                                         : loaded 2 times (x 68B)
Class org.jetbrains.kotlin.progress.ProgressIndicatorAndCompilationCanceledStatus     : loaded 2 times (x 67B)
Class org.jetbrains.kotlin.mpp.PropertySymbolMarker                                   : loaded 2 times (x 66B)
Class [Lorg.jetbrains.kotlin.types.Variance;                                          : loaded 2 times (x 65B)
Class org.jetbrains.kotlin.descriptors.Visibility                                     : loaded 2 times (x 75B)
Class org.jetbrains.kotlin.utils.WrappedValues$WrappedProcessCanceledException        : loaded 2 times (x 78B)
Class org.jetbrains.kotlin.builtins.functions.FunctionTypeKind$KFunction              : loaded 2 times (x 72B)
Class org.jetbrains.kotlin.resolve.extensions.SyntheticResolveExtension$Companion     : loaded 2 times (x 68B)
Class org.jetbrains.kotlin.protobuf.RopeByteString$RopeInputStream                    : loaded 2 times (x 88B)
Class org.jetbrains.kotlin.protobuf.CodedInputStream                                  : loaded 2 times (x 68B)
Class org.jetbrains.kotlin.resolve.calls.checkers.UnitConversionCallChecker           : loaded 2 times (x 70B)
Class org.jetbrains.kotlin.container.ComponentStorageState                            : loaded 2 times (x 75B)
Class org.jetbrains.kotlin.diagnostics.PositioningStrategies$REDUNDANT_NULLABLE$1     : loaded 2 times (x 70B)
Class org.jetbrains.kotlin.psi.stubs.elements.KtAnnotationEntryElementType            : loaded 2 times (x 94B)
Class it.unimi.dsi.fastutil.ints.AbstractInt2ObjectFunction                           : loaded 2 times (x 158B)
Class com.android.builder.model.v2.ide.Edge                                           : loaded 2 times (x 66B)
Class com.google.common.cache.LocalCache$EntryFactory$5                               : loaded 2 times (x 79B)
Class org.gradle.tooling.model.build.JavaEnvironment                                  : loaded 2 times (x 66B)
Class androidx.room.compiler.processing.ksp.KspHasModifiers$Declaration               : loaded 2 times (x 88B)
Class dagger.internal.codegen.kotlin.KotlinMetadataFactory_Factory                    : loaded 2 times (x 74B)
Class dagger.internal.InstanceFactory                                                 : loaded 2 times (x 78B)
Class dagger.hilt.processor.internal.root.AggregatedRootGenerator                     : loaded 2 times (x 68B)
Class dagger.hilt.android.processor.internal.viewmodel.ViewModelMetadata$Companion    : loaded 2 times (x 67B)
Class dagger.spi.internal.shaded.androidx.room.compiler.processing.ksp.KSAsMemberOfKt : loaded 2 times (x 67B)
Class dagger.hilt.processor.internal.ClassNames                                       : loaded 2 times (x 67B)
Class androidx.room.compiler.processing.ksp.KSTypeVarianceResolverScope$needsWildcardResolution$2: loaded 2 times (x 75B)
Class [Landroidx.room.compiler.processing.ksp.synthetic.KspSyntheticPropertyMethodElement;: loaded 2 times (x 65B)
Class androidx.room.compiler.processing.ksp.KspAnnotation$defaultValues$2             : loaded 2 times (x 75B)
Class dagger.spi.internal.shaded.androidx.room.compiler.processing.XProcessingEnv$Backend: loaded 2 times (x 75B)
Class androidx.room.compiler.processing.XProcessingEnv                                : loaded 2 times (x 66B)
Class [Lorg.jetbrains.kotlin.metadata.ProtoBuf$Visibility;                            : loaded 2 times (x 65B)
Class it.unimi.dsi.fastutil.Stack                                                     : loaded 2 times (x 66B)
Class org.jetbrains.kotlin.parsing.KotlinParsing$3                                    : loaded 2 times (x 108B)
Class org.jetbrains.kotlin.psi.KtStubbedPsiUtil                                       : loaded 2 times (x 67B)
Class com.google.common.collect.MultimapBuilder$3                                     : loaded 2 times (x 79B)
Class org.jetbrains.kotlin.metadata.ProtoBuf$1                                        : loaded 2 times (x 67B)
Class org.jetbrains.kotlin.types.TypeApproximatorConfiguration                        : loaded 2 times (x 82B)
Class org.jetbrains.kotlin.types.model.TypeVariance                                   : loaded 2 times (x 75B)
Class org.jetbrains.kotlin.utils.WrappedValues$ThrowableWrapper                       : loaded 2 times (x 68B)
Class org.jetbrains.kotlin.utils.SortUtilsKt                                          : loaded 2 times (x 67B)
Class [Lorg.jetbrains.kotlin.parsing.KotlinParsing$AnnotationParsingMode;             : loaded 2 times (x 65B)
Class org.jetbrains.kotlin.resolve.extensions.AssignResolutionAltererExtension$Companion: loaded 2 times (x 68B)
Class org.jetbrains.kotlin.protobuf.MessageLite$Builder                               : loaded 2 times (x 66B)
Class [Lkotlin.reflect.KProperty;                                                     : loaded 2 times (x 65B)
Class org.jetbrains.kotlin.mpp.DeclarationSymbolMarker                                : loaded 2 times (x 66B)
Class org.jetbrains.kotlin.container.ClassTraversalCache                              : loaded 2 times (x 67B)
Class org.jetbrains.kotlin.resolve.checkers.ExpectActualClassifiersAreInBetaChecker   : loaded 2 times (x 70B)
Class org.jetbrains.kotlin.container.ComponentContainer                               : loaded 2 times (x 66B)
Class org.jetbrains.kotlin.psi.stubs.KotlinPlaceHolderStub                            : loaded 2 times (x 66B)
Class org.jetbrains.kotlin.psi.stubs.KotlinCallableStubBase                           : loaded 2 times (x 66B)
Class org.jetbrains.kotlin.config.JvmAnalysisFlags$enableJvmPreview$2                 : loaded 2 times (x 123B)
Class org.jetbrains.kotlin.config.JVMAssertionsMode$Companion                         : loaded 2 times (x 67B)
Class com.android.builder.model.v2.ide.SourceSetContainer                             : loaded 2 times (x 66B)
Class com.google.common.cache.LocalCache$EntryFactory$6                               : loaded 2 times (x 79B)
Class org.gradle.internal.time.Timer                                                  : loaded 2 times (x 66B)
Class org.gradle.internal.installation.CurrentGradleInstallationLocator               : loaded 2 times (x 67B)
Class org.sqlite.Collation                                                            : loaded 2 times (x 69B)
Class [Ldagger.internal.codegen.binding.FrameworkType;                                : loaded 2 times (x 65B)
Class dagger.spi.internal.shaded.androidx.room.compiler.processing.ksp.KspMethodType$KspNormalMethodType: loaded 2 times (x 86B)
Class dagger.internal.codegen.model.AutoValue_DependencyRequest$Builder               : loaded 2 times (x 73B)
Class dagger.spi.internal.shaded.androidx.room.compiler.processing.XMethodType        : loaded 2 times (x 66B)
Class dagger.internal.codegen.validation.ComponentHierarchyValidator                  : loaded 2 times (x 68B)
Class dagger.internal.codegen.writing.ProducerFactoryGenerator$MultiArgFutureTransform: loaded 2 times (x 74B)
Class dagger.internal.codegen.validation.BindsInstanceMethodValidator$Validator       : loaded 2 times (x 73B)
Class dagger.internal.codegen.binding.BindingGraphConverter_Factory                   : loaded 2 times (x 75B)
Class dagger.spi.internal.shaded.androidx.room.compiler.codegen.XTypeName$Companion   : loaded 2 times (x 67B)
Class androidx.room.compiler.processing.ksp.KspTypeElement$packageName$2              : loaded 2 times (x 75B)
Class dagger.hilt.processor.internal.aggregateddeps.AggregatedDepsProcessingStep      : loaded 2 times (x 83B)
Class dagger.spi.internal.shaded.androidx.room.compiler.processing.XProcessingEnvConfig$Builder: loaded 2 times (x 68B)
Class dagger.hilt.processor.internal.aliasof.KspAliasOfProcessor$Provider             : loaded 2 times (x 70B)
Class com.android.ide.gradle.model.impl.GradlePluginModelImpl                         : loaded 2 times (x 71B)
Class [Lorg.jetbrains.kotlin.load.java.ReportLevel;                                   : loaded 2 times (x 65B)
Class com.google.common.collect.MultimapBuilder$4                                     : loaded 2 times (x 79B)
Class [Lcom.google.common.collect.MapMakerInternalMap$Segment;                        : loaded 2 times (x 65B)
Class org.jetbrains.kotlin.load.kotlin.KotlinJvmBinaryClass$MethodAnnotationVisitor   : loaded 2 times (x 66B)
Class org.jetbrains.kotlin.metadata.ProtoBuf$VersionRequirement$Level$1               : loaded 2 times (x 70B)
Class org.jetbrains.kotlin.util.AttributeArrayOwner                                   : loaded 2 times (x 78B)
Class org.jetbrains.kotlin.lexer.KotlinLexerException                                 : loaded 2 times (x 78B)
Class org.jetbrains.kotlin.load.kotlin.FacadeClassSource                              : loaded 2 times (x 66B)
Class [Lkotlin.io.FileWalkDirection;                                                  : loaded 2 times (x 65B)
Class org.jetbrains.kotlin.protobuf.FieldSet$1                                        : loaded 2 times (x 67B)
Class org.jetbrains.kotlin.metadata.builtins.BuiltInsProtoBuf                         : loaded 2 times (x 67B)
Class [Lorg.jetbrains.kotlin.cli.jvm.modules.CoreJrtVirtualFile;                      : loaded 2 times (x 65B)
Class org.jetbrains.kotlin.resolve.BindingTrace                                       : loaded 2 times (x 66B)
Class org.jetbrains.kotlin.resolve.checkers.TrailingCommaDeclarationChecker           : loaded 2 times (x 70B)
Class org.jetbrains.kotlin.resolve.jvm.checkers.JvmSimpleNameBacktickChecker          : loaded 2 times (x 71B)
Class [Lorg.jetbrains.kotlin.psi.KtCollectionLiteralExpression;                       : loaded 2 times (x 65B)
Class [Lorg.jetbrains.kotlin.psi.KtValueArgumentName;                                 : loaded 2 times (x 65B)
Class [Lorg.jetbrains.kotlin.psi.KtIntersectionType;                                  : loaded 2 times (x 65B)
Class org.jetbrains.kotlin.psi.stubs.KotlinAnnotationUseSiteTargetStub                : loaded 2 times (x 66B)
Class org.jetbrains.kotlin.psi.stubs.elements.KtModifierListElementType               : loaded 2 times (x 93B)
Class org.jetbrains.kotlin.psi.stubs.elements.KtParameterElementType                  : loaded 2 times (x 94B)
Class org.jetbrains.kotlin.cli.jvm.compiler.KotlinCliJavaFileManagerImpl$Companion    : loaded 2 times (x 67B)
Class org.jetbrains.kotlin.load.kotlin.FileBasedKotlinClass$OuterAndInnerName         : loaded 2 times (x 68B)
Class com.google.common.collect.Maps$KeySet                                           : loaded 2 times (x 133B)
Class com.android.builder.model.v2.ide.LintOptions                                    : loaded 2 times (x 66B)
Class com.google.common.cache.LocalCache$EntryFactory$7                               : loaded 2 times (x 79B)
Class com.google.common.collect.ImmutableSet$EmptySetBuilderImpl                      : loaded 2 times (x 72B)
Class org.gradle.tooling.internal.adapter.ProtocolToModelAdapter$ViewGraphDetails     : loaded 2 times (x 68B)
Class org.gradle.tooling.model.idea.IdeaProject                                       : loaded 2 times (x 66B)
Class org.gradle.tooling.model.DomainObjectSet                                        : loaded 2 times (x 66B)
Class org.gradle.internal.service.DefaultServiceLocator                               : loaded 2 times (x 79B)
Class org.jetbrains.kotlin.load.kotlin.KotlinClassFinder$Result$ClassFileContent      : loaded 2 times (x 68B)
Class org.jetbrains.kotlin.load.java.structure.JavaMethod                             : loaded 2 times (x 66B)
Class org.jetbrains.kotlin.resolve.calls.inference.components.ResultTypeResolver$Context: loaded 2 times (x 66B)
Class dagger.spi.internal.shaded.androidx.room.compiler.processing.ksp.KspTypeElement$superInterfaces$2$1: loaded 2 times (x 74B)
Class dagger.spi.internal.shaded.androidx.room.compiler.processing.ksp.KspHasModifiers$PropertyField$acceptDeclarationModifiers$2$WhenMappings: loaded 2 times (x 67B)
Class dagger.internal.codegen.xprocessing.XExecutableTypes                            : loaded 2 times (x 67B)
Class dagger.internal.codegen.processingstep.ModuleProcessingStep                     : loaded 2 times (x 82B)
Class dagger.internal.codegen.bindinggraphvalidation.InjectBindingValidator           : loaded 2 times (x 81B)
Class dagger.internal.codegen.processingstep.AssistedProcessingStep                   : loaded 2 times (x 82B)
Class dagger.internal.codegen.componentgenerator.TopLevelImplementationComponent$Factory: loaded 2 times (x 66B)
Class dagger.spi.internal.shaded.androidx.room.compiler.processing.ksp.KSTypeKotlinPoetExtKt$WhenMappings: loaded 2 times (x 67B)
Class dagger.spi.internal.shaded.androidx.room.compiler.codegen.XTypeNameKt           : loaded 2 times (x 67B)
Class dagger.spi.internal.shaded.androidx.room.compiler.processing.ksp.KspAnnotated$KSAnnotatedDelegate$annotations$1: loaded 2 times (x 75B)
Class androidx.room.compiler.processing.ksp.KspFieldElement$type$2                    : loaded 2 times (x 75B)
Class dagger.spi.internal.shaded.androidx.room.compiler.processing.ksp.KspProcessingEnv$executableElementStore$1: loaded 2 times (x 75B)
Class androidx.room.compiler.processing.ksp.KspProcessingEnv$typeElementStore$1       : loaded 2 times (x 75B)
Class dagger.hilt.processor.internal.root.KspComponentTreeDepsProcessor$Provider      : loaded 2 times (x 70B)
Class org.jetbrains.kotlin.resolve.calls.inference.model.Constraint                   : loaded 2 times (x 68B)
Class org.jetbrains.kotlin.idea.gradleTooling.KotlinGradlePluginVersion$Companion     : loaded 2 times (x 67B)
Class com.google.common.collect.SortedSetMultimap                                     : loaded 2 times (x 66B)
Class com.intellij.gradle.toolingExtension.impl.model.utilTurnOffDefaultTasksModel.DefaultTurnOffDefaultTasks: loaded 2 times (x 67B)
Class androidx.room.compiler.processing.ksp.KspBasicAnnotationProcessor$commonDelegate$2: loaded 2 times (x 75B)
Class androidx.room.compiler.processing.ksp.KspTypeElement$superInterfaces$2          : loaded 2 times (x 75B)
Class dagger.internal.codegen.bindinggraphvalidation.NullableBindingValidator_Factory : loaded 2 times (x 75B)
Class sync_studio_tooling3804_315evb2k3sbyi08vwug388cli                               : loaded 2 times (x 175B)
Class dagger.internal.codegen.compileroption.ProcessingEnvironmentCompilerOptions$EnumOption: loaded 2 times (x 66B)
Class com.google.common.collect.Maps$EntrySet                                         : loaded 2 times (x 132B)
Class [Lorg.jetbrains.kotlin.psi.KtElementImpl;                                       : loaded 2 times (x 65B)
Class org.jetbrains.kotlin.load.java.typeEnhancement.TypeComponentPositionKt          : loaded 2 times (x 67B)
Class org.jetbrains.kotlin.load.kotlin.KotlinClassFinderKt                            : loaded 2 times (x 67B)
Class org.jetbrains.kotlin.load.kotlin.MemberSignature$Companion                      : loaded 2 times (x 67B)
Class org.jetbrains.kotlin.cli.jvm.compiler.KotlinCliJavaFileManagerImplKt            : loaded 2 times (x 67B)
Class [Lorg.jetbrains.kotlin.storage.LockBasedStorageManager$NotValue;                : loaded 2 times (x 65B)
Class org.jetbrains.kotlin.parsing.FirstBefore                                        : loaded 2 times (x 80B)
Class org.jetbrains.kotlin.metadata.ProtoBuf$Class$Kind$1                             : loaded 2 times (x 70B)
Class org.jetbrains.kotlin.load.kotlin.PackagePartClassUtils                          : loaded 2 times (x 67B)
Class kotlin.io.FileTreeWalk                                                          : loaded 2 times (x 71B)
Class org.jetbrains.kotlin.extensions.PreprocessedVirtualFileFactoryExtension         : loaded 2 times (x 66B)
Class org.jetbrains.kotlin.extensions.TypeAttributeTranslatorExtension$Companion      : loaded 2 times (x 68B)
Class org.jetbrains.kotlin.extensions.TypeAttributeTranslatorExtension                : loaded 2 times (x 66B)
Class org.jetbrains.kotlin.protobuf.SmallSortedMap$Entry                              : loaded 2 times (x 84B)
Class org.jetbrains.kotlin.metadata.ProtoBuf$Package$1                                : loaded 2 times (x 140B)
Class org.jetbrains.kotlin.load.kotlin.PackagePartProvider                            : loaded 2 times (x 66B)
Class dagger.internal.codegen.compileroption.ProcessingEnvironmentCompilerOptions$Validation$1: loaded 2 times (x 89B)
Class org.jetbrains.kotlin.descriptors.ClassDescriptor                                : loaded 2 times (x 66B)
Class kotlin.reflect.KMutableProperty0                                                : loaded 2 times (x 66B)
Class kotlin.reflect.KClassifier                                                      : loaded 2 times (x 66B)
Class org.jetbrains.kotlin.resolve.calls.checkers.DeprecatedCallChecker               : loaded 2 times (x 70B)
Class dagger.internal.codegen.validation.BindingMethodValidator$ExceptionSuperclass   : loaded 2 times (x 77B)
Class [Lorg.jetbrains.kotlin.psi.KtNameReferenceExpression;                           : loaded 2 times (x 65B)
Class org.jetbrains.kotlin.psi.KtSecondaryConstructor                                 : loaded 2 times (x 1300B)
Class [Lorg.jetbrains.kotlin.psi.KtTypeParameterListOwner;                            : loaded 2 times (x 65B)
Class org.jetbrains.kotlin.resolve.jvm.checkers.InconsistentOperatorFromJavaCallChecker: loaded 2 times (x 70B)
Class dagger.internal.codegen.validation.BindsInstanceParameterValidator$Validator    : loaded 2 times (x 73B)
Class org.jetbrains.kotlin.resolve.PlatformConfiguratorBase                           : loaded 2 times (x 76B)
Class org.jetbrains.kotlin.psi.stubs.elements.KtFileElementType                       : loaded 2 times (x 101B)
Class org.jetbrains.kotlin.cli.jvm.compiler.KotlinCoreApplicationEnvironmentMode$Production: loaded 2 times (x 67B)
Class it.unimi.dsi.fastutil.objects.AbstractReferenceSet                              : loaded 2 times (x 175B)
Class com.android.builder.model.v2.ide.BasicArtifact                                  : loaded 2 times (x 66B)
Class com.google.common.cache.LocalCache$EntryFactory$8                               : loaded 2 times (x 79B)
Class org.gradle.util.GradleVersion                                                   : loaded 2 times (x 75B)
Class org.gradle.internal.installation.CurrentGradleInstallation                      : loaded 2 times (x 69B)
Class dagger.internal.codegen.binding.$AutoValue_OptionalBindingDeclaration           : loaded 2 times (x 71B)
Class dagger.internal.codegen.bindinggraphvalidation.DuplicateBindingsValidator       : loaded 2 times (x 81B)
Class dagger.internal.codegen.processingstep.ComponentProcessingStep                  : loaded 2 times (x 82B)
Class androidx.room.processor.Context$schemaOutFolderPath$2                           : loaded 2 times (x 75B)
Class dagger.internal.codegen.base.ComponentAnnotation                                : loaded 2 times (x 72B)
Class dagger.internal.codegen.componentgenerator.ComponentHjarGenerator               : loaded 2 times (x 73B)
Class dagger.spi.internal.shaded.androidx.room.compiler.processing.InternalXAnnotationValue$Kind: loaded 2 times (x 75B)
Class dagger.hilt.processor.internal.ProcessorErrorHandler$HiltError                  : loaded 2 times (x 69B)
Class androidx.room.compiler.processing.ksp.KspProcessingEnv$typeElementStore$2       : loaded 2 times (x 74B)
Class org.jetbrains.kotlin.idea.gradleTooling.KotlinTasksPropertyUtilsKt              : loaded 2 times (x 67B)
Class androidx.room.processor.Context$queryRewriter$2                                 : loaded 2 times (x 75B)
Class org.gradle.internal.classloader.FilteringClassLoader                            : loaded 2 times (x 101B)
Class com.android.builder.model.v2.ide.ViewBindingOptions                             : loaded 2 times (x 66B)
Class org.jetbrains.kotlin.resolve.jvm.checkers.SuspensionPointInsideMutexLockChecker : loaded 2 times (x 70B)
Class org.jetbrains.kotlin.diagnostics.Diagnostic                                     : loaded 2 times (x 66B)
Class org.jetbrains.kotlin.load.java.structure.JavaClassObjectAnnotationArgument      : loaded 2 times (x 66B)
Class org.jetbrains.kotlin.lexer.KtTokens                                             : loaded 2 times (x 66B)
Class org.jetbrains.kotlin.load.java.structure.JavaClassifierType                     : loaded 2 times (x 66B)
Class org.jetbrains.kotlin.load.java.structure.impl.JavaElementCollectionFromPsiArrayUtil: loaded 2 times (x 67B)
Class org.jetbrains.kotlin.load.java.structure.JavaTypeParameter                      : loaded 2 times (x 66B)
Class org.jetbrains.kotlin.name.CallableId$Companion                                  : loaded 2 times (x 67B)
Class org.jetbrains.kotlin.types.model.SimpleTypeMarker                               : loaded 2 times (x 66B)
Class org.jetbrains.kotlin.parsing.SemanticWhitespaceAwarePsiBuilderImpl              : loaded 2 times (x 195B)
Class org.jetbrains.kotlin.builtins.functions.FunctionTypeKindExtractor$KindWithArity : loaded 2 times (x 68B)
Class org.jetbrains.kotlin.psi.stubs.elements.KtImportDirectiveElementType            : loaded 2 times (x 93B)
Class org.jetbrains.kotlin.load.java.structure.JavaNamedElement                       : loaded 2 times (x 66B)
Class org.jetbrains.kotlin.metadata.ProtoBuf$Annotation$ArgumentOrBuilder             : loaded 2 times (x 66B)
Class org.jetbrains.kotlin.protobuf.FieldSet$FieldDescriptorLite                      : loaded 2 times (x 66B)
Class org.jetbrains.kotlin.protobuf.AbstractMessageLite                               : loaded 2 times (x 94B)
Class org.jetbrains.kotlin.psi.stubs.KotlinImportAliasStub                            : loaded 2 times (x 66B)
Class org.jetbrains.kotlin.psi.stubs.KotlinEnumEntrySuperclassReferenceExpressionStub : loaded 2 times (x 66B)
Class org.jetbrains.kotlin.cli.jvm.modules.CliJavaModuleResolver$Companion            : loaded 2 times (x 67B)
Class org.jetbrains.kotlin.mpp.ClassifierSymbolMarker                                 : loaded 2 times (x 66B)
Class kotlin.reflect.KMutableProperty1                                                : loaded 2 times (x 66B)
Class org.jetbrains.kotlin.diagnostics.PositioningStrategies$FUNCTION_PARAMETERS$1    : loaded 2 times (x 70B)
Class org.jetbrains.kotlin.diagnostics.PositioningStrategies$VARIANCE_IN_PROJECTION$1 : loaded 2 times (x 70B)
Class org.jetbrains.kotlin.psi.KtBreakExpression                                      : loaded 2 times (x 439B)
Class [Lorg.jetbrains.kotlin.psi.KtFunctionTypeReceiver;                              : loaded 2 times (x 65B)
Class org.jetbrains.kotlin.psi.KtNullableType                                         : loaded 2 times (x 512B)
Class org.jetbrains.kotlin.psi.stubs.KotlinTypeAliasStub                              : loaded 2 times (x 66B)
Class [Lorg.jetbrains.kotlin.psi.KtProperty;                                          : loaded 2 times (x 65B)
Class org.jetbrains.kotlin.diagnostics.UnboundDiagnostic                              : loaded 2 times (x 66B)
Class com.google.common.cache.CacheLoader$1                                           : loaded 2 times (x 71B)
Class org.jetbrains.kotlin.psi.KtLiteralStringTemplateEntry                           : loaded 2 times (x 443B)
Class org.gradle.tooling.internal.adapter.ProtocolToModelAdapter$MethodInvocationCache$MethodInvocationKey: loaded 2 times (x 69B)
Class org.gradle.util.internal.GUtil                                                  : loaded 2 times (x 67B)
Class [Lorg.jetbrains.kotlin.psi.KtLiteralStringTemplateEntry;                        : loaded 2 times (x 65B)
Class androidx.room.compiler.processing.ksp.KspMessager$WhenMappings                  : loaded 2 times (x 67B)
Class dagger.spi.internal.shaded.androidx.room.compiler.processing.ksp.KSTypeVarianceResolverScope$MethodReturnType: loaded 2 times (x 70B)
Class dagger.internal.codegen.bindinggraphvalidation.SetMultibindingValidator         : loaded 2 times (x 81B)
Class dagger.internal.codegen.processingstep.MonitoringModuleGenerator                : loaded 2 times (x 73B)
Class dagger.internal.codegen.binding.ContributionBinding                             : loaded 2 times (x 86B)
Class dagger.spi.internal.shaded.androidx.room.compiler.processing.JavaPoetExtKt      : loaded 2 times (x 67B)
Class dagger.spi.internal.shaded.androidx.room.compiler.processing.javac.JavacType    : loaded 2 times (x 183B)
Class dagger.spi.internal.shaded.androidx.room.compiler.processing.ksp.KspElement$equalityItems$2: loaded 2 times (x 75B)
Class androidx.room.compiler.processing.XFieldElement                                 : loaded 2 times (x 66B)
Class dagger.hilt.processor.internal.earlyentrypoint.KspEarlyEntryPointProcessor      : loaded 2 times (x 85B)
Class androidx.room.compiler.processing.ksp.KspProcessingEnv$typeElementStore$3       : loaded 2 times (x 75B)
Class org.jetbrains.plugins.gradle.model.DefaultGradleExtensions                      : loaded 2 times (x 84B)
Class org.jetbrains.kotlin.idea.gradleTooling.model.kapt.KaptSourceSetModelImpl       : loaded 2 times (x 81B)
Class org.jetbrains.kotlin.diagnostics.PositioningStrategies$PROPERTY_INITIALIZER$1   : loaded 2 times (x 70B)
Class org.jetbrains.kotlin.diagnostics.DiagnosticFactory2                             : loaded 2 times (x 77B)
Class org.jetbrains.kotlin.resolve.checkers.InlineParameterChecker                    : loaded 2 times (x 70B)
Class com.intellij.gradle.toolingExtension.impl.model.dependencyDownloadPolicyModel.DefaultGradleDependencyDownloadPolicy: loaded 2 times (x 73B)
Class org.jetbrains.kotlin.descriptors.SourceElement                                  : loaded 2 times (x 66B)
Class kotlin.sequences.DropTakeSequence                                               : loaded 2 times (x 66B)
Class javaslang.collection.Foldable                                                   : loaded 2 times (x 66B)
Class org.jetbrains.kotlin.load.java.SpecialGenericSignatures$Companion$NameAndSignature: loaded 2 times (x 68B)
Class org.jetbrains.kotlin.load.java.typeEnhancement.NullabilityQualifierWithMigrationStatus: loaded 2 times (x 68B)
Class org.jetbrains.kotlin.resolve.descriptorUtil.AnnotationsForResolveKt             : loaded 2 times (x 67B)
Class org.jetbrains.kotlin.resolve.calls.inference.ConstraintSystemOperation          : loaded 2 times (x 66B)
Class [Lorg.jetbrains.org.objectweb.asm.Label;                                        : loaded 2 times (x 65B)
Class org.jetbrains.kotlin.metadata.jvm.JvmProtoBuf$StringTableTypes$Record           : loaded 2 times (x 115B)
Class org.jetbrains.kotlin.load.java.structure.JavaElementsKt                         : loaded 2 times (x 67B)
Class org.jetbrains.kotlin.types.model.TypeSystemOptimizationContext                  : loaded 2 times (x 66B)
Class it.unimi.dsi.fastutil.ints.AbstractIntCollection                                : loaded 2 times (x 181B)
Class org.jetbrains.kotlin.cli.jvm.index.JvmDependenciesDynamicCompoundIndex          : loaded 2 times (x 73B)
Class org.jetbrains.kotlin.protobuf.FieldSet                                          : loaded 2 times (x 68B)
Class [Lorg.jetbrains.kotlin.cli.jvm.index.JavaRoot$RootType;                         : loaded 2 times (x 65B)
Class org.jetbrains.kotlin.psi.KtFile                                                 : loaded 2 times (x 958B)
Class kotlin.reflect.KMutableProperty2                                                : loaded 2 times (x 66B)
Class org.jetbrains.kotlin.resolve.calls.checkers.UselessElvisCallChecker             : loaded 2 times (x 70B)
Class org.jetbrains.kotlin.psi.KtModifierListOwnerStub                                : loaded 2 times (x 586B)
Class org.jetbrains.kotlin.kdoc.lexer.KDocTokens$1                                    : loaded 2 times (x 80B)
Class org.jetbrains.kotlin.types.checker.KotlinTypePreparator                         : loaded 2 times (x 69B)
Class org.jetbrains.kotlin.storage.LockBasedStorageManager$ExceptionHandlingStrategy$1: loaded 2 times (x 70B)
Class org.jetbrains.kotlin.storage.MemoizedFunctionToNullable                         : loaded 2 times (x 66B)
Class org.jetbrains.kotlin.platform.TargetPlatformVersion                             : loaded 2 times (x 66B)
Class org.jetbrains.kotlin.metadata.ProtoBuf$Annotation$Argument$Value$Type           : loaded 2 times (x 78B)
Class com.android.utils.StringHelper                                                  : loaded 2 times (x 67B)
Class com.google.common.util.concurrent.AbstractFuture$SetFuture                      : loaded 2 times (x 71B)
Class com.google.common.cache.AbstractCache$StatsCounter                              : loaded 2 times (x 66B)
Class androidx.room.processor.CustomConverterProcessor$ProcessResult$Companion        : loaded 2 times (x 67B)
Class dagger.internal.codegen.validation.ModuleValidator                              : loaded 2 times (x 68B)
Class dagger.internal.codegen.kotlin.KotlinMetadataFactory                            : loaded 2 times (x 71B)
Class dagger.spi.internal.shaded.androidx.room.compiler.processing.ksp.KspTypeElement$superInterfaces$2: loaded 2 times (x 75B)
Class androidx.room.compiler.processing.ksp.KspHasModifiers$PropertyField$acceptDeclarationModifiers$2: loaded 2 times (x 75B)
Class org.jetbrains.kotlin.idea.gradleTooling.reflect.KotlinSourceSetReflectionImpl   : loaded 2 times (x 78B)
Class com.intellij.gradle.toolingExtension.impl.model.sourceSetModel.DefaultGradleSourceSetModel: loaded 2 times (x 76B)
Class org.jetbrains.kotlin.metadata.ProtoBuf$TypeParameter$Variance$1                 : loaded 2 times (x 70B)
Class org.jetbrains.kotlin.load.kotlin.TypeSignatureMappingKt                         : loaded 2 times (x 67B)
Class org.jetbrains.kotlin.load.java.structure.JavaAnnotationOwner                    : loaded 2 times (x 66B)
Class org.jetbrains.kotlin.descriptors.ValueClassRepresentation                       : loaded 2 times (x 70B)
Class org.jetbrains.kotlin.load.java.JavaClassFinder                                  : loaded 2 times (x 66B)
Class com.google.common.collect.MapMakerInternalMap$1                                 : loaded 2 times (x 73B)
Class org.jetbrains.kotlin.serialization.deserialization.ProtoContainer$Class         : loaded 2 times (x 70B)
Class [Lorg.jetbrains.kotlin.metadata.ProtoBuf$MemberKind;                            : loaded 2 times (x 65B)
Class org.jetbrains.kotlin.parsing.KotlinParsing$2                                    : loaded 2 times (x 74B)
Class org.jetbrains.kotlin.metadata.builtins.BuiltInsBinaryVersion                    : loaded 2 times (x 70B)
Class org.jetbrains.kotlin.resolve.jvm.KotlinJavaPsiFacade$KotlinPsiElementFinderWrapperImpl: loaded 2 times (x 78B)
Class org.jetbrains.kotlin.load.kotlin.MetadataFinderFactory                          : loaded 2 times (x 66B)
Class org.jetbrains.kotlin.metadata.ProtoBuf$Annotation$Argument$Value$Type$1         : loaded 2 times (x 70B)
Class org.jetbrains.kotlin.metadata.ProtoBuf$TypeOrBuilder                            : loaded 2 times (x 66B)
Class org.jetbrains.kotlin.metadata.ProtoBuf$TypeTableOrBuilder                       : loaded 2 times (x 66B)
Class org.jetbrains.kotlin.metadata.ProtoBuf$Package                                  : loaded 2 times (x 125B)
Class org.jetbrains.kotlin.config.AnalysisFlags$dontWarnOnErrorSuppression$2          : loaded 2 times (x 123B)
Class org.jetbrains.kotlin.descriptors.EffectiveVisibility$PrivateInClass             : loaded 2 times (x 71B)
Class kotlin.coroutines.jvm.internal.CompletedContinuation                            : loaded 2 times (x 71B)
Class org.jetbrains.kotlin.resolve.calls.checkers.InfixCallChecker                    : loaded 2 times (x 70B)
Class org.jetbrains.kotlin.resolve.calls.checkers.InlineCheckerWrapper                : loaded 2 times (x 71B)
Class org.jetbrains.kotlin.resolve.checkers.DeprecatedSinceKotlinAnnotationChecker    : loaded 2 times (x 70B)
Class org.jetbrains.kotlin.resolve.checkers.LocalVariableTypeParametersChecker        : loaded 2 times (x 70B)
Class [Lorg.jetbrains.kotlin.types.TypeApproximatorConfiguration$IntersectionStrategy;: loaded 2 times (x 65B)
Class org.jetbrains.kotlin.diagnostics.PositioningStrategies$VALUE_ARGUMENTS_LIST$1   : loaded 2 times (x 70B)
Class org.jetbrains.kotlin.diagnostics.PositioningStrategies$DECLARATION_SIGNATURE$1  : loaded 2 times (x 71B)
Class [Lorg.jetbrains.kotlin.psi.KtStringTemplateExpression;                          : loaded 2 times (x 65B)
Class org.jetbrains.kotlin.psi.KtNamedFunction                                        : loaded 2 times (x 1372B)
Class org.jetbrains.kotlin.psi.KtNamedDeclaration                                     : loaded 2 times (x 66B)
Class org.jetbrains.kotlin.psi.KtTypeCodeFragmentType                                 : loaded 2 times (x 80B)
Class org.jetbrains.kotlin.kdoc.lexer.KDocTokens$2                                    : loaded 2 times (x 80B)
Class com.google.common.reflect.Types$TypeVariableImpl                                : loaded 2 times (x 68B)
Class com.android.builder.model.v2.dsl.BuildType                                      : loaded 2 times (x 66B)
Class org.gradle.tooling.internal.adapter.WeakIdentityHashMap                         : loaded 2 times (x 72B)
Class org.gradle.tooling.GradleConnectionException                                    : loaded 2 times (x 79B)
Class org.gradle.tooling.internal.adapter.ProtocolToModelAdapter$1                    : loaded 2 times (x 71B)
Class org.gradle.tooling.internal.adapter.ProtocolToModelAdapter$ViewDecoration       : loaded 2 times (x 66B)
Class org.gradle.internal.installation.GradleInstallation                             : loaded 2 times (x 71B)
Class dagger.spi.internal.shaded.androidx.room.compiler.processing.ksp.KspTypeElement$_declaredProperties$2$1$1: loaded 2 times (x 74B)
Class dagger.internal.codegen.binding.ProductionBinding$Builder                       : loaded 2 times (x 86B)
Class dagger.internal.codegen.compileroption.FeatureStatus                            : loaded 2 times (x 75B)
Class dagger.internal.codegen.DelegateComponentProcessor$Injector                     : loaded 2 times (x 66B)
Class com.squareup.kotlinpoet.ClassNames                                              : loaded 2 times (x 67B)
Class dagger.spi.internal.shaded.androidx.room.compiler.processing.ksp.KspHasModifiers$PropertyFieldAccessor: loaded 2 times (x 88B)
Class dagger.spi.internal.shaded.androidx.room.compiler.processing.ksp.KspTypeElement$enclosingTypeElement$2: loaded 2 times (x 75B)
Class dagger.spi.internal.shaded.androidx.room.compiler.processing.ksp.KspHasModifiers$Companion: loaded 2 times (x 67B)
Class androidx.room.compiler.processing.ksp.KspFieldElement$Companion                 : loaded 2 times (x 67B)
Class com.squareup.javapoet.ClassName                                                 : loaded 2 times (x 80B)
Class kotlin.text.MatcherMatchResult                                                  : loaded 2 times (x 76B)
Class org.jetbrains.plugins.gradle.model.DefaultFileCollectionDependency              : loaded 2 times (x 106B)
Class kotlin.text.MatchGroupCollection                                                : loaded 2 times (x 66B)
Class org.jetbrains.kotlin.load.java.SpecialGenericSignatures                         : loaded 2 times (x 67B)
Class com.intellij.gradle.toolingExtension.impl.util.javaPluginUtil.ExtensionJavaPluginAccessor: loaded 2 times (x 78B)
Class org.jetbrains.kotlin.types.TypeApproximatorConfiguration$PublicDeclaration$SaveAnonymousTypes: loaded 2 times (x 83B)
Class com.intellij.gradle.toolingExtension.impl.model.dependencyModel.DefaultModuleComponentIdentifier: loaded 2 times (x 82B)
Class androidx.room.compiler.processing.ksp.KspBasicAnnotationProcessor$DelegateLogger: loaded 2 times (x 75B)
Class [Lorg.jetbrains.kotlin.resolve.jvm.NotFoundPackagesCachingStrategy$CacheType;   : loaded 2 times (x 65B)
Class org.jetbrains.kotlin.types.TypeCheckerState                                     : loaded 2 times (x 72B)
Class org.jetbrains.kotlin.resolve.calls.inference.components.ResultTypeResolver      : loaded 2 times (x 68B)
Class kotlin.collections.ReversedList                                                 : loaded 2 times (x 203B)
Class org.jetbrains.kotlin.metadata.deserialization.ProtoTypeTableUtilKt              : loaded 2 times (x 67B)
Class [Lorg.jetbrains.kotlin.builtins.PrimitiveType;                                  : loaded 2 times (x 65B)
Class androidx.room.compiler.processing.XEquality                                     : loaded 2 times (x 66B)
Class org.jetbrains.kotlin.cli.jvm.modules.JavaModuleGraph$module$1                   : loaded 2 times (x 121B)
Class org.jetbrains.kotlin.container.ContainerKt                                      : loaded 2 times (x 67B)
Class org.jetbrains.kotlin.resolve.calls.checkers.ResultTypeWithNullableOperatorsChecker: loaded 2 times (x 70B)
Class org.jetbrains.kotlin.resolve.AdditionalAnnotationChecker                        : loaded 2 times (x 66B)
Class org.jetbrains.kotlin.diagnostics.DiagnosticFactory0                             : loaded 2 times (x 77B)
Class org.jetbrains.kotlin.diagnostics.PositioningStrategies$ARRAY_ACCESS$1           : loaded 2 times (x 70B)
Class org.jetbrains.kotlin.psi.KtContainerNodeForControlStructureBody                 : loaded 2 times (x 375B)
Class org.jetbrains.kotlin.psi.KtDeclarationImpl                                      : loaded 2 times (x 656B)
Class org.jetbrains.kotlin.psi.KtBlockStringTemplateEntry                             : loaded 2 times (x 443B)
Class org.jetbrains.kotlin.psi.stubs.KotlinClassLiteralExpressionStub                 : loaded 2 times (x 66B)
Class com.google.common.base.Splitter$Strategy                                        : loaded 2 times (x 66B)
Class com.google.common.collect.ForwardingCollection                                  : loaded 2 times (x 126B)
Class org.gradle.tooling.internal.adapter.MethodInvoker                               : loaded 2 times (x 66B)
Class dagger.spi.internal.shaded.androidx.room.compiler.processing.ksp.KspTypeElement$allMethods$1: loaded 2 times (x 75B)
Class androidx.room.compiler.processing.ksp.KspMethodElement$executableType$2         : loaded 2 times (x 75B)
Class dagger.internal.codegen.base.$AutoValue_ModuleAnnotation                        : loaded 2 times (x 72B)
Class dagger.internal.codegen.binding.$AutoValue_MembersInjectionBinding              : loaded 2 times (x 81B)
Class [Ldagger.internal.codegen.validation.BindingMethodValidator$ExceptionSuperclass;: loaded 2 times (x 65B)
Class dagger.internal.codegen.validation.BindsMethodValidator_Factory                 : loaded 2 times (x 75B)
Class dagger.spi.internal.shaded.androidx.room.compiler.processing.ksp.KspFileMemberContainer: loaded 2 times (x 146B)
Class androidx.room.compiler.processing.ksp.KspRoundEnv                               : loaded 2 times (x 74B)
Class dagger.hilt.android.processor.internal.customtestapplication.KspCustomTestApplicationProcessor: loaded 2 times (x 85B)
Class dagger.internal.codegen.validation.ValidationBindingGraphPlugins_Factory        : loaded 2 times (x 75B)
Class org.jetbrains.plugins.gradle.tooling.util.GradleContainerUtil                   : loaded 2 times (x 67B)
Class org.jetbrains.plugins.gradle.model.DefaultGradleExtension                       : loaded 2 times (x 76B)
Class org.jetbrains.kotlin.idea.gradleTooling.reflect.KotlinCompilerArgumentsResolverReflectionImpl: loaded 2 times (x 71B)
Class dagger.internal.codegen.validation.InjectValidator                              : loaded 2 times (x 71B)
Class dagger.internal.codegen.validation.InjectBindingRegistryImpl                    : loaded 2 times (x 77B)
Class dagger.internal.codegen.writing.ProducerFactoryGenerator_Factory                : loaded 2 times (x 75B)
Class dagger.internal.codegen.base.ModuleAnnotation                                   : loaded 2 times (x 72B)
Class dagger.internal.DaggerGenerated                                                 : loaded 2 times (x 66B)
Class androidx.room.compiler.processing.ksp.KspExecutableElement$enclosingElement$2   : loaded 2 times (x 75B)
Class androidx.room.compiler.processing.CommonProcessorDelegate$getStepElementsByAnnotation$3: loaded 2 times (x 74B)
Class org.jetbrains.kotlin.utils.DFS$Visited                                          : loaded 2 times (x 66B)
Class org.jetbrains.kotlin.load.java.typeEnhancement.SignatureEnhancementBuilder$ClassEnhancementBuilder: loaded 2 times (x 68B)
Class org.jetbrains.kotlin.resolve.calls.inference.ConstraintSystemTransaction        : loaded 2 times (x 69B)
Class org.jetbrains.kotlin.metadata.jvm.JvmProtoBuf$StringTableTypes$Record$Operation : loaded 2 times (x 78B)
Class org.jetbrains.kotlin.resolve.calls.results.SpecificityComparisonCallbacks       : loaded 2 times (x 66B)
Class kotlin.collections.ReversedList$listIterator$1                                  : loaded 2 times (x 90B)
Class org.jetbrains.kotlin.parsing.KotlinParsing$1                                    : loaded 2 times (x 74B)
Class kotlin.io.FileWalkDirection                                                     : loaded 2 times (x 75B)
Class org.jetbrains.kotlin.metadata.ProtoBuf$Annotation$Builder                       : loaded 2 times (x 132B)
Class org.jetbrains.kotlin.cli.jvm.modules.CliJavaModuleFinder                        : loaded 2 times (x 71B)
Class org.jetbrains.kotlin.container.DefaultImplementation                            : loaded 2 times (x 66B)
Class org.jetbrains.kotlin.resolve.PlatformConfiguratorBaseKt                         : loaded 2 times (x 67B)
Class org.jetbrains.kotlin.diagnostics.DiagnosticFactoryForDeprecation4$Companion     : loaded 2 times (x 67B)
Class org.jetbrains.kotlin.psi.KtUnaryExpression                                      : loaded 2 times (x 507B)
Class org.jetbrains.kotlin.diagnostics.DiagnosticFactory1                             : loaded 2 times (x 77B)
Class org.jetbrains.kotlin.resolve.jvm.checkers.JavaOverrideWithWrongNullabilityOverrideChecker$typePreparatorUnwrappingEnhancement$1: loaded 2 times (x 69B)
Class org.sqlite.Function$Window                                                      : loaded 2 times (x 73B)
Class dagger.spi.internal.shaded.androidx.room.compiler.processing.ksp.KSTypeWrapper  : loaded 2 times (x 68B)
Class com.google.common.collect.Lists$RandomAccessReverseList                         : loaded 2 times (x 196B)
Class org.gradle.tooling.model.gradle.GradleScript                                    : loaded 2 times (x 66B)

---------------  S Y S T E M  ---------------

OS:
 Windows 11 , 64 bit Build 22621 (10.0.22621.5415)
OS uptime: 2 days 22:40 hours
Hyper-V role detected

CPU: total 12 (initial active 12) (12 cores per cpu, 2 threads per core) family 23 model 104 stepping 1 microcode 0x0, cx8, cmov, fxsr, ht, mmx, 3dnowpref, sse, sse2, sse3, ssse3, sse4a, sse4.1, sse4.2, popcnt, lzcnt, tsc, tscinvbit, avx, avx2, aes, clmul, bmi1, bmi2, adx, sha, fma, vzeroupper, clflush, clflushopt, hv, rdtscp, rdpid, f16c
Processor Information for processor 0
  Max Mhz: 2100, Current Mhz: 2100, Mhz Limit: 2100
Processor Information for processor 1
  Max Mhz: 2100, Current Mhz: 2100, Mhz Limit: 2100
Processor Information for processor 2
  Max Mhz: 2100, Current Mhz: 2100, Mhz Limit: 2100
Processor Information for processor 3
  Max Mhz: 2100, Current Mhz: 2100, Mhz Limit: 2100
Processor Information for processor 4
  Max Mhz: 2100, Current Mhz: 1813, Mhz Limit: 2100
Processor Information for processor 5
  Max Mhz: 2100, Current Mhz: 2100, Mhz Limit: 2100
Processor Information for processor 6
  Max Mhz: 2100, Current Mhz: 2100, Mhz Limit: 2100
Processor Information for processor 7
  Max Mhz: 2100, Current Mhz: 2100, Mhz Limit: 2100
Processor Information for processor 8
  Max Mhz: 2100, Current Mhz: 2100, Mhz Limit: 2100
Processor Information for processor 9
  Max Mhz: 2100, Current Mhz: 1813, Mhz Limit: 2100
Processor Information for processor 10
  Max Mhz: 2100, Current Mhz: 2100, Mhz Limit: 2100
Processor Information for processor 11
  Max Mhz: 2100, Current Mhz: 2100, Mhz Limit: 2100

Memory: 4k page, system-wide physical 7501M (246M free)
TotalPageFile size 23501M (AvailPageFile size 136M)
current process WorkingSet (physical memory assigned to process): 480M, peak: 1059M
current process commit charge ("private bytes"): 1651M, peak: 1876M

vm_info: OpenJDK 64-Bit Server VM (21.0.6+-13391695-b895.109) for windows-amd64 JRE (21.0.6+-13391695-b895.109), built on 2025-04-22T21:19:17Z by "builder" with MS VC++ 16.10 / 16.11 (VS2019)

END.
